{
    "domain": "18.210.229.244",
    "owner": {},
    "source": [
        "DuckDuckGo-US"
    ],
    "prevalence": 0.00126,
    "sites": 185,
    "subdomains": [],
    "cnames": [],
    "fingerprinting": 0,
    "resources": [
        {
            "rule": "18\\.210\\.229\\.244\\/is",
            "cookies": 0,
            "fingerprinting": 0,
            "subdomains": [],
            "apis": {},
            "sites": 170,
            "prevalence": 0.00116,
            "cnames": [],
            "responseHashes": [
                "a18e0cb1dabdd94cb3d274059d47dc4974adac2ad2d0a95031cf1435747f6993",
                "f7b850c2e3a789c4c31bba8bd9fc648aedafea2c212d7a32da9e961e5f53f3bd",
                "fbed7c7ad14b8f52361cd2e4db63e2119b7d24ceabb8c3e51711a41d5f401305",
                "d2d2b62e74ef204aff8df983316f34da24119d410903a5dd31cd5ace8a16dfc9",
                "06a4216eead7c2aac58e4a1e8569591d37d0528fe92ddd5e90f0e14082037e4b",
                "77f0c72a5ad66109dc64402723f10600c5588f59810091c106e1a26cb28ba530",
                "c143fc363aea8358d3651b552bd0c3800f4c1d7665b412e7c0cc78359ea19ddc",
                "c8ab79ba98c4da95004ef44f83f25ecc018355b3caa54c9e868cc47ee8b10873",
                "684603c6a3fb0fa21a12777364b3ae57d62632d23b840c3a2ca7f8b8776c7dbc",
                "b6b2d9f41340b4c71b289321204c0a2e16f686e90b6bf612c55a5a57566b5010",
                "0890d2f8bdc5633e2661ec27b5dab4dd70b1e8f88f495ba0b03c7e05a1175a4e",
                "9eb5da144d8b21d1fcb3cd41893efc88d001363af73589989581f11222c5fc47",
                "811ae40aa04020009d5e81c31b76baa0619c1584475721e95258829cd697658b",
                "6dc3265a02aca31c3e0843c5d873df75bd29d735758bbe966d613f9f86b4ca93",
                "42c27005de21412c88c3b4e903de1075f6c174865e9188d756a37c7251abd51a",
                "5dccd1cd904117fd99db0e38bd022d99246fa99e72c2f0c67df7517d236b5f79",
                "f8db6123fc3c44ab9fdbeb31c021050e22e074ff10343c981c928cb65aa337a7",
                "51c3117ab85078fcde507c41f201e5ba79da34a0f8797d2a1dbe54cc8c6b525d",
                "cbf6339eb9a05a16d31d8ed197a9ff79f5611eeb97efc569f62247c6984f306c",
                "350c14ac478decae5548d97316aa86eaf53c1a73585a567c29ac72f942be9d23",
                "0f5cfe4613ac5c6ec20786fa2e3a836e01154e10e35692f633c784b9ce6eef80",
                "8efee882823d86918c49170ff9d8a72c25e06f813bec737eaddfa8cd6882c889",
                "88a7dfc2f16edbd0894bddfc479682be55342a1677d6f946433aede11231b858",
                "e0e6384dc73b25815bf67d77639040b147000ff1f1cfe8e57a8e9e156b71ff21",
                "d5293e1bfeb4c9268e4403f52976c402ebf595bcb1de5db78758d6dde1ef6bc9",
                "fa92603d44d0b856ef2ea18a9409d8917d579212a8ef21ea09d68481100d0f84",
                "d1055873fdd1d98b4304e6ebea8f395796c18c8567dbd33fcdce1f0c82a050e9",
                "8066c591235c9adc1a71125245bef4361897e241ebaeee7acf08021c0e15a23f",
                "e577eaf867f6221fda85086c4442107fbe338d1927003528aa94b07a614ca4dd",
                "a14eb4bf66b4a849c751fdbca53007e082245d1c6783d79b5f0ef9b7538b76f3",
                "76ac4a08185e8d7cd051ebcf4ab17d282a0dec1d922984a619b30d0f691d0c0a",
                "baf71c466afa279d51a81ccebdaf4de1200b638927a24dbb7a5c72aeb5d51cf4",
                "5d250fb2127016ed88eacabca6cdb623c0ff26c9f9caa3496cd7a368ddd39e55",
                "d7b3684a0300116d383c037196ed8f4121bbd4f2ce6c77e2881b373b99fa1f3e",
                "da113584b23d4dbadaf165a73407bce031df3543bfb381c64c76fb6a1d304a13",
                "fd4831065c2468873db7a98a9f91a545b6dffc3a095c630c2f83ae130a58d7ec",
                "7e6b84ea937270cfab7e29982d935e29a57800b75dc6c6b14baeafe1cd226ff2",
                "12c8cefdc7c02c15c0574e3e76257eae21b994c39e49f230f07c08a86409d6e8",
                "d61df024d3f9a1cdffad92ec283708b384e97f4b863c7e4f124ce38a73d0fdad",
                "a44913c193c0b6f507e147020f2d2b616fd9d792a8fea57a0a76f7829f83c410",
                "ebbce93ecf03eb6a6433cabc296b7073f6a0d1ff13e788faf84573b1a937e5fc",
                "03c3d9c16397e0bbdcd092fa0c3410d03543699cbe65732ff858af9bdd6c78ce",
                "5168ccd95d16815fe8ff52f070fc8e88f25c04a575e35bf888d9fcff28b235d1",
                "e3c64831c2ab1fdede865f788fdd5612951da5758860b95339577ae8c789b5fd",
                "a7484e4f73f4cf40a2b7422deb0f7f290e0a7ff8ac88259f087e62efbf29a5e9",
                "6a0fa98ce2aa6299378db2136461baf32c99d9613d0e38d8596187b5e670f261",
                "789ca3f24ddef447f3acedc110cc69ebe8ee8c032b69d2866fc95c5edf5bb4c9",
                "d040eb998bf1e486e7bc0439a125bb0dee2b8eca566c756eb0a7758d501c8ca3",
                "9720b0caea667ff2572815cae856d4f7505dd5463f222831848cd792ef1aecaa",
                "f9754c86bf114e841d3343b4c5cd9ff6d8596d47ccfce897113fec2de180cd6d",
                "8e958e66942408c76cf8e24dec57daaa284a26f5d20b8cd51d215f16e3844e13",
                "e3ced0c42dc81eb58c7e699cc83716267bb987c0db6e14dd96b8d068cb4cdda6",
                "2b3744ed785d4d6f61235b56a7ddcbbcc1686694bfb64bb39b4b96acc886b93c",
                "02080351b063953cac1e6cd53ba1e0fd2907e91584bdfbe98f17368aa444d77e",
                "58d01fd72d4c7d6e5915ac2b3a46768f844e39a095517703835d53e930b49437",
                "cd7df7de740f2089619eedea4e084c304c2de7c3e748bebdcfb46803a9332326",
                "be9f21d876b706c6114537da7a668c948bccfa24b29755dba6c9318ad41d9e34",
                "726965d5ebd5daf6cb3d2c63fe726294418202cc22bc88b083bd6b50a44f6e07",
                "64844e6e963d79a645de558fb5414095deaa512a2b70c02714889099d8d8418e",
                "33ab665d6aac7aa848a5de2fcf291c3af198ffb5fdfde4048412f730f9aee158",
                "b58216152bcb22151eac18056ced222d9d1e93cb3c99f55ef6fa9aff613c04a9",
                "44afe6cb5f4b8c80abd1e0851b70b58d52a6c47b560425f4d2a5dfe1a078ca55",
                "e5b61878a48149d05b0db28fbb3878258f2e5e71a492aeec2ba5eace20ce359f",
                "0857897df032ff10553c5a485721d044de51ae4b1f932922c633a92f21b93049",
                "69fe8fac403375c334b2648eaa9177fa52b42069186cbbea6c26ad46a51e7af1",
                "f7d058fd228a868ef179686fcdce7a0665a2a747db04b667d2279928b07b57b9",
                "97d7f80220822554f6e3496c0a54c494cf8f3aee4d7b60843756920311648547",
                "e012367e0290786d142a02e26ffe34dd0685b4b469dbeb0a595f47e9d0903499",
                "21c018fbf483915427cff7ac9d024a4bd66cc2fa953efaa75e580249ae723c59",
                "636dbd0622312cd06df88f522f6565bd0fc84f94faa49d756bd4f3ab2cf9dd30",
                "cd30858635051ab3b401bba8c28e2e455bc6ef281fc5ab59ee87b14a982ee350",
                "7a5441fc524e3027efab62ed842464da42c31b948ec0cbd773fe43860d81e9cb",
                "a95ea71909da3024a681a036718516ff3d9a7dd1759842a3c1f1be850e7721d8",
                "d86f1027a42c54142195bb182a9feafd1e664aed22e1518adadc4dc9b050a918",
                "a8f407afa27524da459094de7814d06e957dc90978bb564ded9f643bfb195321",
                "1030cbc41a617e2674b13ff26645bb8495e5fcc5356b2d948deb6a5738081512",
                "49b678460819ba6f97dad062c8709a7e3d8d2ae47c1e30e7fe4d7c22f02a0345",
                "109a66b9f7c72215aa7cb2470dffcef416650bd2e632b39333f154ff33b891d8",
                "c94beebed962a4064bc849e80212f05d4029e93b48d71d51ec130af26193228d",
                "6ba70076fecefd91aad6a234940b4e60ae2fe06e12aaddca0797f04e366d57a4",
                "eafc556e12ba973214b50cc3e7818b4b429a52ec75fe9e2033870e7e64bc5cc0",
                "0e5887720af561288d356dc72ce0bbbcc437bb3201d038d3cd6805bb4d08dff4",
                "c1367a0e089f95d2d8c6876e5ddd6659e2eafcabc6adfafa3c438cf92884524c",
                "ec85e7de7d5c72f9a0dd0ff5991db464ba75188798a598c8ba5da8560e9cd422",
                "5759916d5ab96c333073f3207867b6a75bf7f628fca1f7f422e21d005fe19801",
                "bca5a36a0c1eef4bcaeb6815dac80a86be60be3af1bae8f6f032c082101e8c53",
                "deeaa6da7571c0439c4ca015e5392f8a21fb5fe6de8c8c2c35e118f1a1487c0b",
                "5e02b84838b3d997ef3488f461a3eb9578ec23f82be85b3ce1196c041478a921",
                "5a820b589182dc4dd2b7ff78e7a7e31b9f5c93654ab0c57abedf3e7a413a8566",
