{
    "domain": "1pdata.app",
    "owner": {},
    "source": [
        "DuckDuckGo-US"
    ],
    "prevalence": 0.000136,
    "sites": 20,
    "subdomains": [
        "build"
    ],
    "cnames": [],
    "fingerprinting": 1,
    "resources": [
        {
            "rule": "1pdata\\.app\\/hhtransmute\\.js",
            "cookies": 0.0000954,
            "fingerprinting": 1,
            "subdomains": [
                "build"
            ],
            "apis": {
                "Document.cookie getter": 13,
                "Date.prototype.getTime": 14,
                "Document.cookie setter": 13,
                "Navigator.prototype.userAgent": 14,
                "Navigator.prototype.language": 14,
                "Date.prototype.getTimezoneOffset": 14
            },
            "sites": 14,
            "prevalence": 0.0000954,
            "cnames": [],
            "responseHashes": [
                "d2ca5b76adfabdd46b8f316937511ab4fa694c4f00011c21e0276c5c8033c021",
                "3bdc6febf7871417926cfd13417c4668714d94f3c6600ac0f7298c447602f93d",
                "ad2214182e8887bddf3c94cf16b668b456ed91d66c0779d345bc604b27db61f4",
                "bad317c2346df94a74012a00afdb161ba11385133824fd1f9b8639505e32e8d9",
                "c7b2668e142a0c401f3f9aada94e2f5b2945ac8b35e757576fa9a911e0b7a999",
                "6b66056d3a685bccf746d811d07616b76620e5079bcffd0eaa41f757e4ec4c53",
                "73831b8a54de94ba0700283b476c86e91d674e9d4155468105408a680f7e64de",
                "16e453869e0a1714dae746338c030de5a2badbc9e0d7438d86f4bec70f65cb6d",
                "5a593f8d06855b6ac8c0fb978b586f15161b0ac3f1bac77130b44516d1ce750c",
                "29071c511080b60d896344e646d6bf1e2c7d853f972a529407216bbbcc1f704d",
                "bae5b84dcb6d5c66c806e78a904221a758214f80eacc6faffe1d15065534dcc5",
                "cc4c6203e4ac50e95cfb5446ebc3e428b2b5a3733849174c257b1bc4b8bb5616",
                "8042ee3fd0c8f5df87f2f64f09a6bf65e693171b0f38aeade9a48d2a669ee1ca"
            ],
            "type": "Script",
            "firstPartyCookies": {
                "fullthrottlelims_t2": {
                    "ttl": 630720005,
                    "length": 10,
                    "prevalence": 0.00008855646155627764,
                    "uniqueness": 1
                },
                "r": {
                    "ttl": 7205,
                    "length": 1,
                    "prevalence": 0.00008855646155627764,
                    "uniqueness": 0.07692307692307693
                }
            },
            "firstPartyCookiesSent": {},
            "exampleSites": [
                "longhomeproducts.com",
                "mattresswarehouse.com",
                "pjtrailers.com",
                "www.5starford.com",
                "www.alaskarailroad.com",
                "www.annuity.org",
                "www.asbestos.com",
                "www.bigtextrailers.com",
                "www.bigtextrailerworld.com",
                "www.coronacigar.com",
                "www.grandappliance.com",
                "www.kaaltv.com",
                "www.lithia.com",
                "www.visitpensacola.com"
            ]
        }
    ],
    "categories": [],
    "performance": {},
    "cookies": 0.000136,
    "topInitiators": [
        {
            "domain": "ftlaunchpad.ai",
            "prevalence": 0.75
        },
        {
            "domain": "first party",
            "prevalence": 0.15
        },
        {
            "domain": "googletagmanager.com",
            "prevalence": 0.1
        }
    ],
    "types": {
        "Script": 14
    },
    "nameservers": [
        "ns-1744.awsdns-26.co.uk",
        "ns-818.awsdns-38.net",
        "ns-1277.awsdns-31.org",
        "ns-204.awsdns-25.com"
    ]
}