{
    "domain": "1ts19.top",
    "owner": {},
    "source": [
        "DuckDuckGo-US"
    ],
    "prevalence": 0.000157,
    "sites": 23,
    "subdomains": [],
    "cnames": [],
    "fingerprinting": 0,
    "resources": [
        {
            "rule": "1ts19\\.top\\/show\\.php",
            "cookies": 0,
            "fingerprinting": 0,
            "subdomains": [],
            "apis": {},
            "sites": 11,
            "prevalence": 0.0000749,
            "cnames": [],
            "responseHashes": [
                "76f7f996a8739866abbc20496a28430f9317805829e87846126c57404835d623"
            ],
            "type": "Script",
            "firstPartyCookies": {},
            "firstPartyCookiesSent": {},
            "exampleSites": [
                "attractivemoms.com",
                "charmingtits.com",
                "hairycave.com",
                "hairycorner.com",
                "spicyolderwomen.com",
                "tastyspics.com",
                "transpleasure.com",
                "verysexyladies.com",
                "womeninyears.com",
                "www.amateurvoyeurforum.com",
                "xxxfuck.pro"
            ]
        },
        {
            "rule": "1ts19\\.top\\/show_new_auction\\.php",
            "cookies": 0,
            "fingerprinting": 0,
            "subdomains": [],
            "apis": {},
            "sites": 15,
            "prevalence": 0.000102,
            "cnames": [],
            "responseHashes": [
                "5f256bce9cdbb7e81105ec59cca6cb456cd156c54dd3a85b86d31a165a4f69df",
                "b3753697ae2405861d1546f0497c83a8f9624d4b7715393216919c73edf65752",
                "ebe67e9d887d46ba49a24286b266703b4402f43b401bfc92de966da09a0827c6",
                "43219dde9eee34850f04eb1b1b172db7017290e6dcf3f8ecde48fbcefcb31ccd",
                "8210001e8648a8c112a78d644456c31998a332e759848fc161dc959e80d2dc80",
                "eb69f5b4a854ab79e62fa26989d6ff46ac0dfa4ac1c44ac92b3107aa34d76cac",
                "8ed362c2c9ac9297dd28d02045d50aabe38be5ee2d9bd04736aaa3fbdc962f81",
                "c57c382ecd1cdf7e01e06894c0556e93ed6b27cd989a862ce5967034471d2fb5",
                "cc3894ccbdbc7adc46d06b4a2969fb46e8e458b2e6ed8b549de0caafb6805ae5",
                "10b10996e054ad505fa139232fd54112a6d0dfd17581f34e85bb452a64842a35",
                "63ac34463cf39e85a88d741f20de83b4f02cdf88692284607dfcb433908e2d6a",
                "7a1f741ee83ad0dd201715ef28a6bb1412be4e42ea2fe22ca05562164b53a0f8",
                "a2c1941f87a8e6940ef972e928e34b90243412f45c03442165d6486fa3255629",
                "86c418d05db85ebd44efd9821ed6f52a6c6679003828977b4753f5fec2fa31c9"
            ],
            "type": "XHR",
            "firstPartyCookies": {},
            "firstPartyCookiesSent": {},
            "exampleSites": [
                "attractivemoms.com",
                "charmingtits.com",
                "hairycave.com",
                "hairycorner.com",
                "spicyolderwomen.com",
                "tastyspics.com",
                "transpleasure.com",
                "verysexyladies.com",
                "womeninyears.com",
                "www.allsexclips.com",
                "www.amateurvoyeurforum.com",
                "www.brandytube.com",
                "www.realamateurfuck.com",
                "www.sexbright.com",
                "xxxfuck.pro"
            ]
        },
        {
            "rule": "1ts19\\.top\\/content\\.php",
            "cookies": 0,
            "fingerprinting": 0,
            "subdomains": [],
            "apis": {},
            "sites": 15,
            "prevalence": 0.000102,
            "cnames": [],
            "responseHashes": [
                "66e12865dec5d808d526e8b9f13910dcf06086725185296ae34c201c0bbc292d",
                "6e3b7fb0f0dd48f35ee8e41bc1fe8f803d7b3417e9da03d848df1ff06f81cee6",
                "e94d3f0dd1d928e87c274182d6efa3941f66877003503774c4204911fb90f7c4",
                "52b39151a2c53b5cf25cb2f67f5fc571413675a4413559e9c53bcada3ca36197",
                "f5bf7784464191a699eca701ec566f21f1be3933c996e28f2e886b668566608e",
                "9d7f8c9deaae7c0ab3f91760b6af4f225c1e58c777c34ec85b5e1334548a97f8",
                "1c4603753b5f5b808b3ebae74c8545fcf607b39c3e72d28e7b183b8181ff23a6",
                "6edb2edb37a7461522027f8bba5cca7cf4d3c748b80e857ffb329a72d2f459cd",
                "a1ff89d7ebfd66b0b8b145ec9b0f433e09e447bff7ef619dc3f455f897b64d03",
                "1dff02a561ef149ecb3663980054199d164b0df7ce22a80a0b9c74afa6974691",
                "9dc3dddf10ea01611a9d615fca88577399d59c93b79b3a218daa056ba56339ab",
                "59ce0d4e61ad2fa47430b86f25b976ce222848dd881827c5eb8addbd880741ac",
                "d3df2aa6cf90dae854e0a1dbabe4f295815a9397a4f9b8f53e34449aa06e708d",
                "52620973fd516f7cea024c59bf683f5d9839da99c7e2aeecf1ff26fe3e7bc4e1"
            ],
            "type": "Document",
            "firstPartyCookies": {},
            "firstPartyCookiesSent": {
                "_ym_d": 0.000006812035504329049
            },
            "exampleSites": [
                "attractivemoms.com",
                "charmingtits.com",
                "hairycave.com",
                "hairycorner.com",
                "spicyolderwomen.com",
                "tastyspics.com",
                "transpleasure.com",
                "verysexyladies.com",
                "womeninyears.com",
                "www.allsexclips.com",
                "www.amateurvoyeurforum.com",
                "www.brandytube.com",
                "www.realamateurfuck.com",
                "www.sexbright.com",
                "xxxfuck.pro"
            ]
        },
        {
            "rule": "1ts19\\.top\\/content\\.php",
            "cookies": 0,
            "fingerprinting": 0,
            "subdomains": [],
            "apis": {},
            "sites": 2,
            "prevalence": 0.0000136,
            "cnames": [],
            "responseHashes": [
                "3cd55a2f1cee4e69f5d7fbc66e50aab9187e681d58e9a760e9e69f29ed9b1939"
            ],
            "type": "Stylesheet",
            "firstPartyCookies": {},
            "firstPartyCookiesSent": {},
            "exampleSites": [
                "amateurvoyeurforum.com",
                "xxxfuck.pro"
            ]
        }
    ],
    "categories": [],
    "performance": {},
    "cookies": 0,
    "topInitiators": [
        {
            "domain": "getscriptjs.com",
            "prevalence": 0.7831325301204819
        },
        {
            "domain": "first party",
            "prevalence": 0.20481927710843373
        },
        {
            "domain": "myvideos.club",
            "prevalence": 0.012048192771084338
        }
    ],
    "types": {
        "Script": 11,
        "XHR": 15,
        "Document": 15,
        "Stylesheet": 2
    },
    "nameservers": [
        "brad.ns.cloudflare.com",
        "betty.ns.cloudflare.com"
    ]
}