{
    "domain": "2020mustang.com",
    "owner": {
        "name": "ICF Technology, Inc",
        "displayName": "ICF"
    },
    "source": [
        "DuckDuckGo-US"
    ],
    "prevalence": 0.000429,
    "sites": 63,
    "subdomains": [
        "as",
        "m"
    ],
    "cnames": [],
    "fingerprinting": 2,
    "resources": [
        {
            "rule": "2020mustang\\.com\\/as\\/if",
            "cookies": 0.000361,
            "fingerprinting": 1,
            "subdomains": [
                "as"
            ],
            "apis": {
                "Date.prototype.getTime": 44
            },
            "sites": 53,
            "prevalence": 0.000361,
            "cnames": [],
            "responseHashes": [
                "87c97d13abe49d8fdfe469c71575c15766bf0162d989ce8405f66aee81bd95e0",
                "31c9c35eeeeb37cb0a37d249744fa919aba7f32c97726b4bfcbbfee03e76f100",
                "d92068027f94daa8922d3c24c7f1d4a9a2e2e30d7092257c56c2618067df3176",
                "2eeb2370ba4bc94bf83c1fb7bdfba57f84c5925f737cfc49d7a21c5f08af0db5",
                "7a4ccf3af8052e29806fb6dec8d61968bfab5045ee5a18ec0f236711047fb3af",
                "f74ef59492264b3ae10268b9f514b4e800a077971955c32d29e38f5be96bc04a",
                "1a3f9320191d6f780c7c252a00f2375b602ca863459bb194012a3468b5948c16",
                "28ac23bfe967d7912b4a82a76c51f74a9115941d970a221425b71d53a68ecfeb",
                "3a945092d610894b39a107155b6c3fcfa6ce9e8215a7684e408895fc77bb341f",
                "570deee8a7015e417ff142521b2331ccaaf609a7b71591e0f1642ad804671bd3",
                "90c9666e2fff404f08b557e91756a1e0901286755f7093d65046f405b0346b4d",
                "c2dc388f01ce72d42a7e7f89679f9ae8414b0ac3f2736ea4063ae27376e0fa7f",
                "acac02b00840728811007a3181b15d2529c0935908664b541378c8a00889af19",
                "e3456ac76903d9a213e7dee300d3a92d70290162ecc176be9584a6ba810f80fc",
                "aa02b266f220d12bf30ec9ab4048afc4b7030833b91fabf87d4689f6e48d212b",
                "a4aa56bb970e64c28b8dcb12378dc2dda3a16f7cedb3582fa1732a69222af898",
                "d7c97c4a5f33790e0c58f56650e56cc71475088ebf6bbe69e6dac25c4d81854d",
                "36fc6e0e577d1b7fe75db54a447726977cf749a867833b9eeeb27f95552c957d",
                "6e2a0e3c3be8482605871384d6bfa03c47a18f0110b4de75ac0a6c6852bb54c1",
                "bd47e8e0c9bd55f637d93f0ef1663a3a8510852b09c088a60860bd324a726a30",
                "9a3215c496cdb39257730d5e163e91ed6a9698c092591f54e14bc1a35a320276",
                "92e15e776275a6d8d89b3a99b69bd56cc8e46634357ca31b75c2ef741f9adb83",
                "ed0b01acefd0328cb563c4fdad1e7c30ee27c6b6d5d5888f63c83640e61bf359",
                "c2a28ac1e77921dfdc244a444167f25ed13b49e3322d34843e1649d1dab99928",
                "6b895ed7684d15e8fb56f7f388b28a122ec5952f02b6f383347e4ef6e17b6129",
                "2a8ea5e1a70a32505879393889b2e5e16c369c4e331eae39e4d5db1ba3ca44c5",
                "7fe2527b4b06ab744a9cbc8135f10a23f00ee188013b1a84988f179a0c4717d1",
                "518935757aaf75430c6b0bee8dac66e342ca13e60a6a010d5176a05cf2c6d9b4",
                "bfe417ee2d83e217dac0a5fd5b023aa2b20c879e4064829feab9ec660863a557",
                "864e8c991b39f7e7f509341203e447c02707ad8d7069cce0fc600cd96e8e332f",
                "6995d4a4cd23a4d9e31f46071bbea02051fb02f4c102ebb2e4d8df8f80052ca9",
                "344fcab2f917e6fff98838f15b9a9e3a704449b0fa66542f142a63954ddf4fa4",
                "f20e4f6e847c18c698c7a952a16e67718a3f8b6be937f18c47c6aca3d579fcba",
                "2867d85af1712693b655b0be044ff1ea48e94d7292b63443826f58733093e84d"
            ],
            "type": "Document",
            "firstPartyCookies": {},
            "firstPartyCookiesSent": {},
            "exampleSites": [
                "www.bokepmesum.sbs",
                "www.tnaflix.com",
                "bokepmesum.sbs",
                "javrider.com",
                "italianvidxxx.com",
                "www.boy18tube.com",
                "atkingdom.com",
                "ru.spankbang.com",
                "www.shesfreaky.com",
                "www.pornhomemade.com",
                "www.niceoldpussy.com",
                "xnxxbest.pro",
                "sexu.com",
                "realpornclip.com",
                "tubepornyoung.com",
                "www.trannyteca.com",
                "www.xxbrits.com",
                "javbigo.com",
                "shemalepower.xyz",
                "fullporner.org"
            ]
        },
        {
            "rule": "2020mustang\\.com\\/jquery-plugins\\/modernizr-2\\.6\\.2-respond-1\\.1\\.0\\.min\\.js",
            "cookies": 0,
            "fingerprinting": 2,
            "subdomains": [
                "m"
            ],
            "apis": {
                "window.indexedDB": 34,
                "HTMLMediaElement.prototype.canPlayType": 33,
                "window.localStorage": 34,
                "window.sessionStorage": 34
            },
            "sites": 47,
            "prevalence": 0.00032,
            "cnames": [],
            "responseHashes": [
                "ce0f70d9e807bb959717d8350c21a107f5b6b7221a774b6d1ed057219468a260"
            ],
            "type": "Script",
            "firstPartyCookies": {},
            "firstPartyCookiesSent": {},
            "exampleSites": [
                "www.grannypornpics.com",
                "www.niceoldpussy.com",
                "severeporn.com",
                "ru.spankbang.com",
                "www.shesfreaky.com",
                "www.xxbrits.to",
                "xxxfree.watch",
                "sexu.com",
                "xxxdan.com",
                "hdporn92.net",
                "hentaiera.com",
                "shemalepower.xyz",
                "doooood.co",
                "javbigo.com",
                "www.hqjavporn.com",
                "www.povaddict.net",
                "comicporn.xxx",
                "hentaienvy.com",
                "www.xporn.tv",
                "bokepmesum.bond"
            ]
        },
        {
            "rule": "2020mustang\\.com\\/common\\/fontawesome-430\\/font-awesome\\.min\\.css",
            "cookies": 0,
            "fingerprinting": 0,
            "subdomains": [
                "m"
            ],
            "apis": {},
            "sites": 48,
            "prevalence": 0.000327,
            "cnames": [],
            "responseHashes": [
                "c86f7b62a894d5799f1aa0a535efb34ed6f914447f901f1da50c837dee13fa72"
            ],
            "type": "Stylesheet",
            "firstPartyCookies": {},
            "firstPartyCookiesSent": {},
            "exampleSites": [
                "www.povaddict.net",
                "www.xxbrits.com",
                "www.livegore.com",
                "www.xxbrits.to",
                "hdporn92.net",
                "severeporn.com",
                "www.xporn.tv",
                "hentaiera.com",
                "xxxfree.watch",
                "www.ourshemales.com",
                "javbigo.com",
                "realpornclip.com",
                "www.boy18tube.com",
                "tubepornyoung.com",
                "sexu.com",
                "spankbang.porn",
                "bokepmesum.sbs",
                "www.trannyteca.com",
                "castingporntube.com",
                "www.grannypornpics.com"
            ]
        },
        {
            "rule": "2020mustang\\.com\\/common\\/videojs\\/videojs\\.min-original-v2\\.css",
            "cookies": 0,
            "fingerprinting": 0,
            "subdomains": [
                "m"
            ],
            "apis": {},
            "sites": 47,
            "prevalence": 0.00032,
            "cnames": [],
            "responseHashes": [
                "063b4a568733054fea7f238a10b384170ce29c136d3194feed44d8c8b451f55d"
            ],
            "type": "Stylesheet",
            "firstPartyCookies": {},
            "firstPartyCookiesSent": {},