{
    "domain": "3.212.39.155",
    "owner": {},
    "source": [
        "DuckDuckGo-US"
    ],
    "prevalence": 0.00134,
    "sites": 196,
    "subdomains": [],
    "cnames": [],
    "fingerprinting": 0,
    "resources": [
        {
            "rule": "3\\.212\\.39\\.155\\/is",
            "cookies": 0,
            "fingerprinting": 0,
            "subdomains": [],
            "apis": {},
            "sites": 180,
            "prevalence": 0.00123,
            "cnames": [],
            "responseHashes": [
                "777e294c20a575472103876c49941c3710b10c780a5bfa144f48f79d0ff3590e",
                "9ca06839c90db4f1af37dfb9f64b158f608a6f0e801f0f2ea9b7f12483035466",
                "00d2e835997f635188d8fbd025ec798dacddf1faebb9f3e8c8018ed3e23028c0",
                "772d5f362772eaa6739801c67d010be55e00db45e7f88c2df6267f0a238566ce",
                "ffa84fe41651f8356708941576155b7576d67a2f3e877f7b15b539e162f09074",
                "b7087bd4ccae7e386f67683b0a5ddd49cdebeddda1021c00c96150a0bec8f7d6",
                "ac0d3f6419ca4ff52cbb27d47d9885d32b4d98dd75f1b7177c3efb3dbc22438c",
                "2921b9145233b7db905c5d43e886d33ab942c4561360470728453d072d2feb2f",
                "33934203de0043af306980709c60fa22e79574ac96c8a3a9947924d86dcca3b7",
                "a208d41284545b91c3e882a91cd4436d1e41c49ec65c9b6b8bffb1b454c5cdfe",
                "c1702637840a03749c667ce848aa2505c32fdb0e27d3ac5f9b1fd49bdf14d869",
                "9bfa0492741c6e2c0c8a85b9757fb809e86060f6a35f2897d16aac4b34c383eb",
                "62156027f47339608655f45ee2f3621152a0764932120b737b72543d9861a61e",
                "0ef07802a1b4a99d80377f02034baaca38463b01f09e3eb30c7a8137748dc5ac",
                "c8f898f5dfec80b68074fd3e381e852b603d60e9b59a67df60581175048acd7b",
                "67cb2cbbebf3422ea3a7e87289ff357840213fbd034fd5b7af1b860ce1e94738",
                "58610d9673df333b2b3698b1b1318daac16be7e2176df1592f4ae4e05f5ed1f9",
                "2f5d6b4f4aa395fcede46589eb1017cf40f000c6daebdfbb520d24e55d09c568",
                "5480a9f92dec7602c0e95ca4a0d6801717f5bb2d3858d6c4f8042d1810daa66b",
                "601bc8e5854139ef85cf6543636749058db5925c470ae9499b04f6613a030ad1",
                "c9c593838ebba78d3895188bbbb241270a0c1e5c4a30eb0ccf536a2927bf1828",
                "4d4c6d0264e8fecd4cac24cdbc165ae0fee939f0b4e853918da8ceed8ffa8b7d",
                "0ee267602cdaf08573a1c4684023a6822fc11507af7dcad6b27ed320c7fa9421",
                "4fb75ea3f8765afcbf0a34b1492ec2e535a61bde3e04c19aef9ffd0603bdcf4a",
                "787ec31cf6859ab108015a813a6147c9b0ad64ce3b408b3ec7ed45909991a42a",
                "0fd442a57c62d3498dfaba8f471e6eb6cdd30fb961b635fea128333059a9a435",
                "04845817dd471fabd2dffbc6c2cff4773fc28f4e5f8f62f4b5d788139ecabdc8",
                "b0295805e8aa885310b94f1274b22bf78f52fe4f4c3728fe9827ed51de04c32f",
                "77fedfdb91a9e3ea84dd8605f5740647d170c9db49c1d9a1b5e0bc01fe39aae4",
                "c1b0e472fc38dbeb9f63eb0617b1f76a56e50435dc3554c2ef124cb3bfe96050",
                "98fb2c57e14cb18146c3cc408d65828a8204baf6da44868a4c23327ec0994cc2",
                "763db991aa89005512034fe3265a544859e7f6acd7107da3094d2fd056f98bb3",
                "183ebe56be77881113693737c65d96e88b2ece255cfcfb7b928c429734cb378c",
                "4153b1000c5cdd0ffd3c483b4a104f169c4c85609333b61ce047cc193166c4bd",
                "579825b3a670090c43f108a498a183b1ec37ac63f32048754979f52eaa2ebb5f",
                "2ef9b274f925ffa30d257f4835752749db8f3318be5dd19592010f93cf1fcda7",
                "363b0fe9a8e72231d2069c63ffea92d856bd5e2cd5f06654183e0009f69a9524",
                "758b2039daba9625184627418e689c8cb4ffbe8d82f931b66bc27ac543ec5c41",
                "944a7d3a2e277254b92dfb60d2a24130b7ae5a45b8f922e847d7a8c72245b5db",
                "5d556c3e4adb72bbe4e6a0ba77f5c2b29ee6cdea09c63b71ee870f185d9b45cd",
                "9698970d3e27f2b595a82e88be464e4da809a3b8381a9134d087bf9eecd6a92c",
                "281d52278798f80f99386dcb2f9c3d4e17f42368c87a6dfe8fb4926725d291cc",
                "14d5ab55c4e8f8239615ffe0b518b2ba2136ca6f16c1b8b726daee95ac8ff0a7",
                "22dbbb20228b097d6e354775458b9d198262567a62920d1c74b214d055a58acc",
                "2f0ed56c42fef91a2ba331dc6477078fa2d7177af0ca995f278f1e374fdf9dac",
                "fa678063d563eb5f54190d77da0e1a1b6813d631ffceee938034c62bd085ad60",
                "4e10b6ed7eece24358c967b27a9cf013ac2c14581356d3f9955ebf500ebbe556",
                "5bcd08e86109884441b3a022a56eb2ace95bd9ec8c58e5ce002daeab33158539",
                "be100a3f78eb1d4ea0102ed75a801e2714ca9cea0e099494a196d116f3d4c990",
                "d2c4764598e18fb36e55d63639c0272cba381b92d358a8040dffaecc4a86a078",
                "b6f03209ce3fb14711cee4a390ef463ff72a20b936674e815f7f1d44a09c9c71",
                "f8da6b623365ae316785df7d64f2d5555d7016368d36fd17006333c410f1caf4",
                "6af21c0ebdb355f04afbb7764a93dc6b4138ae923cfd553b14b77e317b6c83ba",
                "41ef3e32dc986ddb456fa3d3c203b82804d0b22c244e02cfe6a790db91912001",
                "b4a16d535cf4dbc162f6e5eb763b5f495775b90cb76f0d2ec1404e2070866405",
                "0d26952662460bbf81cd3bd2179c22b13b292deb59820de0933ea20c2c3ff8bb",
                "85e39d24d4ebaf70b1be56fe1b51d1652a58f1a576f0f26ad7ff0fe0b0226b14",
                "db669cf320351eb5ced2042b080658c3e581490df51810fb03a972e392620cc9",
                "1a00aed3993a9f848fd86c72dd004583b450ac892b0a80eb7c953135bc28a2b6",
                "531c070d24de623f2a64da4bef879fa988f41ada7b30fdd7d715d951c2e31d26",
                "0415eb59a382d4b7cd4f024f13edd7e25004dc7d52f54285f0c25c9a36806170",
                "bf7ceb0f65c27d7a4d54d7957a29839dbcde250ec8a7152f91d63bcbfeae0af1",
                "06e83c9b568662187af7af01bd868fb6d379f92e814fe5a564181972d7314f94",
                "707b9fbbb8c8beb2979b5e83d5173f190952f03a39193d38120a4417ef016a97",
                "08cfe923e75e3102989c69165bfd519be5ffca0dc06dc31aba4876c035c0f0e9",
                "2e0b770aeb3d9524d876aa133053b77c080078739e9b17bba10ed663a76e81c0",
                "c1d27c9dff9c28ce0f88c9cdae59deb047ce3cbd4bcc961e5d63c54d1da262cb",
                "76175777c1e1642d880aff8f72a7e6d6b00ae6d7af249522d21647550fa56811",
                "dd79fe72a012cd009b72151abcc79d092710ef49491c412c056cd3f5e0fc9114",
                "e1a0712b0fed3af9dd5716976a75d4cc037cd23c37c815238188060bdb0f9779",
                "36b9c4306512e0a13ee2ab7a606caeb796ba4f614944954772008f2655e31e5f",
                "0bc053d6dc63a91933da13f699d8ef711efc02ccc967179c394a8e6b49ac4065",
                "35a36619f0d608360c40276370bbc080ca92ffa163d3e4a21c5750f25e789cab",
                "37393d617e571699f8fcd7297bc423f7eb98700e2ca7a7e8eb1f4c5776fc6247",
                "5373e55e00a8490eb10f3ff06690a254aaafbb7ae503b96bb8883d77f61c4ecb",
                "fd74302f2fedc1094a42cda5934516c149341dfd59b79f559a7e1aa86e5f42e3",
                "66248425cc9a886cb9436fbbb6da4fb3b1410652782e77ac40a887085ca450df",
                "61cfc15a1e75b005e4f724efa7efbd7ae82b04783b5d6a46c21a29af7983dc84",
                "f5be9e6f405f0037f042fef4cbe45f94402d26af7be3012bcc33ed27fccaebeb",
                "b3472b9f4052c862f163d60f540d071db40c5377a3ffbcc396a41a29538ba4fb",
                "a2645a7374efea02711f24e531eafb50783e2bb1bde01db7e4dd263be23d68f2",
                "f435d743ad438951d3c40044c94a59dcb6a95dd0f49dbf4dff53e8117d6fff37",
                "007a0a55ad2a28cf4d3e5fa32a788e3da2d79dc34500759825bfc60324e5f7a8",
                "707e319c4efa9e70ee59660bfa810334c2c2bc83e6fe69fc2989c36fe880a859",
                "5bfbc6dcf46b05b52ffc82ded7f056085ef4a4f8b74b8eb2ca77eb2c53c6099d",
                "a3bc52c48eefbc20bb60534ef04be397f429f50f3606891c67c8f64a9c1d8d99",
                "e733b5d6939a23d2645d6179f56c9f74ee94d8ba9036200b4576449c9988744b",
                "d376bd1e8bfd34eb58bf6c900378b64fa5fdacbccd5833f46c4b02d8d8c30eba",
                "e438f07eed9217d0964565605f5b1cf53d17b413a9b2340c234e7afedd48df8e",
