{
    "domain": "44.212.189.233",
    "owner": {},
    "source": [
        "DuckDuckGo-US"
    ],
    "prevalence": 0.00136,
    "sites": 200,
    "subdomains": [],
    "cnames": [],
    "fingerprinting": 0,
    "resources": [
        {
            "rule": "44\\.212\\.189\\.233\\/is",
            "cookies": 0,
            "fingerprinting": 0,
            "subdomains": [],
            "apis": {},
            "sites": 187,
            "prevalence": 0.00127,
            "cnames": [],
            "responseHashes": [
                "003d2f2cfe6af7f94106a0fff380b74333816033b0ad8bd04cfcf41602e0ee39",
                "f5b953de5b4c074d31083dbb5237e9c3d17b972fb4b993653f3e6b27ef91d959",
                "8f4afe72010b31b2c7a1d4f155a4e83900971c3e86eff2c5af059e5fc9e75eaf",
                "b0418a1e6ef194c0acbcf2e1c9c07f8b01c62476e2508d7265dc8df5ec152ca0",
                "22d3b77c4ed4102b7b2580c702df68e905f8565b67a542b25c4388589ba76689",
                "21ad189f60359403d464fbbf22dc38a434394acac8e70edc36e8844e586106ba",
                "48fb2842c70e5a992ae43bfcbdac6fd4a7b8249272ff87f65db180d0e7779379",
                "1181a5ad6828fc855572acb89c95db746d8bd6932452de7561ea44c6b98239c9",
                "2d24e585ea97dd9633b87290a188e37a59f7688334913a466c8b7cbb75c03577",
                "6792fc190e0e3153c90c2b4227c68d91eec7acf9ddc2402ef306b868d0db4e87",
                "cfebb5fb8dc9d5b8c0dfb92a02d3d54ade2edd2dc497db91d88201d7ac7c0470",
                "bc1631b4e69e7ef9da3a7315246bdf4bdc874d4d5c28f3b0177d5c5e8dc5b21f",
                "e2a60141c19e64740cc010f9e771abf8cdc969ff9803b308726cf45b89933f22",
                "2bc968a889acb99ef9b8f9c546b4079c3dc1707020d9beaf65487e5b0dc789b5",
                "3f2d5378ad87e16ea8275f3ad6a77d58383d6a54644300d73f5599192867cba6",
                "e3588452425811729e6882b10a9a073e3aa530e3c58be599c5a75386abcc5932",
                "a24d406782bf6025718941f0bb9b97d96ac05b72f8c2391c5be54a7ae11b9dba",
                "fb861fbb30e3e23bd8a467c5fcdf67d9b54917af8d445ecdf721913052bdd97c",
                "2864808b51340a663fae45f1278aa2ab86d0a4eda1be3fa79df1139f3506a804",
                "28b74ba79ee49a3f1ee08261169fa0fe2c76ea09a350e8a3156cbaadeb122fd7",
                "4dd5fdcabc0a301983a43b0b66393f6b0a65f879096ba00840bde53d27212c1b",
                "bf1f072817b8a6b48a371c5104ff775bcdfb356a14fddfcc2e630264210a38e4",
                "bbdf8b9ab92fd2c1af35314b7e527c96183bf42763399e5cfb98c837c7712d47",
                "c9595db9dbe6f4fad8ac12b2ea90213ea30a1b37796030a0a24170d64fedbd1b",
                "64f53e876178447ed38e09c5b98d40a4bfdec3a40fcbface050227c6f4ead6f3",
                "417783f7df0c25e503a12b752ce858a05b9615c432e40a8e3f70fb19dbfc3fad",
                "2ca140c2e383d8e9a8ae298d52f9a84e6ce443a331d9ad6b3d899c7d40e5695b",
                "c3a1d90b9fbdb1c98fb95bacd79c10dfee116e0097bfe5eadea0a71150be746d",
                "0e29689641624788332d24b13cc13b0cf62f769ca8358ac66317f13953296c98",
                "b892c977a9334f21f7b5afb450edf3d88ecc7f5b5e81fa545d416d984163445b",
                "86bb2c39a1c892fe2519a8dfbe0c3b1118e5382c952e0d008092e429a805d3f7",
                "f3f6e9dbb5021da9c9e8cf1f37800aa2ba70ed312e743d10dd1c97077366b39c",
                "5fb916638f99b5106f6591489da3ae3719b4f31d8c0c527d528f21ae24f42cbf",
                "9332e66c0b3044fd454726f0895adbe7057f89ce93c88bf548a48a3fe459bc26",
                "3051e4d2c2e51e9df0ea161f2c9166aa87f86f877b1edaae8ef0b1ca0db9c806",
                "a61be203d11f38bcd4a7ffa95cc206a8155124873c6a6fd404deaaf41113cee4",
                "73cbdd7af1e9eca04945adcf9a9c7e265e47ab073f59dc3c0a6ee17339f9b675",
                "8db0568cb1fc4db5e6fb5cf52e4aeec33e68efe65cf3482f43d49753c1fff52a",
                "6335f8e1b5bb6beae41b34cc967afcbd685c8f2afdeb494bf76affdeb3daa6b7",
                "c39d4106194271fa535f4fe74968a09c71602183cc533c9775914a638489f955",
                "5194820b3d0b0994e982e825ea063e41976c45780816509dbec566aadd70451b",
                "1c99ce8190b70db94e3de672767a83d3b6398e3389fb96fd805b996fa60db7bf",
                "c6a3fb9ced4f65d0297c10d8236bc224fc5a6d8840d6bb847828befba37cf8c5",
                "885e7ef1ab280f100f6218276e60db5bc2b643def34ef8fda7d003f90f351531",
                "0b0fbf453e1bd13972b682975baf93d448208e24d3c0130a10907d460c3c8208",
                "faa7049f402b841ffe5219e6ccd8b43c9a1b3d00a5af48595570c5a6d2f8a200",
                "337cc92621df8fdd0b14b7593fcd1fb447d3dcb048c073a7768cb9f264ab96ff",
                "8ee154edc4a57930846387c54f11d93d7a43c5c3113501846328e80ffc031348",
                "8e21b2559186f52ba90cf54a3952064a6f8e4cf609fb86246dfce9efa2fb881f",
                "d2248448d348f8c187d339b737ecd006e5e6b5d8182ef45f918fe57cd7e04fd0",
                "a4483b58e3dafeca76913ca797f4b3f207330479a8da6baa927b9caa4f91d365",
                "31339310797ec125cb3c6e8519a30d90f40ee4e2906e5fd4b5de3cf301c08bda",
                "6d88ca0697c764bc23b3757661247c6b9708fb8917d995b4f79ff520fa243e13",
                "27908650ce0503cc7531c6aa8fef329fd678881d262ebc2f5dc2565e601920ec",
                "c9c255266af7b7b615f41434201523345f0551001616f653d2efd74d8b3c57b0",
                "ff23b187376ecf900f973f1c98a7fa34e1cbb1466e70a6c56c90fde2a072b6bd",
                "c01033574f42547b764979beadb048b00946e97e7e0805b53e84bd903a54ad86",
                "5d017cabb3919e837597d27d2cb2367376de3a77577dcae8b08c3dae7486b524",
                "487497941ae81be1e18683190a33493446e374b72ab3fa746b059d1d9e7736dc",
                "2971bd03813a824ff8475bc64adf0fb70a276172887471b6d0e6711d9bd8d094",
                "80633d93b5a3971a9eefd062fb07013f70a6a01989ac50d99dff07c9945c8751",
                "899772b02e14bb89f416247e1b71349395c52d96b397051bd0216cd9d44c414a",
                "0410503dfc88af6735f6e3620c065fe37ec02305c59ad1f20850d060072094c4",
                "7ea47a2b70c5e4a5dd99258367732f19ad390ad462670c696b52d6addd2c98d9",
                "9ed62641a0701f8102ae932b9a299b3c82a89dc5f1d1c1ce653ee1f58b9d6ca2",
                "8f4d8bb0b0fc3adc4657c1fc1ebfde34e5537724f5f5ff085fc87adfc4d9a9d6",
                "e57a820f3e32eed82a5aad3de319dcf8c63f07dc5ceabf5121365cda5b8c9680",
                "b5b1b62e37b7201711cfa7818bc9cbf2da749d38929290efaa46a69ba9a15b63",
                "438571fcb8a033361d4df85f89a6fb9cba01159e1736b6f657d11747bbd24ae6",
                "f795ffb5cb2058591d9ff80d80c3723a50b058149c361046ebe5d70ba1f74f68",
                "3114fddc77725dd16b3bd67be37a008bd4baa4319c3ed1732085d12c8593dd88",
                "c6fd74e6d6732975a7d39170f831bbe55ab804fb407f65420be8c3152e6312cf",
                "f88ee575db631e63aa59124b9f66c4d2af43c2e15b49f2ab508e82f98da7700f",
                "eba3d9fecfea954f8be64a608880e47718b8bef174fb2aff6e86519935598e2f",
                "ba238ed007d3ea02877ed7c33c27ab3a8b814413ba63a9d59c015fea873c0c85",
                "fea67165f078611c2188e5b749b7ef48333236d5f1535fd6feb14353ee822c9c",
                "eba9b4cadd89a7725df805df7a3ce77138311bc1f31722150ca5fbf1d4d7f6a9",
                "e4de0355c4d97b10d16168228a0f80b5834c78d215e57acbb4b86f66562551a9",
                "c51aaa2efe2091d87acc628903befd68fed1485c4199ae5a256a2b64b14088da",
                "968c0f5a290668fcf9993e4d5b4b679b6b8624fb0e27fbcdbbd5185980db1c2c",
                "8d5cb922ac5d090479b41d5e5d7865aeb062a8aeb61682f7d5b4c5cc37545020",
                "4495dfe561150658c7f02fedb884801a82a8759d5b8fc4475ac6cd1cdd12f961",
                "86b1e06caf1ba08fad5f72c2f0e50d0ebe4bef70f2ce7307a45c0bea121ee39d",
                "87f8b8f4bd8cc65f8fe15a13df04fa7dd9e11a22b6151b554256bdc87b4ae05e",
                "ced8514af974352a2e1696331bfd35a448a80cdb8bcd8f9f9ea6ed7ba1c2f87b",
                "069d5b8c0bc421d5da319e2dcd7fa9258aa02313b9e74e00afdf025f81233f25",
                "21a859d7b3d9d03cedb24ad587b8ffcd016ed228f0bde7f7f4dcccaccbe2a250",
                "5ddeb16e857a2829e66b4393409a1fd7c560d3cbedfcc24197bf407c32de4c8b",
                "f760e095a7a0c89100cf73c62bcd145fe51f451fd24e8c19b4375cf218be3b76",
