{
    "domain": "4armn.com",
    "owner": {},
    "source": [
        "DuckDuckGo-US"
    ],
    "prevalence": 0.0000681,
    "sites": 10,
    "subdomains": [
        "8961.xml",
        "11572.xml"
    ],
    "cnames": [],
    "fingerprinting": 0,
    "resources": [
        {
            "rule": "4armn\\.com\\/",
            "cookies": 0,
            "fingerprinting": 0,
            "subdomains": [
                "8961.xml",
                "11572.xml"
            ],
            "apis": {},
            "sites": 10,
            "prevalence": 0.0000681,
            "cnames": [],
            "responseHashes": [
                "e3b0c44298fc1c149afbf4c8996fb92427ae41e4649b934ca495991b7852b855",
                "072fc29a042b8b76a6b96014e7dfb6466ebdadf30fccce1f301cd51a859a811e",
                "fdbb9a63707c897449a59e599fee9955a0a066c848542ff01d5122a7a3738215",
                "b5ea5adf0487f0e89ff07d15fb84a8638732540c9ba3cf57e5a077ac77489f67",
                "255f7f4228c5c6de636b42758f9905f83613c5cf7c454ab77d61ffe819f00ac0",
                "a5a5b50750c4d56ce476a6fe6f89e117aa4c1d2636480e06ecea9ce8796a70ab"
            ],
            "type": "XHR",
            "firstPartyCookies": {},
            "firstPartyCookiesSent": {},
            "exampleSites": [
                "hxarab.com",
                "indoviral.bio",
                "indoviral.online",
                "komikjos.art",
                "nsfwsubreddits.com",
                "shemalepower.xyz",
                "terviral.cam",
                "texttwist2.co",
                "vidx.lol",
                "www.nsfwsubreddits.com"
            ]
        }
    ],
    "categories": [],
    "performance": {},
    "cookies": 0,
    "topInitiators": [
        {
            "domain": "7ool.net",
            "prevalence": 1
        }
    ],
    "types": {
        "XHR": 10
    },
    "nameservers": [
        "ns2.4armn.com",
        "ns1.4armn.com"
    ]
}