{
    "domain": "52.22.50.55",
    "owner": {},
    "source": [
        "DuckDuckGo-US"
    ],
    "prevalence": 0.00128,
    "sites": 188,
    "subdomains": [],
    "cnames": [],
    "fingerprinting": 0,
    "resources": [
        {
            "rule": "52\\.22\\.50\\.55\\/is",
            "cookies": 0,
            "fingerprinting": 0,
            "subdomains": [],
            "apis": {},
            "sites": 175,
            "prevalence": 0.00119,
            "cnames": [],
            "responseHashes": [
                "944bae6516d32fdb82952e290abf3b067862290fd45c4e999e7da977f083d5e6",
                "c490cbd6451e265f9672bf464621e312d9fede63b55a2e0c3bc7b640882edf13",
                "c3b14f559e355d81256db52e0b9da1c4b9ad9dbbf5376215eb6510e71ba81477",
                "60576438e080b9214ec1553c4bfa29dd9ee1cefcccb4632ed2b5a087188af440",
                "b4418f4e41d92da866ba0fc95830a0f37ade35afa47a3916e53f9078c367bfb6",
                "359475883466d7155597ab7501435847a8b4575f3b9e44b299fe12421fc827a6",
                "37012da05a06ccce67af61e0c8750470b0bc2b01969a7805c82fc3a645b7433d",
                "75b66a8534be916339f3a35922cc5955595eed69878523448bd028d19af71b89",
                "6ac0edfef0240cd073a81acbd3d2838e06da9770dca0f28861ff330cb9e82f6f",
                "731336029f139118e9903652847bd7f6cb20678dfab778c4039923fbd41186dc",
                "9f6559f3a36951c1f7724654d2208f6edd00206d49df54c85f9eb43013d5545c",
                "da8c5cbee1dc5a6e20f27c98936e795e871b23d8f5da6f49f363eeda9c9315ca",
                "051a8fe324d0e191ba97f4f1679609abedfded1c009a70f081a3d158c1e95072",
                "e4397c6e9f52ff1cfa43d9839934c919dfb8a1e76ffcfac169129200bb900253",
                "a99c8263ee555b9191fd169e30459f3551ad62378d099c660a933d63078d9fec",
                "b79708c9f1864ab974541f18e716d121365cfb02e21d5af45ffe24610c40141c",
                "12fc3a14ef9e407121325279c7f4bc243edfae38f2a5d1052b3560bdb7d34d22",
                "884d6eed4317aa9b2a9d1d8c2316d4a08fae81b297cc865013f1cbb751b51603",
                "652b499987002fd03426f93348a6c0c106a75f44d4338b47a2e2d83d95f97dd7",
                "ee6a94fe3dcb4f38ebcabc7337e78c9e2d1eaec4198badf3407c00dae5e19409",
                "31cdbacc1d4367bd6b7612d902aaf519419434fff02ab30dad5f7249d2af0f34",
                "663d24796987edb1939206b74883929a7787feec7d6ad4fe2a4652c10f111c8e",
                "0716de8108d95c9a6c40f01a824f819fe17b2d285970efc4dde40821a06f0203",
                "6f46fc7a746590bc839bc81e03927bcbd2ab9e8f99a604be6ba159ee48dec773",
                "3d70f4688ce7ef38f52bfa1ec7ea78d3922eb1d646e931b416bcaba9ac78299c",
                "df5a430351c5b847540c9c79af5674ad80acd24f362c8781e6ecf2800d124076",
                "4154eedc43dd8b5ff4ccbc486883103e0fe8e31b89127afdb2803eb8965256c6",
                "c36aca97a8f5c3969258ab59c632d914bfa0ef128eb735223db29757d1418895",
                "bb70682ba9a14e2929e312e507a63002af5d6fba9e9526597b7a994355ddc9ed",
                "828e97191ff50d3b174451ca92ca371ad4bd0479aa0950e2db74102e45af051b",
                "9c6809c62839eddead9c56f19df97bd5a853bcb08ceac0a606c13537def25011",
                "ad2f30df2d51dfa8d27c891cead734f7748b9b064ba32abba254c43956fc3ade",
                "3a5d4096524458ad75458a1480999fe22d59367928086b5010bb1440e86f8847",
                "82eb279c7c127d4de6e05c48d3409d388e4b7896ddf4ab8c69d21499ae50f501",
                "ceb2d3ee416cff03b860e725738680e37824f0539181f856dd36de51c94e4534",
                "783b5cc57a5a912e03a0f88940906aa9d570ae58f5c0cafa462e4c86fa46b20f",
                "eab3f610aae1d18968d79c74f3d8aa91509f4ae6b7bfe5a8919f038547c3705d",
                "2ce19e6eaa6e679e3f0ed9000987075a81204dbc084ad9d95f6849e1c21e8658",
                "739cbbdd16e858dc285ec3803bd8d12abe0719fdfff3433d12c029957b8f6e05",
                "55c6dda1c7373a5438f2a30d410acb3ed88f102d6bf3e4de7d70d1cc57b692cb",
                "019ae7e6ca26ab4b58d8f3b1ea2369f4db83702dd2186678f02c87ae505cabad",
                "925d9e0678b43e4e31d56b0e3f9abc668feb91e50ad3270d62a820ae179a388d",
                "72477777e45e601aa653d8a3226abe96681aff7f47fecb1c91780bd30b8b8f1e",
                "188dfde69d5bf2f8cd08930b6256824d8c9881c18483e41d2890a7ff695b407e",
                "c55624ac20adbff3191552698c996aed4cfe4c07ab079a48b7552225fcdcfef9",
                "dea91222457dc51a8e8ae4682939d18b209bb95efe127ac9b093d5e3131f22fd",
                "735e6ae39868fb24cf4f63bd810554ad563b25f5c67b197eb7699b870b0f7bf5",
                "d52bad973ee4320c9ba330bb14a9ebb7c3b07697db25b262a39b35d9064ac3de",
                "d740360a6d9570e666ec94a41012432d0395e7c97f7217d82e7ded497e8f091e",
                "76796b62c3363d3583d71143c456e36a98e6dca67a230d33cbd16779fc123b1a",
                "0eb7ce052752cd4bc7beb28c1ed9b43aead4d4ed99f20380ab16bb7caaad66c2",
                "dae47d38d3b4161bdade1ec503216ad31a7df90c899dd073e698b0c8372507b1",
                "a365ffce3b144d910eb34a1e9893bf408710fd9bf19db7023b52557d5e5518c6",
                "0c4495582a56039dbb9e334aae6eba195e451962231b7595e9a2140ea2e87b0d",
                "27871f70678cb01b83070ff3b1f527ea304ef678da2c85b7f283a1dd0941de65",
                "bfebe74d055f09a415d0036a22d728df8b8dd2e4442fd5d8ed8bf0cc4b10d60d",
                "cd53a0fffe03d28b86e428325f54508134271e763b35afcf706743b24d2a6e3d",
                "ae7bfdbf797f63b845ec72ed107c3b45bddddc96fc31f1cebf1679350c72e89f",
                "61b313899bb6819b4e38ab72dfd90c108e64e53f26d2b91fa911b74793f673d3",
                "e094b6c0800b32a58b5a428bdbd55898da699e45cb4e194a65d367999550566c",
                "3c69263842057a451344abfb9764217bc8e24595c05d8a260a6f72d065622e3e",
                "2a30ca53881c42fa92208be94533888a6e067da6cfedb44d983c1461f5162ebf",
                "2911c81e0a25f6da55dd6c47118b7a3e113fa78d6be2cb549b784bfd8dddd794",
                "5e55811cece5d2b9fb6a8a19ab6f5c824264a2882300e1942cf4c84233d06c3c",
                "91d369ce31771e68906781d4df458282bcc2c2cf559e7afc6c604977539f092e",
                "18c271f52e56dd113eaad791b38d7161adc59084a71f1a6c1cbea1acd5029da4",
                "7389050ebf6578d5fe110063524ac0a281496a48fc67875161d21432d9ae679f",
                "f63395aff76c2d8c14e6516427a183cbd6827a8fd84780810b1a9df6bf8eaf19",
                "2645121d99319013bf817d3a6e7487c991c955c9a249febe216d075da1dbf869",
                "8a132e76aad656db89edf8f5153c5600c49007df069df0510171b6f49672edda",
                "a35ee7115cc2fa4c52efdd83d958e4d6028abd5e80a3e79b930fbb31d00af5ad",
                "0ab678dc87e6dd74ef6adc33a0fd986182b25ca89d12282bd024c3cc057a092f",
                "74e7338a2b288018ae3589af46aefef2ebf8b99acbe1d9413f457afcb738eacf",
                "5336365f62f1320dc11fd385d684ec6f6fe5fee998b8f5c05492fa93c35083f2",
                "06e58357339aaaebf64065e62b403006335d364f50fe1ad33f10593d42232d17",
                "869b00f4a58c8e18866d679cf6f4b8bbf756b6002bd08a47127ececc5a1a3faf",
                "4b33970b54fa3736b306e84271a885cbaa3f7abc60aabfb045a06078db44631b",
                "07b322def1ad3fc5474f0ca47f346532747bea1e623810fe3625e7a4165af9b9",
                "fe303f69771bedf03240427e0b32216a889f930d4fc15dfb5cb06ad1e62fd6c9",
                "0c0bcb5e739f21bc33b20021e0caa8ef9a4e2384357bfdd23b73068faca23c86",
                "58c096b1c5fc5862a3d72fb40bb75ea680a97b9c079caad02ada2bbed8783229",
                "e1244ee5e5d3cc84d832424d8e817cea7590c1861711ae9bddf0bae30ddd3a96",
                "11254066bc76b422da08848f64868b8d6267fc9673c44402e6f649f94a4c5fc0",
                "81639144b5e950e335598324f94d5c63d389d73df66f4a9b9bcbcc26543cf4a0",
                "de0730375ae03c97c67a42fba3277435565b4194ea121e757b10f722fdbc7a70",
                "a224eae674dd3b217fa11bcdec76f6f66d2e8dbf232c11964e2fc1c1a4a6dabd",
                "399b4589f96b08da2b86bc97930c7d3d42c773c345644ecd4b47b7f1128c7ad1",
                "e013028c442af2f171955a965513b7486ac6e8308731c833f66940f5a0d951ec",
                "60c3ae0442479dcb45da9272a66d6dbe83658debc402cc8233272bdedcbbeac2",
