{
    "domain": "52.71.121.170",
    "owner": {},
    "source": [
        "DuckDuckGo-US"
    ],
    "prevalence": 0.00123,
    "sites": 181,
    "subdomains": [],
    "cnames": [],
    "fingerprinting": 0,
    "resources": [
        {
            "rule": "52\\.71\\.121\\.170\\/is",
            "cookies": 0,
            "fingerprinting": 0,
            "subdomains": [],
            "apis": {},
            "sites": 170,
            "prevalence": 0.00116,
            "cnames": [],
            "responseHashes": [
                "cac804307d2f2bf0f9e171670bb0abc0ff02805c5288800b031f05e048557647",
                "858eaaf4929712deeb271909db32115ab353101a81477910e62f9aa6548969c1",
                "4b396f7774b569bfa3eb8ef890b08d2a7daf5dde19a8a0019d0144648d199ba5",
                "2c24c23b945648752aee591637b5a8321cd994d83f9c7db736ece43437c12c0a",
                "e1828b18d58754c6380156d0573d82e3dac45090fd56903a460c6547afdf8764",
                "45bc0e4f8f1116982589168d3bcbb7a0e552240df2782fb13e6f404c22870df2",
                "ae5985f63edde66f98aed375788d26a68ac09789170fb90ce62e7ca1e7c7d5e5",
                "67aee73a1841ff058bd5a0b34307e2464fd943154b66014f66da44a0c6fa63f0",
                "f46583a8bc53ac002f628d192132f3786ca8b7920abde5526f576219cd8e9ac8",
                "ea2f5b6c20c3fe0a4b7fc98bfc7b614d0acc87a25dcf20d2a3043e1aa115f664",
                "9e4c27c7dbfdf62e273d0dc5478e97a25deb54936fe9be904cd92d5ddf1ceab3",
                "d96dedcb79f9ca4c475519ab062096680690a65511ccd770999380cde572d3f7",
                "389ee771113923568afc3279c06bf1a052ce41378a553cdd85cf48526c8d6d0f",
                "9beb60874d2ddaaa1d0b752893b0c08948e4cea4ca3593a600ddb42c82ec9b9f",
                "6d62457ee97c706c194cd2e211f8d595c539a6950e1eb8f0a35da607bd68f60f",
                "66f690fc71f8d0ae5c6425ae06cb020bedfd7440dfa4792143a6171a0593126c",
                "261532eb708e7bd92e4dc7fdabde6847241599aedc240be04cabac1ada5af5c1",
                "cb4cdc378f1afc2a182775756c4075e32bb84e703fe27a30ca10ac6d16045a18",
                "d4d507ffa849f561bdebb4dc0934f20eaeac9d0f63189a2cd4d0b04a4b6322f4",
                "5345456db12ce3f6b2fd84594d18fc6145cf7b57d2f7499f1b796ee50ac079ff",
                "c2118dcdd640394993cb91d5b3872eeee4e059ba9c38aac6817b8f35d2002bcd",
                "f51921f59d94d163709a8a819a17dd6ea10a920d2525de33e2510a70d93a6f22",
                "d8b4b0380ccd8fb24c526dff6d203a93b86b7d0f0943a9083e67186485497b1b",
                "e74642c39e8aa6bde23af514d6fbb1312ec8f4789c0c6003883e79b905e3d0ee",
                "15a88c198ddc44631818abcd0e5618009b4728a590e5ad5e833a06f1fd7dfbc3",
                "578537a47ca67e371ce7184bd1a8b44575a925afebd4ce188578a14f0da3be16",
                "6b75728d40c9d534ddba7b0b8441c5955d343b891a9f054dc27f8583cc60203f",
                "9c3f56e522b3951d596cef2becfae124f22b501d31cf27fc9138c3dfd67915c7",
                "a35f80ccdbf2e03638cb370c9052372465ca5888b0ea9663b403e8d6bc474eac",
                "b3799d6ce13b2a369dfd464c26e6b9cf6b895dc659e12a294ab159d9928c8132",
                "f257889e3f9f48dde64faaee753d92d555adcb7fbe5d3b88d5e6f8e1543dee3b",
                "141d48cee381c64aa7dc8342938ecc070afea4b3b105c7b9acf094c761ae0b9b",
                "92b6a31a55ef1b9aae87b89262b2376748792f2ea4b5a7e8236263f1d6ff6365",
                "ab07b7db3b941cf1c4382909f328cfe65939bd571f5f75025f18af7c7851e619",
                "350f2baea37eb60d68238bf1f9b4766562e60f200c8ce1af42522f6e3c0cbc84",
                "39adf892dd819cde21ad73465ba162bcbdf0aea3ad3fab02d1695520f06000ed",
                "a12f2165b4418dbdad41d79e92628d0edfe975ce4109cd11ee614b9c88459d6d",
                "1a7dfadbc5dc3c09c0780df8a144eeda65b0000990b35c3ccc5124524a4054b1",
                "32b653c82e73c06b187c998114ad985377fc7cf0fe67d1d4ca2239e1ecf2ed34",
                "5b750de68323ea8623946c0968a7b4009b6ec1cfb890e0d8aeba60627b18922e",
                "1701f2144cae8b7b34981c320c7677151ecf99af7828abc1576aa32d6f1fd4f8",
                "48c08765a279f7f7842d2d2fa546cfef04d4f708ed31d4a3f32887089fef81d8",
                "212a2f8d1bdc638fe1f249d5b0ce42520d03c1a9c0abb8f1aaed58577d14b1d1",
                "c21d32953e4287a71574869754fdd47c034b1f3860fcccfe815bcc487c89c87d",
                "e4885834a99e69f8c6ac417ccadf4a0609eafeb06ed2de7ef22cc34e23d9258f",
                "ff8d644a4326b3eb19988aa3f85a292c7a6093f65b96e15abe1478b4ff6936ae",
                "a4c6cf919f51d81ba09a6f70264ef5157d27330aacf98a10d624701e6effc1d0",
                "b026c7982cef786aa91693dc795bd22f083fca1437b206bd590ceb20c601fc56",
                "5b962756fa9f34e9b72349ec9a0635243ef3f2e01952117e7874b12737c0d4c9",
                "3428acce775a68a62cad73f860ae5373e73f93db2c901fbfd9c9c77ce848aa9e",
                "86a5dc53819967e4bc99db3974dce55314546b9fb5276c62f41e9006217eb7de",
                "647a66b248aa9c1fd7903d68aba2f5b1f25dd7fb1953be1523fb9f8d5edcd63b",
                "d8af9015989f6cbb5c803e66d281da5319dc7ba51a6311bfd95e1b770f24ac87",
                "c063cf82e929e223c8087332c3b57d5ec56545290ebc99146b7f5f2fc6f31b83",
                "86a21c796ee6a212cfbf37125164a0153d6d348c18df8d4f3246e3a89e2bcc49",
                "4213fb5dc493d0a0a442d4965c604e25a040564e698ba17ec335fff904eef0ea",
                "4252d5944b09c10e5417411d61002bb7fa657df6794e3711b972b1c0f084e01c",
                "a90bde72ca605594b216ff0d4f0021b7052c3738240eebca4981fda5e6e6b5b4",
                "29b3de0b06f554469da3cd5be5b9d8f6c1e3026a500d2124a8e5b8e552e8f255",
                "dc3b3b49e0f1ac9c19b922ba0da6ed1e19e10aba2d393292b3b87e759e62053a",
                "d71b4e1cc56820a4dfc42814078889bf663955051ee589f299562154c08f891c",
                "e6f340e6f8411d956119840186fd4e6afb1bf2eee9c06e2c40b388b07c9c2be3",
                "f69028b5fc895f1616028d5e85be7de9ec97618424575c26995494455db272e9",
                "43405dfdad25259373ebee271be844f8e5ac122489e96872abf3ece82f8e231e",
                "75f57e781fab161e937eb24814408dd8443064d12ea4ec6b6fe1f1ca2b4070f6",
                "0bee8e1d66f0971cde168e83bb9d03193f1b8259594195da1dc386e6ea9233f0",
                "0cde52585b549d25b90d064c09237f9bc97e8f10f6d0deb66aa2bb0fe864b499",
                "6c4469f1aa2cf5b41b51237fc87fa0b383a47519899ca15458841c6b698f679d",
                "9076a5e16419970912d53ec3942d07414e48c89535eea39326378af448bdf1db",
                "eb974360e665500d9e1f6ba80efe6bf7fb85477d57d2a748589192c0ab116bc9",
                "83293c7b5493da43845dcd19b4b357f0ece3f31e76a3aa89bbd20cd2327861c6",
                "d088033816f52c61c97c81191db8ed54a4453672863abf1f0a937669bf51b94b",
                "9221399f1d68416846fe6242324ab9dd9f8597f21f1d7b634d7cec1d64ff76ad",
                "2ebd8423cd58a8607180ea4d4c9e165adecfe22d8ec1f96aa0e400d568f440ed",
                "9d2e42562b9b3b48d8a2f72812ceb30cbcabd23132fafabd96f7f4dfcf9ede53",
                "84ae1fc053c1b64977d845beb2a8330bf6669106f13180be379684c0a0b63419",
                "10a69823d737b824328e7ec5ce52e44fa8f911ce7ce6bec2871ec2175c592396",
                "87d7a984c552f97b3b4798b92e1aac840a3195373d86b3e6a387fe17a3587421",
                "770a04f02778b54252ba40c82b480e2ca7e5e86acd9bb82190c5c3cdbb55cab1",
                "32e588a0c89506d37d374bea816d26ddaee7c09cef3ac5db48935ad57b6d9c81",
                "bbca1d2bc117addf57516f1988ed9606308f4dda155e77aac7a6dfe110e6dc54",
                "44b82cc602ba3274e3c91c8a8487bef14076fc171279c26354d5e397e863f02d",
                "6179be4627acf6f96f8a5faf56e4b74ecb773d51166b7addc4c9903d0e52f60a",
                "e1faed7ca30a02da90eeb03f1602bb3b76c5dc65fbd84726a740c33963f8f1cd",
                "62bf9bbe31913a43d21c008f583c4451de0cafb495e66cf48069bc0ead645bc5",
                "b434ebe71e906bc8f99df2fe5c2ee8b960a0469b17afe7d3016d7cf334122b4b",
                "40c36e790dc27e3f3e10db43b364213266b4327f44875755a8046bfd9c54f042",
                "31333473741b209bb92282061eba0f8a9c3225fde39bf22a2d83fb7c1a20bbbe",
                "191e57ed472f30feff9fbe3243fd4be51e0191fc524c4a8d39578fcb9fbd7acd",
