{
    "domain": "53kf.com",
    "owner": {},
    "source": [
        "DuckDuckGo-US"
    ],
    "prevalence": 0.0000204,
    "sites": 3,
    "subdomains": [
        "accwww11",
        "www11"
    ],
    "cnames": [],
    "fingerprinting": 2,
    "resources": [
        {
            "rule": "53kf\\.com\\/sendacc\\.jsp",
            "cookies": 0,
            "fingerprinting": 0,
            "subdomains": [
                "accwww11"
            ],
            "apis": {},
            "sites": 3,
            "prevalence": 0.0000204,
            "cnames": [],
            "responseHashes": [
                "70c7cda673633bdfe6dc8c288d7bfa3152b2bb05b030bd2d13661b5ab8dedd15"
            ],
            "type": "Script",
            "firstPartyCookies": {},
            "firstPartyCookiesSent": {
                "site_initializing": 0.000013624071008658098,
                "site_initializing_time": 0.000013624071008658098,
                "53gid2": 0.000020436106512987146,
                "53gid0": 0.000020436106512987146,
                "53gid1": 0.000020436106512987146,
                "53kf_72351991_from_host": 0.000013624071008658098,
                "guest_id": 0.000020436106512987146,
                "53kf_72103601_from_host": 0.000006812035504329049
            },
            "exampleSites": [
                "clevguard.com",
                "www.imyfone.com",
                "www.yoycart.com"
            ]
        },
        {
            "rule": "53kf\\.com\\/kf_new\\.php",
            "cookies": 0.0000204,
            "fingerprinting": 1,
            "subdomains": [
                "www11"
            ],
            "apis": {
                "Document.cookie setter": 3,
                "Screen.prototype.height": 1,
                "Screen.prototype.width": 1
            },
            "sites": 3,
            "prevalence": 0.0000204,
            "cnames": [],
            "responseHashes": [
                "0f92fd12de5e3f2a3f574cc159f5e96952eed0753880e963a35bc84f1ff49cde",
                "a6d6c44e73b1ba760517c46a8a75df2c61fb0674a6f8a498fb348393b95caafd"
            ],
            "type": "Script",
            "firstPartyCookies": {
                "onliner_zdfq72351991": {
                    "ttl": null,
                    "length": 1,
                    "prevalence": 0.000013624071008658098,
                    "uniqueness": 0.5
                },
                "onliner_zdfq72103601": {
                    "ttl": null,
                    "length": 1,
                    "prevalence": 0.000006812035504329049,
                    "uniqueness": 1
                }
            },
            "firstPartyCookiesSent": {
                "site_initializing": 0.000013624071008658098,
                "site_initializing_time": 0.000013624071008658098,
                "53gid2": 0.000020436106512987146,
                "53gid0": 0.000020436106512987146,
                "53gid1": 0.000020436106512987146,
                "53kf_72351991_from_host": 0.000013624071008658098,
                "uuid_53kf_72351991": 0.000013624071008658098,
                "guest_id": 0.000020436106512987146,
                "53kf_72103601_from_host": 0.000006812035504329049,
                "uuid_53kf_72103601": 0.000006812035504329049
            },
            "exampleSites": [
                "clevguard.com",
                "www.imyfone.com",
                "www.yoycart.com"
            ]
        },
        {
            "rule": "53kf\\.com\\/kf_ivt_new\\.php",
            "cookies": 0.0000204,
            "fingerprinting": 1,
            "subdomains": [
                "www11"
            ],
            "apis": {
                "Document.cookie setter": 3,
                "Screen.prototype.height": 1,
                "Screen.prototype.width": 1
            },
            "sites": 3,
            "prevalence": 0.0000204,
            "cnames": [],
            "responseHashes": [
                "4b7b0d3900f32429584ba659913b9cd7d4a5c5486eaab790c4d8a301ad325e94",
                "da218273171781d706c4a93bdd32ade4395e4b23d67c223d9bae35513c192583"
            ],
            "type": "Script",
            "firstPartyCookies": {},
            "firstPartyCookiesSent": {
                "site_initializing": 0.000013624071008658098,
                "53gid2": 0.000020436106512987146,
                "53gid0": 0.000020436106512987146,
                "53gid1": 0.000020436106512987146,
                "53kf_72351991_from_host": 0.000013624071008658098,
                "uuid_53kf_72351991": 0.000013624071008658098,
                "guest_id": 0.000020436106512987146,
                "53kf_72103601_from_host": 0.000006812035504329049,
                "uuid_53kf_72103601": 0.000006812035504329049
            },
            "exampleSites": [
                "clevguard.com",
                "www.imyfone.com",
                "www.yoycart.com"
            ]
        },
        {
            "rule": "53kf\\.com\\/minkh\\/js\\/jquery-1\\.4\\.2\\.flp\\.js",
            "cookies": 0,
            "fingerprinting": 1,
            "subdomains": [
                "www11"
            ],
            "apis": {
                "Navigator.prototype.userAgent": 3,
                "Date.prototype.getTime": 3
            },
            "sites": 3,
            "prevalence": 0.0000204,
            "cnames": [],
            "responseHashes": [
                "ab7c6819c298fb73eb4c97eb4febccb234faaf83494280d64db41d9dfcdd9778"
            ],
            "type": "Script",
            "firstPartyCookies": {},
            "firstPartyCookiesSent": {},
            "exampleSites": [
                "clevguard.com",
                "www.imyfone.com",
                "www.yoycart.com"
            ]
        }
    ],
    "categories": [],
    "performance": {},
    "cookies": 0.0000204,
    "topInitiators": [
        {
            "domain": "first party",
            "prevalence": 1
        }
    ],
    "types": {
        "Script": 12
    },
    "nameservers": [
        "vip4.alidns.com",
        "vip3.alidns.com"
    ]
}