{
    "domain": "5a9b48f0db.com",
    "owner": {},
    "source": [
        "DuckDuckGo-NL"
    ],
    "prevalence": 0.00262,
    "sites": 26,
    "subdomains": [
        "a0603102f5",
        "fcb1f346fe"
    ],
    "cnames": [],
    "fingerprinting": 0,
    "resources": [
        {
            "rule": "5a9b48f0db\\.com\\/in\\/multy",
            "cookies": 0,
            "fingerprinting": 0,
            "subdomains": [
                "a0603102f5",
                "fcb1f346fe"
            ],
            "apis": {},
            "sites": 26,
            "prevalence": 0.00262,
            "cnames": [],
            "responseHashes": [
                "8298c70f476f98fd700b5566777132602aca40a2771a0537f49e1fdbd60e5fd6",
                "742f4dfca8c05cb0c26abcf29902e44d7479b5e593b485986aaa49c1458697ba",
                "4a5fe2bb5c0d1ae7f7d63b711d632e037e7f9909587e83f84bc8a234f44b3347",
                "b7e3eb984576187fdda6ff2db21933e4b01299d4eab7e149903809e4fad611d7",
                "74234e98afe7498fb5daf1f36ac2d78acc339464f950703b8c019892f982b90b",
                "d7a0946479da8e3562617e94f78382ff209613d08a4f47666bf8e0418e23ebf9",
                "5a3b57b9b9b74cc65c92ba888ca70f98679d4c6706a4b3051a5b7f0cd1d05d78",
                "b97268200a5876e0f7cfeef48c23a25da831f2e4df57a2fd6ccbd1322f134ab3",
                "136a608bce6701780991a91cd6911f8556e0ed5c95640c50760930727fc89b82",
                "1b6754231f8fae8ace2d1bc22a18b42712b0f8e3070e28b6dce4d38bf2958100",
                "8b79363063cc2fbda89dcc91c744171cf33923ef6770f1122a113c0c329c8ba6",
                "1fbb370c73333bf039ba93f065dc5fae4550bb0eecf8482d19da72222308d3fb",
                "4cf4bcb1e948e87cc4e95a868282de5e83c3d848d32b5a0f9aaff915513341ff",
                "4138509ad316a1f774affebbbf89524b825136d961d25eda6fa8d53c76724a7a",
                "813e238e337b7381baee7d80931b31e1139b7d051e7ddc02bc4d327755d6923f",
                "f71fcb2b59201302970bf90481ab6d5e4f46e494d88a6fa113719710809a497b",
                "c9fc6c904290a6fca64853a04b6c7a51379a1123b13d39b4bcb6ccc966d00270",
                "f0b3608ab582c42612cda7da181cb6a0fc45e2627885aff7c4c08441c56af49d",
                "5acaa1718f9657b706734414264744b1c8934b73b69b257c1e25cdc15e274fd5",
                "9f34ecc5b8e255a9c41c9818622f6228977406bd4679c19dbd7d9b74fdf78cdf",
                "906be31686dd9a23c15f80b9a55fb9caa19472e0d98054f8badfa2b7c8ac89f2",
                "c0dfc0375715cb9f53a5ccd66d8045d8c425498d009d1fe84672bb0672b4b772",
                "417eeb54c39888e96beabe1698d5513a0ecb8f572c45b5fe12322195c95cf547",
                "7faa4f32a8c248894c71243d66a7a09b5260ce4e864e8096e33efd863b52c71d"
            ],
            "type": "XHR",
            "firstPartyCookies": {},
            "firstPartyCookiesSent": {},
            "exampleSites": [
                "thepiratebay.org",
                "javhub.net",
                "goresee.com",
                "thisisgore.com",
                "www.perverttube.com",
                "thothub.lol",
                "hotfapy.com",
                "deepgoretube.site",
                "thethothub.com",
                "thefap.net",
                "femdom-joi.com",
                "sextb.net",
                "www.xmegadrive.com",
                "pornovideoshub.com",
                "extremescatporn.com",
                "chaturflix.cam",
                "femefun.com",
                "highporn.net",
                "123moviesgo.su",
                "cartoonporn.pro"
            ]
        },
        {
            "rule": "5a9b48f0db\\.com\\/in\\/multy",
            "cookies": 0,
            "fingerprinting": 0,
            "subdomains": [
                "a0603102f5",
                "fcb1f346fe"
            ],
            "apis": {},
            "sites": 26,
            "prevalence": 0.00262,
            "cnames": [],
            "responseHashes": [],
            "type": "Preflight",
            "firstPartyCookies": {},
            "firstPartyCookiesSent": {},
            "exampleSites": [
                "thepiratebay.org",
                "thethothub.com",
                "pervertslut.com",
                "bestgore.fun",
                "goresee.com",
                "deepgoretube.site",
                "xgore.net",
                "pornovideoshub.com",
                "highporn.net",
                "thothub.lol",
                "thisisgore.com",
                "thothub.to",
                "sextb.net",
                "hotfapy.com",
                "javhub.net",
                "femefun.com",
                "thefap.net",
                "chaturflix.cam",
                "thothub.org",
                "femdom-joi.com"
            ]
        },
        {
            "rule": "5a9b48f0db\\.com\\/in\\/show\\/",
            "cookies": 0,
            "fingerprinting": 0,
            "subdomains": [
                "a0603102f5",
                "fcb1f346fe"
            ],
            "apis": {},
            "sites": 21,
            "prevalence": 0.00211,
            "cnames": [],
            "responseHashes": [
                "e3b0c44298fc1c149afbf4c8996fb92427ae41e4649b934ca495991b7852b855"
            ],
            "type": "Image",
            "firstPartyCookies": {},
            "firstPartyCookiesSent": {},
            "exampleSites": [
                "goresee.com",
                "thothub.lol",
                "thethothub.com",
                "highporn.net",
                "www.xmegadrive.com",
                "pornovideoshub.com",
                "deepgoretube.site",
                "femdom-joi.com",
                "thothub.org",
                "javhub.net",
                "xgore.net",
                "thothub.to",
                "extremescatporn.com",
                "sextb.net",
                "hdporn92.net",
                "thisisgore.com",
                "www.perverttube.com",
                "bestgore.fun",
                "thefap.net",
                "chaturflix.cam"
            ]
        }
    ],
    "categories": [],
    "performance": {},
    "cookies": 0,
    "topInitiators": [
        {
            "domain": "7d3656bee3.com",
            "prevalence": 0.5480769230769231
        },
        {
            "domain": "wpushsdk.com",
            "prevalence": 0.4326923076923077
        },
        {
            "domain": "first party",
            "prevalence": 0.019230769230769232
        }
    ],
    "types": {
        "XHR": 26,
        "Preflight": 26,
        "Image": 21
    },
    "nameservers": [
        "dns2.infrapu.sh",
        "dns1.infrapu.sh"
    ]
}