{
    "domain": "a47b.com",
    "owner": {},
    "source": [
        "DuckDuckGo-US"
    ],
    "prevalence": 0.00062,
    "sites": 91,
    "subdomains": [
        "aam",
        "ajs",
        "a"
    ],
    "cnames": [],
    "fingerprinting": 2,
    "resources": [
        {
            "rule": "a47b\\.com\\/aam",
            "cookies": 0,
            "fingerprinting": 1,
            "subdomains": [
                "aam"
            ],
            "apis": {
                "Date.prototype.getTimezoneOffset": 34,
                "Date.prototype.getTime": 34
            },
            "sites": 82,
            "prevalence": 0.000559,
            "cnames": [],
            "responseHashes": [
                "5fa13415f4b52a3b78423d7155fca380b461edbbef63ee3ea38fceba1659f73d",
                "b3913b9cd05ed91d78a12db6aec23e37ba58ad5122d30938612d388373d3649a",
                "400d19a73438d82c1e0b705468ffc365e658a7177198dd81e4863e701028adc7",
                "f91e8f2aa474b0ea97c932fc03214c894231a09b95e12a3a74f9daa1a98b0620",
                "f585b0b8b19b94748e5415ed8cf5f387be2352dc8166c0fa4fe4b446bb7f269b",
                "bfff7dc3897d5d076c7cf41ffef91e8839c2b03eb86dec180213933e0ea625e2",
                "3cab78dc4dd899cbd36cb82ad806cfc37368fe7386f77555860ed9265563c065",
                "4280ef406bd4ee5e1eb643fa82cbe2bc9cb03993016a15693b98369ffedeacd0",
                "0a3aabba4f50f92b3c4059861e77184443b766f14be24be278fed78661aa5127",
                "78573485abcb3d46cb11979bf71a506fa740aefdb96666d99c00690c1683e173",
                "db583fa8216f17ba9654ea7f60c5fa1961a763ceaf2ad6bd9650285a32a720d0",
                "4d5f275b371565bf4441377d0315e21255f2b73f5fb76ea6cbd142c974401cce",
                "0ecf8601b116e4d2357091e7db796f15f71bf61a114d6d58ae56108b166e5e2f",
                "18af008e193c4ba774b27e556088e512bfea67bc9bac5a167a1233f470b5df80",
                "525b51961ccd585daffa0ab3bee6be7d07f312ce23d440057a211e7fe5c26b0c",
                "206dfeb96e8e45b54edb6c7f0b6c47a395a561d0b6bd1e1449e183d3fbd263eb",
                "d4eb02bf2117d069db717643a39a5ca21721420e18ade1e375b7465ecac378b7",
                "3fef00556bc7724f35a7b22ac6d0d140936f2d12a6ab18216b0e7de87ad9576d",
                "880e772a065f58636aada1c5cbe1a3ecb1d617e4ffc351d663cc1191721057a1",
                "43476f45845943048a936ab2ee3313eb6cf97ed20f11cb727c4e8cf3024809a1",
                "6c975cf3c21c7a670c38c1b47f7a3b727c3027298e10e725ebfb3f5952a64eb0",
                "7f0265feace2029a3ff6c49a312d1541f6d283fdfd524c6b2399806e77dc56eb",
                "d748281a6422f14dc63da55b61b2007e9619b33889306ea803d21d20b0f267c2",
                "893fc2c6216fdb932b5cbe2197ece4b6d436c6b6d8099f3041b71a2adea9b559",
                "020dff878513da33782f162893b1650ecbb3df39bd7f1da39d3c2ba62d6e859b",
                "bb7dc2a7a9d2a01e6c434a9150adae9e64e9faef44d33e668ea1d01629ef7056",
                "69095dda5d2144966e74da94b3eed976d7cd0e18f0bdc58f9886c9555b58a24c",
                "776f7e361d0d190a2fb521d349722877b98c2b228a03c3b1235dd1185b6b307c",
                "b67f0a6c0446610017ef0735da5721e6dd59d4281f0b38e378f1141b46db1663",
                "3b23674ae8b85f3a0dd520d457c214cb22d11d919f2d8c3b08b978f0e84c474e",
                "0264e675f27c30af63686a85a1537b2ceaaf586670af46fe2ab6afd974509e20",
                "e3b0c44298fc1c149afbf4c8996fb92427ae41e4649b934ca495991b7852b855",
                "770b7382dc6145dd61a03197771ed396fe5c024f35c8df63d6b7dd19a7de0fb8",
                "2954f702cca24e50f81a84a0130b1953600c1f3c589334a089968f3a4f13dd0f",
                "36be5f31c3683c355a7ad7e4f14bcf1311f21c73cb583da8f9523aa514da94c7",
                "cf813ac1640a391d60d773a138d2713669e257a411ea82ef25a871fc01acf7e9",
                "56a0999ef3433fe902635f164599b8fe18825064ee81913494fc1f8c063a4352",
                "6236392676862cca8cc3e311d4c7cba2a62b60983617b6bccf8a9fe94f67a01b",
                "9f53438f33ac0703e808c5ed158e3192e95f8565b6fb29f1a000ff52d166f00e",
                "5769f88103577def475d7e7409e7c42b07840666dd99b6f65041ab0a2007dec7",
                "305db070ecf43aaf308b9615b117928c386cea6c0ded0f26fe5abe233203a993",
                "3d5d9ac4b8180400575ee9512c285e4e10ed2111e52a5c2784e3405c10c9e9e2",
                "f95dcf3f8b9adcf4d65711283570bae0621d08dee17b10cbc77a22e0b6128641",
                "ac1b07316491ace7f01fc7c0c66c07e618cd000c42c2e1a25b619b88eea7ccb1",
                "657a13b98af57bc172a3083256935c60e2ca5b00227d0ef740774510c58d9aa7",
                "da32ca6a152c23ed177e79dd98c11b57814041f40a1ddacb1e28bed4f7543a9d",
                "74102fe96b111ca2e0d13743469629b8eafe8a056f70c037bed18df6aad962a1",
                "a7ea7937d9eb0fa76622799a01bb7a3615016e2638aa677e5853b74a67ad68e0",
                "dca33c2e1d259880f71c4b6af5313e6460db6e087375afdf0091ffef54fdef2f",
                "536d2cffdfb20c8bb9e5c1bd1c7ee0c20ccd6485db0a305f14fc1c9eb18168e5",
                "c1644e27489e6149ae4441f6d06666120c8148395e2e2096a0b902fcb82d3554",
                "070c5f409037b017c64afa0c3802de9f80ef9848604d04dc0adf422efaa51e6f",
                "d566d4b09405510c787ccad4f0af72afa7a7a3b427ef057fcaa776d667e2d911",
                "07f90b15380ea4c24d4f3e7e2624a83c9903341cd58b928238e5b6b3776419c6",
                "cbf090756d4c9d1ea977d79738f689235bccdb39db0e5295d12bdabd9582ce61"
            ],
            "type": "Script",
            "firstPartyCookies": {},
            "firstPartyCookiesSent": {
                "_li_dcdm_c": 0.000013624071008658098,
                "lotame_domain_check": 0.000006812035504329049
            },
            "exampleSites": [
                "weather.com",
                "simplyhomecooked.com",
                "www.kimovil.com",
                "doesitreallywork.org",
                "www.theticket.com",
                "bakeatmidnite.com",
                "www.homeperch.com",
                "bootspy.com",
                "migraine.com",
                "dogdorable.com",
                "cleangreensimple.com",
                "theclevermeal.com",
                "hockey.fantasysports.yahoo.com",
                "topforeignstocks.com",
                "www.goodto.com",
                "www.thecountrycook.net",
                "www.thetrendspotter.net",
                "www.prudentpennypincher.com",
                "kimchimari.com",
                "myheartbeets.com"
            ]
        },
        {
            "rule": "a47b\\.com\\/js\\/mntr\\.min\\.2\\.10\\.2\\.js",
            "cookies": 0,
            "fingerprinting": 2,
            "subdomains": [
                "ajs"
            ],
            "apis": {
                "window.innerWidth": 21,
                "window.innerHeight": 21,
                "Navigator.prototype.userAgent": 22,
                "Screen.prototype.availHeight": 21,
                "Screen.prototype.availWidth": 21
            },
            "sites": 48,
            "prevalence": 0.000327,
            "cnames": [],
            "responseHashes": [
                "55430f3af12f8b2d13051a0ebdc3d2f8467b83286abe64101dd6afa78312eaeb"
            ],
            "type": "Script",
            "firstPartyCookies": {},
            "firstPartyCookiesSent": {},