{
    "domain": "aaxads.com",
    "owner": {
        "name": "Acceptable Ads Exchange",
        "displayName": "Acceptable Ads Exchange"
    },
    "source": [
        "DuckDuckGo-US"
    ],
    "prevalence": 0.000797,
    "sites": 117,
    "subdomains": [
        "c"
    ],
    "cnames": [],
    "fingerprinting": 1,
    "resources": [
        {
            "rule": "aaxads\\.com\\/aax\\.js",
            "cookies": 0,
            "fingerprinting": 1,
            "subdomains": [
                "c"
            ],
            "apis": {
                "window.sessionStorage": 51,
                "window.localStorage": 51,
                "window.innerWidth": 28,
                "window.innerHeight": 28
            },
            "sites": 70,
            "prevalence": 0.000477,
            "cnames": [],
            "responseHashes": [
                "fa128a8865dc235ff06784d597ac7cedc56eac094b875eafa6619df47dd545a2",
                "0701c78eb368c70704bf1033de134f54265bddd05fbd40358114898b6b2ce01c",
                "2cf871beb1f077d28511e1080ccbe906c53923c8a2e77cb0e2d871642c5e3cde",
                "e3b0c44298fc1c149afbf4c8996fb92427ae41e4649b934ca495991b7852b855",
                "e5b2726168e9f6a6349d5dd4923cb0eb0c9f41fba46564029e5e79418d636ff5",
                "bdf8a5534b5316ca6cb997887301e2f38e0391642eb994ff4ac8e2609f97d952",
                "201f7ee0b65922f5c2693b4cf20e976231a6e2caef67f8c62a9fffe9eca752e5",
                "a8245aae76b60b6d05aed1456794ebf4556eacbba8faa63204b5cdf8d1cbbcb8",
                "114a7d5496993356b11d5c9e574ffcfa55468cc7ffbe400b8097ec1be99d482d",
                "67aceaea56da36e18b27026e1fe38296978fe1c003e96e455f1279c1a78aee1c",
                "efc93db00f9a64520b983256c317f20a10f46b62f375eec9c40ee5fcd50380f3"
            ],
            "type": "Script",
            "firstPartyCookies": {},
            "firstPartyCookiesSent": {
                "lotame_domain_check": 0.00013624071008658096,
                "_li_dcdm_c": 0.000006812035504329049
            },
            "exampleSites": [
                "cars.com",
                "metro.co.uk",
                "www.forbes.com",
                "www.pcworld.com",
                "www.favequilts.com",
                "www.favecrafts.com",
                "www.fox2detroit.com",
                "www.fox5atlanta.com",
                "www.macwelt.de",
                "sport.virgilio.it",
                "www.anothermag.com",
                "www.blogto.com",
                "www.wowhead.com",
                "www.stuff.co.nz",
                "www.petful.com",
                "m.jbzd.com.pl",
                "www.recipelion.com",
                "www.pcwelt.de",
                "www.libero.it",
                "www.boredpanda.com"
            ]
        },
        {
            "rule": "aaxads\\.com\\/aacxc\\.php",
            "cookies": 0,
            "fingerprinting": 0,
            "subdomains": [
                "c"
            ],
            "apis": {},
            "sites": 7,
            "prevalence": 0.0000477,
            "cnames": [],
            "responseHashes": [
                "e3b0c44298fc1c149afbf4c8996fb92427ae41e4649b934ca495991b7852b855"
            ],
            "type": "Image",
            "firstPartyCookies": {},
            "firstPartyCookiesSent": {},
            "exampleSites": [
                "cartermatt.com",
                "digimoncard.io",
                "ww2.readjujutsukaisen.com",
                "www.bibliacatolica.com.br",
                "www.photrio.com",
                "www.songtell.com",
                "www.tamildhool.net"
            ]
        }
    ],
    "categories": [],
    "performance": {},
    "cookies": 0,
    "topInitiators": [
        {
            "domain": "webcontentassessor.com",
            "prevalence": 0.2966101694915254
        },
        {
            "domain": "first party",
            "prevalence": 0.2457627118644068
        },
        {
            "domain": "d1m2oaypgnddv2.cloudfront.net",
            "prevalence": 0.07627118644067797
        },
        {
            "domain": "adobedtm.com",
            "prevalence": 0.059322033898305086
        },
        {
            "domain": "admanmedia.com",
            "prevalence": 0.059322033898305086
        },
        {
            "domain": "iolam.it",
            "prevalence": 0.059322033898305086
        },
        {
            "domain": "lovelydrum.com",
            "prevalence": 0.0423728813559322
        },
        {
            "domain": "script.ac",
            "prevalence": 0.0423728813559322
        },
        {
            "domain": "amazon-adsystem.com",
            "prevalence": 0.03389830508474576
        },
        {
            "domain": "filehippo.net",
            "prevalence": 0.01694915254237288
        }
    ],
    "types": {
        "Script": 70,
        "Image": 7
    },
    "nameservers": [
        "anna.ns.cloudflare.com",
        "anuj.ns.cloudflare.com"
    ]
}