{
    "domain": "accessibilityhelper.com",
    "owner": {},
    "source": [
        "DuckDuckGo-US"
    ],
    "prevalence": 0.0000954,
    "sites": 14,
    "subdomains": [],
    "cnames": [],
    "fingerprinting": 0,
    "resources": [
        {
            "rule": "accessibilityhelper\\.com\\/shop-settings",
            "cookies": 0.0000681,
            "fingerprinting": 0,
            "subdomains": [],
            "apis": {},
            "sites": 10,
            "prevalence": 0.0000681,
            "cnames": [],
            "responseHashes": [
                "176a247e7889a7aad2ac2ebca201da5357bbdbbffed6f0d4846e842a9a4db829",
                "b6a52e411f738d9a114d731b9d2d4fced30a604414958895649c3e08149062b3",
                "c89c1de7577b38b48f2a9e26140c3e15c5a49eced64e0fad1ff4f37307f7a27b",
                "512c5ef0d364b0dbfddcf1ce7d0ad52f6ff5d7c268237c8a66d88521bf569384",
                "2431318742d55bdeaf928fa0258bf2daa17571c18492b474476c3e143c4b570d",
                "1b66df355085c15463d57e4b832aabdc37ecc341914b12b0222cc09d8e5155f9",
                "70ac6149ca2069c8e9d7d8be3a59b068e77108e03b0556bd9aef48ddaaedd086",
                "bdfa4d86eb4f843b2f114d68465e5c3b892cfa6a8530e1537e6f66a7a92898b2",
                "5f02895ef54238ca3105e3856780baa042121922bd8cd0cfb6fedbdc4f001bfa"
            ],
            "type": "Fetch",
            "firstPartyCookies": {},
            "firstPartyCookiesSent": {},
            "exampleSites": [
                "bakersgas.com",
                "gsioutdoors.com",
                "gumps.com",
                "kommandostore.com",
                "new.thechosen.tv",
                "www.allparts.com",
                "www.inheritco.com",
                "www.meatchurch.com",
                "www.selfrelianceoutfitters.com",
                "www.springstepshoes.com"
            ]
        }
    ],
    "categories": [],
    "performance": {},
    "cookies": 0.0000954,
    "topInitiators": [
        {
            "domain": "first party",
            "prevalence": 0.6428571428571429
        },
        {
            "domain": "shopify.com",
            "prevalence": 0.35714285714285715
        }
    ],
    "types": {
        "Fetch": 10
    },
    "nameservers": [
        "tricia.ns.cloudflare.com",
        "kipp.ns.cloudflare.com"
    ]
}