{
    "domain": "ad-nex.com",
    "owner": {},
    "source": [
        "DuckDuckGo-US"
    ],
    "prevalence": 0.000184,
    "sites": 27,
    "subdomains": [],
    "cnames": [],
    "fingerprinting": 1,
    "resources": [
        {
            "rule": "ad-nex\\.com\\/data\\.php",
            "cookies": 0,
            "fingerprinting": 0,
            "subdomains": [],
            "apis": {},
            "sites": 21,
            "prevalence": 0.000143,
            "cnames": [],
            "responseHashes": [
                "2e5c185568901ca0911e19c003d9dddaaafe261c48c3f448195067a82395f2c2",
                "e3b0c44298fc1c149afbf4c8996fb92427ae41e4649b934ca495991b7852b855",
                "d4578e1635e128a48ba771bf659cec66faffb74689a3672afd4ca50e71c7e0dc",
                "545653bfb5429e87dd31bdab86063273d52da375c6d0db9b335c9612991786b6",
                "1d8c411a7d646321dcccbd75bc5eb52018bd493d529d57bf58f122f8db8ee963",
                "bfc5b72bd3b893fcfcedd8ed36102809c5370bf77932cb57b39dd967315b7a2e",
                "27f9c5e2f32ba4aeae7757c08b2d0f70ab5d9374f6906d70e789b986f62ffc3c",
                "7b2454f4f09ece9cf843714345f593c9a538b7000c85f0523ad4a00208313e71",
                "0e1236e5e32fd92c8f67007d30bf29ccbc1650a6ae987ac6673fb9331e092134",
                "bb39ce151d6b6182a0751e6df4812d94f78b2ca893b0750b698fd63a2f55637d",
                "b9f2fd76066dccdd2369ba20cfce2d6437306a62f579bee5a990c7ef40502834",
                "2a2e973879cc8d9d19955b6cdbe993d2463e113187033f80aa8d4994d1ce5655",
                "069276e4337063857e16368cf5cf075eccef3240230e39257c2efcbfe56c1097"
            ],
            "type": "Script",
            "firstPartyCookies": {},
            "firstPartyCookiesSent": {},
            "exampleSites": [
                "openloadpro.com",
                "puni-puni.com",
                "lolidouga.click",
                "pashalism.com",
                "javmix.tv",
                "gifruo.com",
                "www.po-kaki-to.com",
                "javfan.one",
                "hvideos.net",
                "en.javmix.tv",
                "eroyakuba.com",
                "eropasture.com",
                "erodera.net",
                "1000giribest.com",
                "poyopara.com",
                "fightingirl.com",
                "eromanga-search.com",
                "oppaisan.com",
                "eromanga-school.com",
                "erogazou-choice.com"
            ]
        }
    ],
    "categories": [],
    "performance": {},
    "cookies": 0,
    "topInitiators": [
        {
            "domain": "first party",
            "prevalence": 0.5714285714285714
        },
        {
            "domain": "ajax.googleapis.com",
            "prevalence": 0.38095238095238093
        },
        {
            "domain": "livelog.biz",
            "prevalence": 0.034013605442176874
        },
        {
            "domain": "pokoran.com",
            "prevalence": 0.006802721088435374
        },
        {
            "domain": "moo-mam-tai.com",
            "prevalence": 0.006802721088435374
        }
    ],
    "types": {
        "Script": 21
    },
    "nameservers": [
        "ns1.dns.ne.jp",
        "ns2.dns.ne.jp"
    ]
}