{
    "domain": "adalyser.com",
    "owner": {
        "name": "OneSoon Ltd",
        "displayName": "OneSoon"
    },
    "source": [
        "DuckDuckGo-US"
    ],
    "prevalence": 0.000286,
    "sites": 42,
    "subdomains": [
        "c5",
        "c0",
        "c1",
        "s1-tracking",
        "c3"
    ],
    "cnames": [],
    "fingerprinting": 1,
    "resources": [
        {
            "rule": "adalyser\\.com\\/adalyser\\.js",
            "cookies": 0.000218,
            "fingerprinting": 1,
            "subdomains": [
                "c5",
                "c0",
                "c1"
            ],
            "apis": {
                "Navigator.prototype.userAgent": 32,
                "Navigator.prototype.language": 32,
                "Date.prototype.getTime": 32,
                "window.localStorage": 32,
                "Document.cookie setter": 32,
                "Document.cookie getter": 32
            },
            "sites": 33,
            "prevalence": 0.000225,
            "cnames": [],
            "responseHashes": [
                "e51fc1d194ae40ce2db4ba6abce427ad95cc98d505a4e7346c0c6f6eae33b1c9",
                "240530cd560bf994ebc14eabf67aa7b0413487cacc7ae1d1e29306243d87672b",
                "250755cc5ede9311a8db013b4c58a45d08c3239af3341c8aa2287cc5e4a9b7b5",
                "fe1e73ae7eda5dcb510994cad5818f8335686a3bee8dde7325921f7cbcdc6ce8",
                "fd2c07b20d515291e0c7a3dd9f31f1fb211f6e027bfe25559b34e2c10642d4ac",
                "c1b356f3f76ac3ce3f19997f63fa181cb9d05cd531eb1ee612ce69a2a57fa56f",
                "4a9b6603ef41adb1bea50a3b32b75d3cb2b3b836e78bcbdbcb2b71ac41b882a9",
                "8a8beec5e0c5d2e3d4071a8c532dd315c8a22e30fcdf570946a360e19809aace"
            ],
            "type": "Script",
            "firstPartyCookies": {
                "__adal_ses": {
                    "ttl": 1805,
                    "length": 1,
                    "prevalence": 0.00021798513613852956,
                    "uniqueness": 0.03125
                },
                "__adal_id": {
                    "ttl": 63072005,
                    "length": 108,
                    "prevalence": 0.00021798513613852956,
                    "uniqueness": 1
                },
                "__adal_ca": {
                    "ttl": 15552005,
                    "length": 98,
                    "prevalence": 0.00021798513613852956,
                    "uniqueness": 0.0625
                },
                "__adal_cw": {
                    "ttl": 604805,
                    "length": 13,
                    "prevalence": 0.00021798513613852956,
                    "uniqueness": 1
                },
                "__adal_lp": {
                    "ttl": 2592005,
                    "length": 22,
                    "prevalence": 0.000006812035504329049,
                    "uniqueness": 1
                }
            },
            "firstPartyCookiesSent": {},
            "exampleSites": [
                "www.lovehoney.com.au",
                "www.simplybusiness.co.uk",
                "www.pavers.co.uk",
                "www.wfp.org",
                "www.theiconic.co.nz",
                "www.chums.co.uk",
                "motorway.co.uk",
                "www.thetrainline.com",
                "www.eonnext.com",
                "www.grosvenorcasinos.com",
                "www.jonesbootmaker.com",
                "www.grapetree.co.uk",
                "wise.com",
                "www.etoro.com",
                "markselectrical.co.uk",
                "www.wrenkitchens.com",
                "www.nightzookeeper.com",
                "www.machinemart.co.uk",
                "new.talktalk.co.uk",
                "www.parkdeanresorts.co.uk"
            ]
        },
        {
            "rule": "adalyser\\.com\\/tracking\\/track\\/v3\\/p",
            "cookies": 0,
            "fingerprinting": 0,
            "subdomains": [
                "c5",
                "c0"
            ],
            "apis": {},
            "sites": 31,
            "prevalence": 0.000211,
            "cnames": [],
            "responseHashes": [
                "d346801abbf9bb4e9e9a055239053d4ab5596514304f601a6c70604187acb744"
            ],
            "type": "Image",
            "firstPartyCookies": {},
            "firstPartyCookiesSent": {
                "utag_main_vapi_domain": 0.000013624071008658098,
                "__adal_cw": 0.0002111731006342005,
                "IR_gbd": 0.000006812035504329049,
                "_li_dcdm_c": 0.000006812035504329049
            },
            "exampleSites": [
                "www.thetrainline.com",
                "celebritycruises.com",
                "new.talktalk.co.uk",
                "www.nightzookeeper.com",
                "www.wrenkitchens.com",
                "www.grapetree.co.uk",
                "www.wfp.org",
                "markselectrical.co.uk",
                "www.very.co.uk",
                "smolproducts.com",
                "www.lovehoney.com.au",
                "www.machinemart.co.uk",
                "www.theiconic.com.au",
                "www.eonnext.com",
                "www.selectcarleasing.co.uk",
                "www.ccleaner.com",
                "www.parkdeanresorts.co.uk",
                "www.bose.co.uk",
                "www.stiltzlifts.com",
                "www.chums.co.uk"
            ]
        },
        {
            "rule": "adalyser\\.com\\/",
            "cookies": 0,
            "fingerprinting": 0,
            "subdomains": [
                "s1-tracking",
                "c3"
            ],
            "apis": {},
            "sites": 2,
            "prevalence": 0.0000136,
            "cnames": [],
            "responseHashes": [
                "e3b0c44298fc1c149afbf4c8996fb92427ae41e4649b934ca495991b7852b855"
            ],
            "type": "XHR",
            "firstPartyCookies": {},
            "firstPartyCookiesSent": {
                "__adal_first_visit": 0.000006812035504329049,
                "__adal_conversion_window_start": 0.000006812035504329049,
                "__adal_last_visit": 0.000006812035504329049,
                "__adal_session_start": 0.000006812035504329049,
                "__adal_campaign": 0.000006812035504329049
            },
            "exampleSites": [
                "bonmarche.co.uk",
                "www.funkypigeon.com"
            ]
        },
        {
            "rule": "adalyser\\.com\\/tracking\\/track\\/v4\\/p",
            "cookies": 0,
            "fingerprinting": 0,
            "subdomains": [
                "c1"
            ],
            "apis": {},
            "sites": 2,
            "prevalence": 0.0000136,
            "cnames": [],
            "responseHashes": [
                "d346801abbf9bb4e9e9a055239053d4ab5596514304f601a6c70604187acb744"
            ],
            "type": "Image",
            "firstPartyCookies": {},
            "firstPartyCookiesSent": {
                "__adal_cw": 0.000013624071008658098
            },
            "exampleSites": [
                "uswitch.com",
                "www.uswitch.com"
            ]
        }
    ],
    "categories": [],
    "performance": {},
    "cookies": 0.000266,
    "topInitiators": [
        {
            "domain": "first party",
            "prevalence": 0.45652173913043476
        },
        {
            "domain": "googletagmanager.com",
            "prevalence": 0.43478260869565216
        },
        {
            "domain": "adobedtm.com",
            "prevalence": 0.06521739130434782
        },
        {
            "domain": "cookielaw.org",
            "prevalence": 0.043478260869565216
        }
    ],
    "types": {
        "Script": 33,
        "Image": 33,
        "XHR": 2
    },
    "nameservers": [
        "ns12.dnsmadeeasy.com",
        "ns14.dnsmadeeasy.com",
        "ns11.dnsmadeeasy.com",
        "ns10.dnsmadeeasy.com",
        "ns13.dnsmadeeasy.com",
        "ns15.dnsmadeeasy.com"
    ]
}