{
    "domain": "adnuntius.com",
    "owner": {},
    "source": [
        "DuckDuckGo-US"
    ],
    "prevalence": 0.000259,
    "sites": 38,
    "subdomains": [
        "delivery",
        "cdn",
        "europe.delivery",
        "tags",
        "limited.delivery"
    ],
    "cnames": [],
    "fingerprinting": 2,
    "resources": [
        {
            "rule": "adnuntius\\.com\\/i",
            "cookies": 0.0000409,
            "fingerprinting": 0,
            "subdomains": [
                "delivery"
            ],
            "apis": {},
            "sites": 10,
            "prevalence": 0.0000681,
            "cnames": [],
            "responseHashes": [
                "b20f6fecaf9e210e583a6dc523616f4b73d53db94102bdb12c039ddf0cfeaca7",
                "043908e98171a199802e428595fba96497e1fea9f646101bc4f015d7be8bcc17",
                "d6f699b3e256d8e554dba48b1addf13a594e47112bf86c96d2bd6fbaf47e37c7",
                "33a8324df93fc6ee6778d97e4945c358a45001922fd265c136076dd9a2c3881c",
                "a8ca15713dc4e8b96e42c77e57c4f61857832e53c1b456f3867df572380d2e53",
                "3f24bfe0d8de45735fe0389c2110e103ed7652e026b076081f688a7f4b178045",
                "a626810c24a296369d1058080d4af7db56dc5bc7aab50f00c4bd874cbe6b0d62",
                "9abd8664c7774c72935b2b543399a6124b04ff5132525bf07cf7065d2101d3a2",
                "eebfe895983e1485174502f378926de464384c4eac679123a9d84439cdd0dbd0"
            ],
            "type": "XHR",
            "firstPartyCookies": {},
            "firstPartyCookiesSent": {
                "cX_P": 0.000006812035504329049
            },
            "exampleSites": [
                "audiophilereview.com",
                "borsen.dk",
                "forskning.no",
                "hometheaterreview.com",
                "www.aperitif.no",
                "www.lrytas.lt",
                "www.mascus.com",
                "www.mobil.se",
                "www.rtl.lu",
                "www.visir.is"
            ]
        },
        {
            "rule": "adnuntius\\.com\\/adn\\.js",
            "cookies": 0,
            "fingerprinting": 1,
            "subdomains": [
                "cdn"
            ],
            "apis": {
                "Date.prototype.getTimezoneOffset": 11,
                "Date.prototype.getTime": 7,
                "window.innerWidth": 9,
                "window.innerHeight": 9,
                "window.localStorage": 10,
                "window.sessionStorage": 10,
                "Document.cookie getter": 8,
                "Element.prototype.getClientRects": 2
            },
            "sites": 29,
            "prevalence": 0.000198,
            "cnames": [],
            "responseHashes": [
                "a12cefd9e7127a20c02a4b34bc79ab05e36e3a86bce53df7b1fc82a04b2939fa"
            ],
            "type": "Script",
            "firstPartyCookies": {},
            "firstPartyCookiesSent": {},
            "exampleSites": [
                "www.efsyn.gr",
                "www.nfkino.no",
                "cosmosmagazine.com",
                "www.mascus.com",
                "nhi.no",
                "samvirke.dk",
                "www.altinget.dk",
                "audiophilereview.com",
                "www.filmtopp.se",
                "forum.chronofhorse.com",
                "forskning.no",
                "www.rtl.lu",
                "www.visir.is",
                "www.aperitif.no",
                "borsen.dk",
                "www.chronofhorse.com",
                "hometheaterreview.com",
                "www.femina.dk",
                "mummum.dk",
                "www.playpilot.com"
            ]
        },
        {
            "rule": "adnuntius\\.com\\/b",
            "cookies": 0.0000477,
            "fingerprinting": 0,
            "subdomains": [
                "delivery"
            ],
            "apis": {},
            "sites": 7,
            "prevalence": 0.0000477,
            "cnames": [],
            "responseHashes": [
                "52cca20db728faddf650c09d2970d3eefef8815868b2bd0310ce9b4599b24435",
                "ad919d159b12c765137e9f223f3c6da56296906272a4e6eb51ad3ead5de03c8d",
                "7ecbdf4691029111f5a0048ed581838b5d9d3487d7214c18714371663bd2dd7d",
                "495f66c02b62eb650727d645a4bab568964e4bc60ba920e999dd817786b17f2d",
                "09188108eaf9fb29d43300024c77d0348e76e1ee62afb45994a83041f4bc04d2",
                "8121f29bdcc7c2ee12a9b343c8f5e31b937faf63d94c8fadefbab77c18fb4cbb"
            ],
            "type": "XHR",
            "firstPartyCookies": {},
            "firstPartyCookiesSent": {},
            "exampleSites": [
                "audiophilereview.com",
                "forskning.no",
                "hometheaterreview.com",
                "www.aperitif.no",
                "www.lrytas.lt",
                "www.mobil.se",
                "www.visir.is"
            ]
        },
        {
            "rule": "adnuntius\\.com\\/i",
            "cookies": 0.0000409,
            "fingerprinting": 0,
            "subdomains": [
                "europe.delivery"
            ],
            "apis": {},
            "sites": 6,
            "prevalence": 0.0000409,
            "cnames": [],
            "responseHashes": [
                "14fb79e848a6a6b04372cd2d90ae70c05c86b5ced25ab10e5a318b94cdd50a7b",
                "1429fc0cdeef7cd091ee288aae007f9c050cc1943c49cbc5c3ff6c66c92a8462",
                "c22ff377b927e903c19416db65f88ff49adfb1ad09d666b42bd54f06e851d3a3",
                "dd8b05b14f85a6ccd5484489e535e3e1c15a9657c08a7b4f2ccc791f9ba38c26",
                "367ed7452fdf2eaeedb104dff14f29a20f6fba6b6666d73dc740736312580d7e"
            ],
            "type": "Fetch",
            "firstPartyCookies": {},
            "firstPartyCookiesSent": {},
            "exampleSites": [
                "meinestadt.de",
                "home.meinestadt.de",
                "jobs.meinestadt.de",
                "tourismus.meinestadt.de",
                "veranstaltungen.meinestadt.de",
                "www.meinestadt.de"
            ]
        },
        {
            "rule": "adnuntius\\.com\\/pb\\/prebid\\.js",
            "cookies": 0,
            "fingerprinting": 2,
            "subdomains": [
                "tags"
            ],
            "apis": {
                "NavigatorUAData.prototype.brands": 2,
                "NavigatorUAData.prototype.platform": 2,
                "window.sessionStorage": 2,
                "Navigator.prototype.appName": 2,
                "Date.prototype.getTime": 2,
                "window.localStorage": 1,
                "window.innerWidth": 1,
                "window.innerHeight": 1,
                "Navigator.prototype.doNotTrack": 1,
                "Navigator.prototype.userAgent": 1,
                "Navigator.prototype.language": 1,
                "Navigator.prototype.cookieEnabled": 1,
                "Screen.prototype.width": 1,
                "Screen.prototype.height": 1,
                "Date.prototype.getTimezoneOffset": 1
            },
            "sites": 3,
            "prevalence": 0.0000204,
            "cnames": [],
            "responseHashes": [
                "507a4c7e85bb1d07d3dd285f37071cd40b0a90537874859751741d9957249599"
            ],
            "type": "Script",
            "firstPartyCookies": {},
            "firstPartyCookiesSent": {},
            "exampleSites": [
                "cosmosmagazine.com",
                "forskning.no",
                "www.mobil.se"
            ]
        },
        {
            "rule": "adnuntius\\.com\\/s",
            "cookies": 0,
            "fingerprinting": 0,
            "subdomains": [
                "delivery"
            ],
            "apis": {},
            "sites": 6,
            "prevalence": 0.0000409,
            "cnames": [],
            "responseHashes": [
                "9c7d6fa760a73ccffc874d58ed0f8700e3786207349fef5babb355b5d4427fda"
            ],
            "type": "XHR",