{
    "domain": "adoric-om.com",
    "owner": {},
    "source": [
        "DuckDuckGo-US"
    ],
    "prevalence": 0.000204,
    "sites": 30,
    "subdomains": [
        "2686525",
        "app",
        "54702553",
        "12890047",
        "21975121",
        "69581448",
        "78711431",
        "49235799",
        "71615438",
        "21095649",
        "90396851",
        "95662602",
        "81856753",
        "67280314",
        "14647138",
        "76493886",
        "60421001"
    ],
    "cnames": [],
    "fingerprinting": 2,
    "resources": [
        {
            "rule": "adoric-om\\.com\\/adoric\\.js",
            "cookies": 0.0000272,
            "fingerprinting": 2,
            "subdomains": [
                "2686525",
                "app",
                "54702553",
                "12890047",
                "21975121",
                "69581448",
                "78711431",
                "49235799",
                "71615438",
                "21095649",
                "90396851",
                "95662602",
                "81856753",
                "67280314",
                "14647138",
                "76493886",
                "60421001"
            ],
            "apis": {
                "Navigator.prototype.userAgent": 21,
                "window.localStorage": 21,
                "window.sessionStorage": 21,
                "Navigator.prototype.platform": 21,
                "Navigator.prototype.vendor": 21,
                "Navigator.prototype.appVersion": 21,
                "Navigator.prototype.languages": 21,
                "Date.prototype.getTimezoneOffset": 21,
                "Date.prototype.getTime": 6,
                "Document.cookie setter": 4,
                "window.innerWidth": 4,
                "Document.cookie getter": 2,
                "window.innerHeight": 1
            },
            "sites": 21,
            "prevalence": 0.000143,
            "cnames": [],
            "responseHashes": [
                "1d6d6a5ac222219d850c5f24bde755fd3c760beb8b47ea855b307f9eaf77ffcd"
            ],
            "type": "Script",
            "firstPartyCookies": {
                "adoric_popup": {
                    "ttl": null,
                    "length": 4,
                    "prevalence": 0.000027248142017316195,
                    "uniqueness": 0.25
                },
                "entrance_email_capture": {
                    "ttl": 43220,
                    "length": 6,
                    "prevalence": 0.000006812035504329049,
                    "uniqueness": 1
                },
                "entrance_email_capture_counter": {
                    "ttl": 251703456456,
                    "length": 1,
                    "prevalence": 0.000006812035504329049,
                    "uniqueness": 1
                }
            },
            "firstPartyCookiesSent": {},
            "exampleSites": [
                "www.zap.co.il",
                "nzxt.com",
                "www.yad2.co.il",
                "hamal.co.il",
                "allisrael.com",
                "www.lemonade.com",
                "sodastream.com",
                "www.fullcompass.com",
                "news.walla.co.il",
                "m.maariv.co.il",
                "top10mattressesonline.com",
                "dvcrentalstore.com",
                "www.maariv.co.il",
                "www.vetdepot.com",
                "www.in.pampers.com",
                "www.walla.co.il",
                "www.pampers.com",
                "www.jpost.com",
                "www.maytronics.com",
                "www.farmandhomesupply.com"
            ]
        },
        {
            "rule": "adoric-om\\.com\\/v1\\/campaigns\\/",
            "cookies": 0,
            "fingerprinting": 0,
            "subdomains": [
                "app"
            ],
            "apis": {},
            "sites": 21,
            "prevalence": 0.000143,
            "cnames": [],
            "responseHashes": [
                "9f9ced13bc207584163c23170e6c86f6e39b4b872736fe6a5d2c923710da6fe1",
                "078c30a338d7f142109b0b332c1a4c768be61e1d27e9c647032d14db8b3b53d4",
                "79f9f90a7f6a39d26e6622ce7f60d27aa998d5d984d6c139fbfe83e5a042a8f1",
                "235bcebd1c91458b9290a3c0fab30c5680907daa01a33bdc6011451073664857",
                "4894285cf5d862d93690fde0f07837aef34c3839feea4d2162a688771cdbc1ea",
                "da26a0e4ff2a8244307cc07971507ebfbd5676c9d3cba9fc78fdb1c85d2ba7db",
                "223692a4a780d28d2ccb74641746f423a3a97bc1f58c8d47955eac35cad94d47",
                "83c30f1f58f67d63cd563e2dbcbe749ef0c108558d9c9764c8c0194ba896d6d4",
                "dc14a929f65b69690fd519e5b72c323fe720431ff762e6ae24c41ed18b970ba6",
                "a23eea79875948b3e3e1f57f7d8bd09b3337f4fbe079b90efe3e9c8f46032f63",
                "18e2815c96c2e4c0a9e61ebb571c8bd4effeccb518c17d7972bab9444a0304a6",
                "4c6bfc99a73715b41ae469a3bb14f16be7b00096e6092b3c68eb8540b77dbb7e",
                "ed03f62ced90a6635132c78ccb88824a526df186df04c7b55348679abbb60a4e",
                "f14c62c62a6ce36a88eb13ce8dc0b7084aa384bbf6f2388316f0d882bf4cbe23",
                "205150213aadab08d51773a7b68d32dcce36195e0214f84005038b1f87cccd93",
                "1fb5062292b7b8b046ae790a718f066d9cf79d16fd02a429f092da882510060f",
                "838e84120ac5b1519b16e44602f8e274215a7c3d84743f66d5bf0ac7c509fbed",
                "c35f9a25c08ede5d5330b9ce24107a26c461e0991d2a12724025276dee430c42",
                "f7499cfb3907acbda4597cdb10f90a97d49b7d6a58d0774d6d5abd9b77ab19cd"
            ],
            "type": "XHR",
            "firstPartyCookies": {},
            "firstPartyCookiesSent": {
                "IR_gbd": 0.000013624071008658098,
                "dy_fs_page": 0.000006812035504329049
            },
            "exampleSites": [
                "www.maariv.co.il",
                "allisrael.com",
                "www.fullcompass.com",
                "www.maytronics.com",
                "hamal.co.il",
                "top10mattressesonline.com",
                "nzxt.com",
                "www.pampers.com",
                "www.walla.co.il",
                "www.zap.co.il",
                "www.in.pampers.com",
                "www.jpost.com",
                "sodastream.com",
                "news.walla.co.il",
                "www.farmandhomesupply.com",
                "canvasprints.com",
                "www.vetdepot.com",
                "m.maariv.co.il",
                "www.yad2.co.il",
                "dvcrentalstore.com"
            ]
        },
        {
            "rule": "adoric-om\\.com\\/v1\\/versions\\/html\\/",
            "cookies": 0,
            "fingerprinting": 0,
            "subdomains": [
                "app"
            ],
            "apis": {},
            "sites": 10,
            "prevalence": 0.0000681,
            "cnames": [],
            "responseHashes": [
                "28a59ecc5af5f642998e6311b599e8a48b87775c298d5f5cada5370998a08348",
                "ddb311d585f1028d167ac450271d983d46beb202f79af0c524b6085dc8062ab3",
                "1ef351b3c13424362d3db17a7ff468a915f9c811f3ba06e88f51864d1a3cae27",
                "7dfcb0a92e143c529490b908537543730df6e656211eb3db1bff11d60e6f748f",
                "9dccdd260f4b1c7c680fe680339f7dae1e8f13cd338562a625757f17127d3bf0",
                "7614eac5acffce3a313d2f1e2afbe9268c4f5b75808935b49bfae039637a951c",
                "7203fe9da413526c008caeae16f819b0f5dcfe2c5be1351002d912859ee7cb7d"
            ],
            "type": "XHR",
            "firstPartyCookies": {},
            "firstPartyCookiesSent": {},