{
    "domain": "adpredictive.com",
    "owner": {},
    "source": [
        "DuckDuckGo-US"
    ],
    "prevalence": 0.0000954,
    "sites": 14,
    "subdomains": [
        "track2",
        "track1"
    ],
    "cnames": [],
    "fingerprinting": 0,
    "resources": [
        {
            "rule": "adpredictive\\.com\\/",
            "cookies": 0,
            "fingerprinting": 0,
            "subdomains": [
                "track2"
            ],
            "apis": {},
            "sites": 10,
            "prevalence": 0.0000681,
            "cnames": [],
            "responseHashes": [
                "c2cb39ad6e43f601bad3a4c541eac035631dad1e61dbb4b0b11f0e10d42b4bec",
                "1dc38b9bc6fc969d58eba6965b8f4e3d3aa93d7c09c2dc9652222427b9a35bfb",
                "d7a47c8903aa4507b3b5648de0f77e791b93a96e1c353c39b9db5c96217fe5cc",
                "d777a2bc57d83106f619af651a0a76cd0a5a27947fdf1e92b495984da2233beb",
                "6afc29e28e1546d30de9128300d83d974fccc83712539bd75d7b705f7719e263",
                "2be1dce7f1ee50ff166dedc83d028cf2763578846fd43ce56b1746ff6bf064c4",
                "cb1242ef2c3c8fe17f54a1a48bc187d304bf842942358bdd2f8409dfd20259ab",
                "4bed861473c56f5e3d8751f5bafb7942e24f3a2496144e2f322440dc678bec5e",
                "f56abf5b3a6126078ee4e9cf46072b4b5c8453c7975c932f0fd29868fe73d0a6"
            ],
            "type": "Fetch",
            "firstPartyCookies": {},
            "firstPartyCookiesSent": {},
            "exampleSites": [
                "etcanada.com",
                "new.cbssports.com",
                "picks-s1.cbssports.com",
                "secure-www.cbssports.com",
                "www.cbsnews.com",
                "www.cmt.com",
                "www.etonline.com",
                "www.insideedition.com",
                "www.maxpreps.com",
                "www.rachaelrayshow.com"
            ]
        },
        {
            "rule": "adpredictive\\.com\\/",
            "cookies": 0,
            "fingerprinting": 0,
            "subdomains": [
                "track1"
            ],
            "apis": {},
            "sites": 2,
            "prevalence": 0.0000136,
            "cnames": [],
            "responseHashes": [],
            "type": "Image",
            "firstPartyCookies": {},
            "firstPartyCookiesSent": {},
            "exampleSites": [
                "paramountplus.com",
                "www.paramountplus.com"
            ]
        }
    ],
    "categories": [],
    "performance": {},
    "cookies": 0,
    "topInitiators": [
        {
            "domain": "confiant-integrations.net",
            "prevalence": 0.875
        },
        {
            "domain": "tiqcdn.com",
            "prevalence": 0.125
        }
    ],
    "types": {
        "Fetch": 10,
        "Image": 2
    },
    "nameservers": [
        "ns-1553.awsdns-02.co.uk",
        "ns-321.awsdns-40.com",
        "ns-1004.awsdns-61.net",
        "ns-1291.awsdns-33.org"
    ]
}