{
    "domain": "adsensecustomsearchads.com",
    "owner": {},
    "source": [
        "DuckDuckGo-US"
    ],
    "prevalence": 0.000204,
    "sites": 30,
    "subdomains": [
        "www"
    ],
    "cnames": [],
    "fingerprinting": 1,
    "resources": [
        {
            "rule": "adsensecustomsearchads\\.com\\/afs\\/ads",
            "cookies": 0,
            "fingerprinting": 0,
            "subdomains": [
                "www"
            ],
            "apis": {},
            "sites": 25,
            "prevalence": 0.00017,
            "cnames": [],
            "responseHashes": [
                "3817c3819ddbb18ee3228c6d75e7ceca500e23a3f0efef802542fff4b61974c1",
                "bf6f01d5d29c2d12754f04702ca9f4ce381b727902e337083212964e22230ee4",
                "03239511e673bc7ccaf3719fbfec6757a3201c8c355adb2f953af01b2f63d306",
                "7dc6e48a81082dc845e71c0f8954b17b62633239d977285365faeb693598f0aa",
                "35b44fb1c10e125e3e75c6ef20017984f0335575fc1c2e40941626cc0a5bbd3d",
                "46fe01a8fc4b45c370f7c7b1304b4fee1261f22f8f325e88946d98c801592efe",
                "ffa40858a73f58ef006bb7209d326354b87cc77104be4acc9ec411cc31d02bc7",
                "40fde9438db351e75ed0fcbf942ea66baf68d4f7639be11f9f80a91afdeaa689",
                "040d70f133dff7308d6ae2cfa33774a2a02c7921575d2af379a09474ce1fa2dd",
                "897bc49e95be223b9ec405a01df590d3f20a8886ee4540c05feca924f9ca726b",
                "b2771d295f9f12c2f2ca4544241693e8198c30fe8c679dc95f6f017797a75c67",
                "a68f3cd3d828b701dfbcb2c767b776779631dbe052f835456674bfd6d765100f",
                "24d4b8c1599dad63fcd4a9f21baf11df63eef89a0de370e9e3dc83301ffcc98d",
                "3453f87744c650cc02631785b1b067f9dd536c8ada7efb07afe3c2a409239891",
                "644854378253c1ea871c9788b7eb8964d1639bae1952531d999bef03cc076077",
                "074476d68acbf8dcb16eff7fe884f1813ce8438a082f007cd259828ae6cb535b",
                "dad6db993241897cee565e368e1146a586d9ff50c9f7eb00604fa0c7de49bc28",
                "03d6868acf02f14d9d4e22412c7ec2a0843cd9e8847f3ca34d644b3ba250ccb7",
                "8f86de04ec6a47712d124c0a7ef8ea3ed5fa1d4d0d4187dac766cd5cedd502dc",
                "95f5fbcb840042b20d7f57ca966c771d308ec11bdd5815e76320dc5405afc10d",
                "e174c1141ab770592a72325dfda0ccbd5a071d265a2ea452bd0e60a5a4aed149",
                "a553d9d7b61fee9b600fd963c4fcb646343008537ecbb1a61d7fe16a1bfec022",
                "39769caa9d324fb15be619d77e71343fd7a841fb1f6213d24b80a6e5a45538bf"
            ],
            "type": "Document",
            "firstPartyCookies": {},
            "firstPartyCookiesSent": {
                "_li_dcdm_c": 0.000006812035504329049
            },
            "exampleSites": [
                "www.reference.com",
                "www.navigaweb.net",
                "www.gebraucht-kaufen.de",
                "iq.opengenus.org",
                "www.japanesecooking101.com",
                "www.repofinder.com",
                "mapliv.com",
                "justagric.com",
                "cmtoinches.co",
                "forsalebyownerbuyersguide.com",
                "opengovau.com",
                "www.aconvert.com",
                "www.onlinesprache.de",
                "www.heavenofhorror.com",
                "property.mitula.co.uk",
                "www.rvinsider.com",
                "www.vinden.nl",
                "www.stroke.org.uk",
                "www.free-vin-decoder.com",
                "www.planet-9.com"
            ]
        },
        {
            "rule": "adsensecustomsearchads\\.com\\/adsense\\/search\\/ads\\.js",
            "cookies": 0,
            "fingerprinting": 1,
            "subdomains": [
                "www"
            ],
            "apis": {
                "Date.prototype.getTime": 19,
                "Navigator.prototype.userAgent": 16,
                "window.name": 14
            },
            "sites": 19,
            "prevalence": 0.000129,
            "cnames": [],
            "responseHashes": [
                "7a4d0bea0a891fc0deec24101929b2be7e5ddebef10cd92fb5e8f06235182d51",
                "e0442e3850e5b18eb4ce1fc0de99bd8857cbf7a4c61077794c7860518a4763a2",
                "ff06eef964d52ca5a206c2e0e9faf66ecb3f9533300950cb4f61b0e1bae1dc65",
                "19a4fbed12fb0271c59b49dd7e05e82cf4107e6e39ebe06d5a987c02641f4d3f"
            ],
            "type": "Script",
            "firstPartyCookies": {},
            "firstPartyCookiesSent": {},
            "exampleSites": [
                "cmtoinches.co",
                "fr.jooble.org",
                "iq.opengenus.org",
                "justagric.com",
                "mapliv.com",
                "opengovau.com",
                "opengovca.com",
                "property.mitula.co.uk",
                "www.aconvert.com",
                "www.dash-lights.com",
                "www.gebraucht-kaufen.de",
                "www.heavenofhorror.com",
                "www.japanesecooking101.com",
                "www.navigaweb.net",
                "www.onlinesprache.de",
                "www.planet-9.com",
                "www.repofinder.com",
                "www.rvinsider.com",
                "www.vinden.nl"
            ]
        },
        {
            "rule": "adsensecustomsearchads\\.com\\/afs\\/gen_204",
            "cookies": 0,
            "fingerprinting": 0,
            "subdomains": [
                "www"
            ],
            "apis": {},
            "sites": 19,
            "prevalence": 0.000129,
            "cnames": [],
            "responseHashes": [
                "e3b0c44298fc1c149afbf4c8996fb92427ae41e4649b934ca495991b7852b855"
            ],
            "type": "Image",
            "firstPartyCookies": {},
            "firstPartyCookiesSent": {},
            "exampleSites": [
                "cmtoinches.co",
                "forsalebyownerbuyersguide.com",
                "fr.jooble.org",
                "iq.opengenus.org",
                "justagric.com",
                "property.mitula.co.uk",
                "www.aconvert.com",
                "www.dash-lights.com",
                "www.gebraucht-kaufen.de",
                "www.heavenofhorror.com",
                "www.japanesecooking101.com",
                "www.navigaweb.net",
                "www.onlinesprache.de",
                "www.planet-9.com",
                "www.punchbowl.com",
                "www.reference.com",
                "www.rvinsider.com",
                "www.stroke.org.uk",
                "www1.dramanice.site"
            ]
        },
        {
            "rule": "adsensecustomsearchads\\.com\\/afs\\/ads\\/i\\/iframe\\.html",
            "cookies": 0,
            "fingerprinting": 1,
            "subdomains": [
                "www"
            ],
            "apis": {
                "window.name": 10
            },
            "sites": 17,
            "prevalence": 0.000116,
            "cnames": [],