{
    "domain": "adtcodepurpel.com",
    "owner": {},
    "source": [
        "DuckDuckGo-US"
    ],
    "prevalence": 0.000143,
    "sites": 21,
    "subdomains": [
        "cs10",
        "cs11",
        "cs09"
    ],
    "cnames": [],
    "fingerprinting": 1,
    "resources": [
        {
            "rule": "adtcodepurpel\\.com\\/tanta\\/cyberious\\.js",
            "cookies": 0.000143,
            "fingerprinting": 1,
            "subdomains": [],
            "apis": {
                "window.localStorage": 21
            },
            "sites": 21,
            "prevalence": 0.000143,
            "cnames": [],
            "responseHashes": [
                "286b76bdc5e175334a044ef9e4b4eeda9e11c8c1f28e49e603c8559f53499aa5",
                "3243d1af7f8166eb57ded7090215871e0f6e1fbdd29efcbe5e8549d5bf1939ef",
                "189e08d8210dcaec3c57668f726765d33899e50d17d841d33edbd8888ea53269",
                "b5227ea49dccc6ffb8902e6ab6d0ac76ed42249a0f2c6f7a1265a72cc899bebb",
                "20cb227d1232c68c8ce0b902c2c5a7346d2a75d178950a839b1b58b4dc8f938c",
                "bdd4623649ead6017b898ac4ef08428fc5d8bb54ebfb91f41af1dd479bf30760",
                "368e22f1465f760f513573d90c3664c0aee534636b403ae3a55d9cfd75e1de45",
                "070aed564b431a4fde20491dd44bb9b57da392c83afa672dd6efa63ea6a0a6b7",
                "d004f6065e210a38e038d05b2927125cb101931c7ca168de2371fff7e3dd406c",
                "b32efe3805760d9525fd0dc554e7f335bb0cac7385ee832e6e6de7438d398c9e",
                "9400d172938a95e396ce7f3f69010e377ad67ce41a7dba3ee84f66613f7b63d3",
                "691e74786c37fbff3093c99123485487c126794c25731f88e51f219daa7ba96c",
                "7eefcda9782c2cd631a0a2996d75a8c7dc9ccf2474508eaed0221e5e140648eb",
                "3b1ff2e0227b31dd30d0dadfc295ab6730e9405b89fce8e38328fa219e668651",
                "d411dd64589c8d9fce771adc4ada6ade96f06a1da221d60fc7f46203439014bd",
                "64248e58814663dab323cf3be4bb3f078749922a5a612c430d0d86cd64d5ee52",
                "d68acb78ae64071e0ce07e4323df0e9229927b513a037d0b9dffb4860fe6ea7f",
                "bb91a84c564e190eec76c418019ab1033b6f0382cd7ccdee664208dd8573d212",
                "e18ad644a23f8df96cd6718b2b81f78b9f8711d9a96cca1b693e6361a66b300e",
                "cb386e0ac0912f663cbd4daa45bd60333a50a4779879a7e4e1a5463d41f5cb3a"
            ],
            "type": "Script",
            "firstPartyCookies": {},
            "firstPartyCookiesSent": {},
            "exampleSites": [
                "pornoanal.top",
                "w4w.pornoboss.tv",
                "sexdom.click",
                "devahy.org",
                "ww.tizam.pw",
                "pornopyanie.xyz",
                "ttelka.com",
                "eropic.cc",
                "buboob.com",
                "xcelebs.ru",
                "babushky.club",
                "you-stories.com",
                "siski.name",
                "topdevka.com",
                "domashka.link",
                "pornokran.cc",
                "pornrusskoe.fans",
                "teenochka.xyz",
                "the.onporn.fun",
                "the.zorox.sex"
            ]
        },
        {
            "rule": "adtcodepurpel\\.com\\/content\\/58987\\/3135069\\.jpeg",
            "cookies": 0,
            "fingerprinting": 0,
            "subdomains": [
                "cs10",
                "cs11"
            ],
            "apis": {},
            "sites": 2,
            "prevalence": 0.0000136,
            "cnames": [],
            "responseHashes": [
                "c1980d89b34691dbd910baa9d86c5d8b9322a95f5ce833ec308a0b7c482016d8"
            ],
            "type": "Image",
            "firstPartyCookies": {},
            "firstPartyCookiesSent": {},
            "exampleSites": [
                "babushky.club",
                "ww.tizam.pw"
            ]
        },
        {
            "rule": "adtcodepurpel\\.com\\/content\\/58987\\/3433986\\.jpg",
            "cookies": 0,
            "fingerprinting": 0,
            "subdomains": [
                "cs11"
            ],
            "apis": {},
            "sites": 2,
            "prevalence": 0.0000136,
            "cnames": [],
            "responseHashes": [
                "e0bdf7001d6b15931ff10538716723735e3e947c8fbe1f270b6af8521ae0800a"
            ],
            "type": "Image",
            "firstPartyCookies": {},
            "firstPartyCookiesSent": {},
            "exampleSites": [
                "babushky.club",
                "eropic.cc"
            ]
        },
        {
            "rule": "adtcodepurpel\\.com\\/content\\/58987\\/3415611\\.jpg",
            "cookies": 0,
            "fingerprinting": 0,
            "subdomains": [
                "cs10",
                "cs11",
                "cs09"
            ],
            "apis": {},
            "sites": 9,
            "prevalence": 0.0000613,
            "cnames": [],
            "responseHashes": [
                "1e8241586364907addad2a90419be0d6efcf7b0a89cd791b60a6ce1153cef01e"
            ],
            "type": "Image",
            "firstPartyCookies": {},
            "firstPartyCookiesSent": {},
            "exampleSites": [
                "babushky.club",
                "buboob.com",
                "domashka.link",
                "pornoanal.top",
                "pornrusskoe.fans",
                "sexdom.click",
                "w4w.pornoboss.tv",
                "ww.tizam.pw",
                "xcelebs.ru"
            ]
        },
        {
            "rule": "adtcodepurpel\\.com\\/content\\/58987\\/3428283\\.gif",
            "cookies": 0,
            "fingerprinting": 0,
            "subdomains": [
                "cs10",
                "cs11"
            ],
            "apis": {},
            "sites": 4,
            "prevalence": 0.0000272,
            "cnames": [],
            "responseHashes": [
                "9665b0b617992a56cfdd663d1e3f4870f6eaaaa2113709123fc7715148ebfc05"
            ],
            "type": "Image",
            "firstPartyCookies": {},
            "firstPartyCookiesSent": {},
            "exampleSites": [
                "babushky.club",
                "w4w.pornoboss.tv",
                "ww.tizam.pw",
                "xcelebs.ru"
            ]
        },
        {
            "rule": "adtcodepurpel\\.com\\/content\\/58987\\/3428286\\.jpg",
            "cookies": 0,
            "fingerprinting": 0,
            "subdomains": [
                "cs09",
                "cs10"
            ],
            "apis": {},
            "sites": 2,
            "prevalence": 0.0000136,
            "cnames": [],
            "responseHashes": [
                "7579a00f5e14c63eadef97eea8087e431644c8012051b0200c94590925d492bf"
            ],
            "type": "Image",
            "firstPartyCookies": {},
            "firstPartyCookiesSent": {},
            "exampleSites": [
                "buboob.com",
                "xcelebs.ru"
            ]
        },
        {
            "rule": "adtcodepurpel\\.com\\/content\\/58987\\/3428286\\.gif",
            "cookies": 0,
            "fingerprinting": 0,
            "subdomains": [
                "cs09",
                "cs10"
            ],
            "apis": {},
            "sites": 2,
            "prevalence": 0.0000136,
            "cnames": [],
            "responseHashes": [
                "552cac1acdc67c7b5cb111e0a4402c94395bf3816c425bf89534250e036e54d2"
            ],
            "type": "Image",
            "firstPartyCookies": {},
            "firstPartyCookiesSent": {},
            "exampleSites": [
                "buboob.com",
                "xcelebs.ru"
            ]
        },
        {
            "rule": "adtcodepurpel\\.com\\/content\\/58988\\/3433987\\.jpg",
            "cookies": 0,
            "fingerprinting": 0,
            "subdomains": [
                "cs11",
                "cs10",
                "cs09"
            ],
            "apis": {},
            "sites": 5,
            "prevalence": 0.0000341,