{
    "domain": "adtclickblack.com",
    "owner": {},
    "source": [
        "DuckDuckGo-US"
    ],
    "prevalence": 0.000191,
    "sites": 28,
    "subdomains": [
        "js10",
        "js09"
    ],
    "cnames": [],
    "fingerprinting": 1,
    "resources": [
        {
            "rule": "adtclickblack\\.com\\/barsal\\/dosvidel\\.js",
            "cookies": 0.000136,
            "fingerprinting": 1,
            "subdomains": [],
            "apis": {
                "Navigator.prototype.userAgent": 15,
                "Document.cookie getter": 15,
                "window.localStorage": 15
            },
            "sites": 20,
            "prevalence": 0.000136,
            "cnames": [],
            "responseHashes": [
                "e3b0c44298fc1c149afbf4c8996fb92427ae41e4649b934ca495991b7852b855",
                "8271831ea24f831a4bd548739f95ea281f5efa7af4348794e1d8f582e562f509",
                "61bbd9bdf54f52e597a446ede87b25bf88e3e858b1309dcc2965296e7fd08657",
                "ff257e8a75ac453e99cc3b01c64ab5d85814bfd49419764d02b86b976419acbf",
                "ad8ef7bee5503e7d244f9df685d7e22cbf9f34c06d79aa28cce4fa1e3229c559",
                "1772eeae2304c048574ebaf5cf37052313e508282aeb13188c69500cdab1ed37",
                "ee8a23a638e45290072879446c7960562f5c2461739c018221a6458d2c15d42f",
                "4409ef5b86e41d44f438a0e2b8f76b6a742c66193b52e5659ff9eb135697c8a0",
                "58953d9af83f3d7c0d9ebc2a97a281f891a5594ed06e79cd6da11492f94ef366",
                "24cf60ab1ccd529d445ed5ded4c1e39b317d21af22991d14003d2171adad295f",
                "b01e8afe704dbfc0f085bd199bda6aa999f9fa9e4d7b073a10ce0a1affeebfc8",
                "08e7bb580329e7bb1612be512163a19cdae4ea56a872619b873e48b2834b2da3",
                "23abeeaa1beaaaf30cfe9f7405f9941557edad2df2cd2440b0a8700c82f68bd4",
                "4edc0c773e9977f97fc32c5531eb8b030b97201c5ba451716eeed9e3536e5581",
                "bb4397f6c3744a6f17547eb1fbd771030312b557987b0792fde26b47b4ba5277"
            ],
            "type": "Script",
            "firstPartyCookies": {},
            "firstPartyCookiesSent": {},
            "exampleSites": [
                "24rollika.ru",
                "animeporno.club",
                "fit.porn",
                "hentasis1.top",
                "izmena.net",
                "kinokordon.love",
                "kinosalo.me",
                "mix-porn.net",
                "porno-nd.name",
                "pornogag.com",
                "pornomamki.online",
                "pornzoom.org",
                "ru.porno.bet",
                "ru.pornsearch.fun",
                "rus.tizam.ru",
                "sslkn.pro",
                "www.faporn.pro",
                "www.perdos.la",
                "www.sslkn.porn",
                "xnx.hotmovies.cc"
            ]
        },
        {
            "rule": "adtclickblack\\.com\\/bens\\/vinos\\.js",
            "cookies": 0.0000204,
            "fingerprinting": 2,
            "subdomains": [],
            "apis": {
                "Navigator.prototype.cookieEnabled": 3,
                "Date.prototype.getTime": 3,
                "Document.cookie getter": 3,
                "Document.cookie setter": 3,
                "Navigator.prototype.userAgent": 3,
                "Navigator.prototype.platform": 3,
                "window.localStorage": 3
            },
            "sites": 3,
            "prevalence": 0.0000204,
            "cnames": [],
            "responseHashes": [
                "8f936ec429947cd74a49da35a91f29a4de66b2c6eb766af8332f7a0bed28ca10",
                "2c559d81d7494a23d68a54bfb5b4da397d1637a18fff2b02edbf02b093656eba"
            ],
            "type": "Script",
            "firstPartyCookies": {
                "u_count": {
                    "ttl": 43203,
                    "length": 11,
                    "prevalence": 0.000020436106512987146,
                    "uniqueness": 0.3333333333333333
                }
            },
            "firstPartyCookiesSent": {},
            "exampleSites": [
                "djki.art",
                "homeporno.biz",
                "trahnul.com"
            ]
        },
        {
            "rule": "adtclickblack\\.com\\/js\\/customs\\/e643a6d622\\.js",
            "cookies": 0,
            "fingerprinting": 0,
            "subdomains": [
                "js10"
            ],
            "apis": {},
            "sites": 2,
            "prevalence": 0.0000136,
            "cnames": [],
            "responseHashes": [
                "b75cab9bdc1b60509be4635deb1099d597956b3ed444c7e0de0d2e0d19ae9e49"
            ],
            "type": "Script",
            "firstPartyCookies": {},
            "firstPartyCookiesSent": {},
            "exampleSites": [
                "giperporno.net",
                "me.giperporno.com"
            ]
        },
        {
            "rule": "adtclickblack\\.com\\/services\\/geo\\.php",
            "cookies": 0,
            "fingerprinting": 0,
            "subdomains": [],
            "apis": {},
            "sites": 2,
            "prevalence": 0.0000136,
            "cnames": [],
            "responseHashes": [
                "25cda544e0926b017e49470838d0b0fbc8629139795fb5d38bde0ce58c2cf4d6"
            ],
            "type": "Script",
            "firstPartyCookies": {},
            "firstPartyCookiesSent": {},
            "exampleSites": [
                "giperporno.net",
                "me.giperporno.com"
            ]
        },
        {
            "rule": "adtclickblack\\.com\\/js\\/customs\\/eff2f289e1\\.js",
            "cookies": 0.0000136,
            "fingerprinting": 1,
            "subdomains": [
                "js09"
            ],
            "apis": {
                "Navigator.prototype.cookieEnabled": 2,
                "Date.prototype.getTime": 2,
                "Document.cookie getter": 2,
                "Document.cookie setter": 2,
                "Navigator.prototype.userAgent": 2,
                "Navigator.prototype.platform": 2
            },
            "sites": 2,
            "prevalence": 0.0000136,
            "cnames": [],
            "responseHashes": [
                "dec6414d4075e54fed36c8f12d429e3516a3672f55170204db467672e067e7b8"
            ],
            "type": "Script",
            "firstPartyCookies": {
                "u_count": {
                    "ttl": 21603,
                    "length": 11,
                    "prevalence": 0.000006812035504329049,
                    "uniqueness": 1
                }
            },
            "firstPartyCookiesSent": {},
            "exampleSites": [
                "pornodomka.org",
                "pornodomka.com"
            ]
        }
    ],
    "categories": [],
    "performance": {},
    "cookies": 0.000177,
    "topInitiators": [
        {
            "domain": "first party",
            "prevalence": 0.8666666666666667
        },
        {
            "domain": "anime-porno.com",
            "prevalence": 0.03333333333333333
        },
        {
            "domain": "giperporno.net",
            "prevalence": 0.03333333333333333
        },
        {
            "domain": "pornodomka.com",
            "prevalence": 0.03333333333333333
        },
        {
            "domain": "sslkn.sex",
            "prevalence": 0.03333333333333333
        }
    ],
    "types": {
        "Script": 29
    },
    "nameservers": [
        "dns2.registrar-servers.com",
        "dns1.registrar-servers.com"
    ]
}