{
    "domain": "adventive.com",
    "owner": {
        "name": "Adventive, Inc.",
        "displayName": "Adventive"
    },
    "source": [
        "DuckDuckGo-US"
    ],
    "prevalence": 0.000381,
    "sites": 56,
    "subdomains": [
        "ads"
    ],
    "cnames": [],
    "fingerprinting": 2,
    "resources": [
        {
            "rule": "adventive\\.com\\/ad",
            "cookies": 0.0003,
            "fingerprinting": 1,
            "subdomains": [
                "ads"
            ],
            "apis": {
                "Date.prototype.getTime": 34,
                "window.name": 24,
                "window.innerHeight": 1,
                "Navigator.prototype.userAgent": 1,
                "Screen.prototype.width": 24,
                "Screen.prototype.height": 24
            },
            "sites": 45,
            "prevalence": 0.000307,
            "cnames": [],
            "responseHashes": [
                "30528961943a5baa1225c8e75ce43dc959793559eeef97d154d3bd5419b675c1",
                "295e0a82d82735f709b7e27b33646e1c7ff95d10a79849a79298c4d24a051004",
                "941ae2177ade54f79e1ff489c9f475d099b52ce8cb83386b7f3fdec714cc62fc",
                "d5c605c434205febf3f750bafe861730b38bd211059ae10d2e014f89f83d5df2",
                "cebabd3ff5ab66958e9fc3c066e32004e11502653c10252a413c6c9354454990",
                "50c37e7765f5d1396769272ca9e70c3b098f9456876ec1c6f30dcc54a4e043ec",
                "412de2f834207d5d2bca9f71e9a1b8322ae659c97718b1fc8c193397ea34a310",
                "43c731b1d3f79028ee348fea68a38c0be6993352975f3391fb9293315f87bd61",
                "f8091d71074b94a7b1f8399359ec7143ac0ba71239cf9412b2b2b8303ec07399",
                "042a3647cd7b207668ee5de33830b3b735ffae3efd281adb68adabc15c5883c7",
                "4bad19efafae14078d0ee87b8bb183963d8f25060eabb490fde86754ecf3f763",
                "ea0632e55ca6fa8df3828eff97e94d15e4f948ec637755414637704367cdee19",
                "7ace9f3d4133bbe4c1ac22cdcacd69fb86522377b98c02c8773018852843f187",
                "744d3ae97f28e3983745469ea7d76b778c94e6b53d00fc6b608bc29473a39c98",
                "5fa0aeabbf23de133b0e2297f1ec72d44a8acae8df9892155069d375ccb2ef19",
                "69464482aeb746712ce3b7101135d4312a63851ca426995b605280000057c829",
                "81e6244390dd8f099e8cd5d8f7c75fce159351e55a7983af49a53207612dc53a",
                "14da609dc19c29414263ccea48ae559e82c37e8a45f7edce7304b1680d73f3f5",
                "33dea97202e376acc2d9ff1f0a586fd8c6b82faf74bafa2d358bc3da26112f3a",
                "e2d02087ba7fc2e9740572ca63a1699bdacc8a28799c38d2fb6c6cf1f5db41d5",
                "a5d95d9d10f633d0c70b3a9ba40b5ca77713287cd42cf3f08c7806a23f51f2d7",
                "c967acfb5f73eee1d6a3131bdfb6a77cadf6ad4bdf314716aa59ea5558171223",
                "88f37fbf8c31ff972f89f3a741b10dc3dadda019014c870f257c1c7a5725be3a",
                "97b255e56d4016895d324fb097ef1509e900f64c9e5a0f5c7016275816648637",
                "4b9baf21fbf0d92e53970d01054d68f934abaefec3d08b1da5fee1128867a323",
                "96d261d022ba523f94d716e8f51be863802a5eb4bdd7df714c843ff25d7f19ee",
                "ff95ab884bd3e18263f7132172b2d7a502d5aab64efa86d5d3da95c924e9cea7",
                "bfc7f7aedfbac4f81f27738330d95bf51fde759247d37ee2275adc8cc2601709",
                "bd8e78a9663490c2dabbeee814faf8dd959add990a1955e0cb562df050a76592",
                "5601165887b0c61d80176b8a8fa870847b247c6108623fb3ab0bd9d5a0702630",
                "8c7407991946445ae98b6c97a1c93bc7936ae9b5d5c36ec58d3f745146b53df1",
                "a362db450d28777b22171a5c959092abb9975fff00892fe75006c58bea1f0240",
                "bab217c381e2ae989d3a3bdf34dcf30e34f48f5c617a76c6339f8a15e7ca0d35",
                "9efcd3548b73bcc95caf8adf19923687e0c7ee1fa371a57a5d2870567b1bae76",
                "fc6d295ccb1ca57984cfe6205496dac0391032e6005a3d0dbe885b66e853cb0d",
                "a99b5c7307fd7dbb556ed5dfe63a20ee921abaa6bf16664baeaf228f089f8d55",
                "804ff156994399b046710ff2ef9d5ec9e79355445095a09087fc16b9e904d1b6",
                "2f80e067b354cec37ea97b1d9bd6cd386cb2f45f8144c14a5cf3e6f832a504af",
                "cc5e738bfb900eb869ac510234b1f169357583837ef5101dd0e73688114c1932",
                "95d2a3a2936ce5300fc7f522a20e077071e884a7f73d086396b12afdb71c9533",
                "f3941dcb26551778eea283be6172966aed9435d2335836eab7805aa8ff393f09",
                "c04b8c8dcb5bf1ad1db84ea1ee7a9724c3dab7fa3cd8135eeda1e06094e9d1cb",
                "01a2657c8c95e8f485a3339f663786d13c157a55a658dd53d4d7415d33bcff38",
                "79af1862cafb78a96425b966d6f29e1f2f79e28b8700263b01a72438b056ff2f"
            ],
            "type": "Script",
            "firstPartyCookies": {},
            "firstPartyCookiesSent": {},
            "exampleSites": [
                "wpln.org",
                "www.pdxmonthly.com",
                "wamu.org",
                "www.travelpulse.com",
                "www.essence.com",
                "www.whowhatwear.com",
                "thethirty.whowhatwear.com",
                "iamcountryside.com",
                "backyardpoultry.iamcountryside.com",
                "blog.padi.com",
                "ragincajuns.com",
                "www.agweb.com",
                "njbiz.com",
                "kjzz.org",
                "www.padi.com",
                "www.wineenthusiast.com",
                "frontofficesports.com",
                "www.durangoherald.com",
                "www.constructionspecifier.com",
                "www.thepacker.com"
            ]
        },
        {
            "rule": "adventive\\.com\\/api\\/stats",
            "cookies": 0.000293,
            "fingerprinting": 0,
            "subdomains": [
                "ads"
            ],
            "apis": {},
            "sites": 43,
            "prevalence": 0.000293,
            "cnames": [],
            "responseHashes": [
                "f4eef8263281c0b26486637831251059757bc3fdc4c3a48045a8ef8646b36e8f"
            ],
            "type": "Image",
            "firstPartyCookies": {},
            "firstPartyCookiesSent": {
                "_li_dcdm_c": 0.000013624071008658098,
                "__pid": 0.000006812035504329049
            },
            "exampleSites": [
                "www.whowhatwear.co.uk",
                "www.seattlemet.com",
                "www.furnituretoday.com",
                "www.agweb.com",
                "www.scubadiving.com",
                "www.travelweekly.com",
                "www.padi.com",
                "www.toledoblade.com",
                "frontofficesports.com",
                "thedailyrecord.com",
                "www.sarasotamagazine.com",
                "www.constructionspecifier.com",
                "wamu.org",
                "dcist.com",
                "www.thepacker.com",
                "blog.padi.com",
                "thethirty.whowhatwear.com",
                "cen.acs.org",
                "www.thefader.com",
                "www.pdxmonthly.com"
            ]
        },
        {
            "rule": "adventive\\.com\\/ui\\/img\\/tracker\\.php",
            "cookies": 0,
            "fingerprinting": 0,
            "subdomains": [
                "ads"
            ],
            "apis": {},
            "sites": 2,
            "prevalence": 0.0000136,
            "cnames": [],
            "responseHashes": [],
            "type": "Image",
            "firstPartyCookies": {},
            "firstPartyCookiesSent": {},
            "exampleSites": [
                "agweb.com",
                "www.essence.com"
            ]
        }
    ],
    "categories": [],
    "performance": {},
    "cookies": 0.000381,
    "topInitiators": [
        {
            "domain": "doubleclick.net",
            "prevalence": 0.5306122448979592
        },
        {
            "domain": "adventivecdn.com",
            "prevalence": 0.12244897959183673
        },
        {
            "domain": "googlesyndication.com",