{
    "domain": "advertnative.com",
    "owner": {},
    "source": [
        "DuckDuckGo-US"
    ],
    "prevalence": 0.000102,
    "sites": 15,
    "subdomains": [
        "click"
    ],
    "cnames": [],
    "fingerprinting": 0,
    "resources": [
        {
            "rule": "advertnative\\.com\\/loading\\/",
            "cookies": 0,
            "fingerprinting": 0,
            "subdomains": [
                "click"
            ],
            "apis": {},
            "sites": 15,
            "prevalence": 0.000102,
            "cnames": [],
            "responseHashes": [
                "ea3c4c8c8680588d70c769d8546cca6dd00ad7d09d4cdc2c19359f254fc6934d",
                "36a9e7f1c95b82ffb99743e0c5c4ce95d83c9a430aac59f84ef3cbfab6145068",
                "ca6b264a0473e3d4e0ab9aeb40fbeefffbe6a3406b08da630f19ff811f8bb31c",
                "ef35ec2baad08d3b1fbf9aef2e98ce6ec869c2d4f2c5479ba9e91c7577ce28b1",
                "54baa7b730636388d266340f17bb52184b99da53c6cd2ea9bf932392b117272c",
                "99f1f3c94fb45fb3eb57e9fb8818540145266dfa877164b371937eef52869351",
                "19881d11fa6584491d737d50d33bb55c2a894ea6bdd095fd3c20f180594e86a0",
                "44a433f9707fa479d02f817007c21a3cf79dc2f7c413784ba526ca245c76fe81",
                "eadef62b7bae45d323ed080526cbf23af3e5de0510ee36d49838fd43d3d15a63",
                "f9305badbd3f6a3a6725aa3e031957cbe191305cdb5a28b7bf2b479c5db44510",
                "3707a0244700832751f6818fad7711bfcd0210d5161fe984c9b5d0c7f92414be",
                "8351d51c24ef019f9b8b3110a334d60a9f855790f1345a2d2cada9c3e441eff5"
            ],
            "type": "Script",
            "firstPartyCookies": {},
            "firstPartyCookiesSent": {},
            "exampleSites": [
                "fajar.co.id",
                "fin.co.id",
                "m.brilio.net",
                "m.jpnn.com",
                "mojok.co",
                "www.brilio.net",
                "www.dailysia.com",
                "www.fajar.co.id",
                "www.hitekno.com",
                "www.jawapos.com",
                "www.kilat.com",
                "www.matamata.com",
                "www.sewaktu.com",
                "www.tvonenews.com",
                "www.viv.co.id"
            ]
        },
        {
            "rule": "advertnative\\.com\\/storage\\/logo\\/all_an_white_4\\.png",
            "cookies": 0,
            "fingerprinting": 0,
            "subdomains": [],
            "apis": {},
            "sites": 11,
            "prevalence": 0.0000749,
            "cnames": [],
            "responseHashes": [
                "eb0d12d2937d2ddc431cae68c1b3133bf500a838940bf287acb620267e9c7d31"
            ],
            "type": "Image",
            "firstPartyCookies": {},
            "firstPartyCookiesSent": {},
            "exampleSites": [
                "fajar.co.id",
                "fin.co.id",
                "m.jpnn.com",
                "mojok.co",
                "www.brilio.net",
                "www.dailysia.com",
                "www.fajar.co.id",
                "www.jawapos.com",
                "www.kilat.com",
                "www.sewaktu.com",
                "www.viv.co.id"
            ]
        }
    ],
    "categories": [],
    "performance": {},
    "cookies": 0,
    "topInitiators": [
        {
            "domain": "first party",
            "prevalence": 0.9642857142857143
        },
        {
            "domain": "doubleclick.net",
            "prevalence": 0.03571428571428571
        }
    ],
    "types": {
        "Script": 15,
        "Image": 11
    },
    "nameservers": [
        "ns30.domaincontrol.com",
        "ns29.domaincontrol.com"
    ]
}