{
    "domain": "adxpremium.services",
    "owner": {},
    "source": [
        "DuckDuckGo-US"
    ],
    "prevalence": 0.000688,
    "sites": 101,
    "subdomains": [
        "rtb",
        "go-sync",
        "s333",
        "s2",
        "user-sync"
    ],
    "cnames": [],
    "fingerprinting": 0,
    "resources": [
        {
            "rule": "adxpremium\\.services\\/openrtb2\\/auction",
            "cookies": 0,
            "fingerprinting": 0,
            "subdomains": [
                "rtb"
            ],
            "apis": {},
            "sites": 62,
            "prevalence": 0.000422,
            "cnames": [],
            "responseHashes": [
                "a4adb31819153bd54e7449f9be1bbdaaa0e32c28fedda4788ea1f5521119f85f",
                "81ff5ea94ff72050d916be5a79be425febc4f68534c27ffcad300e5c2eb6ae32",
                "792cad1f4399051a7c80bec38e4ee38cba28d10b0f8ebc4bcf05628cde8ec832",
                "c8b2b21d701a1a27348c3f5f5284c6aa422105acfbdce9bffa5bee3db1fa2459",
                "4810b339127222c6c6108ccb816583da3300401ac789a7abe13ad4a7d1492343",
                "243d6af658ca72b920fd99587b67e2f05a0f786ba36d03a519bd71c0ab4cc79c",
                "cd025810d86046fab8a491f2c79ed4d5d4ccec80d1be89971d9470a613eec69c",
                "f1b5c0ef55f75d9ea49b84ad39fb193e671edb95c19bee7f216ef40faaeb6b3c",
                "1d9db032ea3010b6bbcab74a13dcec5bd4fbb2eb92666a26efad0bb31ffa2144",
                "26f8906077b1d282be9ebad598898cefa49202669408c5cc64c8ac142c09a765",
                "7f49b2d10e0496f6c21a2d69154d69196fc79d7cac9e287db03024a9923eed50",
                "9eeb51a8789438d62d52863abf700aba2ac9f2cac4f98d1800aef493d10bd19c",
                "ca1ad4fa677b0ece843942643f8e9bda83ad96c0ff736c76de601c126d2e16c7",
                "5ce20b777bd88efe69a6152f098f0f9a15eb88607f1595274d785885a7200300",
                "da3531848b456f81c78965140c699ad998db208c364603b53a3319c79bf30959",
                "65ebd0dbd73fa07107babd4553b85eadc4e3153bfac8a1c2329b8b7048977630",
                "10be9b50fa15133f5b54d876b063cd2e4b55437d24341d98bb493cc17086a89f",
                "62f3de1d77829f8dd9cc7d8d47961e671bc6d11e5fc25528571e1888a1d68c98",
                "d781c57beeeda8e35f20ed04d5825088733f0c94e8233e2bd434d8f64f0f753b",
                "ee76d407eccdd8f924838351e6dcd33826b5f343e5c7c8aec3d85aa92ab3645e",
                "dc696daf8fa392194e3e152048c4880935122c2e99cd8a3f566fc6d59d619257",
                "d11f5f24e4d5447d73d473be8944e0d0728f5c6ff6072cbced71d5f70327580e",
                "c67df24f07c52708ced40c5835704d546b79513297ac26e3594e6ce36a49301f",
                "5ec7f791f343192de04a42242ed9cbe09a04030be0f375b1a0de9ca50a72e99a",
                "8e3f6dbda47d5e922b2d41c37f28ade491b4b1beeaf9c6be4782133e8588edf2",
                "fb1585c57678aaa78daa80c5a4bccc5c8ccc627d1ab343bbfc0fbca8172c53fc",
                "a978f9dd53c4daff08ee59d12adf607d2db3d2abd6f196fc7913738c8b928bab",
                "ed08a65aa12add425ac754af72bd103e52a5b8f9a199da970fa8da6e024addbe",
                "e3b261808f26e36a28ddd28df858c37be216d2a5c9126234e1f292a91eee56c0",
                "5d920388093ee90288322841e4fcd9ce839b462f9b89ba31823a87d6b40dd469",
                "6a2e3297d1f1cebf1d0d80fa682a5cfb3e72d2d4dba68e89784f8ebb08ef86c7",
                "3ea9758f5d4767a00d22f5e21298e68b5e479f31cb0a1a3e6caad25db90a9eae",
                "1663ef9ca8895a8ef0dde8f89da394147fd57d23fc4caf1662d39cdeded3615f",
                "c0b8b705c023d8943da3fb51b15b5a452b9c979fd30867934435515e7df2ed00",
                "5d98e1243dcda9ea9a659114d727284589b6e5c5475200d42e3ab97eb2cc90c4",
                "2f24f9e51ea0c29b4144c432ed8f5a2906afbe86f5732cc550d5e1eedbef955f",
                "15ca5e6b77edf9e79f02df4a5103747d6802c0067eff10d5d2e3ec6ac441a091",
                "f0c4b222938fe5b41b47e525d40a095e885927fa537c77a7ef98557e389eaaf4",
                "5566daee043fdf4659904d48d39685ae20e7b4e93247cef2a86da1716152cfe9",
                "078073865f25860f0af82474826c57972fe0dd1a4921878981960fb4fc32d79d",
                "9122ed50be0e77dc45ca8ab2af0e1662832bbb053cf44d4cbc8bb9a11d87a27f",
                "ec22fe5ee1bed09786fbdbab83dada6dd459db53a7f7b49a6f07637bfb99061d",
                "961e94fe7b19cd017a7bfded6deab4cdc6078eafe1e6e430ba9f72435e248e8e",
                "97c52845a561ece7ee7a66cc62ddf5e4c6fdd53eb50556b606363b678cbacdc3",
                "29dc6953337016423a7002914b0cc2b3229c02454d50535f4aafc6520b03a3f4",
                "6a3ef4ac4879b36e3168424b0e0c1b45e21a7eada2e0d82a63f2aa7644350663",
                "0a069d060adf2baf51498445b20d3aabd82ad0b3d14ba2f6663aa54bf5471c03",
                "025a7c4c867ebd3d080d28b0ec172e1ff931b8f2434d56f951bffcf58374d52c"
            ],
            "type": "XHR",
            "firstPartyCookies": {},
            "firstPartyCookiesSent": {},
            "exampleSites": [
                "businessinsider.com",
                "files.fm",
                "informer.rs",
                "unocasa.com",
                "ua.sinoptik.ua",
                "rvpapers.com",
                "www.idiva.com",
                "www.hallyuidol.com",
                "www.balkanweb.com",
                "www.rmweb.co.uk",
                "randomwordgenerator.com",
                "www.telepolis.pl",
                "worldofbuzz.com",
                "klp.pl",
                "www.travelagentcentral.com",
                "samequizy.pl",
                "www.rodzice.pl",
                "restaurantjump.com",
                "www.bullseyeforum.net",
                "www.arabic.chat"
            ]
        },
        {
            "rule": "adxpremium\\.services\\/openrtb2\\/auction",
            "cookies": 0,
            "fingerprinting": 0,
            "subdomains": [
                "rtb"
            ],
            "apis": {},
            "sites": 11,
            "prevalence": 0.0000749,
            "cnames": [],
            "responseHashes": [
                "df8b62f72e9313b8300d47795d49dfe091c2edbc484930af5d775b2a47b5ea0c",
                "3c79d6c4e048373bc01a2bba461724ce5db53337558471dd74459275fd79580c",
                "defbbf7db03ddf02aa8f65f6f62eca8021eb2397e26fe64855220be4d06c3b1f",
                "54eebb7d29eac647d30e7cea060977281b7edb798fa3fe3cb30c8471b9a17eb7",
                "8f734339272d1251697e53d6f46f61473a46ff2c215bbf410f43df8125420641",
                "5e7614ae39caca7039f9420c4777038710afb8ce4070d24957b923b30702b004",
                "9d06173d73695e319620b59fa11e4362243bda014558701f43bb727f16cbd371",
                "dca72c4a029f4d04601640dbce70a4b14b48f12bb339425f6ed216fde3b5625a"
            ],
            "type": "Fetch",
            "firstPartyCookies": {},
            "firstPartyCookiesSent": {},
            "exampleSites": [
                "audiokarma.org",
                "en.akinator.com",
                "vaistai.lt",
                "www.1188.lv",
                "www.apkmirror.com",
                "www.audiokarma.org",
                "www.delfi.lt",
                "www.delfi.ee",
                "www.ifly.com",
                "www.lrytas.lt",
                "www.toyota-4runner.org"
            ]
        },
        {
            "rule": "adxpremium\\.services\\/smartsync",
            "cookies": 0,
            "fingerprinting": 0,
            "subdomains": [
                "go-sync"
            ],
            "apis": {},
            "sites": 2,
            "prevalence": 0.0000136,
            "cnames": [],
            "responseHashes": [],
            "type": "Image",
            "firstPartyCookies": {},
            "firstPartyCookiesSent": {},
            "exampleSites": [
                "avaz.ba",
                "www.b92.net"
            ]
        },
        {
            "rule": "adxpremium\\.services\\/setuid",
            "cookies": 0.000177,
            "fingerprinting": 0,
            "subdomains": [
                "rtb"
            ],
            "apis": {},
            "sites": 27,
            "prevalence": 0.000184,