{
    "domain": "aid.no",
    "owner": {},
    "source": [
        "DuckDuckGo-NO"
    ],
    "prevalence": 0.00594,
    "sites": 59,
    "subdomains": [
        "www"
    ],
    "cnames": [],
    "fingerprinting": 0,
    "resources": [
        {
            "rule": "aid\\.no\\/api\\/pluto\\/v1\\/sessions\\/current",
            "cookies": 0,
            "fingerprinting": 0,
            "subdomains": [
                "www"
            ],
            "apis": {},
            "sites": 59,
            "prevalence": 0.00594,
            "cnames": [],
            "responseHashes": [
                "99cd3eaf35239e7c5a250b4a38232d9e68ba766629023b7cef2bd99c412316fa",
                "8e2a266bf117213696792f2b2bcbd451fe469691160d2edd60a90258d694f1bc",
                "596f83473457a67654324f1a556792daad10a9cd599c393633f81ca82f245f25",
                "26a6cb0de2073fa1a9c1852a2a39eb8b6281b8ac1f4896d1d151d13a3563f83d",
                "1f6b02385e7b94bd3348838eb06408b810c3a4e2dc3869347e6bdc98e276ca53",
                "57ed696a14ab1842109d988cac68cd3eed1073e90452b324d4cf2bb0d13c70a4",
                "c2da54b6a569238213cbfa04916f921505d5de473240035f7d65e7b16c5fab54",
                "3144f712e01ea9f08480807b24263e6c6aa9214f581ab3e30c0d2a56db9ff7e1",
                "6ab772168d6030e4f4e54e63b674e1c9c6f8d11ff628552c054ba97188bf0785",
                "2eed1492f093c3afda4750d7f457b9fc15614f1e2c2027980968e11da144f93f",
                "a9e7ac33a6fed974b55fa584b934b20be707d78acda4bcd5f50ceaa8e7f38935",
                "05790568bb9c16f7e3176d03c949fd27ff213d86835b8c55d9827de4b32515dc",
                "867d8e161aa49c6e5d571c7486d7ce40b495ca1b1ce741f86348fab986feea81",
                "9e0f6c04cb83b5145de209006d96f46158a68702899c825692aec760a974725e",
                "68114c79fa96816f7d37ba1ed496bce1a22d77398a42f10bc2d93e3b9b57ed6d",
                "0a4f8a4316806ba3da94e5e3f25a0f308a028c738b0bf7675830a30a8d156108",
                "1aaa3b66dfaeebc85814bba5233f4c058f7e604085b0f5880ba13f0f4629a59d",
                "17f2523037c9a4ac90e57e3eadb5a7c56de718ebc4ff19a212287ca82783dcfc",
                "ecd3207f7154eb254e87a287906e01c2af4db1a29c1cded43fceebf1e19093ef",
                "4380a680f986f05eaab48cfd210afc9bf7eb9f2da6ce7bdff6d3c6d05a671541",
                "44a25b7e4b53893b999a1df020bdc925bef4fc8eed9cc1732ed73f8e55f91608",
                "f3f3487c198eed32ad63e86eb87ee347f892f674b3101a74bef4076088fae720",
                "2bf358c23cd77fc499464d744310caec9b9edd00e874c8d19f533efacc03455d",
                "6e78625f88737db1c1ed6737add63e6e3902b9cbb424315740d8ce94454ec1aa",
                "202758cdb49beb30f475ba09cf36857b69d2ba9facbeeb171d271d204a8a86ff",
                "4f5cc82fa8c10b7bcfde90a83e964077922940030ac625ee6e9b759a1bd8d704",
                "1488ccfae83083ecb0bc08ca559ca6df46c604500bfdfc5359d9be7a1a3b8495",
                "27ae31390f7484e4edd57b9fa38c01a45c53aa2073bb792287f98654dbe80506",
                "b8908555ec75dc544fc17edc304b315a72f9ef56c9eb432032cc907bca7242b8",
                "d9e16a0132752d3fdbec13910a88c9f4c80470fcdd8ae55489b953eecbfd5d3e",
                "97a4951ebab87395163cdd8d866edf6cecddf10a6e9335d7ec8244094a933dc1",
                "4ec79a57e090a772126b358ba644a248ece3ae9958e4904489ed913c089fd6ec",
                "4ad704760acec04c9e82483c50ae79b62956fca70922551c908228406adf9f92",
                "da82cec182ff1e7b1dfbfa5b99e5d8a79669e4b33bea804e201cf545d1f0f3a9",
                "fbad1b9cc5483eb8888f75b12e02de713c4cb5c8e431db40d287401ecfd0caf1",
                "59d24694778a680244fc0c7aa7d0793ceb88feaf95198e111ac0dbe75cca6a89",
                "224da9c2e0d674f0fd8e354b680e4b171ee59ce3c0f4b83cc76a6933d30e78be",
                "fca698e767630da8bcbefee4debf1bae9780257713fda2f51556089d83b23e4c",
                "f875ae39d2d604914fcfb81bffb4a8e1d3d79ca66aa943344415b0912cf67c91",
                "34224ccc056f65900a99a76070bf7120c6518cbaaca586d74997e9467553c76b",
                "a83312648440fdd58c51ce02a87bd9d9d298c9ec8d9bcb9fda6c6f237a8bb3c7",
                "6a75f20da9ccbb764fc0c97d332f2e3fdae8e781e1c5ffba586e34538de540f3",
                "df50515aee652beb85de55b4613ae39b0fa29fed76fa4180a94560a7c56ebcc0",
                "57fc4cd8c53a88bf7c5a162d60ba75f7b3d405921ddbdac2a993f6de78686679",
                "4e0d45ba0aa0f9361118df97695a01209f46fce5a84ef15883ff5216aae89bab",
                "d91159956605a57b65beb7014b227473f92626cd56f49db851427816a67e0d73",
                "aaa715bfcba9ccba0f9830c729f574f30527f336a20bfb8ca297419dab8a1075",
                "a2618ec8dc90dce95785a4897a26e9cde31e367fd6abb581cde0e2c8c0ae004e",
                "926d96d8b44472c23ee8772437f11d31a3d8184a8aa3160f917fce77cf751a91",
                "59e2f3c71a6809f4a441add1ea2a3fe6bc714561924b5bdac13d674b2970473a",
                "8743adb7423d18131a4b525a90c9833366a0cce2acfb2bb0552de644f6ce781b",
                "a3b9b380a3bb1082ed72f4dda5147a400d9f47ace496fd44afff2d188757c6f1",
                "e18dc6022735b06a0d79bb158c823ebb8b2590e4d5bbd8849240f2bd5e878be0",
                "6f1cf187e5a0900ab81a8d003de211eb185ac8d217efea9288b500eb539fb10c",
                "a5c0cceecf4bf4f72143f730ce37f0f6b3b8b9ac1defcfe80d39b1ae08ad5933",
                "ddb8029c6b5f47031eadc6d30aa959710a44233329e7bd8aec898295deca116f",
                "c557f1a5302cee7df22f5fef79af29f4bbcc76de9478b8d2192f655b997a8be7",
                "e72c21c818154055a547b5db55ff6bc756eedead24667e738d062992bb1e3343"
            ],
            "type": "Fetch",
            "firstPartyCookies": {},
            "firstPartyCookiesSent": {},
            "exampleSites": [
                "www.tb.no",
                "www.austagderblad.no",
                "www.nordnorskdebatt.no",
                "www.ao.no",
                "www.budstikka.no",
                "www.helg.no",
                "www.sa.no",
                "www.lofotposten.no",
                "www.oyene.no",
                "www.nettavisen.no",
                "www.namdalsavisa.no",
                "www.oa.no",
                "www.rb.no",
                "www.gjengangeren.no",
                "www.laagendalsposten.no",
                "www.ba.no",
                "www.nationen.no",
                "www.retten.no",
                "www.ha-halden.no",
                "www.bygdeposten.no"
            ]
        }
    ],
    "categories": [],
    "performance": {},
    "cookies": 0,
    "topInitiators": [
        {
            "domain": "acdn.no",
            "prevalence": 1
        }
    ],
    "types": {
        "Fetch": 59
    },
    "nameservers": [
        "ns-zoo.i.bitbit.net",
        "ns-foo.i.bitbit.net",
        "ns-bar.i.bitbit.net"
    ]
}