{
    "domain": "aimbase.com",
    "owner": {
        "name": "Avala Marketing Group",
        "displayName": "Avala Marketing Group"
    },
    "source": [
        "DuckDuckGo-US"
    ],
    "prevalence": 0.000232,
    "sites": 34,
    "subdomains": [
        "ws",
        "tiffingroup",
        "marinemaxfans"
    ],
    "cnames": [],
    "fingerprinting": 1,
    "resources": [
        {
            "rule": "aimbase\\.com\\/Scripts\\/awa\\.js",
            "cookies": 0.00015,
            "fingerprinting": 1,
            "subdomains": [
                "ws"
            ],
            "apis": {
                "Document.cookie getter": 15,
                "Date.prototype.getTime": 21,
                "Document.cookie setter": 15
            },
            "sites": 22,
            "prevalence": 0.00015,
            "cnames": [],
            "responseHashes": [
                "28a8435c90100d887fa2b31651c70b8b53804c2511e56aca1926381b209c43d3",
                "2441262d17bec1885950000afceb46367694bf0a274f8667666d953c230c5441",
                "edafbb24b90857d1e64a2d32381416187c6eacc763dc235c250f16cffea61843",
                "b088dfafcf2277a4c5e5ba1214eb9a235ac04148733506a5841d4fa602239501",
                "323ff8b9f7d20e7f01bb3cb0a13cffafb99623d1bcf78d69e4a39fb75f43dfc6",
                "3c08e1638f32e138bc46dc34aa81d0e361a0dce61d0f99ba260497e63b7eedab",
                "bf5eae9fad3cc0e46f9d1736c657f136718e4e9ec012a50148fc36a402805a95",
                "46fb661a968cbe1c7b2d7c3c7392dc4e43baf278e1c671d2fd04d5f878cdd922",
                "866d2ee77dd1e86901a6e2405a534b0bffcee444957a40fb746c159684c31e54",
                "c34dd8b83800c24574b88c80a21084200e1037a6594b0f40d16bf64ff3688f34",
                "4e8207af179ac74d319942e16b6aea28b6953b6dc07d0284d6ee59d29369e084",
                "4eb75e301ff49b9bed02f8afd8e5b0e66ea9eda2805b13e6f9b0e262728e12af",
                "3c96b7cfaea696b9d25337eb7c790dead5889f1df9715e601a404f097d8d4f07",
                "f7f5f325d6460211783eea48d3b4965a40fecc89458b6a407355594dc3be8d7c",
                "ca33f9147e192bc3ebd76aa500545f4296325ef6ecd8dc61a366b2d64f5c27bb",
                "7f09703092546c3bb5a892b0da1f9aac38ca9e7468de47985840114a4cf17d69",
                "a3e25d200c06f6dd5d895e7e66bb17375893b1e687d3f398d6dd2477b0ae8e00",
                "519efc1c33fa395767b2ed046b6240debc57bb27b5eba83a9ea2496c22b16eed",
                "9429402eda32cdf9e3a93effeb4cdd3904089f70538d9d89ba3ebf0b7c6ba7fd",
                "53a10abebc58720b39a3a249bc1ed3ee24836b2c2e26ccc5eb2d1452b60e0221"
            ],
            "type": "Script",
            "firstPartyCookies": {
                "Aimbase.Analytics.Session": {
                    "ttl": 1204,
                    "length": 101,
                    "prevalence": 0.00010218053256493573,
                    "uniqueness": 1
                }
            },
            "firstPartyCookiesSent": {},
            "exampleSites": [
                "txtsv.com",
                "tiffinmotorhomes.com",
                "heartlandrvs.com",
                "legacy.granddesignrv.com",
                "www.crossroadsrv.com",
                "arcticcat.txtsv.com",
                "www.exploreusa.com",
                "www.shoremaster.com",
                "www.bluedogrv.com",
                "www.campersinn.com",
                "zeromotorcycles.com",
                "www.entegracoach.com",
                "www.dutchmen.com",
                "landmaster.com",
                "www.thormotorcoach.com",
                "www.winnebago.com",
                "www.pleasurelandrv.com",
                "ezgo.txtsv.com",
                "www.granddesignrv.com",
                "www.gradywhite.com"
            ]
        },
        {
            "rule": "aimbase\\.com\\/api\\/pagevisit",
            "cookies": 0,
            "fingerprinting": 0,
            "subdomains": [
                "ws"
            ],
            "apis": {},
            "sites": 23,
            "prevalence": 0.000157,
            "cnames": [],
            "responseHashes": [
                "07383c96980710a04144e5a39ae59e7f9f74bcfd6462a6932ded48efe6d73bce"
            ],
            "type": "Image",
            "firstPartyCookies": {},
            "firstPartyCookiesSent": {},
            "exampleSites": [
                "www.shoremaster.com",
                "www.crossroadsrv.com",
                "tiffinmotorhomes.com",
                "legacy.granddesignrv.com",
                "www.thormotorcoach.com",
                "www.dutchmen.com",
                "www.gradywhite.com",
                "www.winnebago.com",
                "heartlandrvs.com",
                "www.granddesignrv.com",
                "txtsv.com",
                "www.exploreusa.com",
                "www.bluedogrv.com",
                "www.campersinn.com",
                "www.pleasurelandrv.com",
                "www.rangertugs.com",
                "www.entegracoach.com",
                "ezgo.txtsv.com",
                "www.toyotaforklift.com",
                "www.keystonerv.com"
            ]
        },
        {
            "rule": "aimbase\\.com\\/api\\/pageaction",
            "cookies": 0,
            "fingerprinting": 0,
            "subdomains": [
                "ws"
            ],
            "apis": {},
            "sites": 7,
            "prevalence": 0.0000477,
            "cnames": [],
            "responseHashes": [
                "07383c96980710a04144e5a39ae59e7f9f74bcfd6462a6932ded48efe6d73bce"
            ],
            "type": "Image",
            "firstPartyCookies": {},
            "firstPartyCookiesSent": {},
            "exampleSites": [
                "txtsv.com",
                "arcticcat.txtsv.com",
                "ezgo.txtsv.com",
                "www.exploreusa.com",
                "www.keystonerv.com",
                "www.winnebago.com",
                "zeromotorcycles.com"
            ]
        },
        {
            "rule": "aimbase\\.com\\/scripts\\/reviewwidget\\.js",
            "cookies": 0,
            "fingerprinting": 0,
            "subdomains": [
                "tiffingroup",
                "marinemaxfans"
            ],
            "apis": {},
            "sites": 2,
            "prevalence": 0.0000136,
            "cnames": [],
            "responseHashes": [
                "3fde71d652e0019af03dd82384622f12a6b969398233d970b95c25defe179d88"
            ],
            "type": "Script",
            "firstPartyCookies": {},
            "firstPartyCookiesSent": {},
            "exampleSites": [
                "tiffinmotorhomes.com",
                "www.marinemax.com"
            ]
        },
        {
            "rule": "aimbase\\.com\\/CSI\\/API\\/ReviewSearch",
            "cookies": 0,
            "fingerprinting": 0,
            "subdomains": [
                "tiffingroup",
                "marinemaxfans"
            ],
            "apis": {},
            "sites": 2,
            "prevalence": 0.0000136,
            "cnames": [],
            "responseHashes": [],
            "type": "Preflight",
            "firstPartyCookies": {},
            "firstPartyCookiesSent": {},
            "exampleSites": [
                "tiffinmotorhomes.com",
                "www.marinemax.com"
            ]
        },
        {
            "rule": "aimbase\\.com\\/content\\/reviewwidget\\.css",
            "cookies": 0,
            "fingerprinting": 0,
            "subdomains": [
                "tiffingroup",
                "marinemaxfans"
            ],
            "apis": {},
            "sites": 2,
            "prevalence": 0.0000136,
            "cnames": [],
            "responseHashes": [
                "c057a2386c02eb12728b7542a2dae0af91212fa8e9a37d7618ce4e3097ab0a4f"
            ],
            "type": "Stylesheet",
            "firstPartyCookies": {},
            "firstPartyCookiesSent": {},