{
    "domain": "air.tv",
    "owner": {},
    "source": [
        "DuckDuckGo-US"
    ],
    "prevalence": 0.000102,
    "sites": 15,
    "subdomains": [
        "embed",
        "cdn-sp-s3",
        "events",
        "counts"
    ],
    "cnames": [],
    "fingerprinting": 1,
    "resources": [
        {
            "rule": "air\\.tv\\/v1\\/twoview_bootstrap\\.js",
            "cookies": 0,
            "fingerprinting": 1,
            "subdomains": [
                "embed"
            ],
            "apis": {
                "Navigator.prototype.userAgent": 10
            },
            "sites": 10,
            "prevalence": 0.0000681,
            "cnames": [],
            "responseHashes": [
                "13af437844cf3f131a1c74ea35f4db63fefb5b39b00ab9419536f0dee87a26bc",
                "067f00a269b378eddab01fd37a9a3207c142f338480afa33983f3fe1529ae85a",
                "18652e8c75fdca19b078fad24de91bd22fbf8c9f3fba2b9926c05527d87142e8",
                "d61734c4bbe88633a1f44d38b5c4ca73876d779c3ff82321bff8f0546e269048",
                "48f3b65d9504cecf05ad2a40eea75515c7ea5d264c8f7b0ae014b209d543f6d6",
                "7bffaf2426077a967f2fea4ac1a6b6e12b049e0ac3f869cdb47499b3d2a69950",
                "fcd1146d73f280928254c578e95a8ab1d7a12a69a47c7e06c1c61f72b5981775",
                "e9a21d624b5163788bc465160d3e496ade1b590dccb786366183342472caf7d2",
                "0218f87ffa1814ab38baf9799de2d556a884ca8ba14ae28d38d53e390955025a"
            ],
            "type": "Script",
            "firstPartyCookies": {},
            "firstPartyCookiesSent": {},
            "exampleSites": [
                "conservativebrief.com",
                "homehacks.co",
                "news.grabien.com",
                "theclemsoninsider.com",
                "trendingpoliticsnews.com",
                "www.americanthinker.com",
                "www.godtube.com",
                "www.godupdates.com",
                "www.goodnewsnetwork.org",
                "www.ranker.com"
            ]
        },
        {
            "rule": "air\\.tv\\/airtv\\.js\\/v\\/2022-07-07_07-15-41\\/twoview-1\\.0\\.js",
            "cookies": 0,
            "fingerprinting": 1,
            "subdomains": [
                "cdn-sp-s3"
            ],
            "apis": {
                "Navigator.prototype.userAgent": 10,
                "window.localStorage": 10
            },
            "sites": 10,
            "prevalence": 0.0000681,
            "cnames": [],
            "responseHashes": [
                "eb579429c41817bd817305acdadb5e21ca7eca69c30584fb591a3a67066faec2"
            ],
            "type": "Script",
            "firstPartyCookies": {},
            "firstPartyCookiesSent": {},
            "exampleSites": [
                "conservativebrief.com",
                "homehacks.co",
                "news.grabien.com",
                "theclemsoninsider.com",
                "trendingpoliticsnews.com",
                "www.americanthinker.com",
                "www.godtube.com",
                "www.godupdates.com",
                "www.goodnewsnetwork.org",
                "www.ranker.com"
            ]
        },
        {
            "rule": "air\\.tv\\/script-loads",
            "cookies": 0,
            "fingerprinting": 0,
            "subdomains": [
                "events"
            ],
            "apis": {},
            "sites": 10,
            "prevalence": 0.0000681,
            "cnames": [],
            "responseHashes": [],
            "type": "Preflight",
            "firstPartyCookies": {},
            "firstPartyCookiesSent": {},
            "exampleSites": [
                "conservativebrief.com",
                "homehacks.co",
                "news.grabien.com",
                "theclemsoninsider.com",
                "trendingpoliticsnews.com",
                "www.americanthinker.com",
                "www.godtube.com",
                "www.godupdates.com",
                "www.goodnewsnetwork.org",
                "www.ranker.com"
            ]
        },
        {
            "rule": "air\\.tv\\/script-loads",
            "cookies": 0,
            "fingerprinting": 0,
            "subdomains": [
                "events"
            ],
            "apis": {},
            "sites": 10,
            "prevalence": 0.0000681,
            "cnames": [],
            "responseHashes": [
                "e3b0c44298fc1c149afbf4c8996fb92427ae41e4649b934ca495991b7852b855"
            ],
            "type": "XHR",
            "firstPartyCookies": {},
            "firstPartyCookiesSent": {},
            "exampleSites": [
                "conservativebrief.com",
                "homehacks.co",
                "news.grabien.com",
                "theclemsoninsider.com",
                "trendingpoliticsnews.com",
                "www.americanthinker.com",
                "www.godtube.com",
                "www.godupdates.com",
                "www.goodnewsnetwork.org",
                "www.ranker.com"
            ]
        },
        {
            "rule": "air\\.tv\\/social-embed-loads",
            "cookies": 0,
            "fingerprinting": 0,
            "subdomains": [
                "events"
            ],
            "apis": {},
            "sites": 3,
            "prevalence": 0.0000204,
            "cnames": [],
            "responseHashes": [],
            "type": "Preflight",
            "firstPartyCookies": {},
            "firstPartyCookiesSent": {},
            "exampleSites": [
                "trendingpoliticsnews.com",
                "www.godtube.com",
                "www.godupdates.com"
            ]
        },
        {
            "rule": "air\\.tv\\/social-embed-loads",
            "cookies": 0,
            "fingerprinting": 0,
            "subdomains": [
                "events"
            ],
            "apis": {},
            "sites": 3,
            "prevalence": 0.0000204,
            "cnames": [],
            "responseHashes": [
                "e3b0c44298fc1c149afbf4c8996fb92427ae41e4649b934ca495991b7852b855"
            ],
            "type": "XHR",
            "firstPartyCookies": {},
            "firstPartyCookiesSent": {},
            "exampleSites": [
                "trendingpoliticsnews.com",
                "www.godtube.com",
                "www.godupdates.com"
            ]
        },
        {
            "rule": "air\\.tv\\/v1\\/youtube_embed",
            "cookies": 0,
            "fingerprinting": 0,
            "subdomains": [
                "embed"
            ],
            "apis": {},
            "sites": 2,
            "prevalence": 0.0000136,
            "cnames": [],
            "responseHashes": [
                "fd4cd5ab187fee9832b38a2f453a21020a86691a0abfd744c59c261989474247"
            ],
            "type": "XHR",
            "firstPartyCookies": {},
            "firstPartyCookiesSent": {},
            "exampleSites": [
                "godtube.com",
                "www.godupdates.com"
            ]
        },
        {
            "rule": "air\\.tv\\/player-loads",
            "cookies": 0,
            "fingerprinting": 0,
            "subdomains": [
                "events",
                "counts"
            ],
            "apis": {},
            "sites": 2,
            "prevalence": 0.0000136,
            "cnames": [],
            "responseHashes": [
                "e3b0c44298fc1c149afbf4c8996fb92427ae41e4649b934ca495991b7852b855"
            ],
            "type": "XHR",
            "firstPartyCookies": {},
            "firstPartyCookiesSent": {},
            "exampleSites": [
                "godtube.com",
                "www.godtube.com"
            ]
        },
        {
            "rule": "air\\.tv\\/player-loads",
            "cookies": 0,
            "fingerprinting": 0,
            "subdomains": [
                "events",
                "counts"
            ],
            "apis": {},
            "sites": 2,
            "prevalence": 0.0000136,
            "cnames": [],