{
    "domain": "amspbs.com",
    "owner": {},
    "source": [
        "DuckDuckGo-US"
    ],
    "prevalence": 0.0000477,
    "sites": 7,
    "subdomains": [],
    "cnames": [],
    "fingerprinting": 0,
    "resources": [
        {
            "rule": "amspbs\\.com\\/cookie_sync",
            "cookies": 0,
            "fingerprinting": 0,
            "subdomains": [],
            "apis": {},
            "sites": 4,
            "prevalence": 0.0000272,
            "cnames": [],
            "responseHashes": [
                "0f9c35df9f6b7d7dfdf956380076720f27d3c5bb47aae7411fbbff488af01d28",
                "b518e8d7bc6da84cc06c0e562898cf30af49978005c3a0b56838b4c17c88adad",
                "ff24daf551e1c4ab3506e2f73b40cd0e404f07bee32f5f486953fc4c1966d9ee"
            ],
            "type": "XHR",
            "firstPartyCookies": {},
            "firstPartyCookiesSent": {},
            "exampleSites": [
                "barstoolsports.com",
                "www.one37pm.com",
                "www.purewow.com",
                "www.snopes.com"
            ]
        },
        {
            "rule": "amspbs\\.com\\/openrtb2\\/auction",
            "cookies": 0,
            "fingerprinting": 0,
            "subdomains": [],
            "apis": {},
            "sites": 5,
            "prevalence": 0.0000341,
            "cnames": [],
            "responseHashes": [
                "c63f01279f3a9e54f71c6da5c35fbfb83256a44d2a6f4473509c961a01fb0145",
                "4b2d7103466cb5dbdc3b0cd4952eaa81cb5cb6d97642a87f99723403a38e080e",
                "027444b6e04fcb0c1f1cd303b135db7ce4179ea94276173c23ddc605e0a8a2d0",
                "1c1c9bf3f06990c6c7472c6e269955d3a72107905b0b9f6510cd233dce4854dc"
            ],
            "type": "XHR",
            "firstPartyCookies": {},
            "firstPartyCookiesSent": {},
            "exampleSites": [
                "barstoolsports.com",
                "www.barstoolsports.com",
                "www.one37pm.com",
                "www.purewow.com",
                "www.snopes.com"
            ]
        },
        {
            "rule": "amspbs\\.com\\/setuid",
            "cookies": 0.0000409,
            "fingerprinting": 0,
            "subdomains": [],
            "apis": {},
            "sites": 6,
            "prevalence": 0.0000409,
            "cnames": [],
            "responseHashes": [
                "c956a8bbf43bb56f60d1beefcc5a70f2cb0725083a00e8a0daf423176509fd18",
                "e3b0c44298fc1c149afbf4c8996fb92427ae41e4649b934ca495991b7852b855"
            ],
            "type": "Image",
            "firstPartyCookies": {},
            "firstPartyCookiesSent": {},
            "exampleSites": [
                "barstoolsports.com",
                "www.barstoolsports.com",
                "www.famousbirthdays.com",
                "www.one37pm.com",
                "www.purewow.com",
                "www.snopes.com"
            ]
        },
        {
            "rule": "amspbs\\.com\\/cookie_sync",
            "cookies": 0,
            "fingerprinting": 0,
            "subdomains": [],
            "apis": {},
            "sites": 2,
            "prevalence": 0.0000136,
            "cnames": [],
            "responseHashes": [
                "35a0df3ef7efe2b858fd9a14800db488f60a41248b9f21870f257b536de14742"
            ],
            "type": "Fetch",
            "firstPartyCookies": {},
            "firstPartyCookiesSent": {},
            "exampleSites": [
                "famousbirthdays.com",
                "www.famousbirthdays.com"
            ]
        },
        {
            "rule": "amspbs\\.com\\/openrtb2\\/auction",
            "cookies": 0,
            "fingerprinting": 0,
            "subdomains": [],
            "apis": {},
            "sites": 2,
            "prevalence": 0.0000136,
            "cnames": [],
            "responseHashes": [
                "473a45f0bddae166aa7a79490b9e637b65e5a0a1c62b486696871f9fd67396ae"
            ],
            "type": "Fetch",
            "firstPartyCookies": {},
            "firstPartyCookiesSent": {},
            "exampleSites": [
                "famousbirthdays.com",
                "www.famousbirthdays.com"
            ]
        }
    ],
    "categories": [],
    "performance": {},
    "cookies": 0.0000477,
    "topInitiators": [
        {
            "domain": "htlbid.com",
            "prevalence": 0.5121951219512195
        },
        {
            "domain": "first party",
            "prevalence": 0.2926829268292683
        },
        {
            "domain": "tynt.com",
            "prevalence": 0.07317073170731707
        },
        {
            "domain": "casalemedia.com",
            "prevalence": 0.04878048780487805
        },
        {
            "domain": "gumgum.com",
            "prevalence": 0.024390243902439025
        },
        {
            "domain": "lijit.com",
            "prevalence": 0.024390243902439025
        },
        {
            "domain": "a-mo.net",
            "prevalence": 0.024390243902439025
        }
    ],
    "types": {
        "XHR": 9,
        "Image": 6,
        "Fetch": 4
    },
    "nameservers": [
        "ns-587.awsdns-09.net",
        "ns-219.awsdns-27.com",
        "ns-1341.awsdns-39.org",
        "ns-1592.awsdns-07.co.uk"
    ]
}