{
    "domain": "analytics-sm.com",
    "owner": {},
    "source": [
        "DuckDuckGo-US"
    ],
    "prevalence": 0.000545,
    "sites": 80,
    "subdomains": [],
    "cnames": [],
    "fingerprinting": 1,
    "resources": [
        {
            "rule": "analytics-sm\\.com\\/js\\/v1\\/beacon\\.js",
            "cookies": 0.000293,
            "fingerprinting": 1,
            "subdomains": [],
            "apis": {
                "Document.cookie getter": 44,
                "Date.prototype.getTime": 45,
                "Document.cookie setter": 43,
                "Date.prototype.getTimezoneOffset": 45
            },
            "sites": 46,
            "prevalence": 0.000313,
            "cnames": [],
            "responseHashes": [
                "133b0a1570d26f9e1beeecaeb4587a8f449c65bff8c87895cdd7e98879644ba6"
            ],
            "type": "Script",
            "firstPartyCookies": {
                "__t1698874356232": {
                    "ttl": -1698874345,
                    "length": 4,
                    "prevalence": 0.000006812035504329049,
                    "uniqueness": 1
                },
                "sm_uuid": {
                    "ttl": 251703414785,
                    "length": 13,
                    "prevalence": 0.0002929175266861491,
                    "uniqueness": 0.9767441860465116
                },
                "__t1698914364897": {
                    "ttl": -1698914356,
                    "length": 4,
                    "prevalence": 0.000006812035504329049,
                    "uniqueness": 1
                },
                "__t1698906736482": {
                    "ttl": -1698906732,
                    "length": 4,
                    "prevalence": 0.000006812035504329049,
                    "uniqueness": 1
                },
                "__t1698888140704": {
                    "ttl": -1698888137,
                    "length": 4,
                    "prevalence": 0.000006812035504329049,
                    "uniqueness": 1
                },
                "__t1698841889271": {
                    "ttl": -1698841884,
                    "length": 4,
                    "prevalence": 0.000006812035504329049,
                    "uniqueness": 1
                },
                "__t1698910279412": {
                    "ttl": -1698910271,
                    "length": 4,
                    "prevalence": 0.000006812035504329049,
                    "uniqueness": 1
                },
                "__t1698902445296": {
                    "ttl": -1698902442,
                    "length": 4,
                    "prevalence": 0.000006812035504329049,
                    "uniqueness": 1
                },
                "__t1698886810463": {
                    "ttl": -1698886807,
                    "length": 4,
                    "prevalence": 0.000006812035504329049,
                    "uniqueness": 1
                },
                "__t1698886018422": {
                    "ttl": -1698886014,
                    "length": 4,
                    "prevalence": 0.000006812035504329049,
                    "uniqueness": 1
                },
                "__t1698830228396": {
                    "ttl": -1698830215,
                    "length": 4,
                    "prevalence": 0.000006812035504329049,
                    "uniqueness": 1
                },
                "__t1698838168678": {
                    "ttl": -1698838164,
                    "length": 4,
                    "prevalence": 0.000006812035504329049,
                    "uniqueness": 1
                },
                "__t1698895708269": {
                    "ttl": -1698895704,
                    "length": 4,
                    "prevalence": 0.000006812035504329049,
                    "uniqueness": 1
                },
                "__t1698909316839": {
                    "ttl": -1698909313,
                    "length": 4,
                    "prevalence": 0.000006812035504329049,
                    "uniqueness": 1
                },
                "__t1698912616805": {
                    "ttl": -1698912613,
                    "length": 4,
                    "prevalence": 0.000006812035504329049,
                    "uniqueness": 1
                },
                "__t1698877360205": {
                    "ttl": -1698877352,
                    "length": 4,
                    "prevalence": 0.000006812035504329049,
                    "uniqueness": 1
                },
                "__t1698878882978": {
                    "ttl": -1698878869,
                    "length": 4,
                    "prevalence": 0.000006812035504329049,
                    "uniqueness": 1
                },
                "__t1698923225516": {
                    "ttl": -1698923221,
                    "length": 4,
                    "prevalence": 0.000006812035504329049,
                    "uniqueness": 1
                },
                "__t1698913438586": {
                    "ttl": -1698913435,
                    "length": 4,
                    "prevalence": 0.000006812035504329049,
                    "uniqueness": 1
                },
                "__t1698840797056": {
                    "ttl": -1698840795,
                    "length": 4,
                    "prevalence": 0.000006812035504329049,
                    "uniqueness": 1
                },
                "__t1698841185060": {
                    "ttl": -1698841176,
                    "length": 4,
                    "prevalence": 0.000006812035504329049,
                    "uniqueness": 1
                },
                "__t1698893129804": {
                    "ttl": -1698893115,
                    "length": 4,
                    "prevalence": 0.000006812035504329049,
                    "uniqueness": 1
                },
                "__t1698836425826": {
                    "ttl": -1698836398,
                    "length": 4,
                    "prevalence": 0.000006812035504329049,
                    "uniqueness": 1
                },
                "__t1698909564477": {
                    "ttl": -1698909546,
                    "length": 4,
                    "prevalence": 0.000006812035504329049,
                    "uniqueness": 1
                },
                "__t1698883086290": {
                    "ttl": -1698883076,
                    "length": 4,
                    "prevalence": 0.000006812035504329049,
                    "uniqueness": 1
                },
                "__t1698889463563": {
                    "ttl": -1698889461,
                    "length": 4,
                    "prevalence": 0.000006812035504329049,
                    "uniqueness": 1
                },
                "__t1698887305187": {
                    "ttl": -1698887298,
                    "length": 4,
                    "prevalence": 0.000006812035504329049,
                    "uniqueness": 1
                },
                "__t1698877141044": {
                    "ttl": -1698877129,
                    "length": 4,
                    "prevalence": 0.000006812035504329049,
                    "uniqueness": 1
                },
                "__t1698905841197": {
                    "ttl": -1698905837,
                    "length": 4,
                    "prevalence": 0.000006812035504329049,
                    "uniqueness": 1
                },
                "__t1698884857275": {
                    "ttl": -1698884855,
                    "length": 4,
                    "prevalence": 0.000006812035504329049,
                    "uniqueness": 1
                },
                "__t1698880482347": {
                    "ttl": -1698880477,
                    "length": 4,
                    "prevalence": 0.000006812035504329049,
                    "uniqueness": 1
                },
                "__t1698824677639": {
                    "ttl": -1698824646,