{
    "domain": "analytics-engine.com",
    "owner": {},
    "source": [
        "DuckDuckGo-US"
    ],
    "prevalence": 0.0000272,
    "sites": 4,
    "subdomains": [
        "server.fuse"
    ],
    "cnames": [],
    "fingerprinting": 0,
    "resources": [
        {
            "rule": "analytics-engine\\.com\\/public\\/lease",
            "cookies": 0,
            "fingerprinting": 0,
            "subdomains": [
                "server.fuse"
            ],
            "apis": {},
            "sites": 3,
            "prevalence": 0.0000204,
            "cnames": [],
            "responseHashes": [
                "5cdf4384fa7ecc51b3efa195d0433a9c11c851721f5f9299831a6a2f2cc100c1",
                "b62be847d4cc979f6f2fd8a59b55846b9280d22347dc98abceb4117a754e88dc"
            ],
            "type": "XHR",
            "firstPartyCookies": {},
            "firstPartyCookiesSent": {
                "tglr_anon_id": 0.000013624071008658098,
                "tglr_sess_id": 0.000013624071008658098,
                "tglr_tenant_id": 0.000013624071008658098,
                "fuseid": 0.000013624071008658098,
                "_li_dcdm_c": 0.000006812035504329049,
                "_mfuuid_": 0.000006812035504329049
            },
            "exampleSites": [
                "frontier.com",
                "www.allconnect.com",
                "www.bandwidthplace.com"
            ]
        },
        {
            "rule": "analytics-engine\\.com\\/public\\/confirm",
            "cookies": 0,
            "fingerprinting": 0,
            "subdomains": [
                "server.fuse"
            ],
            "apis": {},
            "sites": 3,
            "prevalence": 0.0000204,
            "cnames": [],
            "responseHashes": [
                "e3b0c44298fc1c149afbf4c8996fb92427ae41e4649b934ca495991b7852b855"
            ],
            "type": "XHR",
            "firstPartyCookies": {},
            "firstPartyCookiesSent": {
                "tglr_anon_id": 0.000013624071008658098,
                "tglr_sess_id": 0.000013624071008658098,
                "tglr_tenant_id": 0.000013624071008658098,
                "fuseid": 0.000013624071008658098,
                "_li_dcdm_c": 0.000006812035504329049,
                "_mfuuid_": 0.000006812035504329049
            },
            "exampleSites": [
                "frontier.com",
                "www.allconnect.com",
                "www.bandwidthplace.com"
            ]
        }
    ],
    "categories": [],
    "performance": {},
    "cookies": 0,
    "topInitiators": [
        {
            "domain": "first party",
            "prevalence": 0.625
        },
        {
            "domain": "myfinance.com",
            "prevalence": 0.25
        },
        {
            "domain": "cohesionapps.com",
            "prevalence": 0.125
        }
    ],
    "types": {
        "XHR": 6
    },
    "nameservers": [
        "ns1.brandsight-dns.com",
        "ns2.brandsight-dns.com",
        "ns1.brandsight-dns.net",
        "ns2.brandsight-dns.net"
    ]
}