{
    "domain": "anglerfox.com",
    "owner": {},
    "source": [
        "DuckDuckGo-US"
    ],
    "prevalence": 0.0000613,
    "sites": 9,
    "subdomains": [
        "cd"
    ],
    "cnames": [],
    "fingerprinting": 1,
    "resources": [
        {
            "rule": "anglerfox\\.com\\/app\\/script\\/load_script\\.php",
            "cookies": 0.0000477,
            "fingerprinting": 1,
            "subdomains": [
                "cd"
            ],
            "apis": {
                "Navigator.prototype.userAgent": 7,
                "window.sessionStorage": 7,
                "Document.cookie getter": 7,
                "window.localStorage": 7,
                "Date.prototype.getTime": 7,
                "Document.cookie setter": 7,
                "Event.prototype.timeStamp": 7
            },
            "sites": 7,
            "prevalence": 0.0000477,
            "cnames": [],
            "responseHashes": [
                "1c0e560aa8542a16a612da9d6727607333677196cb76099f1c1754888ee5fbbe",
                "f875ec764e650cad2e965df38ff2d4f579e6264ab8ef14ac52610ab070786dd8",
                "50482fe0a0d986504d3aeb28dd0b9ce5fca8c4dfff57654bb78f6926910bad98",
                "5967ad992c192c73a3f94b5224563899f46d4854b26043810bc813d3704d950a",
                "6d536eedbf0f95a79939c35150c2e73c0d9eac3c4ee5903b37654ad16ba0d867",
                "3db6cab68e17ba3620af05bf1e8aef33b18330135b00ecbe65908d23f505345c"
            ],
            "type": "Script",
            "firstPartyCookies": {
                "af_cd_conversion_format": {
                    "ttl": 4,
                    "length": 4,
                    "prevalence": 0.00004768424853030334,
                    "uniqueness": 0.14285714285714285
                },
                "af_current_currency": {
                    "ttl": 4,
                    "length": 4,
                    "prevalence": 0.00004768424853030334,
                    "uniqueness": 0.14285714285714285
                }
            },
            "firstPartyCookiesSent": {
                "ebDomainName": 0.000006812035504329049
            },
            "exampleSites": [
                "designeroptics.com",
                "growerssolution.com",
                "heavensharvest.com",
                "readywise.com",
                "siliconelovers.com",
                "www.boat-lifestyle.com",
                "www.coolinastore.com"
            ]
        }
    ],
    "categories": [],
    "performance": {},
    "cookies": 0.0000613,
    "topInitiators": [
        {
            "domain": "first party",
            "prevalence": 1
        }
    ],
    "types": {
        "Script": 7
    },
    "nameservers": [
        "ns43.domaincontrol.com",
        "ns44.domaincontrol.com"
    ]
}