{
    "domain": "ardslediana.com",
    "owner": {},
    "source": [
        "DuckDuckGo-US"
    ],
    "prevalence": 0.0000749,
    "sites": 11,
    "subdomains": [],
    "cnames": [],
    "fingerprinting": 3,
    "resources": [
        {
            "rule": "ardslediana\\.com\\/",
            "cookies": 0.0000477,
            "fingerprinting": 0,
            "subdomains": [],
            "apis": {},
            "sites": 7,
            "prevalence": 0.0000477,
            "cnames": [],
            "responseHashes": [
                "02b21893d9c1ffc76b8273936f156d2a99265ac0a67637bb30431109f5d4a779",
                "6d1ba10a65752f2876e7006d115e756add49bfcaa2ecff0f6c2b59a19ee9ef4f",
                "3af65f2b9629a5d263bbf5bf34b7644f9ea67e9bcc30386f82ade87bb6ea44d0",
                "bf6a5683e92ec0a3f17b8b415bda5dd4a2e54c0f9e42dde070bbd84ed72a6ddb",
                "8019c375f5289b08aefd068182b6aaf04f282b6330046da61d92d6d6fde5978c",
                "3462281fc1cccd3448945e9b28c5dba3997eaf4316041d54cad634a1171cb568"
            ],
            "type": "Fetch",
            "firstPartyCookies": {},
            "firstPartyCookiesSent": {},
            "exampleSites": [
                "harimanga.com",
                "kunmanga.com",
                "mangaclash.com",
                "mangakatana.com",
                "manhwaz.com",
                "thekisscartoon.com",
                "www.mangatigre.net"
            ]
        }
    ],
    "categories": [],
    "performance": {},
    "cookies": 0.0000749,
    "topInitiators": [
        {
            "domain": "bedodrioer.com",
            "prevalence": 0.46153846153846156
        },
        {
            "domain": "vooodkabelochkaa.com",
            "prevalence": 0.46153846153846156
        },
        {
            "domain": "desgolurkom.com",
            "prevalence": 0.07692307692307693
        }
    ],
    "types": {
        "Fetch": 7
    },
    "nameservers": [
        "ns-1196.awsdns-21.org",
        "ns-712.awsdns-25.net",
        "ns-385.awsdns-48.com",
        "ns-1738.awsdns-25.co.uk"
    ]
}