{
    "domain": "aspire-ebm.com",
    "owner": {},
    "source": [
        "DuckDuckGo-US"
    ],
    "prevalence": 0.000238,
    "sites": 35,
    "subdomains": [
        "picon.graphql",
        "cablinginstall-aerilon.graphql",
        "scorpia.graphql",
        "gemenon.graphql",
        "dentaleconomics-aerilon.graphql",
        "dentistryiq-aerilon.graphql",
        "militaryaerospace-aerilon.graphql",
        "ogj-aerilon.graphql",
        "rdhmag-aerilon.graphql",
        "waterworld-aerilon.graphql"
    ],
    "cnames": [],
    "fingerprinting": 0,
    "resources": [
        {
            "rule": "aspire-ebm\\.com\\/",
            "cookies": 0,
            "fingerprinting": 0,
            "subdomains": [
                "picon.graphql",
                "cablinginstall-aerilon.graphql",
                "scorpia.graphql",
                "gemenon.graphql",
                "dentaleconomics-aerilon.graphql",
                "dentistryiq-aerilon.graphql",
                "militaryaerospace-aerilon.graphql",
                "ogj-aerilon.graphql",
                "rdhmag-aerilon.graphql",
                "waterworld-aerilon.graphql"
            ],
            "apis": {},
            "sites": 27,
            "prevalence": 0.000184,
            "cnames": [],
            "responseHashes": [
                "b78e27e842244eb04b29181c9c10f158803c54eb5475b14c7b1927f052354c86",
                "7fa271139504a27b56506c2836ea713005c47bde3b3823cef2194950b8a1a3bf",
                "6f4c0c1379cd145c7bec7dc650cce8f48f620345a89eb952149a7e654d047c01",
                "679cb0fc0442bf484ef7243b5bc532ac05abc385b6626b127c88716ac753af9b",
                "36d93b23b07899d9e43d75deef9522c3bb93210bd0448f1ddcee38fde049b2c9",
                "2fa5799b96a00a2d2bb0dfff18abad8c0a2f735f805a33e04ee4379acf939aa0",
                "a3adbee92a7219746fd2b8e8fe9ee5d806417e11c8a97d9b7916c4596e1f6666",
                "94dcde12bd97322f4ea94badb2379c5a6b28f8198278b384ee5d99e99f93ddde",
                "0a88410bfae9edad76c92db2683df56c3c598a3d357b12c33ed6911e68f4f0c6",
                "69f0d4493b275408d26f54369b38ec4a707f7c4068bead9238da035c737dfae4",
                "c336c1861213c18ab2427bea7d7d57fc45da0d8678f46dcfa1c236b63c4fdd4f",
                "a395423eba38287ceebea624311c58737b0f39eceab9f09671ecdacac17a8425",
                "4ec1d29d3c9f950ee14bc6713a0fd6585a9b30b87b5afd094774d921a6d9482b",
                "d6f7b5fe2028244b8d10a90260e3759f022d463e01b7a47f87ff43eb05af3f7c",
                "33d217917e770960ed05bf164241a0298da51ced4112a87681b45b70c51d063d",
                "aeac2c94a5ccbcc8c7dfad133940b835c15faff5961597e209bf81a38a5b6c66",
                "05471a8d0410ca24af13beabdbeb26833fbda62b6f031527bdf7ac48cf369a1d",
                "0ba80d8def02ce9d40526da0619190d7a69510bf3aba69c42d5be084d5a6a4f9",
                "4e55094ef54381f958da974e6a9326c6673896a446f21cce694c766504111eaf",
                "fc1fd1d456062d136f6e4e160f4e8d27d81cc10bd72a5aa80c89ca31dd77a7ea",
                "28f44b56bad3b00a229b6c77f174605b73ba6070e73bee70f394070bb742c25c",
                "56e7764a43a5505812cd2b78aec056a9302504983f05baab8a017a46b8516394",
                "28888a00ea2e475cc663977903583370b49833cf712a335307ebe2d896d8c9cf",
                "61afd27c95ade01a8e60e94a82658ac3411ada2fbf196c669b09b6d8379fffb2"
            ],
            "type": "Fetch",
            "firstPartyCookies": {},
            "firstPartyCookiesSent": {},
            "exampleSites": [
                "www.powermotiontech.com",
                "www.electronicdesign.com",
                "www.ogj.com",
                "www.industryweek.com",
                "www.dentaleconomics.com",
                "www.officer.com",
                "www.fleetowner.com",
                "www.ehstoday.com",
                "www.contractormag.com",
                "www.masstransitmag.com",
                "www.securityinfowatch.com",
                "www.machinedesign.com",
                "www.rdhmag.com",
                "www.militaryaerospace.com",
                "www.contractingbusiness.com",
                "www.moderntiredealer.com",
                "www.firehouse.com",
                "www.dentistryiq.com",
                "www.locksmithledger.com",
                "www.constructionequipment.com"
            ]
        },
        {
            "rule": "aspire-ebm\\.com\\/",
            "cookies": 0,
            "fingerprinting": 0,
            "subdomains": [
                "picon.graphql",
                "cablinginstall-aerilon.graphql",
                "scorpia.graphql",
                "gemenon.graphql",
                "dentaleconomics-aerilon.graphql",
                "dentistryiq-aerilon.graphql",
                "militaryaerospace-aerilon.graphql",
                "ogj-aerilon.graphql",
                "rdhmag-aerilon.graphql",
                "waterworld-aerilon.graphql"
            ],
            "apis": {},
            "sites": 27,
            "prevalence": 0.000184,
            "cnames": [],
            "responseHashes": [],
            "type": "Preflight",
            "firstPartyCookies": {},
            "firstPartyCookiesSent": {},
            "exampleSites": [
                "www.ogj.com",
                "www.industryweek.com",
                "www.firehouse.com",
                "www.electronicdesign.com",
                "www.dentaleconomics.com",
                "www.rdhmag.com",
                "www.locksmithledger.com",
                "www.contractormag.com",
                "www.fleetowner.com",
                "www.securityinfowatch.com",
                "www.ecmweb.com",
                "www.officer.com",
                "www.dentistryiq.com",
                "www.waterworld.com",
                "www.constructionequipment.com",
                "www.masstransitmag.com",
                "www.powermotiontech.com",
                "www.contractingbusiness.com",
                "www.moderntiredealer.com",
                "www.cablinginstall.com"
            ]
        }
    ],
    "categories": [],
    "performance": {},
    "cookies": 0,
    "topInitiators": [
        {
            "domain": "first party",
            "prevalence": 1
        }
    ],
    "types": {
        "Fetch": 27,
        "Preflight": 27
    },
    "nameservers": [
        "ns-229.awsdns-28.com",
        "ns-569.awsdns-07.net",
        "ns-1657.awsdns-15.co.uk",
        "ns-1414.awsdns-48.org"
    ]
}