{
    "domain": "awpya.com",
    "owner": {},
    "source": [
        "DuckDuckGo-US"
    ],
    "prevalence": 0.000116,
    "sites": 17,
    "subdomains": [],
    "cnames": [],
    "fingerprinting": 0,
    "resources": [
        {
            "rule": "awpya\\.com\\/in\\/multy",
            "cookies": 0,
            "fingerprinting": 0,
            "subdomains": [],
            "apis": {},
            "sites": 16,
            "prevalence": 0.000109,
            "cnames": [],
            "responseHashes": [
                "fa034eb10f157113075295823442d66942c23b9bc19d36a7951d0aaab8b629d6",
                "a3c62caa4920c2d71d0cc0d98d678cfcb6a8e000e00c6ca2fbc1f06bb13fec08",
                "e0e15693a496c35f8f7d57268fd4cc815bee66b44cfa7202f29e725f0c144c2b",
                "4b192b51850bec62ca4d1fe98df506e0913dfb78cc30020a7b9830a27a6de9e9",
                "b74f385abe76e28112f3b493c605db76722b942356e923975bc9d1d4f8e007b6",
                "2f484439075dda0125cd0b85fdc24c4f6e03565860b143574bc6113e58693916",
                "9d788b0784b09ea3819195e83a5fbe046fb6ca4a5e09955c62fc28e1bb165e82",
                "bd7c000ea973ee6fdb45d1e8a35f7b8e243e66c839144ba300e0024a6d7f3553",
                "f9453d49bbe6fca59d50ad2b5df046a9b413749fcdcbf82f11734c21b6132341",
                "157673c8cd2fffc2c89ffb69d652a3db6e98affcc29161d06e95ecbf45a6354e",
                "e83c1806ddf4be5c0bf84e2a05c1a7b92b01a9455c5912d597f21d4e3ce048f2",
                "e8619bd3b4437c1825f24028fcae72ea2cfa49695dce8447655c69cca5fe931b",
                "1578212c75de0be29b2e2620be55fae11583b164938fcc12989cdcb55e9c0c52",
                "475104d41f920e47fc73fed75561ecc991389fd0010f329ada062f918576b5d4",
                "184479c47a117e19135f68480c05f0fb3b61a26485086d1c799772a6cc34085f"
            ],
            "type": "XHR",
            "firstPartyCookies": {},
            "firstPartyCookiesSent": {},
            "exampleSites": [
                "analpornovideo.cc",
                "ebosex.top",
                "erokrad.online",
                "fa.huj-pizda.com",
                "g.itsmyfetish.com",
                "pornodevki.fans",
                "pornotopless.click",
                "protinok.click",
                "rus.tizam.ru",
                "sex-doma.me",
                "sexmama.link",
                "sexreal.click",
                "videolaba.cc",
                "www.luscious.net",
                "xnx.hotmovies.cc",
                "zrelki.link"
            ]
        },
        {
            "rule": "awpya\\.com\\/in\\/multy",
            "cookies": 0,
            "fingerprinting": 0,
            "subdomains": [],
            "apis": {},
            "sites": 16,
            "prevalence": 0.000109,
            "cnames": [],
            "responseHashes": [],
            "type": "Preflight",
            "firstPartyCookies": {},
            "firstPartyCookiesSent": {},
            "exampleSites": [
                "analpornovideo.cc",
                "ebosex.top",
                "erokrad.online",
                "fa.huj-pizda.com",
                "g.itsmyfetish.com",
                "pornodevki.fans",
                "pornotopless.click",
                "protinok.click",
                "rus.tizam.ru",
                "sex-doma.me",
                "sexmama.link",
                "sexreal.click",
                "videolaba.cc",
                "www.luscious.net",
                "xnx.hotmovies.cc",
                "zrelki.link"
            ]
        },
        {
            "rule": "awpya\\.com\\/in\\/show\\/",
            "cookies": 0,
            "fingerprinting": 0,
            "subdomains": [],
            "apis": {},
            "sites": 15,
            "prevalence": 0.000102,
            "cnames": [],
            "responseHashes": [
                "e3b0c44298fc1c149afbf4c8996fb92427ae41e4649b934ca495991b7852b855"
            ],
            "type": "Image",
            "firstPartyCookies": {},
            "firstPartyCookiesSent": {},
            "exampleSites": [
                "analpornovideo.cc",
                "ebosex.top",
                "erokrad.online",
                "g.itsmyfetish.com",
                "pornodevki.fans",
                "pornotopless.click",
                "protinok.click",
                "rus.tizam.ru",
                "sex-doma.me",
                "sexmama.link",
                "sexreal.click",
                "videolaba.cc",
                "www.luscious.net",
                "xnx.hotmovies.cc",
                "zrelki.link"
            ]
        }
    ],
    "categories": [],
    "performance": {},
    "cookies": 0,
    "topInitiators": [
        {
            "domain": "wpushsdk.com",
            "prevalence": 0.8163265306122449
        },
        {
            "domain": "bddc935c97.com",
            "prevalence": 0.1836734693877551
        }
    ],
    "types": {
        "XHR": 16,
        "Preflight": 16,
        "Image": 15
    },
    "nameservers": [
        "ns1.digitalocean.com",
        "ns3.digitalocean.com",
        "ns2.digitalocean.com"
    ]
}