{
    "domain": "bablic.com",
    "owner": {},
    "source": [
        "DuckDuckGo-US"
    ],
    "prevalence": 0.000204,
    "sites": 30,
    "subdomains": [
        "e2",
        "d",
        "uploads",
        "cdn2",
        "c"
    ],
    "cnames": [],
    "fingerprinting": 2,
    "resources": [
        {
            "rule": "bablic\\.com\\/api\\/engine\\/pling",
            "cookies": 0.00015,
            "fingerprinting": 0,
            "subdomains": [
                "e2"
            ],
            "apis": {},
            "sites": 24,
            "prevalence": 0.000163,
            "cnames": [],
            "responseHashes": [
                "f811c431da960d97ba60344760b31b72045d2a09256989fc909bab6ffec6ce3b",
                "9d34aad7543885fccb9a3384ea82affe1334508ffa1c8516323002ec470958b7",
                "c9d0e18114d3380d1671d46eb10324fb72c900e352d5cd86c99bbb4cc91fa2b1",
                "4e62f4e59f6acf624cdc74f7bb50c8d08624c45e1a76722f95f5cd6ba35eb3e9",
                "d13be221cc00812b869637676ceafcec9c9d67c77573853e42eefbd535cb6804",
                "58ed6168a1ddf9ae8a18247a020f85c69abcfd35d0184d8f201bad731b6ee04d",
                "9df336908e05278201fb2fda913e52442410c98e58f360a890358cdb052391c9",
                "0777a8ad46da9a3df73b1513ab06522bf907fc42479adff69074a9e031293e65",
                "646d2420f423a034242a59cffbca579a34589a8915146d6bd7e9376d6a8397d1",
                "4b416019b63e41a177ccc1cd7cca8b1465ff580f151405893a567e6316575adf",
                "b0d7db40b8a6f7f53788a76488f8431680000413bd7b139f9b9d2013bb9b39ff",
                "05a3bd09e4645e212a9b056eab712ee6fb063924fcfd4b9f06910ebb094c8c46",
                "13440fbd25047ab4ab805bc23b45bd79b223f1560e207c1c92552855ca173d7a",
                "5cecb8ea354ec9dde38b07e0201312a267c9394e33ddb548ec8bbdfe2084e9c1",
                "8676964d699e0a655068dd74a3e157fd5bb5bb85ca0e08dde8f415df25340b02",
                "22dcb37f36ceb413b31caa6418776b18125bf7ffce294a80fb7a2647d5460371",
                "2cef61b6be1d1b6826294cecab13c2426215be086d943b3a39ee6e589ee9f355",
                "9673a5281d090dbb82d447462822b8af914caeeec0c1d0c82d0db643df15cac3",
                "a3ff56af6c6828e87420703aadde079f0933c2c5ef0c05dd5479e3c2fe6b0f54",
                "dfc818ae456cf30f53aff0369eb9d53a0e324bab6734e0ff2e2d8c0fb20a8778",
                "5ea7adad383d9cd131b8b6795978e9f9a4dc1b7920f1294991fdccc59a730874",
                "9656c82ecf3715c7e26a859616273b136baa8ea076f99b56c8ab923aef6fe906"
            ],
            "type": "XHR",
            "firstPartyCookies": {},
            "firstPartyCookiesSent": {},
            "exampleSites": [
                "www.plymouthmn.gov",
                "www.fauquiercounty.gov",
                "www.yc.edu",
                "www.aza.org",
                "www.pic-time.com",
                "www.cityofkeller.com",
                "www.cuesta.edu",
                "www.kiwanis.org",
                "www.zoleo.com",
                "www.colliercountyfl.gov",
                "www.chathamcountync.gov",
                "www.voiceamerica.com",
                "www.perlick.com",
                "blinkcharging.com",
                "www.mountainview.gov",
                "business.nj.gov",
                "www.hancockcollege.edu",
                "www.bswhealth.com",
                "modelexpo-online.com",
                "www.cityoffullerton.com"
            ]
        },
        {
            "rule": "bablic\\.com\\/api\\/engine\\/pling",
            "cookies": 0,
            "fingerprinting": 0,
            "subdomains": [
                "e2"
            ],
            "apis": {},
            "sites": 24,
            "prevalence": 0.000163,
            "cnames": [],
            "responseHashes": [],
            "type": "Preflight",
            "firstPartyCookies": {},
            "firstPartyCookiesSent": {},
            "exampleSites": [
                "www.perlick.com",
                "www.cityoffullerton.com",
                "blinkcharging.com",
                "www.kiwanis.org",
                "www.fremont.gov",
                "www.bswhealth.com",
                "www.yc.edu",
                "www.plymouthmn.gov",
                "www.chathamcountync.gov",
                "www.donaanacounty.org",
                "www.cuesta.edu",
                "www.pic-time.com",
                "modelexpo-online.com",
                "www.aza.org",
                "business.nj.gov",
                "www.fauquiercounty.gov",
                "www.hancockcollege.edu",
                "www.zoleo.com",
                "www.colliercountyfl.gov",
                "www.mountainview.gov"
            ]
        },
        {
            "rule": "bablic\\.com\\/snippet\\/57c745d43bc985e6680df36a\\.js",
            "cookies": 0.0000136,
            "fingerprinting": 1,
            "subdomains": [
                "d"
            ],
            "apis": {
                "window.localStorage": 2,
                "window.indexedDB": 2,
                "Navigator.prototype.userAgent": 2,
                "Document.cookie getter": 2,
                "Document.cookie setter": 2,
                "Navigator.prototype.language": 2
            },
            "sites": 2,
            "prevalence": 0.0000136,
            "cnames": [],
            "responseHashes": [
                "9939b576050363926eadcec65f76e286010189ffaf0e55a89a698241cb350327"
            ],
            "type": "Script",
            "firstPartyCookies": {
                "bab_locale": {
                    "ttl": 31536003,
                    "length": 2,
                    "prevalence": 0.000013624071008658098,
                    "uniqueness": 0.5
                },
                "bab_original": {
                    "ttl": 31536003,
                    "length": 2,
                    "prevalence": 0.000013624071008658098,
                    "uniqueness": 0.5
                }
            },
            "firstPartyCookiesSent": {},
            "exampleSites": [
                "bswhealth.com",
                "www.bswhealth.com"
            ]
        },
        {
            "rule": "bablic\\.com\\/flags\\/logo\\/unbabel\\.png",
            "cookies": 0,
            "fingerprinting": 0,
            "subdomains": [
                "uploads"
            ],
            "apis": {},
            "sites": 6,
            "prevalence": 0.0000409,
            "cnames": [],
            "responseHashes": [
                "fc64328e1484708cbfc27c7eb95bb045b5c69dfa37b03405b9a0a6198e3f0e91"
            ],
            "type": "Image",
            "firstPartyCookies": {},
            "firstPartyCookiesSent": {},
            "exampleSites": [
                "cityoffullerton.com",
                "www.cityofkeller.com",
                "www.colliercountyfl.gov",
                "www.donaanacounty.org",
                "www.fauquiercounty.gov",
                "www.plymouthmn.gov"
            ]
        },
        {
            "rule": "bablic\\.com\\/flags\\/logo\\/TWD-x15\\.png",
            "cookies": 0,
            "fingerprinting": 0,
            "subdomains": [
                "uploads"
            ],
            "apis": {},
            "sites": 5,
            "prevalence": 0.0000341,
            "cnames": [],
            "responseHashes": [
                "a59f64f81bce66742d0498b0fdb0f3435e37b18bfdaa4de24651f2e2faa9927a"
            ],
            "type": "Image",
            "firstPartyCookies": {},
            "firstPartyCookiesSent": {},
            "exampleSites": [
                "cityofkeller.com",
                "www.colliercountyfl.gov",
                "www.donaanacounty.org",
                "www.fauquiercounty.gov",
                "www.plymouthmn.gov"
            ]
        },
        {
            "rule": "bablic\\.com\\/snippet\\/6481f03a26386200016640fa\\.js",
            "cookies": 0.0000136,
            "fingerprinting": 2,
            "subdomains": [
                "d"
            ],