{
    "domain": "bannersnack.com",
    "owner": {},
    "source": [
        "DuckDuckGo-US"
    ],
    "prevalence": 0.0000886,
    "sites": 13,
    "subdomains": [
        "cdn",
        "stats"
    ],
    "cnames": [],
    "fingerprinting": 2,
    "resources": [
        {
            "rule": "bannersnack\\.com\\/iframe\\/embed\\.js",
            "cookies": 0,
            "fingerprinting": 1,
            "subdomains": [
                "cdn"
            ],
            "apis": {
                "Navigator.prototype.userAgent": 3
            },
            "sites": 11,
            "prevalence": 0.0000749,
            "cnames": [],
            "responseHashes": [
                "56588d27873c81cf322f4aa1dc7a3ec636ed8bc7712ec9db11b57b733787c264"
            ],
            "type": "Script",
            "firstPartyCookies": {},
            "firstPartyCookiesSent": {},
            "exampleSites": [
                "21stcenturywire.com",
                "abc-7.com",
                "cranemarket.com",
                "kion546.com",
                "krdo.com",
                "ktvz.com",
                "kyma.com",
                "localnews8.com",
                "metrovoicenews.com",
                "www.powderhounds.com",
                "www.qiez.de"
            ]
        },
        {
            "rule": "bannersnack\\.com\\/info\\/",
            "cookies": 0,
            "fingerprinting": 0,
            "subdomains": [
                "stats"
            ],
            "apis": {},
            "sites": 11,
            "prevalence": 0.0000749,
            "cnames": [],
            "responseHashes": [
                "a25a8e3b4f690e85a6b04d64c3b8fb6773496cdc01f08405fbfd4812464d2efa",
                "48598c573c66ddd0b107f2d6c3c1dafd68e9c27a9ac5238832de7ce7aecdb015",
                "3f4e9b5418b0e159bf7d983497082c32ae919c1a4c66320f2985d04c267c3c92",
                "a8497e8e2082226d1df74a63381a36bbf355e6f16631aaa661996dff547c87c1",
                "d12563a1936ae7c7f54c25c66ac26376d78a6b58728de9b1bdadd9151fd6c00c",
                "bbe8fabd4142e488a1991c9d8814ebb416f7cc6cb9c94ce60fbe253694db5921",
                "4d0fd6aa97fb31c413f4c2cba32772409b8bad80175bd053caf5f58b2b6fa1bf",
                "e978aa24b16e2386dd570f16a7ee18052ae79bf7106f58f1df3981f700e6b695",
                "5837f16a25ef6e4d410c7127e26ffd729e12b90f862150cadb27ba6ca855e187",
                "04a8f5d804de6bf086803886e01bbbf6500dfccd3cb379b6e83c938e66f96f81"
            ],
            "type": "Script",
            "firstPartyCookies": {},
            "firstPartyCookiesSent": {},
            "exampleSites": [
                "21stcenturywire.com",
                "abc-7.com",
                "cranemarket.com",
                "kion546.com",
                "krdo.com",
                "ktvz.com",
                "kyma.com",
                "localnews8.com",
                "metrovoicenews.com",
                "www.powderhounds.com",
                "www.qiez.de"
            ]
        },
        {
            "rule": "bannersnack\\.com\\/embed\\/js\\/EmbedCanvas\\.js",
            "cookies": 0,
            "fingerprinting": 2,
            "subdomains": [
                "cdn"
            ],
            "apis": {
                "Navigator.prototype.userAgent": 2,
                "Navigator.prototype.appName": 2,
                "Navigator.prototype.appVersion": 2,
                "window.devicePixelRatio": 1,
                "Screen.prototype.width": 1,
                "Screen.prototype.height": 1,
                "window.innerWidth": 2,
                "window.innerHeight": 2,
                "Date.prototype.getTime": 2
            },
            "sites": 2,
            "prevalence": 0.0000136,
            "cnames": [],
            "responseHashes": [
                "cc8aa547f821273d8ffe7bbfbf1deefbaa51e0776c47098228bb0cf8e93517d3"
            ],
            "type": "Script",
            "firstPartyCookies": {},
            "firstPartyCookiesSent": {},
            "exampleSites": [
                "powderhounds.com",
                "www.qiez.de"
            ]
        },
        {
            "rule": "bannersnack\\.com\\/banners\\/bzcfosl3x\\/embed\\/index\\.html",
            "cookies": 0,
            "fingerprinting": 0,
            "subdomains": [
                "cdn"
            ],
            "apis": {},
            "sites": 2,
            "prevalence": 0.0000136,
            "cnames": [],
            "responseHashes": [
                "41d2176dc0e33a88022e8928e7f90342a3622d5d04cf285d79e4d5fc6c3f4e9f"
            ],
            "type": "Document",
            "firstPartyCookies": {},
            "firstPartyCookiesSent": {},
            "exampleSites": [
                "qiez.de",
                "www.qiez.de"
            ]
        },
        {
            "rule": "bannersnack\\.com\\/embed\\/css\\/index\\.css",
            "cookies": 0,
            "fingerprinting": 0,
            "subdomains": [
                "cdn"
            ],
            "apis": {},
            "sites": 2,
            "prevalence": 0.0000136,
            "cnames": [],
            "responseHashes": [
                "48a93c92157fa51c7e0a4e207cc35b8d9ab45d35a98e283f0c799982335d27ba"
            ],
            "type": "Stylesheet",
            "firstPartyCookies": {},
            "firstPartyCookiesSent": {},
            "exampleSites": [
                "qiez.de",
                "www.qiez.de"
            ]
        },
        {
            "rule": "bannersnack\\.com\\/banners\\/bzcfosl3x\\/embed\\/images\\/7950ff895c9a2a96048f89b754984cb8\\.jpg",
            "cookies": 0,
            "fingerprinting": 0,
            "subdomains": [
                "cdn"
            ],
            "apis": {},
            "sites": 2,
            "prevalence": 0.0000136,
            "cnames": [],
            "responseHashes": [
                "065c210f00c341bd7e80d1f338913be806e2aa863b293bacf0718b51d01bc11d"
            ],
            "type": "Image",
            "firstPartyCookies": {},
            "firstPartyCookiesSent": {},
            "exampleSites": [
                "qiez.de",
                "www.qiez.de"
            ]
        },
        {
            "rule": "bannersnack\\.com\\/banners\\/bzcfosl3x\\/embed\\/images\\/9147b270cf99639b76632ba88dcb0730\\.svg",
            "cookies": 0,
            "fingerprinting": 0,
            "subdomains": [
                "cdn"
            ],
            "apis": {},
            "sites": 2,
            "prevalence": 0.0000136,
            "cnames": [],
            "responseHashes": [
                "d34766c4ec7dd4b8a0e98b5a4833702a7a07f91011beb66c7d3c58feae7466cc"
            ],
            "type": "Image",
            "firstPartyCookies": {},
            "firstPartyCookiesSent": {},
            "exampleSites": [
                "qiez.de",
                "www.qiez.de"
            ]
        }
    ],
    "categories": [],
    "performance": {},
    "cookies": 0,
    "topInitiators": [
        {
            "domain": "first party",
            "prevalence": 0.5652173913043478
        },
        {
            "domain": "doubleclick.net",
            "prevalence": 0.43478260869565216
        }
    ],
    "types": {
        "Script": 24,
        "Document": 2,
        "Stylesheet": 2,
        "Image": 4
    },
    "nameservers": [
        "ns-327.awsdns-40.com",
        "ns-774.awsdns-32.net",
        "ns-1743.awsdns-25.co.uk",
        "ns-1197.awsdns-21.org"
    ]
}