{
    "domain": "bebasads.com",
    "owner": {},
    "source": [
        "DuckDuckGo-US"
    ],
    "prevalence": 0.000211,
    "sites": 31,
    "subdomains": [],
    "cnames": [],
    "fingerprinting": 0,
    "resources": [
        {
            "rule": "bebasads\\.com\\/ads\\/alds\\.php",
            "cookies": 0,
            "fingerprinting": 0,
            "subdomains": [],
            "apis": {},
            "sites": 31,
            "prevalence": 0.000211,
            "cnames": [],
            "responseHashes": [
                "e28b4814e7af67b59d8d3443157f87b3d17f805426456dacedcc0d24a0ca15ab",
                "7e7925e6f1535e72a3ce9def5c03f9fc73f848fcb8a170e14ef8cdf0dc81399e",
                "83be0a9fdf0bf3c0501f63c0b3d0e9867fdb7e93ff4abdcd74288d21cd551fd0",
                "07466a06b63a9820e54d9b660bdbba293634d6106c49a7773a5b258d645325b4",
                "b776a286a9fcb181d93158994dd8e147a1f4faf12ac8b5f4c8faeb85ae2e911d",
                "e3b0c44298fc1c149afbf4c8996fb92427ae41e4649b934ca495991b7852b855",
                "6c264a5d469ff7397d67498e22b6e07f9fbdbba125f57eae80c4f317d404cea7",
                "3b48d8e270bf6829d461b6e6898578173e53662e3328d6e0125a108c6452bb26",
                "6fdf035b8fa5058d9c9d0ddd6221aad463eb9b9437e30b833476720a7f2d7160",
                "3a9d4bfc52854c614737476b706a52f28317cde86419ff9a63361f1e9f6dfb80",
                "06b99071e7d50f49768bb7f48e6207e9a539dbcd9fcb3a79db64c72252bd33b7",
                "3e49757ef78d7b9971c6f7fba1c8e51f4a307840fbbbf9ddfd2e717a59de3aa0"
            ],
            "type": "XHR",
            "firstPartyCookies": {},
            "firstPartyCookiesSent": {},
            "exampleSites": [
                "ceritabokepindonesia.com",
                "ceritabokepindonesia.net",
                "ceritabokepindonesia.org",
                "ceritakiss.com",
                "ceritasexindonesia.com",
                "ewe69.com",
                "istritetangga.com",
                "kisah69.com",
                "ngesex.info",
                "photomemek.com",
                "putri78.com",
                "seks69.com",
                "www.artikelbokep.com",
                "www.ceritabokepindonesia.com",
                "www.ceritabokepindonesia.net",
                "www.ceritabokepindonesia.org",
                "www.photomemek.com",
                "www.putri77.com"
            ]
        },
        {
            "rule": "bebasads\\.com\\/ads\\/728crita\\.php",
            "cookies": 0,
            "fingerprinting": 0,
            "subdomains": [],
            "apis": {},
            "sites": 2,
            "prevalence": 0.0000136,
            "cnames": [],
            "responseHashes": [
                "7518daa982b64c34bb8df2eae298a40b3ae7312eebdf82f637d5700b02b2db07"
            ],
            "type": "XHR",
            "firstPartyCookies": {},
            "firstPartyCookiesSent": {},
            "exampleSites": [
                "www.artikelbokep.com"
            ]
        }
    ],
    "categories": [],
    "performance": {},
    "cookies": 0,
    "topInitiators": [
        {
            "domain": "first party",
            "prevalence": 0.9133333333333333
        },
        {
            "domain": "tambangbokep1.com",
            "prevalence": 0.05333333333333334
        },
        {
            "domain": "fotobasah1.com",
            "prevalence": 0.02
        },
        {
            "domain": "ajax.googleapis.com",
            "prevalence": 0.013333333333333334
        }
    ],
    "types": {
        "XHR": 33
    },
    "nameservers": [
        "tricia.ns.cloudflare.com",
        "greg.ns.cloudflare.com"
    ]
}