{
    "domain": "bestcontentcost.top",
    "owner": {},
    "source": [
        "DuckDuckGo-US"
    ],
    "prevalence": 0.000463,
    "sites": 68,
    "subdomains": [
        "a",
        "b",
        "cdn3"
    ],
    "cnames": [],
    "fingerprinting": 1,
    "resources": [
        {
            "rule": "bestcontentcost\\.top\\/loader",
            "cookies": 0,
            "fingerprinting": 1,
            "subdomains": [
                "a",
                "b"
            ],
            "apis": {
                "Date.prototype.getTime": 32,
                "Screen.prototype.width": 9,
                "Screen.prototype.height": 9
            },
            "sites": 48,
            "prevalence": 0.000327,
            "cnames": [],
            "responseHashes": [
                "8d8e0d788827f449e70baf4f572e943f9b880cee18a3d095abd0d0d7edbb9d96",
                "7a8d52bf856367ba8812911ff6b431927149d74852f42fd718836ac00dd6110f",
                "3b94cb02ef011474d30055785561498bcfeea7e075e8bcb07bd228557ee08474",
                "23cfe625c77103e615b91e96c351c5daf6130fda6afd3e04e5db097ffa2c5cdc",
                "d810ac3428bb88dfb0863013daf8aa655fd8500c844f545a396ab8a58cbbb7a4",
                "490e5d608ef5136a2fce8e5ca96f8ca9efcd803cf46307ca12058aadc6cb00ff",
                "bc4d384c4aea605a4b2b5856e25e7464336a7a7198086f175c7e18a515cb9509",
                "e54805fe0f395ace745ede8f2ecacc2144f0603a4beb5fc37747be96425abb7d",
                "92bfda0fa8654e7e09d3df99ee27290a3bc7f44e36ce8c5f48a6581c2c29f051",
                "825cffda5c2ea645d485bb0381487601315c34af391c9b0330036a6739fe209e",
                "b496b43060fcd6d24efb6658ba89a8ec9717128190fdd048db73daaba762b774",
                "39b09c12d9ac62ae85a4e128808524e8a6172c3398609f12520e13cf7fa3a46c",
                "8a579c1079517f87afd159c0b94472840c3a4ae2b049cc790ed53a20d780e728",
                "2bbdae94cd746a6a0c5cb3c67ae74b7251fa3b102e4e16f861e425b3d188ee48",
                "b35ebd22ecd328d1d46547a0d7d56d3c91f886807b635fbbc2ae54aedffdd2f1",
                "cace66c104c4418dd0c3e72be9a8de1ee0d61a6beeecb5a44fcc8a60f46fe7a4",
                "a9ea314adc79d34383cf4c4efc3b16dc2a031651139fff48e638c4718c9c3157",
                "048c4cf2f98c9c07e896a3318ada859ebec24b1f70aac2b9024cb938ba2a55d6",
                "f3ee01b6abee2bae28ccaf7cdbe7fba3e3fdf13c833b118a5707971b98156340",
                "ad3dddee812d6f1a7208ab82a0c487df806b2411f92184176445c7509fa35dcf",
                "4f4af15481ca6672896a786f95ca05ec11ff060ee8e0f0a6eaba48e11c408f48",
                "51a367a4b3fd0a5898e82b64133f26288f0d687e59934405aea66983bb5253df",
                "f567fcf16fe908b636308f04dc6f34d92c4c8e084306084fb1619780b86de0cf",
                "18c7abed1123de93f0736119b9c8f0caed735d39e50a985360010b987846a358",
                "6dabfccada27b24092fab2097f038beb860dcd95f23342b8d338db3fdcf81111",
                "7a631524f1ef572416d3d6e4734d447aafff8dd1182d3553c49eb9fb3c7cd1b0",
                "8fe10958a40f56e67035482344bb05f8c64cedd9028429557bf4885737f843df",
                "14f25a33009297b2628528ea36d0f09fe60a483180ca39100836b1d6d4d79b47",
                "e70cf39950a138a58a3f1e5f799eb3df6e3f3005804e4b0f4306bde90ef5b681",
                "d18c0951ab08379ffab6e589fcb72f5a44db039fc2707089336d34e285b26ff8",
                "d3ec7d177b2d8ed08f02f7e976dfe7f69d7a3590b43482b93c1d73f397a82ece",
                "62b7d95ee7f422f1eecbfcf9ef82a2a67f3d6af31a26db0fb3508f4584140232",
                "53e0f99dca897f1f87ffe8bbdb93dd687663906ab2bf8a5fae0a9c04f648d66c",
                "7dbc939fa2f2e760e0e07ca67078750b065abb688f161793366a88476f1a6f3e",
                "33680690227816bd4f211cfca96b64798030ce2456a97b598a123ceeaa114ddd",
                "391aaaa2f8dbf3d8e62aff3a29e6c79d483b50111639756239e1b9405858263e",
                "07c512d72ed16644d44d6da3bcc1b8b14b2783e7e78299d54f2f54982adaddb3",
                "b8ce3d0a91f569e230dc212ac8b88f92c6ec71e51ba53b7af3370ebc56377f83",
                "4123e7d0ffaf7233af78588ee4e11c9a2841fb9b1202e919a8d954db19c222fe",
                "6321c738c382cc1eb500a61b14f009a75572553e7ee10da8bd7be62ad1c27f82",
                "e63e625cc7b42ae17987a862cab26502d14e08d2cf193a3e9da9f2a34c1cd265",
                "81276100fd34bf69ea9d4898110662607a767977d5859d20df29579a93c17a4a",
                "8e341984ce9a26abe030b72c528879226594febe876d29c4b59ccf55198425d6",
                "3a0038bdbea6041bfebd75efd3614afb3cf71d216b9f1db99c2267bd32713e8e",
                "10b9712ef00130336484b06041527b560667711650ea62f9d6722319731facce",
                "950e867b458cfb2307c6342c16c4ebda1b77a6f2c38203ef2e175ea4a649a9f3",
                "5802ecc64e0bb931f264f84c07355b1fe915b2f7ecab8e74e1e9fae61fd38647"
            ],
            "type": "Document",
            "firstPartyCookies": {},
            "firstPartyCookiesSent": {},
            "exampleSites": [
                "lamalinks.com",
                "www.goldgay.tv",
                "maturepornpics.com",
                "idealmilf.com",
                "momseries.com",
                "idealmature.com",
                "hotblondepussy.com",
                "coedpictures.com",
                "nakedwomenpics.com",
                "www.gayfuckporn.tv",
                "allasianpics.com",
                "chubbygirlpics.com",
                "www.verygayboys.com",
                "nakedwifepics.com",
                "maturepussypics.com",
                "www.machotube.tv",
                "www.meatyhunks.com",
                "www.bigtits.pics",
                "viewgals.com",
                "mature-lovers.com"
            ]
        },
        {
            "rule": "bestcontentcost\\.top\\/i",
            "cookies": 0,
            "fingerprinting": 0,
            "subdomains": [
                "b"
            ],
            "apis": {},
            "sites": 41,
            "prevalence": 0.000279,
            "cnames": [],
            "responseHashes": [
                "e3b0c44298fc1c149afbf4c8996fb92427ae41e4649b934ca495991b7852b855"
            ],
            "type": "Image",
            "firstPartyCookies": {},
            "firstPartyCookiesSent": {},
            "exampleSites": [
                "www.machotube.tv",
                "viewgals.com",
                "www.bigtits.pics",
                "bustypics.com",
                "hairytouch.com",
                "www.good-gay.com",
                "exclusivemilf.com",
                "chubbygirlpics.com",
                "www.boy18tube.com",
                "sexygirlspics.com",
                "coedpictures.com",
                "nakedwomenpics.com",
                "mature-lovers.com",
                "idealmature.com",
                "momseries.com",
                "shemaleplus.com",
                "allpantypics.com",
                "maturepussypics.com",
                "milfgalleries.com",
                "allasianpics.com"
            ]
        },
        {
            "rule": "bestcontentcost\\.top\\/r",
            "cookies": 0,
            "fingerprinting": 0,
            "subdomains": [
                "b"
            ],
            "apis": {},
            "sites": 14,
            "prevalence": 0.0000954,
            "cnames": [],
            "responseHashes": [
                "e3b0c44298fc1c149afbf4c8996fb92427ae41e4649b934ca495991b7852b855"
            ],
            "type": "Image",
            "firstPartyCookies": {},
            "firstPartyCookiesSent": {},