{
    "domain": "bestcontentsite.top",
    "owner": {},
    "source": [
        "DuckDuckGo-US"
    ],
    "prevalence": 0.000334,
    "sites": 49,
    "subdomains": [
        "a",
        "b",
        "cdn3"
    ],
    "cnames": [],
    "fingerprinting": 0,
    "resources": [
        {
            "rule": "bestcontentsite\\.top\\/warp\\/4787103",
            "cookies": 0,
            "fingerprinting": 0,
            "subdomains": [
                "a"
            ],
            "apis": {},
            "sites": 3,
            "prevalence": 0.0000204,
            "cnames": [],
            "responseHashes": [
                "cfc43a25984119f478267add2f4ca92de44eeeaee5c64488704336efb0c3809c"
            ],
            "type": "Script",
            "firstPartyCookies": {},
            "firstPartyCookiesSent": {},
            "exampleSites": [
                "gay9.com",
                "www.mengaypics.com",
                "www.nakedgaypics.com"
            ]
        },
        {
            "rule": "bestcontentsite\\.top\\/loader",
            "cookies": 0,
            "fingerprinting": 0,
            "subdomains": [
                "b"
            ],
            "apis": {},
            "sites": 26,
            "prevalence": 0.000177,
            "cnames": [],
            "responseHashes": [
                "feece7c68782d9360884e4305154ae26d96e7a91fef2e0d670056cca0f5ac488",
                "22c27e251494454a99be27b69ad71f76cd53e8a75271786119174c8104dfd468",
                "fd36bc61094e354cf3298de77b05126646c0707ff3242d38ee3281c19da6ec2f",
                "6d2cb324e9ed047346c8366e2d64413abd62f8ff8933dba74d2c231f63ebce21",
                "44323f9d9465d4fe6704e808321b561e9d6e87f25f632a9ed7c0c04e89fbaf3f",
                "895804f368dad8298ffacf8418089f781c77706bef28fdc741bc2d4be54696bc",
                "0f74c2e369a860d2405d7668c38bed723d28bbbf9b887042a9c80499b2f51046",
                "e43bd41b36b493f0a0aab71d8a0db92fd1a220b1aec31f03225ebb2c1fbd77f8",
                "c7518310f366e6f079e7bdb3a9580b4f7f5e1827e514db4515f0450769459a09",
                "323904795e873be14aba0e3de1fad3044a87c1498a6415eaef4da12faa48412b",
                "17024d233b470f515a8a392e40e96f9e530723cf3b313fe03a91290239c6e46b",
                "9a9638189cf6bfa3905cc97579ef221c5e5fb1e503ec8b77940b079a360db8ab",
                "d83f63193a434d4573ad97c3037db53f12bb62edc22201d0ff9e6c2c37d7618d",
                "ef1035ec1b2a02aed98da73a31b8e48fa7e6bfab88407dc9f57860204964a826",
                "52e68edc8b5c65ffe9decc354c4079d7610645e1fa77b6600cad95bd1d0a37ba",
                "646f74a8a162a27e9dfb1654ea2471d590649836fbcaadbff625090046b8a504",
                "29d047f9e3829c05a2da315fa2316900eadef4bc845ece78f46829d5657247f1",
                "322811ef7221011c1bf3233326669990cca8f3c0fb919566cd48b7bc92203cb1",
                "dcdb1957d4570132cf21a3440abe67a6b2cd322b942a0484b117df10d13f9470",
                "a8c90727129f71c20a6c0623d794eb53b2cd45569ffcad0e1ab7e6e4d0fb998e",
                "5e24f105898638eda8f13d63749518e9efe39c006c228dd5582696be9c3653c2",
                "0d1928ab1e23834479f6604e14f65ec3a3cb5220a727576b7173eb3dd1c0047c",
                "dd2f6089c1645cf8dc4663743ee5ced0086ccaa750567a7a7d2ee6ee9b7e9fb3",
                "65f7d449bd3f312ea5bcc06a124985dc9119b266883bdec58d7b4f2595cd13ff",
                "53d694b7eed75f0403bb8f94ceecc751a4e934cfc08dd61fa467a463dd5f9cd0"
            ],
            "type": "Document",
            "firstPartyCookies": {},
            "firstPartyCookiesSent": {},
            "exampleSites": [
                "www.apetube.one",
                "www.nakedgaypics.com",
                "www.xxxnxxx.world",
                "www.mengaypics.com",
                "zzztube.tv",
                "www.gayporno.tv",
                "www.gaypornarchive.com",
                "www.shemaleporntube.tv",
                "www.gold-gay.com",
                "gay9.com",
                "www.gayporn.fm",
                "www.icetranny.com",
                "www.trannytube.net",
                "www.gayporno.fm",
                "www.ice-gay.com",
                "www.youtrannytube.com",
                "xnxxx.world",
                "www.trannytube.tv",
                "xnxx.town",
                "www.fulltrannytube.com"
            ]
        },
        {
            "rule": "bestcontentsite\\.top\\/i",
            "cookies": 0,
            "fingerprinting": 0,
            "subdomains": [
                "b"
            ],
            "apis": {},
            "sites": 15,
            "prevalence": 0.000102,
            "cnames": [],
            "responseHashes": [
                "e3b0c44298fc1c149afbf4c8996fb92427ae41e4649b934ca495991b7852b855"
            ],
            "type": "Image",
            "firstPartyCookies": {},
            "firstPartyCookiesSent": {},
            "exampleSites": [
                "gay9.com",
                "www.apetube.one",
                "www.gayporn.fm",
                "www.gaypornarchive.com",
                "www.gayporno.fm",
                "www.gayporno.tv",
                "www.gold-gay.com",
                "www.ice-gay.com",
                "www.onlygaymen.com",
                "www.ourshemales.com",
                "www.shemaletube.tv",
                "www.xxxnxxx.world",
                "xnxx.town",
                "xnxxx.world",
                "zzztube.tv"
            ]
        },
        {
            "rule": "bestcontentsite\\.top\\/warp\\/4794205",
            "cookies": 0,
            "fingerprinting": 0,
            "subdomains": [
                "a"
            ],
            "apis": {},
            "sites": 15,
            "prevalence": 0.000102,
            "cnames": [],
            "responseHashes": [
                "adec3fac35f7c52cf0ada79d3b89460aa8b11b83cbf108a9631ac9a2330d9fd5"
            ],
            "type": "Script",
            "firstPartyCookies": {},
            "firstPartyCookiesSent": {},
            "exampleSites": [
                "massivetitspics.com",
                "maturepussy.pics",
                "perfecttitspics.com",
                "perkyboobs.net",
                "www.beautifulpussypics.com",
                "www.grannypussy.pics",
                "www.hotnudespics.com",
                "www.milfass.pics",
                "www.milfspics.com",
                "www.nakedblackpics.com",
                "www.niceoldpussy.com",
                "www.perfecttitspics.com",
                "www.perfectboobs.pics",
                "youngpussy.pics",
                "youngtinypussy.com"
            ]
        },
        {
            "rule": "bestcontentsite\\.top\\/warp\\/4786747",
            "cookies": 0,
            "fingerprinting": 0,
            "subdomains": [
                "a"
            ],
            "apis": {},
            "sites": 5,
            "prevalence": 0.0000341,
            "cnames": [],
            "responseHashes": [
                "fca61caf64c49700ac70be7c53dfb52edd391034d541494de8bfb2b3e91f6e3e"
            ],
            "type": "Script",
            "firstPartyCookies": {},
            "firstPartyCookiesSent": {},
            "exampleSites": [
                "apetube.one",
                "www.apetube.one",
                "www.xxxnxxx.world",
                "xnxx.town",
                "xnxxx.world"
            ]
        },
        {
            "rule": "bestcontentsite\\.top\\/ec\\/97\\/274743\\/5336407\\.gif",
            "cookies": 0,
            "fingerprinting": 0,
            "subdomains": [
                "cdn3"
            ],
            "apis": {},
            "sites": 4,
            "prevalence": 0.0000272,
            "cnames": [],
            "responseHashes": [],
            "type": "Image",
            "firstPartyCookies": {},
            "firstPartyCookiesSent": {},