{
    "domain": "bidgear.com",
    "owner": {},
    "source": [
        "DuckDuckGo-US"
    ],
    "prevalence": 0.000341,
    "sites": 50,
    "subdomains": [
        "platform",
        "imp9",
        "demand",
        "imp-dsp"
    ],
    "cnames": [],
    "fingerprinting": 1,
    "resources": [
        {
            "rule": "bidgear\\.com\\/ads\\.php",
            "cookies": 0,
            "fingerprinting": 1,
            "subdomains": [
                "platform"
            ],
            "apis": {
                "window.innerWidth": 2
            },
            "sites": 39,
            "prevalence": 0.000266,
            "cnames": [],
            "responseHashes": [
                "447503e5f2b4a326c011efd74b508b7909413afa975cf190014d59ddd00f6483",
                "6679b8448bc25fee2aee8d7896cf02717d606dd5d116e69805f527d8fe1dd20a",
                "4d1a918926d8edc3903779c41b20e60a3a839d6033ae3efbc8c3e65b682c7489",
                "5c06cffa9762fcf7565cf1b420c9b9950cedba5fad20408f612e77751e042e17",
                "05d941904ebcadd03850f6d5906cbdfde487b4f18780d5ab2d08b9770ac6c05a",
                "ddfc3615a274b180ff2ea38a99bd26af74037fd697c53be6fbf0a77581680cc6",
                "8ea9a94f9000c86c65a5cc23db6888e97ac10b8812f3c075646dba841c68a9a9",
                "b1669d3ad989b4b322465a1d79f59eb0e58e086f2e0b9630ea3d6f4a1225a26a",
                "48b698c28cc04238bd08e8145ffd57cc787e2a8096a59c5c2161e7a26f0c8ee1",
                "5f9520c45b79f9d0b8b64b457241395b16e83aa868f3033181c85bec168aa334",
                "f11a423356564b3281478af126a4f62b43b1712a75a9219d0a1557aa995854ff",
                "8bf5192b094715da65a36ce51b6bec8f761edb77a5fd97d397c261ef4ba33178",
                "c2c48aff9545522fb812175b05600a361034e4e6a8e061661a75fb2c97761c77",
                "57e88fb0b5cc80c52c073d9a8986698da40c9c18dd9a279264bc81a229830f7e",
                "497fc7ed401e6f69ce08fd9e887ea88b1eb4d669f0ab55504bbaf8933073b952",
                "b5ee20825157b1769b52511fb6803950d3f31e5d9d079c405844724eec114a79",
                "6133619b3d6d46bd92208898af90dc593a46ae6d25edf3b5e5814413da1a7399",
                "35d1f89b416c6871b5260cdc076a69a28b7505c93cca9fd112a569cd7232339e",
                "3c7c4d6e31ec34f53f503c12d630ecbc53609c8f3712d8e25857e22b613eb423",
                "8185e5494439acdb98e11cedf1901e107fd0245b1e373055119e3f5121325604",
                "e2b43f80189ff93ae440821444c4608a4b34363f2523202d80446163717d0674",
                "fcc0c47bb75920a603148562994b2417b0bb171d4009792bf50103462ca7765a",
                "955422b1c6d0ce8014be5efc2d577db9e1bd8c4c8dd4ba13a81b1cc3d511280b",
                "92a1dfde4640a04ee68b2beef13ea72010b270d74def73896fd9067337a62c62",
                "21b49985e7708e4469b6cc29a5a387f7ebaf5645b6ccf940059937f8ae61c574",
                "3ffbf76ba479f0337c7700f333b675bf2541f024194c8bc4bcbf7efec47796e7",
                "320eec34d788e7424cf6e5bd1a3eaa8ef5cf48d2f04496e49af02a0e5ad0779a",
                "d17392e0a5e46693db9a467e3fc17f9fc95d729674e0bc486e2f4981d4c267cb",
                "be81afeebf4fcba9577add880f45d1d0ac7cb76f7ab831c30bc90219acca786d",
                "aea51e8051e6df81dd60dbb78a084c958c3e0e25d8ba8a0596c5f912b177af35",
                "85b5738ee40b239467c936b3baafea73e7b875a47f88bc067605a56a94fa1787",
                "da4657bd9fc3973350f3f8d66426d26067ad18c56a05dcbd7d2dfb4486e25b4b"
            ],
            "type": "Script",
            "firstPartyCookies": {},
            "firstPartyCookiesSent": {},
            "exampleSites": [
                "ww3.readkingdom.com",
                "androidadult.com",
                "manhuascan.com",
                "tcb-scans.com",
                "m.wcostream.org",
                "ww2.cuevana3.ch",
                "www.primewire.tf",
                "lectormanga.com",
                "readberserk.com",
                "www.readmng.com",
                "mangapill.com",
                "www.mangapill.com",
                "mangakakalot.com",
                "readcomiconline.li",
                "www7.gogoanime.me",
                "manhuaplus.org",
                "www.angelfire.com",
                "www12.cuevana3.ch",
                "dramaacool.us",
                "www.wcostream.org"
            ]
        },
        {
            "rule": "bidgear\\.com\\/rec",
            "cookies": 0,
            "fingerprinting": 0,
            "subdomains": [
                "imp9"
            ],
            "apis": {},
            "sites": 38,
            "prevalence": 0.000259,
            "cnames": [],
            "responseHashes": [
                "cbd4fc27d8d80c381d827912340b6d7b2337adbf4c9b2ff5300a09707a2c1c6e"
            ],
            "type": "Image",
            "firstPartyCookies": {},
            "firstPartyCookiesSent": {},
            "exampleSites": [
                "mangabtt.com",
                "mangapill.com",
                "otakuteca.com",
                "manhuaplus.org",
                "www.japscan.lol",
                "www.primewire.tf",
                "v5.voiranime.com",
                "manhuaus.com",
                "www7.gogoanime.me",
                "ww3.readkingdom.com",
                "tcb-scans.com",
                "yoturkish.app",
                "www.mangapill.com",
                "ww3.cuevana3.ch",
                "manhuascan.com",
                "tuoitre.vn",
                "ww9.readonepiece.com",
                "mangakakalot.com",
                "lectormanga.com",
                "ww2.cuevana3.ch"
            ]
        },
        {
            "rule": "bidgear\\.com\\/b15\\.svg",
            "cookies": 0,
            "fingerprinting": 0,
            "subdomains": [
                "platform"
            ],
            "apis": {},
            "sites": 9,
            "prevalence": 0.0000613,
            "cnames": [],
            "responseHashes": [
                "04c08e31edcdb7e80af006ba6a995694764de457434906ca981129a6107774d7"
            ],
            "type": "Image",
            "firstPartyCookies": {},
            "firstPartyCookiesSent": {},
            "exampleSites": [
                "cosmicscans.com",
                "hipercool.xyz",
                "mangakakalot.com",
                "mangakatana.com",
                "readcomiconline.li",
                "tcb-scans.com",
                "whatreallyhappened.com",
                "www.primewire.tf",
                "www.wcostream.org"
            ]
        },
        {
            "rule": "bidgear\\.com\\/async\\.php",
            "cookies": 0,
            "fingerprinting": 0,
            "subdomains": [
                "platform"
            ],
            "apis": {},
            "sites": 7,
            "prevalence": 0.0000477,
            "cnames": [],
            "responseHashes": [
                "4dfa34b2fa1610f0cc97935af7ea8e7fd756f2f8375b4c4ed80dce6bcee72d12",
                "4596c49511c2032fd599ff4c5a5ed5fce3b64ce2f1072d09c6160c188d18be64",
                "a2c24c65ccb9d95fd1272581ad956fdafcf9b508dcba3300392e5317519e6db4",
                "3880012dc208809b0dd61502cff98cfc97b03ca1a9241fa26baac1dead9ed4b0",
                "7e0a5cbe993d549e6a6452903d5ee16920148be0cb19990f3ef0b2619090ef2e"
            ],
            "type": "Script",
            "firstPartyCookies": {},
            "firstPartyCookiesSent": {},
            "exampleSites": [
                "hipercool.xyz",
                "ww2.cuevana3.ch",
                "ww3.cuevana3.ch",
                "www.hentaisaturn.tv",
                "www.primewire.tf",
                "www12.cuevana3.ch",
                "yoturkish.app"
            ]
        },
        {
            "rule": "bidgear\\.com\\/images\\/close-icon\\.png",
            "cookies": 0,
            "fingerprinting": 0,
            "subdomains": [],
            "apis": {},
            "sites": 3,
            "prevalence": 0.0000204,
            "cnames": [],