{
    "domain": "bidsxplayer.com",
    "owner": {},
    "source": [
        "DuckDuckGo-US"
    ],
    "prevalence": 0.0000613,
    "sites": 9,
    "subdomains": [
        "tg1",
        "servt"
    ],
    "cnames": [],
    "fingerprinting": 1,
    "resources": [
        {
            "rule": "bidsxplayer\\.com\\/api\\/adserver\\/spt",
            "cookies": 0,
            "fingerprinting": 1,
            "subdomains": [
                "tg1"
            ],
            "apis": {
                "Navigator.prototype.userAgent": 6,
                "Navigator.prototype.appVersion": 6
            },
            "sites": 9,
            "prevalence": 0.0000613,
            "cnames": [],
            "responseHashes": [
                "8cb130c9c8968e522a2babcf0aca6e8fc65b2b8ede97afe656354f3cc197396e",
                "a2c686b2022e59214350aa3370f7cbd206158f4d92d0ad147dca99a4e23d0ee5",
                "e3b0c44298fc1c149afbf4c8996fb92427ae41e4649b934ca495991b7852b855",
                "f710163c07e048d02f492dcdbca95b7a90b09663b0ce0606de7c28ce8c3beaaf",
                "f9f8dc89dd5667c16b313563ffb9754b60bac1705228daf7ff57eb3ce9dc5fab",
                "d040d239d096fa0c923bde8d6034c69afdb60d4d1617f569ae3eee283e20f4b2",
                "5e1ef07686b93342aec7f13a615c5bb4626e7de065a5b8c2246375d58a80e9fb",
                "b737a2e71820bc541f4193b72ce02db89d2fef1e1494df51edad16b8292b7a53"
            ],
            "type": "Script",
            "firstPartyCookies": {},
            "firstPartyCookiesSent": {},
            "exampleSites": [
                "boldsky.com",
                "mathrubhumi.com",
                "www.24h.com.vn",
                "www.asiaone.com",
                "www.boldsky.com",
                "www.divyabhaskar.co.in",
                "www.goodreturns.in",
                "www.nst.com.my",
                "www.onlymyhealth.com"
            ]
        },
        {
            "rule": "bidsxplayer\\.com\\/track",
            "cookies": 0.0000545,
            "fingerprinting": 0,
            "subdomains": [
                "servt"
            ],
            "apis": {},
            "sites": 8,
            "prevalence": 0.0000545,
            "cnames": [],
            "responseHashes": [
                "e3b0c44298fc1c149afbf4c8996fb92427ae41e4649b934ca495991b7852b855"
            ],
            "type": "Image",
            "firstPartyCookies": {},
            "firstPartyCookiesSent": {
                "lotame_domain_check": 0.00004768424853030334,
                "_li_dcdm_c": 0.000006812035504329049
            },
            "exampleSites": [
                "boldsky.com",
                "mathrubhumi.com",
                "www.24h.com.vn",
                "www.boldsky.com",
                "www.divyabhaskar.co.in",
                "www.goodreturns.in",
                "www.nst.com.my",
                "www.onlymyhealth.com"
            ]
        }
    ],
    "categories": [],
    "performance": {},
    "cookies": 0.0000545,
    "topInitiators": [
        {
            "domain": "doubleclick.net",
            "prevalence": 0.75
        },
        {
            "domain": "aniview.com",
            "prevalence": 0.25
        }
    ],
    "types": {
        "Script": 9,
        "Image": 8
    },
    "nameservers": [
        "ns48.domaincontrol.com",
        "ns47.domaincontrol.com"
    ]
}