{
    "domain": "bngdyn.com",
    "owner": {},
    "source": [
        "DuckDuckGo-US"
    ],
    "prevalence": 0.000163,
    "sites": 24,
    "subdomains": [],
    "cnames": [],
    "fingerprinting": 1,
    "resources": [
        {
            "rule": "bngdyn\\.com\\/promo\\.php",
            "cookies": 0,
            "fingerprinting": 1,
            "subdomains": [],
            "apis": {
                "Navigator.prototype.userAgent": 19
            },
            "sites": 19,
            "prevalence": 0.000129,
            "cnames": [],
            "responseHashes": [
                "8b59c520108e34d765de4c7effc9f86af4b178c919f41932b9d1008a019854c0",
                "d4ea0fb6377a235a3be59857c888b7aa820a61f7ef05ebd1998ca237242d43ef",
                "270be4e4d09efc52a02938ace9a3b897b0d632ab3fbb3ebe7de9fbf27ed3ea01",
                "06c830c04c070017f27135ef96a5075e1a0514c0fcc27037ab22acc1f08933d0",
                "75b414b64eda8a3b10009747c3598c414137fd03377113c558e1d3825c052c7b",
                "dd2d7f426dda758756a0a30b1d566aec9fe1bde46ad21e94600d729f084eeb58",
                "fcb2ae553428fbb758f370328862b967397e75729ba560e00425df56da9abef6",
                "4d3b79bcccfb025b3fbdbb40f1e53ca96fdbf035a25b0c2cf8e6dc94b2b5253b",
                "1ed8e5f01574d92b27fd170f033fafb8f75bb652c1188a95ad94237f909af2c9",
                "842df2b0080aa804e9ea18fec21a96a5ac77e6eb45528fc4160963f5cbf7df36",
                "c5bbfe0cf4676ae2d2b333f593fac9245545b9d3d234b3a1f1e385ca5d08c003",
                "776d4abf32e5e5537a4d5133d75dbfe683db89e29ae5a864522bb0c0fd2c5da1",
                "5adb29d39e01fa5c95d88d7e11ba51af43d7b8052e217c0546cbcfdef9ed2fdb",
                "f00d16cb04c08f21df73b268657761491425e60bd8b84b2b5671490fad0cead7",
                "449fb2f449d3a63abdd941d0322c614c5f3f92525def5aa7474af9c0b13b592e",
                "4ab22ccc593a83c79b2708e1a0288ad782559ab67cee7d0c586518fd0de1cc2a",
                "2ffc4972c6c8a4ea7fe6fb23a7b802c987c27a4f10c06b7d33798eaad173c57a",
                "a3bf0559cdf121e95c0f5dd609194ceea0166c78d37b6a3472a1e11f2f0fc0a6"
            ],
            "type": "Document",
            "firstPartyCookies": {},
            "firstPartyCookiesSent": {},
            "exampleSites": [
                "zzup.com",
                "archive.zzup.com",
                "desi-sex-video.com",
                "en.xtapes.to",
                "gay.xtapes.to",
                "hd.xtapes.to",
                "hypnotube.com",
                "kittyporntube.com",
                "livetv.sx",
                "megavirt.com",
                "pornomamki.ru",
                "v.xtapes.to",
                "www.amateurvoyeurforum.com",
                "www.erotischegeschichten.net",
                "www.kaotic.com",
                "www.venus-berlin.com",
                "www.xtapes.to",
                "xstory.top",
                "xtapes.to"
            ]
        }
    ],
    "categories": [],
    "performance": {},
    "cookies": 0,
    "topInitiators": [
        {
            "domain": "juicyads.com",
            "prevalence": 0.8225806451612904
        },
        {
            "domain": "first party",
            "prevalence": 0.14516129032258066
        },
        {
            "domain": "jads.co",
            "prevalence": 0.016129032258064516
        },
        {
            "domain": "livetv724.me",
            "prevalence": 0.016129032258064516
        }
    ],
    "types": {
        "Document": 19
    },
    "nameservers": [
        "ns3.bng-ns.com",
        "ns1.bng-ns.com",
        "ns2.bng-ns.com",
        "ns4.bng-ns.com"
    ]
}