{
    "domain": "boloptrex.com",
    "owner": {},
    "source": [
        "DuckDuckGo-US"
    ],
    "prevalence": 0.000279,
    "sites": 41,
    "subdomains": [],
    "cnames": [],
    "fingerprinting": 0,
    "resources": [
        {
            "rule": "boloptrex\\.com\\/get",
            "cookies": 0,
            "fingerprinting": 0,
            "subdomains": [],
            "apis": {},
            "sites": 24,
            "prevalence": 0.000163,
            "cnames": [],
            "responseHashes": [
                "9c7ddeb46ac34441c33c0354f2a8f4384d5fa616ef326ca9e549f526662ebbc3",
                "d6d28e7ab9aee04b8d23b8d911a3365dc9360c34bf4e1b568842f643296b554d",
                "cdcc02ab42ea541da803f06799c6d68b8c7dc6c2a3684c311555e90a784c1f01",
                "479f0bc878a4422da08cde9c8b006ae3f730551fd701ffa9302d9a8bfb5d29b8",
                "9492f9958818d7f28fbeb9c45b310fdf8f169a18dec030179fff764ed9efceb9",
                "1f465142aa218ca2dd7213729ffaac7802cb2d17d7b73241bf1d5d5660d1f802",
                "73e46f859fe822358a9dd2a945bf88edb14b409316e196fb933b6e205a921c2d",
                "bc34a8975e413e15fc9855f47698e90fbd7f1fd0ba6e84c7499a3de17e626abd",
                "3ef59abaacb2cead07390af10c9dc22315cef2d9cf5dfe243139e0616acad951",
                "292b4f1dc41f6223125f3bd699eef98866e0a22ed31450e50990cabbad002feb",
                "a35af5efebbd014e5485fc1a206eaf2a6c52798bbfbc212c37b90a6c9dc85e17",
                "f55428d6d74a7a1cc9cb2c940b626229d9c257e7ef5a8f19b5f3e860d4ba2d9e",
                "f864144cf618a0236f72e535bdc5906db7476c97e731ad798431c6e8dba9917a",
                "129d513dd9bd43a34cefaa1a1b76357afb61ea9d3a44e37d0ff046891e49b890",
                "b9e610536c64d71c7ce820e76f90b09b993024e8712f953162afbb3588041654",
                "a5136983bce425a93ab4d60e3470fe17495f2a4c1bec3e35d56adc6dad069693",
                "a3c89915b7c402309ea5c53ca3fb733c91b290a932ffb96f7985fe3fc7e3624e",
                "217cb1aa1bf1cb314f7ffeccceec0e9ab02919bd587ddca7adeff86f6aeb978f",
                "60299f3165f835f0cba34a95a02f1327e1ba09a146f091875e3c78c6926d4789",
                "31212641a38b0279c85647fa32104e4cf36525ad85875c58156479e54742ecb6",
                "8d28a3c1ffdd8ca2547fa42331fb5f47e502e2e6dceceb0d52fb8ae2d53fcb94",
                "8ea1e33c7843a77b10615c3fac76b00a059c81ecff1826cc4944e699722657f7",
                "eb126a97dd66c6968665308004ecdc66c64d635a0a0f68c9c3da1dd416e0b3e4"
            ],
            "type": "Fetch",
            "firstPartyCookies": {},
            "firstPartyCookiesSent": {},
            "exampleSites": [
                "tubepornclassic.com",
                "see.xxx",
                "txxx.com",
                "hdzog.com",
                "hotmovs.com",
                "vjav.com",
                "javdaddy.com",
                "upornia.com",
                "voyeurhit.tube",
                "m.see.xxx",
                "voyeurhit.com",
                "hclips.com",
                "thegay.com",
                "hadesex.com",
                "desi-porn.tube",
                "odir.org",
                "shemalez.com",
                "txxx.tube",
                "m.pornl.com",
                "gaytxxx.com"
            ]
        }
    ],
    "categories": [],
    "performance": {},
    "cookies": 0,
    "topInitiators": [
        {
            "domain": "first party",
            "prevalence": 0.8536585365853658
        },
        {
            "domain": "nv7s.com",
            "prevalence": 0.12195121951219512
        },
        {
            "domain": "hdzog.com",
            "prevalence": 0.024390243902439025
        }
    ],
    "types": {
        "Fetch": 24
    },
    "nameservers": [
        "ns1.digitalocean.com",
        "ns2.digitalocean.com",
        "ns3.digitalocean.com"
    ]
}