{
    "domain": "booking.com",
    "owner": {
        "name": "Booking.com B.V.",
        "displayName": "Booking.com"
    },
    "source": [
        "DuckDuckGo-US"
    ],
    "prevalence": 0.000279,
    "sites": 41,
    "subdomains": [
        "www"
    ],
    "cnames": [],
    "fingerprinting": 1,
    "resources": [
        {
            "rule": "booking\\.com\\/flexiproduct\\.html",
            "cookies": 0.00017,
            "fingerprinting": 1,
            "subdomains": [
                "www"
            ],
            "apis": {
                "Date.prototype.getTime": 8,
                "Screen.prototype.width": 8,
                "Screen.prototype.height": 8
            },
            "sites": 25,
            "prevalence": 0.00017,
            "cnames": [],
            "responseHashes": [
                "7d26825701e040fa9ba7c9a9eb6320778dc105367f1c72df4a2c4cdc32b3c4ae",
                "9652dcd8cba7bde541707dee924c4986ed00656532249cc547c589028c15b6bf",
                "7c07280ae7a431b615123f846dbc8c48303bb0127e4fb5ebb2d1f230e8940908",
                "e94fe0867be30e580851437c8a880e0cbfb1f742175fa48cc31cbaf6aa5711fc",
                "8392d6f80154633316ce540feaf059c5d5b39f447a4b24be2351435185d92013",
                "2dd342e71e46bd81cb651e6570c0c4cc5126c551f98d86afa8ba4fd400634516",
                "cd6ffb6e2d2f7a38a614babc0bc5e70d2d191d401785ef3349984c8062e20b3b",
                "9793b0a53ba0bd9307fb0ae62e569635b9cdef9d80bcc741b1bbf8f522b1a5ab",
                "6693dffb97e042cbb704430d6583a02d5b87da5432e288473bb3b9f8b12b24e2",
                "ad94b6e9c31e0f8a7a5a7f600003c667ab7f331723c5207551c1580050213efc",
                "0ffe8567bd6485e6459bb09263cbd37829151ccc47f175135ae4cfba7a815178",
                "7510f73ab0999f5a3ad42b4bda5ad5942ceda271a03afab47f4a7fe8ab4325ae",
                "4487afd7131233227dbd8d05119999274a8db2e5f89233ebc2446fe160aef1d9",
                "e88ebb020a5be84df5e8dedd809853621991efbf4bd731de749197084185b332",
                "85492cf56348d0ba49b9d38b932cbfb2f62c9f12136ba4d51fc696d5117f1056",
                "4e5e1c93f26e31b026b41f83b64dd35331fc06cbfacc0a68788857c45053cfab",
                "27b7003f75aa3abee0d578af8eab9cce9ea5d4a58606192382948fdc86b3bf23",
                "692ef9d2a17ecca2de94e834324e1a32569b664e6639dfabffe793d400650a5c",
                "fe2b9bb653b72e17860f84c5a1874d9eafbe4b8b37b6fd4d92282266b497842c",
                "b20455ebb6d75cc4081196898cf04013251ee7ab165b3f558e9ede96da47721d",
                "4409e269fd529071a86e38e878af1fdf85b5502fc51b2a7c587e83eb89563abb",
                "a75ec067ec6299855b023d67eed05a239bd3e3bd24f64f74179dfa397d838faa",
                "6e0de4dc5faf50a08164a2228b19921647a28f8625a07c4eb7475c6903ffa519",
                "3d8759d4a395f17dda3c4f582a7ad2118ebc7f83c4084c7d0221c842d174c4cd"
            ],
            "type": "Document",
            "firstPartyCookies": {},
            "firstPartyCookiesSent": {},
            "exampleSites": [
                "www.visitingvienna.com",
                "www.sftravel.com",
                "www.todocanada.ca",
                "bali.com",
                "budgettravelbuff.com",
                "www.jakarta100bars.com",
                "www.andalucia.com",
                "belgique.heures.info",
                "italybest.com",
                "www.plotaroute.com",
                "www.portugal.com",
                "www.airbaltic.com",
                "www.galwaytourism.ie",
                "www.frommers.com",
                "www.visitmt.com",
                "www.hdsports.de",
                "speisekartenweb.de",
                "www.zoomnews.in",
                "www.parisdiscoveryguide.com",
                "www.citydirectory.us"
            ]
        },
        {
            "rule": "booking\\.com\\/flexiproduct\\.html",
            "cookies": 0.0000272,
            "fingerprinting": 0,
            "subdomains": [
                "www"
            ],
            "apis": {},
            "sites": 4,
            "prevalence": 0.0000272,
            "cnames": [],
            "responseHashes": [
                "903808524e6a073751302dd34b385c71a2376e872ebc9d623ae7f8e67319d6a1",
                "102aa994bcf994daa6d3e65fb9ce546e6e00ace40bad190619186d54f43bb4ee",
                "3f1b728b242aa7abbc8bec76446ae62194c1d64ed13e0329afe6c0a7c1496e04"
            ],
            "type": "XHR",
            "firstPartyCookies": {},
            "firstPartyCookiesSent": {},
            "exampleSites": [
                "japanwondertravel.com",
                "blog.japanwondertravel.com",
                "hikersbay.com",
                "www.todocanada.ca"
            ]
        },
        {
            "rule": "booking\\.com\\/affiliate\\/fp_view",
            "cookies": 0.0000341,
            "fingerprinting": 0,
            "subdomains": [
                "www"
            ],
            "apis": {},
            "sites": 5,
            "prevalence": 0.0000341,
            "cnames": [],
            "responseHashes": [
                "587fa9763e3d74ded3b64a843905f5541690582aad4976207e03743a7fb5f70e"
            ],
            "type": "XHR",
            "firstPartyCookies": {},
            "firstPartyCookiesSent": {},
            "exampleSites": [
                "japanwondertravel.com",
                "hikersbay.com",
                "www.portugal.com",
                "www.visitingvienna.com",
                "www.visitmt.com"
            ]
        },
        {
            "rule": "booking\\.com\\/_e8101dcc3b38",
            "cookies": 0.0000136,
            "fingerprinting": 0,
            "subdomains": [
                "www"
            ],
            "apis": {},
            "sites": 2,
            "prevalence": 0.0000136,
            "cnames": [],
            "responseHashes": [],
            "type": "Document",
            "firstPartyCookies": {},
            "firstPartyCookiesSent": {},
            "exampleSites": [
                "aegeanair.com",
                "en.aegeanair.com"
            ]
        },
        {
            "rule": "booking\\.com\\/affiliatewidget\\.html",
            "cookies": 0.0000681,
            "fingerprinting": 1,
            "subdomains": [
                "www"
            ],
            "apis": {
                "Date.prototype.getTime": 6,
                "Screen.prototype.width": 4,
                "Screen.prototype.height": 4
            },
            "sites": 10,
            "prevalence": 0.0000681,
            "cnames": [],
            "responseHashes": [
                "81ba21e6d20d7dc41a4ba79e79204df2523d537e74e9b7583342eaccc0eacef4",
                "ff4160b04611b63286062dc406c94cb0573cee06f0e05b7760d9d93decbfc0ee",
                "f896790dfe01f79f92a920c4325acdbd8749e38bd93263a3af839f3bdef2454d",
                "76c06bf110a338883c38e327650ecbe8f6601a0ca8d55806ba09b801608328b6",
                "ff55598c65f86286fba22b6aa99c6184982353d57720016969922f58deeaa868",
                "b32f6978022dc2095d866c6c0d427d8c853c949e378b6a4cf9031739c0751ae3",
                "1b09a4154873cc1501f75c61c5f60bfe7ddbcbce912add1ad329238dbd419fc0",
                "34874ef845d02c37c2dc49e8ef9868c98ecdce3ba4050d963eae3366739a5257",
                "8539ae0904ea407a9ee27f49513ca652ec47015b718da6bcc80b4095bfed56ee"
            ],
            "type": "Document",
            "firstPartyCookies": {},
            "firstPartyCookiesSent": {},
            "exampleSites": [
                "aegeanair.com",
                "en.aegeanair.com",
                "southwest.com",
                "www.distance-cities.com",
                "www.evaair.com",
                "www.flagstaff.com",
                "www.prescott.com",
                "www.sedona.net",
                "www.southwest.com",
                "www.thecanyon.com"
            ]
        },
        {
            "rule": "booking\\.com\\/load_times",
            "cookies": 0.0000954,
            "fingerprinting": 0,