{
    "domain": "browser-intake-us5-datadoghq.com",
    "owner": {},
    "source": [
        "DuckDuckGo-US"
    ],
    "prevalence": 0.000123,
    "sites": 18,
    "subdomains": [
        "rum",
        "session-replay"
    ],
    "cnames": [],
    "fingerprinting": 0,
    "resources": [
        {
            "rule": "browser-intake-us5-datadoghq\\.com\\/api\\/v2\\/rum",
            "cookies": 0,
            "fingerprinting": 0,
            "subdomains": [
                "rum"
            ],
            "apis": {},
            "sites": 13,
            "prevalence": 0.0000886,
            "cnames": [],
            "responseHashes": [
                "7d278f6d013d13e89776ec61d791f5aee0d5bd30ca3da4db48394670b13135d5",
                "1d6d0311616ef9f6600f867e44b2d86e805468d1ea1365622fb99c0dcb756c0b",
                "8c91d8d9162da1510a9313a91a3ba019d777aa2f14978b1d957308fd700dfd70",
                "be2e059470458548efad4f9a11daedda96c60cab01a1234223a74df6f8f70709",
                "2264f3b411acc5c2cb64670865e24fab0a8cbe2c3aa6efd00ab1b3a529eff972",
                "735cb75fb695fe46695f4925482fa17be66346ba1f86a76e4862dc465771598a",
                "fdd58b527bc276781293f896091fe12c4ceba695ab9e9dd337e7a3afe6d2c9ca",
                "03aaeb9dfb89b6e9f0841884fdca937c2fe8290a0368123937a07c2288c9315f",
                "db3f959bc50cdf5395e8d604454af251a7e29907e7f46c941812f82ea7094c50",
                "8624aa91f537825c11ad27a7659bc739465c6bea05a2ea3cf0c57bdae276a143",
                "f3f38d64912bf66c1096d6546c07536c1480e1e3f953322698d3c9c8208fe5c3"
            ],
            "type": "Fetch",
            "firstPartyCookies": {},
            "firstPartyCookiesSent": {},
            "exampleSites": [
                "apothecarium.com",
                "gametime.co",
                "trailways.com",
                "usafacts.org",
                "voyeur-house.tv",
                "www.gianttiger.com",
                "www.milb.com",
                "www.mlb.com",
                "www.sittercity.com",
                "www.slideinsurance.com",
                "www.tango.me",
                "www.teepublic.com",
                "www.understood.org"
            ]
        },
        {
            "rule": "browser-intake-us5-datadoghq\\.com\\/api\\/v2\\/rum",
            "cookies": 0,
            "fingerprinting": 0,
            "subdomains": [
                "rum"
            ],
            "apis": {},
            "sites": 4,
            "prevalence": 0.0000272,
            "cnames": [],
            "responseHashes": [
                "e814cb418af711189d3698fd48b9164397f922f8fe87dd9c025c271ae32d4015",
                "776ea3c3d578a2ed5ff8a890d102f936f5ea84879efdaf48809c440dd5bce66a"
            ],
            "type": "XHR",
            "firstPartyCookies": {},
            "firstPartyCookiesSent": {},
            "exampleSites": [
                "apothecarium.com",
                "voyeur-house.tv",
                "www.gianttiger.com",
                "www.petermillar.com"
            ]
        },
        {
            "rule": "browser-intake-us5-datadoghq\\.com\\/api\\/v2\\/replay",
            "cookies": 0,
            "fingerprinting": 0,
            "subdomains": [
                "session-replay"
            ],
            "apis": {},
            "sites": 4,
            "prevalence": 0.0000272,
            "cnames": [],
            "responseHashes": [
                "b05c8b7ce56e2589cd2c53c490d296568b9b796d532f592f8616758f717d8ee1",
                "e92148ca9404c1b4810c47eb711b8ad1b53549d9868587f7b1f4f18de4d019e9",
                "c6c6a7e1d82a514077e1335d7125868c5cc2e142d0ce81843a7b9ccbc19f82ad"
            ],
            "type": "XHR",
            "firstPartyCookies": {},
            "firstPartyCookiesSent": {},
            "exampleSites": [
                "apothecarium.com",
                "voyeur-house.tv",
                "www.gfore.com",
                "www.petermillar.com"
            ]
        },
        {
            "rule": "browser-intake-us5-datadoghq\\.com\\/api\\/v2\\/rum",
            "cookies": 0,
            "fingerprinting": 0,
            "subdomains": [
                "rum"
            ],
            "apis": {},
            "sites": 4,
            "prevalence": 0.0000272,
            "cnames": [],
            "responseHashes": [
                "e3b0c44298fc1c149afbf4c8996fb92427ae41e4649b934ca495991b7852b855"
            ],
            "type": "Ping",
            "firstPartyCookies": {},
            "firstPartyCookiesSent": {},
            "exampleSites": [
                "gfore.com",
                "www.gfore.com",
                "www.gianttiger.com",
                "www.petermillar.com"
            ]
        }
    ],
    "categories": [],
    "performance": {},
    "cookies": 0,
    "topInitiators": [
        {
            "domain": "first party",
            "prevalence": 0.6149068322981367
        },
        {
            "domain": "datadoghq-browser-agent.com",
            "prevalence": 0.32298136645962733
        },
        {
            "domain": "mlbstatic.com",
            "prevalence": 0.062111801242236024
        }
    ],
    "types": {
        "Fetch": 13,
        "XHR": 8,
        "Ping": 4
    },
    "nameservers": [
        "ns-cloud-b1.googledomains.com",
        "ns-cloud-b2.googledomains.com",
        "ns-cloud-b3.googledomains.com",
        "ns-cloud-b4.googledomains.com"
    ]
}