{
    "domain": "calls.net",
    "owner": {
        "name": "Marchex, Inc.",
        "displayName": "Marchex"
    },
    "source": [
        "DuckDuckGo-US"
    ],
    "prevalence": 0.000102,
    "sites": 15,
    "subdomains": [
        "rw1"
    ],
    "cnames": [],
    "fingerprinting": 1,
    "resources": [
        {
            "rule": "calls\\.net\\/euinc\\/number-changer\\.js",
            "cookies": 0,
            "fingerprinting": 1,
            "subdomains": [
                "rw1"
            ],
            "apis": {
                "Document.cookie getter": 13
            },
            "sites": 14,
            "prevalence": 0.0000954,
            "cnames": [],
            "responseHashes": [
                "6f4db3d27147f74ee2e1872196d9954a6edd3f8098f0b8daac39346836dcda35"
            ],
            "type": "Script",
            "firstPartyCookies": {},
            "firstPartyCookiesSent": {},
            "exampleSites": [
                "flcu.org",
                "hsi.com",
                "jacobsheating.com",
                "mychristiancare.org",
                "thepinkplumber.com",
                "tpc.com",
                "www.akinsford.com",
                "www.floridacentralcu.com",
                "www.fredandersontoyota.com",
                "www.mccoyfcu.org",
                "www.msdfcu.org",
                "www.surepayroll.com",
                "www.veritycu.com",
                "www.wcu.com"
            ]
        },
        {
            "rule": "calls\\.net\\/euinc\\/getnumdata\\.js",
            "cookies": 0,
            "fingerprinting": 0,
            "subdomains": [
                "rw1"
            ],
            "apis": {},
            "sites": 13,
            "prevalence": 0.0000886,
            "cnames": [],
            "responseHashes": [
                "69b53fcf894d31fda99e02caa6470eaa4d78c48c28218b53aaebd25ffff38083",
                "ba0b3e86d5be23d512c9e318b9e63a21eeee508849aab6106ecd5fdb0d87d374",
                "2aad4c9d972e87c23835660d101de144a2b1ad4e0c862dbfda86fbf7a20a9480",
                "02ee23d8005da6517f0b81f54f07288eb61e9bf9b59262c9c35ffd5c83a93ac6",
                "02ed13e0c527a030cc7d1b398ee5053d2ebfecf74c7305b8fa895d5ce96f5c0e",
                "2ff2a96ee792c1a87ce088fd44fa25cfffa433de2b74cb6aed3783e7737ca88c",
                "5d52865d92a3022a3b0420dce3353417c23b41d90278c5acfb521185b5dca5e2",
                "2e32af6207d118734bd68685401791ecde5aa014c3b1693cbefd2866c82d1a4a",
                "3748862d882c064d85d4a081469e37438f45506fb0dff8e5ca535b058b8b1f7f",
                "8840d7f4655842a5697af8e35ab0b29ded817a3ce7e4109a26091c7ac7e3878e",
                "55b2bc48416ca2fef9bc0f8fbc5bc57e0499e093d72c314e1f3504d00038a549",
                "04e92af47132bebb85f58198e795bc8764f4de10f300a7be87ad00252d5e4606"
            ],
            "type": "Script",
            "firstPartyCookies": {},
            "firstPartyCookiesSent": {},
            "exampleSites": [
                "flcu.org",
                "hsi.com",
                "jacobsheating.com",
                "thepinkplumber.com",
                "tpc.com",
                "www.akinsford.com",
                "www.floridacentralcu.com",
                "www.fredandersontoyota.com",
                "www.mccoyfcu.org",
                "www.msdfcu.org",
                "www.surepayroll.com",
                "www.veritycu.com",
                "www.wcu.com"
            ]
        }
    ],
    "categories": [],
    "performance": {},
    "cookies": 0,
    "topInitiators": [
        {
            "domain": "first party",
            "prevalence": 0.5294117647058824
        },
        {
            "domain": "googletagmanager.com",
            "prevalence": 0.47058823529411764
        }
    ],
    "types": {
        "Script": 27
    },
    "nameservers": [
        "ns-1012.awsdns-62.net",
        "ns-1337.awsdns-39.org",
        "ns-1926.awsdns-48.co.uk",
        "ns-162.awsdns-20.com"
    ]
}