{
    "domain": "cambaddies.com",
    "owner": {},
    "source": [
        "DuckDuckGo-US"
    ],
    "prevalence": 0.000163,
    "sites": 24,
    "subdomains": [
        "go",
        "creative"
    ],
    "cnames": [],
    "fingerprinting": 1,
    "resources": [
        {
            "rule": "cambaddies\\.com\\/api\\/models\\/vast",
            "cookies": 0,
            "fingerprinting": 0,
            "subdomains": [
                "go"
            ],
            "apis": {},
            "sites": 18,
            "prevalence": 0.000123,
            "cnames": [],
            "responseHashes": [
                "ed121b5524c7ed9b5ef9d2de427ded57a4b9c45632b163ca7dd508b153ddd31e",
                "8e03040617e18d0694704a875ea2bb15512463cd1383ef2bdc9bc6252145126d",
                "2e629120e00019b61e3bc36a7f9d6f03ce62f5c809bd64cfb0901c5809264743",
                "24a42365e0b4344afc0ac3ccd74ccdcee66ae854793f502875e25117db1b9b31",
                "6f68f9ea6ea974a33b883c93f95e5ac6afb19743ad4fdcc454d252dd8c0ea461",
                "9fb044331fae64e6b396f5186ce514345ecd333b64e4e2e7d521d18ef7c3d0cf",
                "50626bc0384ba0948f53c3c4f90a6cf27700a43268650b82007323fc52965417",
                "9acc8bf90af560dfb98fe3d915012de60a5322b237067493e5976f666c8792d7",
                "11fc6054d62de8f2a5c0efcfa8d9c02e5debe5c60cb97aaf926d040081f3119e",
                "47b8e8a82a75264656246d383ab2fdfcbeaf68e90e979f993b67c636b9635798",
                "28501d9e25519558323e41dc6e8ab07126616b2187335425398f278335b0eeba",
                "73a467db2b96af9283e856d2e4a9d0b826cf4e9215fe2c55fb583f3a619bb8b4",
                "4f7d169082c8e71a547c7c17533933711cc558c0c9d57d4be2a98f58e8d4eb19",
                "96a1b23873019cfa72f9ec037ba94033c3cc4e15aa040523116e2e96d82d41d1",
                "e537d874773a58fd10eedb03cd1529f9ca7268af43db3cb35839e5d7114ac8fa",
                "3b198fe48beadc305f67ec29d3e79d21fb3506bb8f844a54406cf442c4031286"
            ],
            "type": "Fetch",
            "firstPartyCookies": {},
            "firstPartyCookiesSent": {},
            "exampleSites": [
                "homemade.xxx",
                "indianpornzone.com",
                "jizzbunker.com",
                "jizzbunker2.com",
                "justthegays.com",
                "privateporn.tv",
                "sexu.com",
                "teenhd.porn",
                "turboindian.com",
                "www.fapguru.com",
                "www.gotube.me",
                "www.masalafun.com",
                "www.porn4e.com",
                "www.porngo.com",
                "www.privateporn.tv",
                "www.videojav.com",
                "www.xxxfiles.tv",
                "xxxdan.com"
            ]
        },
        {
            "rule": "cambaddies\\.com\\/widgets\\/v4\\/Universal",
            "cookies": 0,
            "fingerprinting": 0,
            "subdomains": [
                "creative"
            ],
            "apis": {},
            "sites": 2,
            "prevalence": 0.0000136,
            "cnames": [],
            "responseHashes": [
                "5e9ccab46fa0fbd728bb00ebfa578cd6e790a1552b09963afeaaeaa32896a080"
            ],
            "type": "Document",
            "firstPartyCookies": {},
            "firstPartyCookiesSent": {},
            "exampleSites": [
                "shemalez.com",
                "voyeurhit.com"
            ]
        },
        {
            "rule": "cambaddies\\.com\\/widgets\\/v4\\/Universal\\/main\\.abed947da9587a4ba8ab\\.css",
            "cookies": 0,
            "fingerprinting": 0,
            "subdomains": [
                "creative"
            ],
            "apis": {},
            "sites": 3,
            "prevalence": 0.0000204,
            "cnames": [],
            "responseHashes": [
                "a4d09f6a50b6d96e7f22ab12f406dcf44be0d815105018cc5c7f1105fbf597f7"
            ],
            "type": "Stylesheet",
            "firstPartyCookies": {},
            "firstPartyCookiesSent": {},
            "exampleSites": [
                "shemalez.com",
                "voyeurhit.com",
                "www.totallynsfw.com"
            ]
        },
        {
            "rule": "cambaddies\\.com\\/widgets\\/v4\\/Universal\\/main\\.abed947da9587a4ba8ab\\.js",
            "cookies": 0,
            "fingerprinting": 2,
            "subdomains": [
                "creative"
            ],
            "apis": {
                "Navigator.prototype.userAgent": 3,
                "PerformanceTiming.prototype.navigationStart": 3,
                "Navigator.prototype.language": 3,
                "window.innerHeight": 3,
                "window.innerWidth": 3,
                "Navigator.prototype.vendor": 3,
                "MediaSource.isTypeSupported": 3,
                "HTMLMediaElement.prototype.canPlayType": 3
            },
            "sites": 3,
            "prevalence": 0.0000204,
            "cnames": [],
            "responseHashes": [
                "0144c6c233ded33f1d3828d171ca173dcee1296ec014682a0be8eefe71a0cf18"
            ],
            "type": "Script",
            "firstPartyCookies": {},
            "firstPartyCookiesSent": {},
            "exampleSites": [
                "shemalez.com",
                "voyeurhit.com",
                "www.totallynsfw.com"
            ]
        },
        {
            "rule": "cambaddies\\.com\\/widgets\\/v4\\/Universal\\/lang\\/en\\.json",
            "cookies": 0,
            "fingerprinting": 0,
            "subdomains": [
                "creative"
            ],
            "apis": {},
            "sites": 3,
            "prevalence": 0.0000204,
            "cnames": [],
            "responseHashes": [
                "0c25fbbff92c994866041b57d519aa22aa84d55b6b31bcf681dd5b74668cb750"
            ],
            "type": "Fetch",
            "firstPartyCookies": {},
            "firstPartyCookiesSent": {},
            "exampleSites": [
                "shemalez.com",
                "voyeurhit.com",
                "www.totallynsfw.com"
            ]
        },
        {
            "rule": "cambaddies\\.com\\/config",
            "cookies": 0,
            "fingerprinting": 0,
            "subdomains": [
                "go"
            ],
            "apis": {},
            "sites": 3,
            "prevalence": 0.0000204,
            "cnames": [],
            "responseHashes": [
                "55cfebc34d82b4d2d3d56d669a7c4c00b5c9d646455a8e5b2afdf658f96b9ec0",
                "34fd554736d6fe5c328bb15e96e6d824965508d6d79d8e24a833fbc5e0629dfc"
            ],
            "type": "Fetch",
            "firstPartyCookies": {},
            "firstPartyCookiesSent": {},
            "exampleSites": [
                "shemalez.com",
                "voyeurhit.com",
                "www.totallynsfw.com"
            ]
        },
        {
            "rule": "cambaddies\\.com\\/api\\/models",
            "cookies": 0,
            "fingerprinting": 0,
            "subdomains": [
                "go"
            ],
            "apis": {},
            "sites": 3,
            "prevalence": 0.0000204,
            "cnames": [],
            "responseHashes": [
                "c41dbe24dc2345a2de38fe95962513305e6031f0bc12fe3414279530652f829f",
                "3272cbbb0f929fdca7f481e279993a75a8d33b062d33e3233125b1ead716d24a"
            ],
            "type": "Fetch",
            "firstPartyCookies": {},
            "firstPartyCookiesSent": {},
            "exampleSites": [
                "shemalez.com",
                "voyeurhit.com",
                "www.totallynsfw.com"
            ]
        },
        {
            "rule": "cambaddies\\.com\\/abc\\.gif",
            "cookies": 0,
            "fingerprinting": 0,
            "subdomains": [
                "go"
            ],
            "apis": {},
            "sites": 2,
            "prevalence": 0.0000136,
            "cnames": [],