{
    "domain": "cameesse.net",
    "owner": {},
    "source": [
        "DuckDuckGo-US"
    ],
    "prevalence": 0.000327,
    "sites": 48,
    "subdomains": [],
    "cnames": [],
    "fingerprinting": 3,
    "resources": [
        {
            "rule": "cameesse\\.net\\/1",
            "cookies": 0.000272,
            "fingerprinting": 3,
            "subdomains": [],
            "apis": {
                "NavigatorUAData.prototype.getHighEntropyValues": 38,
                "Screen.prototype.height": 38,
                "Navigator.prototype.userAgent": 38,
                "Navigator.prototype.webdriver": 38,
                "Navigator.prototype.plugins": 38,
                "Screen.prototype.width": 38,
                "window.screenY": 38,
                "window.screenX": 38,
                "window.outerWidth": 38,
                "window.outerHeight": 38,
                "window.innerWidth": 38,
                "window.innerHeight": 38,
                "Screen.prototype.availHeight": 38,
                "window.localStorage": 38
            },
            "sites": 40,
            "prevalence": 0.000272,
            "cnames": [],
            "responseHashes": [
                "99a965ecc6e0e2598f26f5a65df5b73098d86627a7622cff8410aff516dbc1c4",
                "c2a608220123cc007d4d02d6483c941315819403cefd8c23b90651b2067934df",
                "11d658d8036d25bf0b106fe7193d1d57205c8c96372fbc79fb5060de96e4e340",
                "f76e9aa60585d02a3a0abb6ed2862ca474210113ac04f629c148a9786d88cb4c",
                "7402cc045bd4bd18e5481c9db9187481a5cfcd2498b3c65ba1fe3b5e5bd538a3",
                "9be72cd4bca395dc52c544cb7276f60f3e8996d727633037d3a2bea8f9a24413",
                "5acd08eecc2e52679107085db4e2f2095ab2ba0ef236bad9d61c7d6a52ee88ea",
                "f55fa4f09c1609001089037e3b2f3b1b0cb3ad4997912ee63024fd45cbdc310a",
                "843c518e34d369c147c88e4398ff1a00f97ae1d4054a12fe383fbfc5b0b4318a",
                "418372a12756e6c6fe3f51d99f07e879d1c7ff96d7a6552d897b077e6667f854",
                "3cd19f38e1d385a897b36fb54c82c6858324fae1a82c308a9c11764b06a2f9c2",
                "18e49039a1938ecb486d9f43802adbb67f784ab99d4faacf50904988037d40d2",
                "ebb68b5054e9bf2adca426bfba018e46b798e955f30707c00c8b4de04115a2f4",
                "c3f1f1c5a20d8dc16b16a89b7f6136dc93936768f27224ca8e27bf363f829271",
                "895491a50073f67ecb4a9978612eeaa64f5359e0417743c1b60439164c97709a",
                "db3946c08b769fc9b3f2cacf8b36e40d01777dc21520ba86944f7ca024c834b9",
                "16e85a2b2bbcd691dad0af87e0126ea596f1819fe05574920a14fd39909aa48b",
                "e5d944e0e3035a276c83528d07a7b11a9da01bdb0ab76eeeee85af6279b34ce0",
                "695cf39642ed14c4422917f79b39abfcc807ad7580682784892e8b33526644d1",
                "e345abf34c6bd5a7247c33755b6ffc9e390cc9d958faa0d9295ed6c83d5191a3",
                "213eee2c5b4c8a36e07b594c783da4e923ec42b54834e74de5b3b22b9f53172c",
                "33edb17d8c20a0555925f93b18cb65b4948bdc3d94b2bca5358b324b3e4425bb",
                "9d46c21f6336d438b6fe5e551d663b95e920a9b0be21c59ee0f7c1b51ac9fc17",
                "0ef19dab86a99be5ea4dfc470fd6b55dbb09e07f46fc24841a407cc3d9007898",
                "5aff4548a9475ac12f990b5980a92032eb8cccb39a648cac4ab7202064b086b5",
                "89dfd10afe0c08588398a7ca5db0c9c54ec97055897d1fd3b5a2dbd3118c92a2",
                "145b5b693e28c74a4b96af5b52eb8f87e3b5e3553f94ff54cd2425ab8eef4767",
                "31f56911432d4735153233e1b6b21775da5eca03c6cb3640f04387218d63dfdc",
                "2aa93396dce0dac8c8ffe03d594c430ad69ac93903dc94708dfff186654fca8d",
                "886ce7a11fef023ea3ce65529175306c4e6f0ad4cff420025e77023efcdc2efa",
                "2103f5f947fad8813cb421ae0f7b267ad1a89eda6ed98b5bb6b9f7abb3b498f7",
                "e51b2bcffb62884241dc9f41dee2449733d6df9a2a24af88fcf466839f01629e",
                "62a92a7179c92e69dd980c6125f1ca041c9b995e473a8671b4b259959a5ab73b",
                "e3b0c44298fc1c149afbf4c8996fb92427ae41e4649b934ca495991b7852b855",
                "a74645c378a70849fc7c26a34e4dcd9dcccd67ec95ba7fed646e6ff7598e70c6",
                "79c2c62df0a44a02a6619e1fa53976d976e281d00234b1f16d3a149ca315c27a",
                "2f4b7502cfbb9c20a29fd91e957957744c7ea93fe6507875225afe8dfc9c3c12",
                "e5d2a3e037068723fb29ff592d477c519bd57c1dfa2c7fdd90144bfdfdb59724"
            ],
            "type": "Script",
            "firstPartyCookies": {},
            "firstPartyCookiesSent": {},
            "exampleSites": [
                "ww-pagalworld.com",
                "touchcric.com",
                "www.halamat.com",
                "ww2.yifysubtitles.me",
                "knowledgeplace.guru",
                "www.0123movies.quest",
                "me.webcric.com",
                "www.pelisflix2.tax",
                "thestunningphotos.com",
                "roserambles-org.votted.net",
                "twidoom.com",
                "www.123movieshub.sbs",
                "mangadop.net",
                "gogoanime.dev",
                "mangaeffect.com",
                "y2meta.net",
                "cerita69plus.blogspot.com",
                "www.sotwe.com",
                "123movies.sc",
                "yts.contact"
            ]
        },
        {
            "rule": "cameesse\\.net\\/27\\/16252007f3b3918d0da1ccd482c4cb4d",
            "cookies": 0,
            "fingerprinting": 3,
            "subdomains": [],
            "apis": {
                "Navigator.prototype.userAgent": 36,
                "NavigatorUAData.prototype.getHighEntropyValues": 36,
                "Screen.prototype.height": 36,
                "Navigator.prototype.webdriver": 36,
                "Navigator.prototype.plugins": 36,
                "Screen.prototype.width": 36,
                "window.screenY": 36,
                "window.screenX": 36,
                "window.outerWidth": 36,
                "window.outerHeight": 36,
                "window.innerWidth": 36,
                "window.innerHeight": 36,
                "Screen.prototype.availHeight": 36,
                "window.localStorage": 36,
                "window.sessionStorage": 31
            },
            "sites": 37,
            "prevalence": 0.000252,
            "cnames": [],
            "responseHashes": [
                "db0b413c92eef041a6dda8e7279a8cbee06755eab7b751c88bdbc22781e7e78a"
            ],
            "type": "Script",
            "firstPartyCookies": {},
            "firstPartyCookiesSent": {},
            "exampleSites": [
                "pictolic.com",
                "m.touchcric.com",
                "scansmangas.me",
                "m0vies123.com",
                "gogoanime.dev",
                "putlocker.to",
                "aapks.com",
                "www.halamat.com",
                "touchcric.com",
                "mp3-skulls.com",
                "mycima.art",
                "mycima.mx",
                "altadefinizione.golf",
                "ww2.yifysubtitles.me",
                "knowledgeplace.guru",
                "okxxx.cam",
                "twidoom.com",
                "www.clipconverter.cc",
                "roserambles-org.votted.net",
                "www.123movieshub.sbs"
            ]
        },
        {
            "rule": "cameesse\\.net\\/9",
            "cookies": 0.000252,
            "fingerprinting": 0,
            "subdomains": [],
            "apis": {},
            "sites": 37,
            "prevalence": 0.000252,
            "cnames": [],
            "responseHashes": [
                "e3b0c44298fc1c149afbf4c8996fb92427ae41e4649b934ca495991b7852b855"
            ],
            "type": "XHR",
            "firstPartyCookies": {},
            "firstPartyCookiesSent": {
                "lotame_domain_check": 0.000013624071008658098,
                "c_ref_4749365": 0.000006812035504329049,
                "c_ref_3947613": 0.000006812035504329049,