{
    "domain": "cams.gratis",
    "owner": {},
    "source": [
        "DuckDuckGo-US"
    ],
    "prevalence": 0.000443,
    "sites": 65,
    "subdomains": [],
    "cnames": [],
    "fingerprinting": 1,
    "resources": [
        {
            "rule": "cams\\.gratis\\/banner\\/300x250\\.php",
            "cookies": 0,
            "fingerprinting": 1,
            "subdomains": [],
            "apis": {
                "Navigator.prototype.userAgent": 11
            },
            "sites": 21,
            "prevalence": 0.000143,
            "cnames": [],
            "responseHashes": [
                "b9781dc0c5154154e378d8c16cf0629efe507f697718d695affbc862c7a29fbc",
                "c98a4ec6f9b9a05090fdbc5b793bc4aeec05c28430b92f8dbf353dc56e8c6f44",
                "bc7b99ac62a6c4838957b24855d885fcb5bee4800d54f8c6811fc18f8f18e0ad",
                "a25c542d8f4efb38a83790a8a92bc76938976221e331b9ceeccc677567ba51c6",
                "a2952edc2b22a1154a57a7c76491c5c39c23db70f2a669f1c7f908b6a29b5cc9",
                "72ca546e3ad412ed17a3e7a20f1a98c7047706c144030955b478d81b4f5f21ab",
                "7968500ea26b5f8451b2b4184dcd3a80282b7a57e1154d59760cb90da235e24b",
                "9876bce310fea4fd4221493379a884c89d1536bd4886815dd716042f044bb254",
                "d8283314773564287056d31d7dab39fd3cfcbf5c71455f06502fe4776e5617b1",
                "8588bc995578b9cc0251754daba8781bd328eb2f6e8df28bbf0910f46671513e",
                "975e53129739093de04369afd4194ab116ee25dfaa681b2f6810445afb78d9dc",
                "5b39f30de45886bab30647cac5f104bec56577108f6f4e6a8ab4ac33c023c527",
                "3f25876585254d7a773c6fc74fc827dfda0016bda3df5e0e7670806c34c093eb",
                "81f3e0d3425123ef5ab27903ff7015ae5ad7ebf54b874bf50debb64b65fe0907",
                "6cee5a37c0728cf0a83e0f7391af997a606f681fea9daae6d17b00c3d5c6fbaf"
            ],
            "type": "Document",
            "firstPartyCookies": {},
            "firstPartyCookiesSent": {},
            "exampleSites": [
                "pl.eporner.com",
                "es.eporner.com",
                "www.xsemok.com",
                "fr.eporner.com",
                "de.eporner.com",
                "www.orgazmax.com",
                "www.indo18.com",
                "severeporn.com",
                "www.sexiezpicz.com",
                "javenglish.cc",
                "abgcrot.pics",
                "www.sexiezpix.com",
                "kittyporntube.com",
                "vercomicsporno.xxx",
                "thatpervert.com",
                "www.hotzxgirl.com",
                "www.sexizpix.com",
                "baddiesonly.tv",
                "pornspace.me",
                "www.pornditt.com"
            ]
        },
        {
            "rule": "cams\\.gratis\\/banner\\/leer\\.gif",
            "cookies": 0,
            "fingerprinting": 0,
            "subdomains": [],
            "apis": {},
            "sites": 61,
            "prevalence": 0.000416,
            "cnames": [],
            "responseHashes": [
                "a64ab0a8719d978df9c2da929cff88c00e97762259a0815f3531ec6fad17b725"
            ],
            "type": "Image",
            "firstPartyCookies": {},
            "firstPartyCookiesSent": {},
            "exampleSites": [
                "fr.xhamster.com",
                "xhamster.com",
                "ru.xhamster.com",
                "pl.xhamster.com",
                "es.xhamster.com",
                "nl.xhamster.com",
                "www.sexiezpix.com",
                "www.247fap.com",
                "zh.xhamster.com",
                "xhamster1.desi",
                "xhamster20.desi",
                "hi.xhamster.com",
                "abgcrot.pics",
                "www.sexiezpicz.com",
                "www.xsemok.com",
                "es.eporner.com",
                "www.orgazmax.com",
                "xhamster2.com",
                "www.sexizpix.com",
                "de.eporner.com"
            ]
        },
        {
            "rule": "cams\\.gratis\\/banner\\/bg6\\.jpg",
            "cookies": 0,
            "fingerprinting": 0,
            "subdomains": [],
            "apis": {},
            "sites": 56,
            "prevalence": 0.000381,
            "cnames": [],
            "responseHashes": [
                "d88f7170d988c88cd38524101e2c3e7a776a75b5939a2676d21ff8e1fcf90194"
            ],
            "type": "Image",
            "firstPartyCookies": {},
            "firstPartyCookiesSent": {},
            "exampleSites": [
                "fr.xhamster.com",
                "xhamster.com",
                "kittyporntube.com",
                "ge.xhamster.desi",
                "www.xsemok.com",
                "www.hotzxgirl.com",
                "br.xhamster.com",
                "pl.xhamster.com",
                "xhamster2.com",
                "jp.xhamster.com",
                "ru.xhamster.com",
                "id.xhamster.com",
                "pt.xhamster.com",
                "ge.xhamster.com",
                "es.xhamster.com",
                "www.sexiezpicz.com",
                "xhamster3.com",
                "ge.xhamster2.com",
                "pornspace.me",
                "nl.xhamster.com"
            ]
        },
        {
            "rule": "cams\\.gratis\\/banner\\/300x100\\.php",
            "cookies": 0,
            "fingerprinting": 1,
            "subdomains": [],
            "apis": {
                "Navigator.prototype.userAgent": 1
            },
            "sites": 5,
            "prevalence": 0.0000341,
            "cnames": [],
            "responseHashes": [
                "7ec3babcadb597042693d290f85451a7367e082ef38911e61f54c9bf0b8cb1f5",
                "0ac5c30fc1a5a4be062c1538f9ef37980f241212a5fabbea2778ec1b68444f24"
            ],
            "type": "Document",
            "firstPartyCookies": {},
            "firstPartyCookiesSent": {},
            "exampleSites": [
                "bokepsin.com",
                "bokepsin.tube",
                "tamilsexvideos.info",
                "www.onscreens.me",
                "www.ratihbugil.com"
            ]
        },
        {
            "rule": "cams\\.gratis\\/banner\\/950x250react\\.php",
            "cookies": 0,
            "fingerprinting": 0,
            "subdomains": [],
            "apis": {},
            "sites": 36,
            "prevalence": 0.000245,
            "cnames": [],
            "responseHashes": [
                "c1fdaaeefea96a56d35119d895a41ca5d625a53abe96c8f2f3df0ab40ba3551f"
            ],
            "type": "Document",
            "firstPartyCookies": {},
            "firstPartyCookiesSent": {},
            "exampleSites": [
                "xhamster.com",
                "fr.xhamster.com",
                "es.xhamster.com",
                "ge.xhamster2.com",
                "rs.xhamster.com",
                "xhamster3.com",
                "id.xhamster.com",
                "nl.xhamster.com",
                "tr.xhamster.com",
                "my.xhamster.com",
                "hi.xhamster.desi",
                "xhtab3.com",
                "pt.xhamster.com",
                "xhamster19.com",
                "ita.xhamster.com",
                "xhms.pro",
                "ru.xhamster.com",
                "xhofficial.com",
                "hi.xhamster.com",
                "ua.xhamster.com"
            ]
        }
    ],
    "categories": [],
    "performance": {},
    "cookies": 0,
    "topInitiators": [
        {
            "domain": "first party",
            "prevalence": 0.5223880597014925
        },
        {
            "domain": "jads.co",
            "prevalence": 0.373134328358209
        },
        {
            "domain": "juicyads.com",
            "prevalence": 0.029850746268656716
        },
        {
            "domain": "twinrdsrv.com",
            "prevalence": 0.029850746268656716
        },
        {
            "domain": "doublepimp.com",