{
    "domain": "camschat.net",
    "owner": {},
    "source": [
        "DuckDuckGo-US"
    ],
    "prevalence": 0.000463,
    "sites": 68,
    "subdomains": [],
    "cnames": [],
    "fingerprinting": 0,
    "resources": [
        {
            "rule": "camschat\\.net\\/300250\\/adniumcamsodadesk\\.php",
            "cookies": 0,
            "fingerprinting": 0,
            "subdomains": [],
            "apis": {},
            "sites": 14,
            "prevalence": 0.0000954,
            "cnames": [],
            "responseHashes": [
                "10343926fc67fde632b5b5a3ac03f4f94aa498ec50e7a32d22bf7fddf86cae36",
                "0fb95b8a432781b9921ebd11e7b8ce38d3cfb06600de10feb1288788ce907da7",
                "d22d2afe32f467db99dbc49f9ea2849b5ab821f665330a64cfbc780766a1eead",
                "24407828b573e2697fd9b79db983eb072835a629c2359ce24d832ae64e9f1b11",
                "d4164b232d08fc1501928dc13e101d87447849371afcdc2d494e0292d40d783b",
                "3b667be54a0b93d79e2817acbb0bb0192ca0da7a97230769139af2e44207de30",
                "645d99ec2b3019bb0883c92dcf76962d38cb803197ad500a9c2e5287c297938f",
                "ae82954b463457484d9adb071c40caa303034a25cd2c884e06a972862e9f1746",
                "a0b6e2b0a3157882578aa625938167dfe7724ec5fb358e3d852a3a73b0390607",
                "f7491aa42957b222186b04c0cd535cefb26f45ed8dd712533140bc9979cb1ec8",
                "cef4ccc9b2c54ea9dac14751ccf86d368caa53e069ed9843153ab62bbe1fad24",
                "3956ffeb685403ad57a5049e33d6c7e28097b44c2401302eb19ad68e6ce760fc"
            ],
            "type": "Document",
            "firstPartyCookies": {},
            "firstPartyCookiesSent": {},
            "exampleSites": [
                "4kpornvideos.tv",
                "jizzbunker.com",
                "ru.spankbang.com",
                "severeporn.com",
                "sexu.com",
                "www.apetube.one",
                "www.grannypornpics.com",
                "www.niceoldpussy.com",
                "www.ourshemales.com",
                "www.pornhomemade.com",
                "www.shemaletube.tv",
                "www.shesfreaky.com",
                "www.wankbus.com",
                "xxxdan.com"
            ]
        },
        {
            "rule": "camschat\\.net\\/clickadilla\\/300250\\.htm",
            "cookies": 0,
            "fingerprinting": 0,
            "subdomains": [],
            "apis": {},
            "sites": 14,
            "prevalence": 0.0000954,
            "cnames": [],
            "responseHashes": [
                "09ad3dd27a83afe77c00e52d5c22a894919fbbb5ab5c097a5a6b8c05385c9592"
            ],
            "type": "Document",
            "firstPartyCookies": {},
            "firstPartyCookiesSent": {},
            "exampleSites": [
                "bokepmesum.bond",
                "bokepmesum.sbs",
                "doooood.co",
                "italianvidxxx.com",
                "pornotaran.com",
                "roshy.tv",
                "shemalepower.xyz",
                "tubepornyoung.com",
                "www.bokepmesum.cfd",
                "www.bokepmesum.cam",
                "www.bokepmesum.sbs",
                "www.hqjavporn.com",
                "www.trannyteca.com",
                "xnxxbest.pro"
            ]
        },
        {
            "rule": "camschat\\.net\\/clickadilla\\/300250-1\\.htm",
            "cookies": 0,
            "fingerprinting": 0,
            "subdomains": [],
            "apis": {},
            "sites": 14,
            "prevalence": 0.0000954,
            "cnames": [],
            "responseHashes": [
                "eff190f4bb61cd982e76e6fb9a32af1b34fb39045fdd9b2d784d1378afe1f25c"
            ],
            "type": "Document",
            "firstPartyCookies": {},
            "firstPartyCookiesSent": {},
            "exampleSites": [
                "bokepmesum.bond",
                "bokepmesum.sbs",
                "doooood.co",
                "italianvidxxx.com",
                "pornotaran.com",
                "roshy.tv",
                "shemalepower.xyz",
                "tubepornyoung.com",
                "www.bokepmesum.cfd",
                "www.bokepmesum.cam",
                "www.bokepmesum.sbs",
                "www.hqjavporn.com",
                "www.trannyteca.com",
                "xnxxbest.pro"
            ]
        },
        {
            "rule": "camschat\\.net\\/clickadilla\\/300250-2\\.htm",
            "cookies": 0,
            "fingerprinting": 0,
            "subdomains": [],
            "apis": {},
            "sites": 14,
            "prevalence": 0.0000954,
            "cnames": [],
            "responseHashes": [
                "4914afa855b7a27ac392bf56ee7b97d86c8932c4b3a03b3f2c4d988744c762e6"
            ],
            "type": "Document",
            "firstPartyCookies": {},
            "firstPartyCookiesSent": {},
            "exampleSites": [
                "bokepmesum.bond",
                "bokepmesum.sbs",
                "doooood.co",
                "italianvidxxx.com",
                "pornotaran.com",
                "roshy.tv",
                "shemalepower.xyz",
                "tubepornyoung.com",
                "www.bokepmesum.cfd",
                "www.bokepmesum.cam",
                "www.bokepmesum.sbs",
                "www.hqjavporn.com",
                "www.trannyteca.com",
                "xnxxbest.pro"
            ]
        },
        {
            "rule": "camschat\\.net\\/clickadilla\\/300250-3\\.htm",
            "cookies": 0,
            "fingerprinting": 0,
            "subdomains": [],
            "apis": {},
            "sites": 14,
            "prevalence": 0.0000954,
            "cnames": [],
            "responseHashes": [
                "f7f8de0e861d4cbbdcffe61de805a25c8ed8734a5808f6002e1a650f08a2c3da"
            ],
            "type": "Document",
            "firstPartyCookies": {},
            "firstPartyCookiesSent": {},
            "exampleSites": [
                "bokepmesum.bond",
                "bokepmesum.sbs",
                "doooood.co",
                "italianvidxxx.com",
                "pornotaran.com",
                "roshy.tv",
                "shemalepower.xyz",
                "tubepornyoung.com",
                "www.bokepmesum.cfd",
                "www.bokepmesum.cam",
                "www.bokepmesum.sbs",
                "www.hqjavporn.com",
                "www.trannyteca.com",
                "xnxxbest.pro"
            ]
        },
        {
            "rule": "camschat\\.net\\/900250\\/trafficstars-ron\\.htm",
            "cookies": 0,
            "fingerprinting": 0,
            "subdomains": [],
            "apis": {},
            "sites": 14,
            "prevalence": 0.0000954,
            "cnames": [],
            "responseHashes": [
                "ed9b55505b7c3860ebd0eeb23696d315059d8fb7a206a84d28c1e3a996a548e4"
            ],
            "type": "Document",
            "firstPartyCookies": {},
            "firstPartyCookiesSent": {},
            "exampleSites": [
                "castingporntube.com",
                "comicporn.xxx",
                "fullporner.org",
                "hdporn92.net",
                "hentaienvy.com",
                "hentaiera.com",
                "hentairox.com",
                "hentaizap.com",
                "pornobae.net",
                "realpornclip.com",
                "www.povaddict.net",
                "www.xporn.tv",
                "www.xxbrits.com",
                "www.xxbrits.to"
            ]
        },
        {
            "rule": "camschat\\.net\\/900250\\/mfct1\\.htm",
            "cookies": 0,
            "fingerprinting": 0,
            "subdomains": [],
            "apis": {},
            "sites": 14,
            "prevalence": 0.0000954,
            "cnames": [],
            "responseHashes": [
                "06d31f4be0dcff8a9fd0c23686b177c5b1bc173c5eb37e6a5c760d2d3d936cde"
            ],
            "type": "Document",