{
    "domain": "carnow.com",
    "owner": {},
    "source": [
        "DuckDuckGo-US"
    ],
    "prevalence": 0.0000749,
    "sites": 11,
    "subdomains": [
        "app"
    ],
    "cnames": [],
    "fingerprinting": 1,
    "resources": [
        {
            "rule": "carnow\\.com\\/dealers\\/carnow_plugin\\.js",
            "cookies": 0.0000613,
            "fingerprinting": 1,
            "subdomains": [
                "app"
            ],
            "apis": {
                "Document.cookie getter": 1
            },
            "sites": 9,
            "prevalence": 0.0000613,
            "cnames": [],
            "responseHashes": [
                "e3b0c44298fc1c149afbf4c8996fb92427ae41e4649b934ca495991b7852b855",
                "2b67f33ecef3ebcb6b3f08092456673bb49bbb4affb64eec977ea2a299464f54",
                "608a40830f4e00c5994074e7af1dce9d149d0c06c6964ffda1460d5e1bc3b26d",
                "6dbaa9da237ea073dd99ccb63ae191d75f57c7a2f45b3366f35c0645902cda30",
                "a78f83fec8bd9882d57438c373a60b883c4f2b3b4120749724804bebac7c7900",
                "f34a902d7168a7cc9a335b2f50ed1f55c9e531c412c5e171897f0927d5a9157b",
                "e46bc9cb7257676d06b357b61e84eb09f75cc0c3fb6c2e8b024d3327d5491266",
                "bfb020680806ee4ae1f58060d1e990afdca5c00d7fa90bbaf3252794e9dc44fb"
            ],
            "type": "Script",
            "firstPartyCookies": {},
            "firstPartyCookiesSent": {},
            "exampleSites": [
                "5starford.com",
                "www.beavertontoyota.com",
                "www.classicchevrolet.com",
                "www.echopark.com",
                "www.enterprisecarsales.com",
                "www.kingstoyota.com",
                "www.lithia.com",
                "www.maplewoodtoyota.com",
                "www.vancouvertoyota.com"
            ]
        },
        {
            "rule": "carnow\\.com\\/dealers\\/widgets",
            "cookies": 0.0000477,
            "fingerprinting": 0,
            "subdomains": [
                "app"
            ],
            "apis": {},
            "sites": 7,
            "prevalence": 0.0000477,
            "cnames": [],
            "responseHashes": [
                "7492a6fdec204b2682606f8089625edc385dfbe7e94e294f182db5e8555672fb",
                "5afd6c33c026cec7ec3845e60aeaa4091a82963fa756ef1601eb9d76eb893c55",
                "cf2c9254cc56d491db3b87149148fd3d054a5aadde8cac4f26a0ab42ed6573df",
                "e9f91c8f9d7d8fefc7a268e274a6ffa5baef16a452dce257367223147d738b3b",
                "f6aa706a1762318be6a5add422df7ec437f845c8f03f405799517e8deceeaade",
                "42a362530390ed87149ab7e35ae7bca99adaa81181794fa04cd94b59b5634f64"
            ],
            "type": "XHR",
            "firstPartyCookies": {},
            "firstPartyCookiesSent": {},
            "exampleSites": [
                "5starford.com",
                "www.echopark.com",
                "www.enterprisecarsales.com",
                "www.kingstoyota.com",
                "www.lithia.com",
                "www.maplewoodtoyota.com",
                "www.vancouvertoyota.com"
            ]
        },
        {
            "rule": "carnow\\.com\\/dealers\\/track_visitor",
            "cookies": 0.0000477,
            "fingerprinting": 0,
            "subdomains": [
                "app"
            ],
            "apis": {},
            "sites": 7,
            "prevalence": 0.0000477,
            "cnames": [],
            "responseHashes": [
                "e3b0c44298fc1c149afbf4c8996fb92427ae41e4649b934ca495991b7852b855"
            ],
            "type": "XHR",
            "firstPartyCookies": {},
            "firstPartyCookiesSent": {},
            "exampleSites": [
                "5starford.com",
                "www.echopark.com",
                "www.enterprisecarsales.com",
                "www.kingstoyota.com",
                "www.lithia.com",
                "www.maplewoodtoyota.com",
                "www.vancouvertoyota.com"
            ]
        },
        {
            "rule": "carnow\\.com\\/dealers\\/poke_check",
            "cookies": 0.0000204,
            "fingerprinting": 0,
            "subdomains": [
                "app"
            ],
            "apis": {},
            "sites": 3,
            "prevalence": 0.0000204,
            "cnames": [],
            "responseHashes": [
                "c475876a34439671a90b502a4001c08d45cb127d97349aa76bcd431490c90206",
                "cf61741b303e76ffc6af3f3a8cabfb7a1372508e2f1a6c8f2b75a38b6e38ad7a"
            ],
            "type": "XHR",
            "firstPartyCookies": {},
            "firstPartyCookiesSent": {
                "29367_cn_vid": 0.000006812035504329049,
                "35412_cn_vid": 0.000006812035504329049,
                "35651_cn_vid": 0.000006812035504329049
            },
            "exampleSites": [
                "5starford.com",
                "www.maplewoodtoyota.com",
                "www.vancouvertoyota.com"
            ]
        },
        {
            "rule": "carnow\\.com\\/chat\\/live",
            "cookies": 0.0000477,
            "fingerprinting": 0,
            "subdomains": [
                "app"
            ],
            "apis": {},
            "sites": 7,
            "prevalence": 0.0000477,
            "cnames": [],
            "responseHashes": [
                "fda7474a49a82b676679b98c1964a2dc0669932b8338d08f9013e6ea2d864015",
                "b4a0549197eeed919e98a5138304e5de27c93733c87af12844fcddceaa07a8d0",
                "4958bff9f4c47639cc56a3419a6fb44eff6aa0cd8b68a89973a5ed3c0fce8671",
                "3f450ab627f72fbc932b67acfce92d0237efd1e2189056060303c53efd134cb8",
                "da78cc8f48ca22f5d2b530698ae2c77e0011e598d05db051533b26b36623222c",
                "f53d4c12118e1adcdef72f9cf88188a4026fa9ab5e06914e33d847858b9149ad"
            ],
            "type": "Document",
            "firstPartyCookies": {},
            "firstPartyCookiesSent": {
                "29367_cn_vid": 0.000006812035504329049,
                "41505_cn_vid": 0.000006812035504329049,
                "lotame_domain_check": 0.000006812035504329049,
                "37895_cn_vid": 0.000006812035504329049,
                "35226_cn_vid": 0.000006812035504329049,
                "41202_cn_vid": 0.000006812035504329049,
                "35412_cn_vid": 0.000006812035504329049,
                "35651_cn_vid": 0.000006812035504329049
            },
            "exampleSites": [
                "5starford.com",
                "www.echopark.com",
                "www.enterprisecarsales.com",
                "www.kingstoyota.com",
                "www.lithia.com",
                "www.maplewoodtoyota.com",
                "www.vancouvertoyota.com"
            ]
        },
        {
            "rule": "carnow\\.com\\/dealers\\/visitor_info",
            "cookies": 0.0000477,
            "fingerprinting": 0,
            "subdomains": [
                "app"
            ],
            "apis": {},
            "sites": 7,
            "prevalence": 0.0000477,
            "cnames": [],
            "responseHashes": [
                "d5d6f7d401602582fab03c534c0d7aa5e81aea930f886f7083adf1bc9ce4d4b3",
                "37a0fdb9bbb51e1a3335e5ee40b54fb4f91840b304b37f6f3044c70809dda8d2"
            ],
            "type": "XHR",
            "firstPartyCookies": {},
            "firstPartyCookiesSent": {
                "29367_cn_vid": 0.000006812035504329049,
                "41505_cn_vid": 0.000006812035504329049,
                "37895_cn_vid": 0.000006812035504329049,
                "35226_cn_vid": 0.000006812035504329049,
                "41202_cn_vid": 0.000006812035504329049,
                "35412_cn_vid": 0.000006812035504329049,
                "35651_cn_vid": 0.000006812035504329049
            },