{
    "domain": "cart-bot.net",
    "owner": {},
    "source": [
        "DuckDuckGo-US"
    ],
    "prevalence": 0.000238,
    "sites": 35,
    "subdomains": [
        "cdn-app",
        "app"
    ],
    "cnames": [],
    "fingerprinting": 1,
    "resources": [
        {
            "rule": "cart-bot\\.net\\/public\\/js\\/append\\.js",
            "cookies": 0,
            "fingerprinting": 0,
            "subdomains": [
                "cdn-app"
            ],
            "apis": {},
            "sites": 26,
            "prevalence": 0.000177,
            "cnames": [],
            "responseHashes": [
                "6f225151e0c754e29d1a30fb6aff702162821b40dd2bc3187788595804bf4cdb",
                "47efb6ce038b56ff1d1dc7e1506fdc4a38361c9278bbe1bb0826a9770bfc6a47",
                "d9c92a8ee03c4ea1c72394d01741165d2bdb57f93a7d572cce5666228b091e02",
                "c3ac1a38262548c358692949971d92dab3cb70c36e97d1fc15d4496bb8c97b04",
                "206c20e7010d30f6177fee32efd281d715c84b3516cd460b8f6db2bbafcc8e8c",
                "c12b8147e46554db509909f04aacdec732446f550711d22d9bc3bbe9dd8005d5",
                "ac932fc9622bcb2025e76873db7d80780f197bb240376cd2f30bcf2914426505",
                "995956d45e9416b037083c043e7948c77ce8590dfd323d8abccf5844fa52da6e",
                "eb1966bfb8a0fbb76fd77e69b19c5f34375e16663edcd6d95af8e8a393a51d89",
                "eb803d4de94587413f2838e6817d6568b1204dab4b3574aa6c273a638ee66b19",
                "f5771558005be2e5c7b907f60020548d4c7e447e87d1fa6ff19f4aab38925bbc",
                "36427262a338e946d61a23e98509cd1259a9c3a11f7fd581eb54e3629793772f",
                "0d5b667c8a0817132aa180b2219f26796debb0263c90504e7f5e8ab2fbc23f1c",
                "07b954f8e47769cd2f70fc722f5e9f55d5f99e2415fc24e903f5cc8aa107a1dc",
                "e207fe853745a429d7beca299edd999939fbc157ba36645aa58c433f146c5b60",
                "3a3b23146a42a17e94236cca645c6a98f5b2c3248539450ccda1ea35f7324faa",
                "599db81f0376c339abf8606135824f0d0fc5c521505c1fda7eebca77248f95b9",
                "c32be925eef7ddc66f3cbdaae7647989e2aec87b70599e44aa86b2be76cde1d1",
                "f3bed231d9c4711ef73091a25103bbead864d5bb07a8a81b22963182490273a2",
                "7846194ac001396be34d4a56cda4050a4fa0d5df23aee5f5682041ab313d6a93",
                "dd7c56414b4b6a6b5a5ad07ea90739bbac1402978e230661c7dd559b3d980b9a",
                "b7ab277c62f1fc11ae2d84e4592ac4757cbece7e3df3386a627c869f49964faa",
                "0e6b28bc4f61d981c9fed73cea02139a3d8263519d8a6f3479b27debca1f3ce2",
                "837a9a9a84f97d0f90e0c1beffdcb7602fd87ad6a124e8f4614d146543f0d603",
                "3f70cb610ffd8aff9b28136ed80bde7f5b7b492e2803f445201a3640d62a0f9e"
            ],
            "type": "Script",
            "firstPartyCookies": {},
            "firstPartyCookiesSent": {},
            "exampleSites": [
                "drsebiscellfood.com",
                "cookanyday.com",
                "www.sainsmart.com",
                "rallitek.com",
                "atlasbars.com",
                "www.atbbq.com",
                "www.jennikayne.com",
                "evelo.com",
                "www.vietri.com",
                "www.epicwaterfilters.com",
                "shop.autelrobotics.com",
                "artfultea.com",
                "unclockable.com",
                "cruisercorps.com",
                "www.sharmusic.com",
                "www.shocksurplus.com",
                "colorwowhair.com",
                "www.dynavap.com",
                "www.backyardbutchers.com",
                "oliveandjune.com"
            ]
        },
        {
            "rule": "cart-bot\\.net\\/public\\/js\\/main\\.js",
            "cookies": 0,
            "fingerprinting": 1,
            "subdomains": [
                "cdn-app"
            ],
            "apis": {
                "window.localStorage": 25,
                "Date.prototype.getTime": 17
            },
            "sites": 26,
            "prevalence": 0.000177,
            "cnames": [],
            "responseHashes": [
                "21f5449d52ec546f6077fbb96d00813a9e71a14c93e3573aa408e36eaa1525d6",
                "d868ce1b34439b334335d161d103fe6b7c8f17711242dcfa5a6ec03d878fca3c",
                "15b42132c54409ae0345ef74c8eab0b45db353277fbb6bc7d3341a743e8dbe9a",
                "5028b4fdd31d62a156da52986bf8b9a673a900651eab3ff764aae052e01eab54",
                "f755203c07425603ae0645fbb1cfb105e5b1510e23855ad96321cd1b642e02cc",
                "c41cfd60513c083321f4d75208b75799386915318a1761df3073c9d686f33051",
                "bd9976f96935127e06a3ae7add8787e9b3a77443f7d3ebf065121b8137eb8ac3",
                "0a5912959161a2e6be9a581d5ca5c6c20549793d9cd9074262cb416f165a1e1f",
                "9ccee0ec33230d41165b4d7b4c0d1c0fcdeb11cd0bd90b898812310e43ef378d",
                "755e816ef809d5a4ed2dafa92ada310f81266e1698677438c7dabbaebe16166a",
                "b310165b4da8a7af153ed2a4dda7fb75094f8c10597a8324d542d56f01f2f06b",
                "da21afd85eccd5ab12e6b519d490d4b6efc5625726eb9250e22a6f66690219b4",
                "7693dae27be0f9c3f1cd895d61c8443ea353c66984f20a0f9fd3ff0a24fccbc3",
                "1b01af1a80d1d3549d68fc9cf1f7ae90510be592df0e9cb6962c00c08110d480",
                "78bc06475d563475a9d92b9820287a81958fef311321ae2a354aeed8bc90583f",
                "7dada2f991da8f6a7e0c112bd2fd18b3c846458339c8113fbc6d6acf3f80313c",
                "9d86f4e81bfdd4764e62d883612ac8420baf3da819071aee9fdb5b19778ebad6",
                "3826e535652892eb8e5955b21353dc26eee74149a39208ec1011a7768960b086",
                "888c737ccdba18a7ad7b4c4589ecd5dd7256ad0064d57505d7ec68796ef0a418",
                "7acf4ca1407181f5433fdcd8922d6d177ec3e88707c7f41f3a53d1cd50a61107",
                "1f726a1c7ead0adde5c257ebf604243fdd3d771ddb528c4faac568d3d8f53682",
                "a6d48de7fc3c76f6ab4c631ebfbf33704022f4b13e0f77517467a4c5d8f974a3",
                "ada2dd43db97203812ae19d86be987f20f6782d9e27e5d40e6150df5f10234b3",
                "e12ccf4d9604fd00a32886ad5b31d54000af2bc1b1060b95e1f84e97774f17ed",
                "6abb311ec3819c27e4bcaf1bb982f8342f2e1e07fb2637b2b1a7194ab9ff45d1"
            ],
            "type": "Script",
            "firstPartyCookies": {},
            "firstPartyCookiesSent": {},
            "exampleSites": [
                "www.dynavap.com",
                "www.backyardbutchers.com",
                "www.vietri.com",
                "cookanyday.com",
                "shop.autelrobotics.com",
                "www.epicwaterfilters.com",
                "www.boka.com",
                "www.shocksurplus.com",
                "oliveandjune.com",
                "www.jennikayne.com",
                "drsebiscellfood.com",
                "cruisercorps.com",
                "colorwowhair.com",
                "hustlerhollywood.com",
                "rallitek.com",
                "www.anycubic.com",
                "www.sharmusic.com",
                "www.sainsmart.com",
                "atlasbars.com",
                "www.atbbq.com"
            ]
        },
        {
            "rule": "cart-bot\\.net\\/public\\/status\\/shop\\/anycubic3d-printer\\.myshopify\\.com\\.js",
            "cookies": 0,
            "fingerprinting": 0,
            "subdomains": [
                "app"
            ],
            "apis": {},
            "sites": 2,
            "prevalence": 0.0000136,
            "cnames": [],
            "responseHashes": [
                "662d7907f8a4ac8a9b6fc48419934c411b56667a39705b3ea3ac0f868b8e5b6e"
            ],
            "type": "Script",
            "firstPartyCookies": {},
            "firstPartyCookiesSent": {},
            "exampleSites": [
                "anycubic.com",
                "www.anycubic.com"
            ]
        },
        {
            "rule": "cart-bot\\.net\\/public\\/status\\/shop\\/dynavap-llc\\.myshopify\\.com\\.js",
            "cookies": 0,
            "fingerprinting": 0,