{
    "domain": "cbox.ws",
    "owner": {},
    "source": [
        "DuckDuckGo-US"
    ],
    "prevalence": 0.0000886,
    "sites": 13,
    "subdomains": [
        "www5",
        "www6",
        "www4",
        "www1",
        "static",
        "flr-eu3",
        "flr-eu1"
    ],
    "cnames": [],
    "fingerprinting": 1,
    "resources": [
        {
            "rule": "cbox\\.ws\\/box\\/",
            "cookies": 0,
            "fingerprinting": 1,
            "subdomains": [
                "www5",
                "www6",
                "www4",
                "www1"
            ],
            "apis": {
                "Date.prototype.getTime": 6,
                "window.name": 3
            },
            "sites": 9,
            "prevalence": 0.0000613,
            "cnames": [],
            "responseHashes": [
                "0cf3b1b2b44b4acdf8539d0313df1ac7b5024b038ecc796673333319630b7426",
                "028530c3c9f90af7c2896295775a51ebf20a9fb94cd71220ac9041447de5ebe0",
                "71d502bbf06acde314412d63dff470991656ae2463802bb8f60ec4fc9589c383",
                "e1414b9fac94b59c905dcf9ab9a9924117c13a4c1b6b86b41287d8decaa2812c",
                "4a97eb0ae602e0808331fc4edf42e36a4bc030080826a9a72fdafd9610dffb00",
                "161ce888394bbf904cdb46d8655b70334a596bb0ac98697bfdf2596d2428d4e7",
                "913ac91b95c93619dfdf7f963aa20eabddcaa680b52b78088d2e12ffeec6fa4d",
                "8cc97a2689fa1426f4a78c96d8408f877c6e47a93532364b41243af1529397c3"
            ],
            "type": "Document",
            "firstPartyCookies": {},
            "firstPartyCookiesSent": {},
            "exampleSites": [
                "livesoccer.sx",
                "asupanlink.blogspot.com",
                "baramangaonline.com",
                "galaxyporn.net",
                "imperia-of-hentai.net",
                "javfree.me",
                "lazypoire.blogspot.com",
                "www.lazypoi.xyz",
                "www.panicstream.com"
            ]
        },
        {
            "rule": "cbox\\.ws\\/box\\/",
            "cookies": 0,
            "fingerprinting": 0,
            "subdomains": [
                "www5",
                "www6",
                "www1"
            ],
            "apis": {},
            "sites": 8,
            "prevalence": 0.0000545,
            "cnames": [],
            "responseHashes": [
                "0aae17ff4dd676b7b7bad36e1ccd74cf544f7043d1dc2136768933ebf1633e46",
                "62df83d7bb57130a510eeb6649d948a31f8f7d0f3f5a6840cd1c92f1693b5d29",
                "d18905cdfe30f50a26afc111fc2a98e6778940a10c3d5a9ce37855496dd616ad",
                "6beb72d4d22c5029709e6388754f25530682ca06d154ceae9de0c1c7f8400365",
                "f1ee024ba7b759bbdc45185d98e5fe7599b84cf3695de03671f4250e3252b654",
                "a044837415875c8fcab95762fbc752e3dd901e80b3bf8915eee785944666fc85"
            ],
            "type": "Stylesheet",
            "firstPartyCookies": {},
            "firstPartyCookiesSent": {},
            "exampleSites": [
                "livesoccer.sx",
                "asupanlink.blogspot.com",
                "baramangaonline.com",
                "galaxyporn.net",
                "imperia-of-hentai.net",
                "lazypoire.blogspot.com",
                "www.lazypoi.xyz",
                "www.panicstream.com"
            ]
        },
        {
            "rule": "cbox\\.ws\\/jsc\\/jsc_10_1662968291\\.js",
            "cookies": 0,
            "fingerprinting": 1,
            "subdomains": [
                "static"
            ],
            "apis": {
                "Date.prototype.getTime": 6,
                "window.localStorage": 3,
                "window.name": 3
            },
            "sites": 6,
            "prevalence": 0.0000409,
            "cnames": [],
            "responseHashes": [
                "ee9be91699ff4cf58c547b83514c18568a274bfa1a5e63726714798cf33fc4a0"
            ],
            "type": "Script",
            "firstPartyCookies": {},
            "firstPartyCookiesSent": {},
            "exampleSites": [
                "livesoccer.sx",
                "asupanlink.blogspot.com",
                "galaxyporn.net",
                "lazypoire.blogspot.com",
                "www.lazypoi.xyz",
                "www.panicstream.com"
            ]
        },
        {
            "rule": "cbox\\.ws\\/fonts\\/fontawesome-webfont\\.woff2",
            "cookies": 0,
            "fingerprinting": 0,
            "subdomains": [
                "static"
            ],
            "apis": {},
            "sites": 6,
            "prevalence": 0.0000409,
            "cnames": [],
            "responseHashes": [
                "9682aff0dfb2932f5273721abd9190df39eeb0f42c37a24566aa4ac5753219c1"
            ],
            "type": "Font",
            "firstPartyCookies": {},
            "firstPartyCookiesSent": {},
            "exampleSites": [
                "livesoccer.sx",
                "asupanlink.blogspot.com",
                "galaxyporn.net",
                "lazypoire.blogspot.com",
                "www.lazypoi.xyz",
                "www.panicstream.com"
            ]
        },
        {
            "rule": "cbox\\.ws\\/snd\\/blip1\\.ogg",
            "cookies": 0,
            "fingerprinting": 0,
            "subdomains": [
                "static"
            ],
            "apis": {},
            "sites": 2,
            "prevalence": 0.0000136,
            "cnames": [],
            "responseHashes": [
                "a3e07820b2c602bd7bee045591c8af601623ab4be778cbbe5a626b93a9065d9a"
            ],
            "type": "Media",
            "firstPartyCookies": {},
            "firstPartyCookiesSent": {},
            "exampleSites": [
                "livesoccer.sx",
                "imperia-of-hentai.net"
            ]
        },
        {
            "rule": "cbox\\.ws\\/",
            "cookies": 0,
            "fingerprinting": 0,
            "subdomains": [
                "flr-eu3",
                "flr-eu1"
            ],
            "apis": {},
            "sites": 7,
            "prevalence": 0.0000477,
            "cnames": [],
            "responseHashes": [],
            "type": "WebSocket",
            "firstPartyCookies": {},
            "firstPartyCookiesSent": {},
            "exampleSites": [
                "livesoccer.sx",
                "1.livesoccer.sx",
                "asupanlink.blogspot.com",
                "galaxyporn.net",
                "lazypoire.blogspot.com",
                "www.lazypoi.xyz",
                "www.panicstream.com"
            ]
        },
        {
            "rule": "cbox\\.ws\\/jsc\\/jsc_1593163307\\.js",
            "cookies": 0,
            "fingerprinting": 1,
            "subdomains": [
                "static"
            ],
            "apis": {
                "Date.prototype.getTime": 3,
                "window.localStorage": 3,
                "window.name": 3,
                "HTMLMediaElement.prototype.canPlayType": 1
            },
            "sites": 3,
            "prevalence": 0.0000204,
            "cnames": [],
            "responseHashes": [
                "4a0bfe840910b6f2622d2a9a11ff97a2e655facd7db8fa94633607fdc082a46a"
            ],
            "type": "Script",
            "firstPartyCookies": {},
            "firstPartyCookiesSent": {},
            "exampleSites": [
                "baramangaonline.com",
                "imperia-of-hentai.net",
                "javfree.me"
            ]
        },
        {
            "rule": "cbox\\.ws\\/smilies\\/1\\/sad\\.gif",
            "cookies": 0,
            "fingerprinting": 0,
            "subdomains": [
                "static"
            ],
            "apis": {},
            "sites": 2,
            "prevalence": 0.0000136,
            "cnames": [],
            "responseHashes": [
                "b73d7c4eb725a004a851e05bdb17c3551147489b7401987d29843a05490c0422"
            ],
            "type": "Image",