{
    "domain": "cctm.xyz",
    "owner": {},
    "source": [
        "DuckDuckGo-US"
    ],
    "prevalence": 0.000232,
    "sites": 34,
    "subdomains": [
        "386834",
        "395537",
        "99194",
        "130064",
        "249791",
        "208169",
        "401186",
        "390653",
        "395957",
        "379043",
        "392204",
        "460670",
        "401450",
        "53665",
        "395177",
        "397523",
        "398672",
        "390617",
        "402218",
        "92102",
        "403802"
    ],
    "cnames": [],
    "fingerprinting": 1,
    "resources": [
        {
            "rule": "cctm\\.xyz\\/e\\.js",
            "cookies": 0.0000272,
            "fingerprinting": 1,
            "subdomains": [
                "386834"
            ],
            "apis": {
                "Document.cookie getter": 4,
                "Navigator.prototype.userAgent": 4,
                "window.localStorage": 4,
                "Date.prototype.getTime": 4,
                "Document.cookie setter": 4,
                "window.innerWidth": 3,
                "window.innerHeight": 3
            },
            "sites": 4,
            "prevalence": 0.0000272,
            "cnames": [],
            "responseHashes": [
                "f39db8a455c51c716531abbd60715cb7d54b336c50e317de28970b1bf8bd87ed",
                "e1494c9939782aec82930cf4007e63599fe5694719c6d46f3909094f2889cc9f",
                "0f7a17602cbee5b29cd463f7c9e2f27bf448b05ff9dc1d1a9b8f7650f3edba23"
            ],
            "type": "Script",
            "firstPartyCookies": {
                "__ctmid": {
                    "ttl": 2592003,
                    "length": 24,
                    "prevalence": 0.000027248142017316195,
                    "uniqueness": 1
                }
            },
            "firstPartyCookiesSent": {},
            "exampleSites": [
                "bedrockrecoverycenter.com",
                "springhillrecovery.com",
                "www.addictionresource.net",
                "www.arkbh.com"
            ]
        },
        {
            "rule": "cctm\\.xyz\\/p\\.js",
            "cookies": 0.0000681,
            "fingerprinting": 0,
            "subdomains": [
                "386834",
                "395537",
                "99194",
                "130064",
                "249791",
                "208169",
                "401186"
            ],
            "apis": {},
            "sites": 10,
            "prevalence": 0.0000681,
            "cnames": [],
            "responseHashes": [
                "63723d3418bdfe611f10233f7b7cd7017e94a3f0f969d26622e4a1ddefacbf08",
                "6cef830b5b3f258d69fa5ff174082c4b00d01d2310812a0fa26c035a24964482",
                "2d2503ee419f9187158e698d1dc54e2652658eeda3f5cb9811bfe9c5d96320f0",
                "f6bc0575c67b6d15397aee1eca65a8c74e74b1be29313524cdb29b6346f2850b",
                "db5af53094f9b363e312cd0028c611de123ccc6fcc8e9c203bf651c137b41156",
                "73fe980d7588a089871f94733d0114fd2c1155803bf03422c3f67ddea6482fcf",
                "ae89cc7a1ad00aced4e6b1d82a1f0b1ef684a6c07842621941720c1d5b9e5160",
                "c8c466c2634079a0300003135a371194cfca981f9332f3912579de38843d82ee",
                "f9971be96c2f4845362f3ff45261a894f6d51c4d1389860a1f15149e3724ef1a"
            ],
            "type": "Script",
            "firstPartyCookies": {},
            "firstPartyCookiesSent": {
                "__ctmid": 0.00006130831953896144
            },
            "exampleSites": [
                "bedrockrecoverycenter.com",
                "fherehab.com",
                "reverse.mortgage",
                "springhillrecovery.com",
                "thetrailerpartsoutlet.com",
                "unistrutohio.com",
                "veterinaryemergencygroup.com",
                "www.addictionresource.net",
                "www.arkbh.com",
                "www.viewrail.com"
            ]
        },
        {
            "rule": "cctm\\.xyz\\/x\\.json",
            "cookies": 0,
            "fingerprinting": 0,
            "subdomains": [
                "386834",
                "395537",
                "130064",
                "249791",
                "401186"
            ],
            "apis": {},
            "sites": 7,
            "prevalence": 0.0000477,
            "cnames": [],
            "responseHashes": [],
            "type": "Preflight",
            "firstPartyCookies": {},
            "firstPartyCookiesSent": {},
            "exampleSites": [
                "bedrockrecoverycenter.com",
                "fherehab.com",
                "springhillrecovery.com",
                "thetrailerpartsoutlet.com",
                "unistrutohio.com",
                "www.addictionresource.net",
                "www.viewrail.com"
            ]
        },
        {
            "rule": "cctm\\.xyz\\/x\\.json",
            "cookies": 0,
            "fingerprinting": 0,
            "subdomains": [
                "386834",
                "395537",
                "130064",
                "249791",
                "401186"
            ],
            "apis": {},
            "sites": 7,
            "prevalence": 0.0000477,
            "cnames": [],
            "responseHashes": [
                "e3b0c44298fc1c149afbf4c8996fb92427ae41e4649b934ca495991b7852b855"
            ],
            "type": "XHR",
            "firstPartyCookies": {},
            "firstPartyCookiesSent": {},
            "exampleSites": [
                "bedrockrecoverycenter.com",
                "fherehab.com",
                "springhillrecovery.com",
                "thetrailerpartsoutlet.com",
                "unistrutohio.com",
                "www.addictionresource.net",
                "www.viewrail.com"
            ]
        },
        {
            "rule": "cctm\\.xyz\\/t\\.js",
            "cookies": 0.000136,
            "fingerprinting": 1,
            "subdomains": [
                "390653",
                "395957",
                "395537",
                "99194",
                "379043",
                "392204",
                "460670",
                "130064",
                "249791",
                "208169",
                "401450",
                "53665",
                "395177",
                "397523",
                "398672",
                "390617",
                "402218",
                "92102",
                "403802",
                "401186"
            ],
            "apis": {
                "Document.cookie getter": 13,
                "Navigator.prototype.userAgent": 13,
                "window.localStorage": 13,
                "Date.prototype.getTime": 15,
                "Document.cookie setter": 13,
                "window.innerWidth": 4,
                "window.innerHeight": 4
            },
            "sites": 20,
            "prevalence": 0.000136,
            "cnames": [],