{
    "domain": "cdngain.com",
    "owner": {},
    "source": [
        "DuckDuckGo-US"
    ],
    "prevalence": 0.000184,
    "sites": 27,
    "subdomains": [
        "media",
        "ads"
    ],
    "cnames": [],
    "fingerprinting": 1,
    "resources": [
        {
            "rule": "cdngain\\.com\\/creatives\\/v08aa",
            "cookies": 0.000116,
            "fingerprinting": 1,
            "subdomains": [
                "media"
            ],
            "apis": {
                "Date.prototype.getTime": 17,
                "Document.cookie setter": 4
            },
            "sites": 17,
            "prevalence": 0.000116,
            "cnames": [],
            "responseHashes": [
                "c90a6fb88ca63eba99dd82f99dc79cd06aafd879f156bf73c823c2a1ae1c01b1",
                "b10daf9b4638e697e9c388eff54b0525c9c70c45b2a6530d133e5d011cf5f588",
                "a209798d25a6921b54575de206c8fc8e56e0d36a51eb5cdce1ad3e0d7ffdd659",
                "1bf75694152ff5d39f550aff47abd5095c2347cfaa657b879626a0db3f4976b6",
                "5f73f7c7557ed3326ef0c1b02020b2a803a4ce57e7f227d5cf5b0370700a5177",
                "6dd322d0eef2b676b0e5e603c6bb107e4de52e2cc94ee976ef7078b7fe698dae",
                "07e011dcdef4e437f13477594fb2b13f2e03074334a849abd8069b19ff25950c",
                "b7ec3e5c8a9e2e654e23a0433e4abc5d6256a5208423f2479f3a005628b110f1",
                "74fd9f717e5f224dd6846e9590104e804f3e82651c2f2f4dba507dcb97470314",
                "c910b44c0bf2381943b5834190f3c3f6be40730012118dbe398f5f2f8d4e2cec",
                "5680664362bbdba119ca824abb291ebc932710b14bef43a0a607c6ae316d0a2b",
                "b41ad2588fcd4e4750ea7a58c898665095114b12d244ec2324f94be967a73a35",
                "2c2600d57639e7bd5545abf63eb5a325e1d7c4359cb8ce98a6491005eb36d451",
                "30f0c22be94866c0dc98a0527344107ed4653c40fbbe2ed5fda385a53aa83cbd",
                "1eb4bd54fea1d0fcb015ed476714f2229bf8fd0b4cce88b0059224cb10107705",
                "9c70cff6a9a9056e5782203e0a7d1f9ae2bd92024f72ea5d8df4b28c82044b2d"
            ],
            "type": "Document",
            "firstPartyCookies": {
                "ad_cid": {
                    "ttl": null,
                    "length": 64,
                    "prevalence": 0.000027248142017316195,
                    "uniqueness": 1
                }
            },
            "firstPartyCookiesSent": {},
            "exampleSites": [
                "freeadultcomix.com",
                "hitomi.la",
                "justpicsplease.com",
                "megapornx.com",
                "milfzr.com",
                "momzr.com",
                "reddxxx.com",
                "teamceleb.com",
                "thehentaiworld.com",
                "www.amateurporn.me",
                "www.homemoviestube.com",
                "www.mypornhere.com",
                "www.older-mature.net",
                "www.pornrewind.com",
                "www.shemaleporn.xxx",
                "xxxpicss.com",
                "xxxpicz.com"
            ]
        },
        {
            "rule": "cdngain\\.com\\/tools\\/ad\\.js",
            "cookies": 0,
            "fingerprinting": 1,
            "subdomains": [
                "ads"
            ],
            "apis": {
                "window.innerHeight": 3,
                "window.innerWidth": 3
            },
            "sites": 3,
            "prevalence": 0.0000204,
            "cnames": [],
            "responseHashes": [
                "bf0c8c12bfcd4b1c2728d66d6a6b2a1cbc52cd48461e63f21a5507e97095edb1"
            ],
            "type": "Script",
            "firstPartyCookies": {},
            "firstPartyCookiesSent": {},
            "exampleSites": [
                "megapornx.com",
                "xxxpicss.com",
                "xxxpicz.com"
            ]
        },
        {
            "rule": "cdngain\\.com\\/tools\\/ad\\.html",
            "cookies": 0.00000681,
            "fingerprinting": 1,
            "subdomains": [
                "ads"
            ],
            "apis": {
                "Date.prototype.getTime": 3,
                "Document.cookie setter": 1
            },
            "sites": 3,
            "prevalence": 0.0000204,
            "cnames": [],
            "responseHashes": [
                "3a531712685155d48788168f58873aa145e8fe7ea74265a81addaad3003b2f3c"
            ],
            "type": "Document",
            "firstPartyCookies": {
                "ad_cid": {
                    "ttl": null,
                    "length": 64,
                    "prevalence": 0.000006812035504329049,
                    "uniqueness": 1
                }
            },
            "firstPartyCookiesSent": {},
            "exampleSites": [
                "megapornx.com",
                "xxxpicss.com",
                "xxxpicz.com"
            ]
        }
    ],
    "categories": [],
    "performance": {},
    "cookies": 0.000184,
    "topInitiators": [
        {
            "domain": "first party",
            "prevalence": 0.6825396825396826
        },
        {
            "domain": "gorillatraffic.xyz",
            "prevalence": 0.25396825396825395
        },
        {
            "domain": "magsrv.com",
            "prevalence": 0.031746031746031744
        },
        {
            "domain": "pemsrv.com",
            "prevalence": 0.015873015873015872
        },
        {
            "domain": "exdynsrv.com",
            "prevalence": 0.015873015873015872
        }
    ],
    "types": {
        "Document": 20,
        "Script": 3
    },
    "nameservers": [
        "derek.ns.cloudflare.com",
        "brianna.ns.cloudflare.com"
    ]
}