{
    "domain": "cdngcloud.com",
    "owner": {},
    "source": [
        "DuckDuckGo-US"
    ],
    "prevalence": 0.000136,
    "sites": 20,
    "subdomains": [
        "us-west1"
    ],
    "cnames": [],
    "fingerprinting": 3,
    "resources": [
        {
            "rule": "cdngcloud\\.com\\/api\\/spots\\/41050",
            "cookies": 0.000123,
            "fingerprinting": 1,
            "subdomains": [
                "us-west1"
            ],
            "apis": {
                "Document.cookie setter": 3,
                "Document.cookie getter": 3
            },
            "sites": 18,
            "prevalence": 0.000123,
            "cnames": [],
            "responseHashes": [
                "6b314fd51e63652aeb357515ec8842aed2d393cc0ee80cb4d3b0eeb52a710209",
                "03add6f7592fe81cf0b13e0f15e660d705222d4db19f2849347f88577a9f4374",
                "5b053a00a956f4bcfe9080ca5739eca8697b5506f3fb487a7b65cf28309a4c21",
                "031328a5a207491238a790da58a4311f5042771d2272c86ce83d271ee404b100",
                "a9b8af5ad7bc8d3e9e5e85ac24cf8dc26ea644fc1276b46eff7e77d21992e316",
                "eb8aa481b3d57892ab05a9ca495aceca66363e0306d841c8a02d20d1bbfeabf0",
                "3d9b025495be0a10d92102fd9b5290c5a6856bd2566186715fb38a740ce51caa",
                "0ce25dcab0d5ad53c426767bf7a638f9b6e7fbea281438162cacafce72cce61c",
                "453d842043bb9314cdabdbe6dd43afa84163bba4d9ffe6fcbc9c7933cd5c4b61",
                "5c8dfd9dc6f9b533d31d26182ed9c55fc1d4766c3779182937e8717bf57a6b06",
                "85097258f31e996b13d12c1394a8a00fc52a77e23f7a2a2dd88faf530fea3909",
                "bb59b536ab7522014f120183f019a92684956313258e59efbbcb1586a13f2764",
                "dbd49b22afe34646e9aea8378329b585cea3b7a8a553ceb65eb21a6a7462c91f",
                "5304540d2c9fc92e29f0baeea0aeeb722bc4a4a42a9d7330b4de21f622178fa8",
                "ff84577ceead6eba6e6f29392ac6de5929f9aafce2d894b635d4aec8d5d4ee0a",
                "28c4f67eeae0343be1f2275e2241c29c668fa81e2b45df5363683f75c392fbc6",
                "21d0df16324c218f9dd156392a247914c1d4fc617597a456554987118436e316"
            ],
            "type": "Document",
            "firstPartyCookies": {
                "asgfp": {
                    "ttl": 31622403,
                    "length": 32,
                    "prevalence": 0.000020436106512987146,
                    "uniqueness": 0.6666666666666666
                }
            },
            "firstPartyCookiesSent": {},
            "exampleSites": [
                "goldendesi.com",
                "hdpplanet.com",
                "indianpornhq.com",
                "indianpornzone.com",
                "japxtube.com",
                "justindiansex.com",
                "lesbiancloud.com",
                "topchineseporn.com",
                "turboindian.com",
                "www.easianporn.com",
                "www.japxtube.com",
                "www.onejapanese.com",
                "www.porn4e.com",
                "www.pornoplanetxxx.com",
                "www.tryasianporn.com",
                "xtubeindian.com",
                "xxxfilm.pro",
                "xzxxtube.com"
            ]
        },
        {
            "rule": "cdngcloud\\.com\\/api\\/spots\\/77669",
            "cookies": 0.0000204,
            "fingerprinting": 0,
            "subdomains": [
                "us-west1"
            ],
            "apis": {},
            "sites": 5,
            "prevalence": 0.0000341,
            "cnames": [],
            "responseHashes": [
                "08112f6f2a4444195da107a59547593ec09a2e4a0f3919702a62409e1f68573e",
                "60097732a98245466064ead9ccf1ce0566565700db06c1b9c00b3e93289bf34c",
                "119c317739b8ff5edec9889839a1e68e8bbaa31b069caacd96ecd109a9ee5b51",
                "a609bb02386920865b375674bab5bf04e1168fb419e9cc7594d14420d5b145b8"
            ],
            "type": "Fetch",
            "firstPartyCookies": {},
            "firstPartyCookiesSent": {},
            "exampleSites": [
                "goldendesi.com",
                "indianpornzone.com",
                "turboindian.com",
                "www.japxtube.com",
                "www.porn4e.com"
            ]
        },
        {
            "rule": "cdngcloud\\.com\\/api\\/spots\\/41136",
            "cookies": 0.000123,
            "fingerprinting": 0,
            "subdomains": [
                "us-west1"
            ],
            "apis": {},
            "sites": 19,
            "prevalence": 0.000129,
            "cnames": [],
            "responseHashes": [
                "d8d0f2ae8d9d4c114b8aa1aaceea4e8de3a73edd269c799aed40c73ea7795955",
                "7e28432f76b9e0afb1c8cc0f4c62f4e95e210f96026aa6d8d4ea0c9c7c6166fb",
                "f912cff9f7a89c02b4d5b9fd8533a09a434b63df3065bcde779c20a8de3b8d0f",
                "78892b26a6d626a9747930f8fdd35019578b2e8c3ad7da18d459a52cf001c48b",
                "131ace3dd2bee38ca0c10c1176b2209bb4f939b077d01cec661876b27ee5b581",
                "757ab0bc0df2cd425e1936ac5cfebc56b4db3b1f6aaac1e4b3173346bf996363",
                "05768841f3bdf14f9950fb07d96912609e5753b954df25bfdbefd5467119a7a5",
                "a8b0dc9cecc000b4371f674150a87bd5310612a15a0ded147d2aa1c6aa937976",
                "108a2d20b77ee3e6add1b6ca50d7af377b115a1bfdf394682a8de8b292cc8e37",
                "8110ef39c24aa1ab66d70834364d0d19f221239eea2be8cbc23a19c8b35087e9",
                "6b1aaec9322432c6dd94053c6f7ac8790e424f09b6dfdcd41736c78a4d174f23",
                "9ac9ff288d7ad09a8bacbdfd50abda9bd76820a2e8a2691ce5fe84538faed808",
                "c74cc4cd401b7ba1c4652b812e2362a77c333a643a72d4cf1e2f0ed7b7bed536",
                "f073358f63160a7d5ad76e1bf5339c8c74ee9a31dc4c9fb2f7d907487f087faa",
                "b27cd787aa49feca583082064d0b23f0e06b55aab2a72127bec9551b44cb88f1",
                "de38a305787ff1808c2c002ae8fe1fc23dac84770ebabf43e72411ce51939f0f",
                "225f581d7ff5ccd931a522a71c0e780b8f96c7cd80ecd535fed13dc401b912a0",
                "017bf23e745ec622d26df45918be3c83fdf3ad8925e4328b85f420733cdb8a96"
            ],
            "type": "Document",
            "firstPartyCookies": {},
            "firstPartyCookiesSent": {},
            "exampleSites": [
                "goldendesi.com",
                "hdpplanet.com",
                "indianpornhq.com",
                "indianpornzone.com",
                "japxtube.com",
                "justindiansex.com",
                "lesbiancloud.com",
                "topchineseporn.com",
                "turboindian.com",
                "www.easianporn.com",
                "www.holloporn.com",
                "www.japxtube.com",
                "www.onejapanese.com",
                "www.porn4e.com",
                "www.pornoplanetxxx.com",
                "www.tryasianporn.com",
                "xtubeindian.com",
                "xxxfilm.pro",
                "xzxxtube.com"
            ]
        },
        {
            "rule": "cdngcloud\\.com\\/api\\/spots\\/41054",
            "cookies": 0.000123,
            "fingerprinting": 0,
            "subdomains": [
                "us-west1"
            ],
            "apis": {},
            "sites": 19,
            "prevalence": 0.000129,
            "cnames": [],