{
    "domain": "citiservi.es",
    "owner": {},
    "source": [
        "DuckDuckGo-US"
    ],
    "prevalence": 0.0000749,
    "sites": 11,
    "subdomains": [
        "dmp",
        "a",
        "ctx"
    ],
    "cnames": [],
    "fingerprinting": 1,
    "resources": [
        {
            "rule": "citiservi\\.es\\/pxtrack\\.js",
            "cookies": 0.0000681,
            "fingerprinting": 1,
            "subdomains": [
                "dmp"
            ],
            "apis": {
                "Date.prototype.getTime": 10,
                "Document.cookie setter": 9,
                "Document.cookie getter": 9,
                "window.localStorage": 9
            },
            "sites": 10,
            "prevalence": 0.0000681,
            "cnames": [],
            "responseHashes": [
                "ed1f7534119b55b2cc61f09ddacc64d230daf7890306da855c5145c3f5635e74",
                "5ad2301644cdac16525b84524b5bb1474b950ddcb0fe7882fd21b5be319653d6",
                "9e19bce496cdf01393bc408f4a01c6b9aa16bb9f43122aa0fddf9f202de8804d",
                "3938efb74338546c64b848a103766a3882c945890ce6a0e003835a036ff175af",
                "f0e00ea628052890c4404d05e48fab5e7d70ca4e6aafd471574ed175ecf0f5fe",
                "4662ebc349fa2335e252d44d86b9041293ca1bd386e094b73f1e621b5e6637a1",
                "3f74e79fe6c6432c72d038582a59f5253591c3d0e0b9f2a77525a65b38acae48",
                "cc8a12d839bccfa20a2ca5373af3037d0115bedbfb694121b7952341245888aa",
                "75fcb8b0497ea99c11c98708d4fb7ccc7f3e593302cb906c56886a16a5f4c856"
            ],
            "type": "Script",
            "firstPartyCookies": {
                "_btrid": {
                    "ttl": 31536003,
                    "length": 36,
                    "prevalence": 0.00006130831953896144,
                    "uniqueness": 1
                }
            },
            "firstPartyCookiesSent": {
                "_btrid": 0.000020436106512987146
            },
            "exampleSites": [
                "elespanol.com",
                "forbes.es",
                "informalia.eleconomista.es",
                "metropoliabierta.elespanol.com",
                "www.deia.eus",
                "www.eleconomista.es",
                "www.elespanol.com",
                "www.espinof.com",
                "www.noticiasdegipuzkoa.eus",
                "www.noticiasdenavarra.com"
            ]
        },
        {
            "rule": "citiservi\\.es\\/uscheck\\.js",
            "cookies": 0,
            "fingerprinting": 0,
            "subdomains": [
                "dmp"
            ],
            "apis": {},
            "sites": 8,
            "prevalence": 0.0000545,
            "cnames": [],
            "responseHashes": [
                "9e619c84556989e71028ae6620a9a5ff930b6af1ac283feac9dfc8ca9fac61ce"
            ],
            "type": "XHR",
            "firstPartyCookies": {},
            "firstPartyCookiesSent": {
                "_btrid": 0.00006812035504329048
            },
            "exampleSites": [
                "elespanol.com",
                "informalia.eleconomista.es",
                "metropoliabierta.elespanol.com",
                "www.deia.eus",
                "www.eleconomista.es",
                "www.elespanol.com",
                "www.noticiasdegipuzkoa.eus",
                "www.noticiasdenavarra.com"
            ]
        },
        {
            "rule": "citiservi\\.es\\/pns\\.gif",
            "cookies": 0,
            "fingerprinting": 0,
            "subdomains": [
                "a",
                "dmp"
            ],
            "apis": {},
            "sites": 8,
            "prevalence": 0.0000545,
            "cnames": [],
            "responseHashes": [
                "1866961a029c65376fefb7f2ba1e6187e09ff50ea58d97dedfd72c197947d002"
            ],
            "type": "Image",
            "firstPartyCookies": {},
            "firstPartyCookiesSent": {
                "_btrid": 0.00006812035504329048
            },
            "exampleSites": [
                "elespanol.com",
                "cronicaglobal.elespanol.com",
                "informalia.eleconomista.es",
                "metropoliabierta.elespanol.com",
                "www.deia.eus",
                "www.elespanol.com",
                "www.noticiasdegipuzkoa.eus",
                "www.noticiasdenavarra.com"
            ]
        },
        {
            "rule": "citiservi\\.es\\/cxt\\/ctxt\\.php",
            "cookies": 0,
            "fingerprinting": 0,
            "subdomains": [
                "ctx"
            ],
            "apis": {},
            "sites": 2,
            "prevalence": 0.0000136,
            "cnames": [],
            "responseHashes": [
                "934a114a509797ea725d5479db6f026f691f105a961ce8f3349b56e8bc937c71"
            ],
            "type": "Script",
            "firstPartyCookies": {},
            "firstPartyCookiesSent": {},
            "exampleSites": [
                "eleconomista.es",
                "www.eleconomista.es"
            ]
        },
        {
            "rule": "citiservi\\.es\\/clocal\\.js",
            "cookies": 0.0000136,
            "fingerprinting": 1,
            "subdomains": [
                "a"
            ],
            "apis": {
                "Date.prototype.getTime": 2,
                "Document.cookie getter": 2,
                "Document.cookie setter": 2
            },
            "sites": 2,
            "prevalence": 0.0000136,
            "cnames": [],
            "responseHashes": [
                "0b48df7bff8abae5f261ecabed9307eed85fef2e467cb660ac6b79c18d6b0e72"
            ],
            "type": "Script",
            "firstPartyCookies": {
                "_btrid": {
                    "ttl": 31536009,
                    "length": 36,
                    "prevalence": 0.000013624071008658098,
                    "uniqueness": 1
                }
            },
            "firstPartyCookiesSent": {},
            "exampleSites": [
                "eleconomista.es",
                "www.elespanol.com"
            ]
        },
        {
            "rule": "citiservi\\.es\\/adstrack",
            "cookies": 0,
            "fingerprinting": 0,
            "subdomains": [
                "a"
            ],
            "apis": {},
            "sites": 3,
            "prevalence": 0.0000204,
            "cnames": [],
            "responseHashes": [
                "1866961a029c65376fefb7f2ba1e6187e09ff50ea58d97dedfd72c197947d002"
            ],
            "type": "Image",
            "firstPartyCookies": {},
            "firstPartyCookiesSent": {},
            "exampleSites": [
                "eleconomista.es",
                "www.eleconomista.es",
                "www.elespanol.com"
            ]
        }
    ],
    "categories": [],
    "performance": {},
    "cookies": 0.0000749,
    "topInitiators": [
        {
            "domain": "googletagmanager.com",
            "prevalence": 0.5
        },
        {
            "domain": "first party",
            "prevalence": 0.3888888888888889
        },
        {
            "domain": "eestatic.com",
            "prevalence": 0.1111111111111111
        }
    ],
    "types": {
        "Script": 14,
        "XHR": 8,
        "Image": 11
    },
    "nameservers": [
        "ns-cloud-c4.googledomains.com",
        "ns-cloud-c2.googledomains.com",
        "ns-cloud-c1.googledomains.com",
        "ns-cloud-c3.googledomains.com"
    ]
}