{
    "domain": "citydsp.com",
    "owner": {},
    "source": [
        "DuckDuckGo-US"
    ],
    "prevalence": 0.0000749,
    "sites": 11,
    "subdomains": [],
    "cnames": [],
    "fingerprinting": 1,
    "resources": [
        {
            "rule": "citydsp\\.com\\/dsp",
            "cookies": 0.0000545,
            "fingerprinting": 0,
            "subdomains": [],
            "apis": {},
            "sites": 8,
            "prevalence": 0.0000545,
            "cnames": [],
            "responseHashes": [
                "862a7e002040faf6e5bc22112782b9fcf3f855e4e5aa13f033f78866a3f8b8bb",
                "7567250970a6e086d9a03651a9e5d3f20fc7e65ec6df07f2d0f3421f32414695",
                "d34a895184fb616f9c87f55d99e2fe59d54f8d662afb0026428afc2b8c47810d",
                "7be67e76dd22241df2d92a77380b0942471ac15a7eb03cd0d89051ddac4fe950",
                "05ff2fa89e9dc9ff16ed9501e375ce69d619363571c82ce0bfabbfe4ac198cf8",
                "491e2ee6695c165774b564084545c40b8cbee955213ec2d436a60c0d217eb698"
            ],
            "type": "Script",
            "firstPartyCookies": {},
            "firstPartyCookiesSent": {},
            "exampleSites": [
                "warthunder.com",
                "msk.tele2.ru",
                "old-forum.warthunder.com",
                "profi.ru",
                "www.drogariasaopaulo.com.br",
                "www.leroymerlin.com.br",
                "www.movavi.com",
                "www.svyaznoy.ru"
            ]
        }
    ],
    "categories": [],
    "performance": {},
    "cookies": 0.0000749,
    "topInitiators": [
        {
            "domain": "cnt.my",
            "prevalence": 0.6363636363636364
        },
        {
            "domain": "googletagmanager.com",
            "prevalence": 0.18181818181818182
        },
        {
            "domain": "gaijin.net",
            "prevalence": 0.18181818181818182
        }
    ],
    "types": {
        "Script": 8
    },
    "nameservers": [
        "ns4-cloud.nic.ru",
        "ns4-l2.nic.ru",
        "ns8-l2.nic.ru",
        "ns3-l2.nic.ru",
        "ns8-cloud.nic.ru"
    ]
}