{
    "domain": "cleanmediaads.com",
    "owner": {},
    "source": [
        "DuckDuckGo-US"
    ],
    "prevalence": 0.000422,
    "sites": 62,
    "subdomains": [
        "bidder"
    ],
    "cnames": [],
    "fingerprinting": 0,
    "resources": [
        {
            "rule": "cleanmediaads\\.com\\/bmd\\/bids\\/",
            "cookies": 0,
            "fingerprinting": 0,
            "subdomains": [],
            "apis": {},
            "sites": 21,
            "prevalence": 0.000143,
            "cnames": [],
            "responseHashes": [
                "651e15c71f70553313fdb89e68d4d16a7c2abb4d61acb5a0a14d5d13a0b907fc",
                "27983fd862c6b03b25e92e7eb2f773c129ad0ea141c040aee2c9fc58cfb5bfca",
                "b12781acfa94fc3e14421b5a919521b756ba05eebf2cac2dbc430b4199bb543d",
                "2dff16611f63debcb04c2b9ecbb3356022c73b2cf9235e0822f7b7ae2b7b6518",
                "aa79feef5ce7a31f2becea2e86af0106ac1d0b064b4139f63f064aecc9c02f23",
                "81964d9dc73fddb0d5f2bec3bb43d7324565616e3d3b2c38dab03afc149b576c",
                "1dc377592cecfa265d6f3512aaf20f9c3a5da6bdb3b421ed1eab1fd2e3715719",
                "450a9f83eace6f9eaf297dd8713b2d147ed0a8ef657d9dc687feb7d50d96ffed",
                "906baafbfcdfc62f12efd6a1933ccf6be834dd3e4f1ea18c6df710dcbc80b2f8",
                "4310387e9624597d56518a9100fc194001c5f324e15f76a59cd393c2610a100e",
                "e92d02b2750a8909a25345fcfae3a7fdeae1fd16b6f650de59be6f8ba7c6739f",
                "a1ddbf2b9067607bceaa0ffe9a187f084a325fcb397039fad9eb45cb66dad52b",
                "c441314f8c4ecf2c4b54cb57834110e1e8f2999c7590b7834820d5435fb506b8",
                "e294a04e199f0d2e39bdd5fcff70d96b48f068749dbd3fae559e08939a10d55c",
                "a8054cb363883e5fc97ed5fc8908abe3f6b6495301819ecea2efa304a674525a",
                "c53013cae7fa912d5892f13c4a60172b85682c14bfe5b537da9fc82e2bee2ec1",
                "bb8768ebf4807ca97e87d7633f386c056141ecac422bcd08e9b1cf1dca305762",
                "8423095fc042732e67f2aeebfa928360e776877dd4fc6fa19e05ac8f7d45a5d0",
                "134666eaf2b7459ab471131d3c83c7470ff682a2401146d8a69c17406b4701c8",
                "f91c478bb213a8b3038b2327db1d0636e4b4f2ad0952e905400048c8eab79e68"
            ],
            "type": "Script",
            "firstPartyCookies": {},
            "firstPartyCookiesSent": {
                "__pid": 0.000006812035504329049
            },
            "exampleSites": [
                "www.americamagazine.org",
                "crisismagazine.com",
                "bustedhalo.com",
                "artdaily.com",
                "ipwithease.com",
                "www.churchpop.com",
                "www.newadvent.org",
                "www.catholiceducation.org",
                "catholicexchange.com",
                "aleteia.org",
                "www.ncregister.com",
                "www.ourcatholicprayers.com",
                "catholicstand.com",
                "www.spiritdaily.com",
                "www.askacatholic.com",
                "bible.org",
                "onepeterfive.com",
                "disntr.com",
                "www.catholicworldreport.com",
                "www.catholic365.com"
            ]
        },
        {
            "rule": "cleanmediaads\\.com\\/cksync\\/set\\/",
            "cookies": 0.000123,
            "fingerprinting": 0,
            "subdomains": [],
            "apis": {},
            "sites": 18,
            "prevalence": 0.000123,
            "cnames": [],
            "responseHashes": [
                "b7a680619bf64bf92dd63188edbb152ceccae057ea7c64a3f40ee4379e7b8981",
                "51c216b745597e9a8cdd59ee1426c2595799d41609faf5bb51a605391947c92a",
                "92949e503b646672faf5252734e070bcfa8eabeea8970ba512925e6229be2f59",
                "81cec67aaf225bc95d83351a517e8361e26a96e046c8abe7efeacf2ba85c5ae6",
                "4562edf55210ce0fdfbfce002ffa81f0c5825ac947b8746ff8da37c711a27f0d",
                "2ee37fa4045b902d8cef3372d138c0c8c4844ef6afadeb8ece2bca8bcc9a90e0",
                "66683e6478e816bed1bfb4ac49a18c4d12b7b0d9de52ca7aed60390f7cd01bb4",
                "a02a103a3c20ad0ddb9e0a13f6f8d009f1ac178ce519e15e1de14fe8f5919587",
                "2b98cd33820d52046f552caae77975fc3efb629c7b792e8fa647851c7217702b",
                "487224c4a53489d8afc44f90e8296ab0f2aa4d8b75e00c29de248b31ef325e79",
                "65b309d1353ab77802aeb5e459556c2655b3992167754a934f92c98c2bdf44ee",
                "937fa78471b3d69876953a4038dbecd2792926c2b602f36fd8b2e6ab45476a3c",
                "1bb5aa25507a066668826029cdf582baa1a30f443761dead18763753236663a7",
                "0eb980c3f491af1e34e2c8b6cb3071a5d060a99eafdb75fbf364eff3ddc30f18",
                "739006e45e52c44e1a1448bc3356c56b08de224e8e099556b9d0aed81029b907",
                "d762b27a2fc91f98ae43b659df46c9d36095c20e4485bdca8e88173252c53270",
                "ae240d850fc1bd6f046b8c1ae5acde75f795d0b141f2b303c1169618bb9413e1"
            ],
            "type": "Script",
            "firstPartyCookies": {},
            "firstPartyCookiesSent": {},
            "exampleSites": [
                "bigpulpit.com",
                "canon212.com",
                "catholic-daily-reflections.com",
                "catholicstand.com",
                "disntr.com",
                "epicpew.com",
                "mycatholic.life",
                "news.radio-online.com",
                "pulpitandpen.org",
                "ratings.radio-online.com",
                "the-american-catholic.com",
                "uscatholic.org",
                "www.aciprensa.com",
                "www.catholicnewsagency.com",
                "www.catholicworldreport.com",
                "www.desertusa.com",
                "www.ourcatholicprayers.com",
                "www.thecatholiccrusade.com"
            ]
        },
        {
            "rule": "cleanmediaads\\.com\\/video\\/getplayer\\/",
            "cookies": 0,
            "fingerprinting": 0,
            "subdomains": [],
            "apis": {},
            "sites": 2,
            "prevalence": 0.0000136,
            "cnames": [],
            "responseHashes": [
                "e3b0c44298fc1c149afbf4c8996fb92427ae41e4649b934ca495991b7852b855"
            ],
            "type": "Script",
            "firstPartyCookies": {},
            "firstPartyCookiesSent": {},
            "exampleSites": [
                "catholic365.com",
                "www.catholic365.com"
            ]
        },
        {
            "rule": "cleanmediaads\\.com\\/r\\/22392\\/bidr",
            "cookies": 0,
            "fingerprinting": 0,
            "subdomains": [
                "bidder"
            ],
            "apis": {},
            "sites": 2,
            "prevalence": 0.0000136,
            "cnames": [],
            "responseHashes": [],
            "type": "XHR",
            "firstPartyCookies": {},
            "firstPartyCookiesSent": {},
            "exampleSites": [
                "therepublic.com",
                "www.therepublic.com"
            ]
        },
        {
            "rule": "cleanmediaads\\.com\\/r\\/22232\\/bidr",
            "cookies": 0,
            "fingerprinting": 0,
            "subdomains": [
                "bidder"
            ],
            "apis": {},
            "sites": 2,
            "prevalence": 0.0000136,
            "cnames": [],
            "responseHashes": [
                "e3b0c44298fc1c149afbf4c8996fb92427ae41e4649b934ca495991b7852b855"
            ],
            "type": "XHR",
            "firstPartyCookies": {},
            "firstPartyCookiesSent": {},
            "exampleSites": [
                "timesleader.com",
                "www.timesleader.com"
            ]
        }
    ],
    "categories": [],
    "performance": {},
    "cookies": 0.000143,
    "topInitiators": [
        {
            "domain": "dtyry4ejybx0.cloudfront.net",
            "prevalence": 0.8653846153846154
        },
        {
            "domain": "liqwid.net",