{
    "domain": "cleanmediaadserver.com",
    "owner": {},
    "source": [
        "DuckDuckGo-US"
    ],
    "prevalence": 0.000143,
    "sites": 21,
    "subdomains": [],
    "cnames": [],
    "fingerprinting": 0,
    "resources": [
        {
            "rule": "cleanmediaadserver\\.com\\/get\\/au\\/",
            "cookies": 0,
            "fingerprinting": 0,
            "subdomains": [],
            "apis": {},
            "sites": 18,
            "prevalence": 0.000123,
            "cnames": [],
            "responseHashes": [
                "10cdbbe7f1eb65f541e22e9c78b4f415cf4c8a3dadf5b355ed92d9eb11ea9dae",
                "023eb1065a6c9b0d95e31ee47a1f90da8a47fa1043e86a1cd49d4206a3d5e6ba",
                "232ec2bf05dfe3111068c59f2bc5d8f8b76bf1bf911910729c7adb2139e16101",
                "cb457689068bda434b67298a9cef60700a8bfcc19c0128e2d6e033a953c5e5f9",
                "4655724bb7acf48130dd5dc8b59f6edd71d789ac149fced1827a10c61cc610b1",
                "c9a0a461cae36e3d2f2958f5b9ded202ec44921452a68567ab836049ae1536b7",
                "394dede92b69c9f6293a993af401587cc039b7e56accb12382a3189085d6e5d3",
                "7900357815727fbd25cdaebc42540e5902ca61efb766acd1963a5aaffa38c933",
                "6a04bb215d65c9777ccbfc1180d90d64336eba72628bebec89728a16603543b5",
                "d71909676cd23e8f17907968baa99eced772882b2bb2cf68182fb4b04e34f21b",
                "f37241c7ea6646485e7ccf52a98cc82de050cb09bbad2ad591d0855f1ee628f9",
                "3e11fa60d78b0f7645e1d050f38e3157c8afde5211635d784542958adc00c5bc",
                "7ab27f5e3d18893599bf63388a2d43120d3e77a7de01afcf67f726e56e079696",
                "cad76b1df99b658eb7aab0c52411d8d3e4706499ddbfe8591e646b5b26db3cb9",
                "e48b4a0bb588c5b9f2404179b2a5fe2d4fa8403797636ef879b5de4bc4955c87",
                "5aa7d394d013f2da197c052cb1db7cd7aac98e9ddacb9210f79e703e1805e7e7",
                "7b90c820aa5ae419e7406ba4c8d8f16b143a8d3d803ec82cc58aaf40247b0176"
            ],
            "type": "Script",
            "firstPartyCookies": {},
            "firstPartyCookiesSent": {},
            "exampleSites": [
                "bigpulpit.com",
                "canon212.com",
                "catholic-daily-reflections.com",
                "catholicstand.com",
                "disntr.com",
                "epicpew.com",
                "mycatholic.life",
                "news.radio-online.com",
                "pulpitandpen.org",
                "ratings.radio-online.com",
                "the-american-catholic.com",
                "uscatholic.org",
                "www.aciprensa.com",
                "www.catholicnewsagency.com",
                "www.catholicworldreport.com",
                "www.desertusa.com",
                "www.ourcatholicprayers.com",
                "www.thecatholiccrusade.com"
            ]
        },
        {
            "rule": "cleanmediaadserver\\.com\\/cksync\\/set\\/",
            "cookies": 0.000102,
            "fingerprinting": 0,
            "subdomains": [],
            "apis": {},
            "sites": 18,
            "prevalence": 0.000123,
            "cnames": [],
            "responseHashes": [
                "83a111f061d448b42dfc2bc2958cd5f1ac2b4f1c65da9824934d7203e964f6c0"
            ],
            "type": "Script",
            "firstPartyCookies": {},
            "firstPartyCookiesSent": {},
            "exampleSites": [
                "bigpulpit.com",
                "canon212.com",
                "catholic-daily-reflections.com",
                "catholicstand.com",
                "disntr.com",
                "epicpew.com",
                "mycatholic.life",
                "news.radio-online.com",
                "pulpitandpen.org",
                "ratings.radio-online.com",
                "the-american-catholic.com",
                "uscatholic.org",
                "www.aciprensa.com",
                "www.catholicnewsagency.com",
                "www.catholicworldreport.com",
                "www.desertusa.com",
                "www.ourcatholicprayers.com",
                "www.thecatholiccrusade.com"
            ]
        },
        {
            "rule": "cleanmediaadserver\\.com\\/i\\/view\\/js\\/",
            "cookies": 0,
            "fingerprinting": 0,
            "subdomains": [],
            "apis": {},
            "sites": 6,
            "prevalence": 0.0000409,
            "cnames": [],
            "responseHashes": [
                "e3b0c44298fc1c149afbf4c8996fb92427ae41e4649b934ca495991b7852b855"
            ],
            "type": "Document",
            "firstPartyCookies": {},
            "firstPartyCookiesSent": {},
            "exampleSites": [
                "catholicstand.com",
                "epicpew.com",
                "www.aciprensa.com",
                "www.catholicnewsagency.com",
                "www.catholicworldreport.com",
                "www.desertusa.com"
            ]
        }
    ],
    "categories": [],
    "performance": {},
    "cookies": 0.000123,
    "topInitiators": [
        {
            "domain": "dtyry4ejybx0.cloudfront.net",
            "prevalence": 1
        }
    ],
    "types": {
        "Script": 36,
        "Document": 6
    },
    "nameservers": [
        "ns03.domaincontrol.com",
        "ns04.domaincontrol.com"
    ]
}