{
    "domain": "compass-fit.jp",
    "owner": {
        "name": "MicroAd, Inc.",
        "displayName": "MicroAd"
    },
    "source": [
        "DuckDuckGo-US"
    ],
    "prevalence": 0.0000749,
    "sites": 11,
    "subdomains": [
        "nt"
    ],
    "cnames": [],
    "fingerprinting": 2,
    "resources": [
        {
            "rule": "compass-fit\\.jp\\/lift_widget\\.js",
            "cookies": 0,
            "fingerprinting": 1,
            "subdomains": [
                "nt"
            ],
            "apis": {
                "Navigator.prototype.userAgent": 9,
                "Navigator.prototype.appVersion": 9,
                "Document.cookie getter": 9,
                "Date.prototype.getTime": 9,
                "window.innerWidth": 7,
                "window.innerHeight": 7
            },
            "sites": 10,
            "prevalence": 0.0000681,
            "cnames": [],
            "responseHashes": [
                "d5dc23900f9cfdfb5059e2493b3bdc6db67554d8bd2fb4be5d5ad917c3a0d861",
                "e36f86d47b8f8b18af6e480e63709979f9132ed0a186f16474ab3fa960fd7612",
                "8d0b4fbea3fd4f643c38f9c28f01a5c6dd86cd364685251e67780baecf7ed990",
                "743928155bfd429aadf7986ad6ce831f72e18ba6e8426a7a4dac0a80a134482f",
                "5f36d7c9afd248045109dcdbe21dca13030f6376fec2cf922a8ab5d15b385397",
                "c5d67f68cfbd6434d2f7068cb29743124aed65e7ba04fbf4b3564e0d61a0650b",
                "e28c22bc56b496169308e6eaef0b6efafa1298f04eaaec14203cc310937634ff",
                "31b49d859d7bf1732e94b59e45d0c130dec22ea665ebc1637937748db3adb6c4",
                "5c5633aa356e2e366ab39683a82070332a45d3b1e8a5824491fbb12d00d80f54"
            ],
            "type": "Script",
            "firstPartyCookies": {},
            "firstPartyCookiesSent": {},
            "exampleSites": [
                "5ch.net",
                "himasoku.com",
                "jump.5ch.net",
                "mao.5ch.net",
                "nekochan.jp",
                "news.ltn.com.tw",
                "wanchan.jp",
                "www.nikkan-gendai.com",
                "www.setn.com",
                "www.ufret.jp"
            ]
        }
    ],
    "categories": [],
    "performance": {},
    "cookies": 0,
    "topInitiators": [
        {
            "domain": "microad.net",
            "prevalence": 0.6666666666666666
        },
        {
            "domain": "first party",
            "prevalence": 0.3333333333333333
        }
    ],
    "types": {
        "Script": 10
    },
    "nameservers": [
        "ns2.cdnetdns.net",
        "ns1.cdnetdns.net"
    ]
}