{
    "domain": "contobox.com",
    "owner": {},
    "source": [
        "DuckDuckGo-US"
    ],
    "prevalence": 0.0000886,
    "sites": 13,
    "subdomains": [
        "ws",
        "am",
        "cbdp"
    ],
    "cnames": [],
    "fingerprinting": 1,
    "resources": [
        {
            "rule": "contobox\\.com\\/getcode\\.js",
            "cookies": 0.0000409,
            "fingerprinting": 1,
            "subdomains": [
                "ws"
            ],
            "apis": {
                "Navigator.prototype.userAgent": 6,
                "Date.prototype.getTime": 2
            },
            "sites": 8,
            "prevalence": 0.0000545,
            "cnames": [],
            "responseHashes": [
                "88c918cc4138ddeb5dce2528bb69a130eb6c40db4f24f40c4b889001d4c84c4f",
                "a86416b89262c858e271e66b792210ca35a2c13c31f1d76058f1c5ac4d81030d",
                "3901525bc1a812d76526ac5ab78d44ba05a8edaeb163183eeab2b1fc5ff559fc",
                "5b9b22ec0357adc5189f59b794475933d124d9dbc0ad2f7d12514c6f64554059",
                "4d53a4c0ab3bf857c49c78108dcaa32a0d74baceb69a02e5020aa1b8600ad5dc",
                "6b00119395d23c7040e0bd1734ddc88cedc780e83eab04f6d7012f86061d5c58"
            ],
            "type": "Script",
            "firstPartyCookies": {},
            "firstPartyCookiesSent": {
                "gpv_pss": 0.000006812035504329049,
                "IR_gbd": 0.000006812035504329049
            },
            "exampleSites": [
                "mulesoft.com",
                "help.mulesoft.com",
                "www.fountaintire.com",
                "www.gaf.com",
                "www.lowes.ca",
                "www.mulesoft.com",
                "www.redkap.com",
                "www.renodepot.com"
            ]
        },
        {
            "rule": "contobox\\.com\\/v3\\/frontend\\/creatives\\/getcode\\.js",
            "cookies": 0.0000272,
            "fingerprinting": 1,
            "subdomains": [
                "am"
            ],
            "apis": {
                "Document.cookie getter": 4
            },
            "sites": 4,
            "prevalence": 0.0000272,
            "cnames": [],
            "responseHashes": [
                "92b253ccbc2b2895102c4711c60af59d293da98b71f9b3bca38ab8431f097440",
                "8e9fbdc165c38af051a75ce9519f3d7e70c17eefd16742d73ab235bb267455c0",
                "e5f510b7e3b285d916219a4afaa57b3e5a3c32c3dd7891706f3697b65f4b3a22"
            ],
            "type": "Script",
            "firstPartyCookies": {},
            "firstPartyCookiesSent": {},
            "exampleSites": [
                "cosmoprofbeauty.com",
                "www.cosmoprofbeauty.com",
                "www.lowes.ca",
                "www.renodepot.com"
            ]
        },
        {
            "rule": "contobox\\.com\\/wsrule",
            "cookies": 0,
            "fingerprinting": 0,
            "subdomains": [
                "cbdp"
            ],
            "apis": {},
            "sites": 7,
            "prevalence": 0.0000477,
            "cnames": [],
            "responseHashes": [
                "e1cbd4bf9b6512334a592c8106fcaa1a627822baeb93c1cae06d7b37322eca6b",
                "217fa6f85d6d8cd21a9cb5eec23ada7bbadeb6b5e5b66f50fb90583dfe912a26",
                "944a152dcbb8c64708e6d1648e99771607374f926a884c952303fb70d4b22d8c",
                "e9259f37c84d75f738a5e3d02fe22b9287caf7b2786de4eaa2db5d97a303db21",
                "6659be6abc6d4373c6b448e5a02f9469b74424f16685f65a57ffec72df1b9c78"
            ],
            "type": "XHR",
            "firstPartyCookies": {},
            "firstPartyCookiesSent": {},
            "exampleSites": [
                "fountaintire.com",
                "www.gaf.com",
                "www.hardrockhotelcasinolasvegas.com",
                "www.lowes.ca",
                "www.mulesoft.com",
                "www.redkap.com",
                "www.renodepot.com"
            ]
        }
    ],
    "categories": [],
    "performance": {},
    "cookies": 0.0000613,
    "topInitiators": [
        {
            "domain": "googletagmanager.com",
            "prevalence": 0.6428571428571429
        },
        {
            "domain": "first party",
            "prevalence": 0.14285714285714285
        },
        {
            "domain": "q1performance.com",
            "prevalence": 0.14285714285714285
        },
        {
            "domain": "azure.com",
            "prevalence": 0.07142857142857142
        }
    ],
    "types": {
        "Script": 12,
        "XHR": 7
    },
    "nameservers": [
        "ns-501.awsdns-62.com",
        "ns-868.awsdns-44.net",
        "ns-1616.awsdns-10.co.uk",
        "ns-1257.awsdns-29.org"
    ]
}