{
    "domain": "contentabc.com",
    "owner": {
        "name": "MindGeek",
        "displayName": "MindGeek"
    },
    "source": [
        "DuckDuckGo-US"
    ],
    "prevalence": 0.0000749,
    "sites": 11,
    "subdomains": [
        "ads2",
        "ht-cdn2",
        "hw-cdn2"
    ],
    "cnames": [],
    "fingerprinting": 1,
    "resources": [
        {
            "rule": "contentabc\\.com\\/ads",
            "cookies": 0.0000681,
            "fingerprinting": 1,
            "subdomains": [
                "ads2"
            ],
            "apis": {
                "Navigator.prototype.userAgent": 9
            },
            "sites": 10,
            "prevalence": 0.0000681,
            "cnames": [],
            "responseHashes": [
                "c3f09b3d365a300625c8cdd31c77d033b8a1d610f0c70cba71d5c1b19c27c9da",
                "68ecb0d2d729b1886a1eafc3c4e54b9640b532b2840b386e5a3179a4571830f5",
                "860d7b8bdfed61f13696ab9a53863eaabb67d7ad68a9a50649878bc2ba092ff1",
                "29e5e172dc8a29253add91a78d6d3be6f0e0a57cd63ac3fdf06c71bc9c0635db",
                "75d830de483d1518c4471afeae8f4feb49d9be43c9975065dc66bff4d3e361a1",
                "ae3f3416655d646279de89877585b5c1bae1df37cb023ca3c714e06aa7b728e8",
                "a0610184ea7522edeca0951383c365bf209eed808f4bddfc966998045155f160",
                "dcf9f9f91c0bf1129db5da9a2054dc4b75eb5dd099b292c2b396eaa4e4fb6b5b",
                "69a29f687db2f05067cbd0897644944f3171a7aa747d6a7bc926006eca1c08b9"
            ],
            "type": "Document",
            "firstPartyCookies": {},
            "firstPartyCookiesSent": {},
            "exampleSites": [
                "anyporn.com",
                "ilikecomix.com",
                "nailedhard.com",
                "pornobae.com",
                "pornstargold.com",
                "pornstarpink.com",
                "porntn.net",
                "smutr.com",
                "www.queermenow.net",
                "xfrenchies.com"
            ]
        },
        {
            "rule": "contentabc\\.com\\/delivery\\/vortex\\/vortex-simple-1\\.0\\.0\\.js",
            "cookies": 0,
            "fingerprinting": 0,
            "subdomains": [
                "ht-cdn2",
                "hw-cdn2"
            ],
            "apis": {},
            "sites": 10,
            "prevalence": 0.0000681,
            "cnames": [],
            "responseHashes": [
                "6f0e50ac39121175ca0427c4e87cdfa2520b526c8497e23cffbca726eb6ca42c"
            ],
            "type": "Script",
            "firstPartyCookies": {},
            "firstPartyCookiesSent": {},
            "exampleSites": [
                "anyporn.com",
                "ilikecomix.com",
                "nailedhard.com",
                "pornobae.com",
                "pornstargold.com",
                "pornstarpink.com",
                "porntn.net",
                "smutr.com",
                "www.queermenow.net",
                "xfrenchies.com"
            ]
        },
        {
            "rule": "contentabc\\.com\\/a7\\/creatives\\/2\\/1554\\/815876\\/1061048\\/1061048_logo\\.png",
            "cookies": 0,
            "fingerprinting": 0,
            "subdomains": [
                "hw-cdn2",
                "ht-cdn2"
            ],
            "apis": {},
            "sites": 4,
            "prevalence": 0.0000272,
            "cnames": [],
            "responseHashes": [
                "f95da2d9d4b55dc64254d1d643f891f58846c5ed7f72897291773ea2b74b6a8f"
            ],
            "type": "Image",
            "firstPartyCookies": {},
            "firstPartyCookiesSent": {},
            "exampleSites": [
                "ilikecomix.com",
                "nailedhard.com",
                "pornobae.com",
                "xfrenchies.com"
            ]
        },
        {
            "rule": "contentabc\\.com\\/a7\\/creatives\\/2\\/1554\\/815876\\/1061048\\/1061048_video\\.mp4",
            "cookies": 0,
            "fingerprinting": 0,
            "subdomains": [
                "hw-cdn2",
                "ht-cdn2"
            ],
            "apis": {},
            "sites": 4,
            "prevalence": 0.0000272,
            "cnames": [],
            "responseHashes": [
                "98de5b2933e3b45205d045b88f4294f45431df023961931e2fd92e73a2dc99ff"
            ],
            "type": "Media",
            "firstPartyCookies": {},
            "firstPartyCookiesSent": {},
            "exampleSites": [
                "ilikecomix.com",
                "nailedhard.com",
                "pornobae.com",
                "xfrenchies.com"
            ]
        },
        {
            "rule": "contentabc\\.com\\/a7\\/creatives\\/1\\/49\\/815070\\/1042593\\/1042593_logo\\.png",
            "cookies": 0,
            "fingerprinting": 0,
            "subdomains": [
                "hw-cdn2"
            ],
            "apis": {},
            "sites": 2,
            "prevalence": 0.0000136,
            "cnames": [],
            "responseHashes": [
                "21d78c1f96029d04f7f8175e505fa664c42b2acd635e893fd6e4821c783286e8"
            ],
            "type": "Image",
            "firstPartyCookies": {},
            "firstPartyCookiesSent": {},
            "exampleSites": [
                "pornobae.com",
                "pornstargold.com"
            ]
        },
        {
            "rule": "contentabc\\.com\\/a7\\/creatives\\/1\\/49\\/815070\\/1042593\\/1042593_video\\.mp4",
            "cookies": 0,
            "fingerprinting": 0,
            "subdomains": [
                "hw-cdn2"
            ],
            "apis": {},
            "sites": 2,
            "prevalence": 0.0000136,
            "cnames": [],
            "responseHashes": [],
            "type": "Media",
            "firstPartyCookies": {},
            "firstPartyCookiesSent": {},
            "exampleSites": [
                "pornobae.com",
                "pornstargold.com"
            ]
        },
        {
            "rule": "contentabc\\.com\\/a7\\/creatives\\/2\\/1554\\/816956\\/1075849\\/1075849_logo\\.png",
            "cookies": 0,
            "fingerprinting": 0,
            "subdomains": [
                "ht-cdn2"
            ],
            "apis": {},
            "sites": 3,
            "prevalence": 0.0000204,
            "cnames": [],
            "responseHashes": [
                "f95da2d9d4b55dc64254d1d643f891f58846c5ed7f72897291773ea2b74b6a8f"
            ],
            "type": "Image",
            "firstPartyCookies": {},
            "firstPartyCookiesSent": {},
            "exampleSites": [
                "pornstarpink.com",
                "porntn.net",
                "smutr.com"
            ]
        },
        {
            "rule": "contentabc\\.com\\/a7\\/creatives\\/2\\/1554\\/816956\\/1075849\\/1075849_video\\.mp4",
            "cookies": 0,
            "fingerprinting": 0,
            "subdomains": [
                "ht-cdn2"
            ],
            "apis": {},
            "sites": 3,
            "prevalence": 0.0000204,
            "cnames": [],
            "responseHashes": [],
            "type": "Media",
            "firstPartyCookies": {},
            "firstPartyCookiesSent": {},
            "exampleSites": [
                "pornstarpink.com",
                "porntn.net",
                "smutr.com"
            ]
        }
    ],
    "categories": [
        "Advertising",
        "Unknown High Risk Behavior",
        "Obscure Ownership"
    ],
    "performance": {},
    "cookies": 0.0000749,
    "topInitiators": [
        {
            "domain": "first party",
            "prevalence": 1
        }
    ],
    "types": {
        "Document": 10,
        "Script": 10,
        "Image": 9,
        "Media": 9
    },