{
    "domain": "convers.link",
    "owner": {},
    "source": [
        "DuckDuckGo-US"
    ],
    "prevalence": 0.0000681,
    "sites": 10,
    "subdomains": [
        "eu",
        "us"
    ],
    "cnames": [],
    "fingerprinting": 0,
    "resources": [
        {
            "rule": "convers\\.link\\/users\\/info",
            "cookies": 0,
            "fingerprinting": 0,
            "subdomains": [
                "eu",
                "us"
            ],
            "apis": {},
            "sites": 10,
            "prevalence": 0.0000681,
            "cnames": [],
            "responseHashes": [
                "f6684b294c8c36581488996d0f297e5cb98c6d57680d8738f8bd0f272fcb1f45",
                "9ec7aa56da3c01507be9bbc139cb9cb631b0d684b2f1703b889a677f338a2206",
                "c4145e244e912dd491323b375495c3ac85055b70b8f31bb6f94c72e6fca36a90",
                "b72937b065a22eaca9d77a1fa71470fae116ea7e362f35d1113e2c73cf6f86b7",
                "1cb491240cd704dd9c602c2911d50e659431794dbfb3faf4aaf315db8a6e5839",
                "6b563d9d1722263358fcb4c2a1a66b3fc0f5069db13aea06056247df30196ed2",
                "9466c5162d3adbb997c137e10c0b4788ed51175a5465102bbe3618027efb6eef",
                "1bba8c214684180f421b6c8cb02ef61844b7ff5a411cd7c4a1afed07323f54e2",
                "19c0e693ffd01d763e59547e301c8e0397d022e4934ee672c0c17f890959c934"
            ],
            "type": "Script",
            "firstPartyCookies": {},
            "firstPartyCookiesSent": {},
            "exampleSites": [
                "hxarab.com",
                "indoviral.online",
                "indoviral.bio",
                "komikjos.art",
                "nsfwsubreddits.com",
                "shemalepower.xyz",
                "terviral.cam",
                "texttwist2.co",
                "vidx.lol",
                "www.nsfwsubreddits.com"
            ]
        }
    ],
    "categories": [],
    "performance": {},
    "cookies": 0,
    "topInitiators": [
        {
            "domain": "richinfo.co",
            "prevalence": 1
        }
    ],
    "types": {
        "Script": 10
    },
    "nameservers": [
        "ns-481.awsdns-60.com",
        "ns-1965.awsdns-53.co.uk",
        "ns-642.awsdns-16.net",
        "ns-1395.awsdns-46.org"
    ]
}