{
    "domain": "cudasvc.com",
    "owner": {
        "name": "Barracuda Networks Inc.",
        "displayName": "Barracuda Networks"
    },
    "source": [
        "DuckDuckGo-US"
    ],
    "prevalence": 0.000327,
    "sites": 48,
    "subdomains": [
        "linkprotect",
        "prod.ap.batic"
    ],
    "cnames": [],
    "fingerprinting": 3,
    "resources": [
        {
            "rule": "cudasvc\\.com\\/url",
            "cookies": 0.0000409,
            "fingerprinting": 1,
            "subdomains": [
                "linkprotect"
            ],
            "apis": {
                "Document.cookie getter": 6,
                "Date.prototype.getTime": 2,
                "Document.cookie setter": 6,
                "window.localStorage": 4,
                "Navigator.prototype.userAgent": 6,
                "window.sessionStorage": 4,
                "NavigatorUAData.prototype.brands": 4,
                "NavigatorUAData.prototype.platform": 4,
                "Navigator.prototype.vendor": 4,
                "Screen.prototype.width": 4,
                "Screen.prototype.height": 4,
                "window.innerWidth": 1,
                "Navigator.prototype.mimeTypes": 1
            },
            "sites": 25,
            "prevalence": 0.00017,
            "cnames": [],
            "responseHashes": [
                "3e136e77083bfc6ef14ffc5abd19da89a82bf12fc0cda3c603e01582b93303c8",
                "e3b0c44298fc1c149afbf4c8996fb92427ae41e4649b934ca495991b7852b855",
                "f3f885b519b64e07fee75391dad86f84be0c4f4e3cd8f913964210e6c56b2736",
                "ff33840b857f1a6eb4baff0805c3bcc6ff8e66fc064e7f549fb0da867df5e3cd",
                "02e5bf47b2473c1da7a39a25b14f0f5d9857142842d33def047e492f9f610cb9",
                "cd9ea5edafb4cf83003596f6b936c5278f7e7e8f41f37198b27db594889daa1c",
                "389e7668a1ebd8a04eca206d27b7147519be465eed883f6a2d68bd419ada24b4",
                "899663bfeab6b11842c974c2417dc0ad88bd79bb7510b1e032384ccf2618dcc1"
            ],
            "type": "Script",
            "firstPartyCookies": {
                "sa-user-id": {
                    "ttl": 31536009,
                    "length": 92,
                    "prevalence": 0.000006812035504329049,
                    "uniqueness": 1
                },
                "sa-user-id-v2": {
                    "ttl": 31536009,
                    "length": 89,
                    "prevalence": 0.000006812035504329049,
                    "uniqueness": 1
                },
                "sa-user-id-v3": {
                    "ttl": 31536009,
                    "length": 136,
                    "prevalence": 0.000006812035504329049,
                    "uniqueness": 1
                },
                "_fbp": {
                    "ttl": 7776006,
                    "length": 28,
                    "prevalence": 0.000027248142017316195,
                    "uniqueness": 1
                },
                "lotame_domain_check": {
                    "ttl": 13,
                    "length": 15,
                    "prevalence": 0.000006812035504329049,
                    "uniqueness": 1
                }
            },
            "firstPartyCookiesSent": {},
            "exampleSites": [
                "www.ventrachicago.com",
                "www.clevelandorchestra.com",
                "www.johnsonfitness.com",
                "atlasgunworks.com",
                "n1info.si",
                "www.caferio.com",
                "www.smokecartel.com",
                "www.lampsplus.com",
                "www.smc.edu",
                "www.visitplano.com",
                "www.crown.com",
                "quikrete.com",
                "www.myguardiancu.com",
                "www.aacc.edu",
                "www.longandfoster.com",
                "www.veritas.com",
                "www.maranaaz.gov",
                "www.nbc12.com",
                "www.americansurplus.com",
                "cabinetstogo.com"
            ]
        },
        {
            "rule": "cudasvc\\.com\\/url",
            "cookies": 0,
            "fingerprinting": 0,
            "subdomains": [
                "linkprotect"
            ],
            "apis": {},
            "sites": 11,
            "prevalence": 0.0000749,
            "cnames": [],
            "responseHashes": [
                "d346801abbf9bb4e9e9a055239053d4ab5596514304f601a6c70604187acb744",
                "07383c96980710a04144e5a39ae59e7f9f74bcfd6462a6932ded48efe6d73bce"
            ],
            "type": "Image",
            "firstPartyCookies": {},
            "firstPartyCookiesSent": {},
            "exampleSites": [
                "christianacare.org",
                "visitlubbock.org",
                "willplumb.com",
                "www.bathfitter.com",
                "www.bucks.edu",
                "www.campersinn.com",
                "www.cusocal.org",
                "www.grasscity.com",
                "www.johnsonfitness.com",
                "www.sdmts.com",
                "www.smokecartel.com"
            ]
        },
        {
            "rule": "cudasvc\\.com\\/url",
            "cookies": 0,
            "fingerprinting": 0,
            "subdomains": [
                "linkprotect"
            ],
            "apis": {},
            "sites": 2,
            "prevalence": 0.0000136,
            "cnames": [],
            "responseHashes": [],
            "type": "Document",
            "firstPartyCookies": {},
            "firstPartyCookiesSent": {},
            "exampleSites": [
                "cusocal.org",
                "www.visitplano.com"
            ]
        },
        {
            "rule": "cudasvc\\.com\\/xenios\\/api\\/v1\\/error\\/report",
            "cookies": 0,
            "fingerprinting": 0,
            "subdomains": [
                "prod.ap.batic"
            ],
            "apis": {},
            "sites": 2,
            "prevalence": 0.0000136,
            "cnames": [],
            "responseHashes": [
                "e3b0c44298fc1c149afbf4c8996fb92427ae41e4649b934ca495991b7852b855"
            ],
            "type": "Other",
            "firstPartyCookies": {},
            "firstPartyCookiesSent": {},
            "exampleSites": [
                "urs.org",
                "www.urs.org"
            ]
        }
    ],
    "categories": [],
    "performance": {},
    "cookies": 0.0000545,
    "topInitiators": [
        {
            "domain": "first party",
            "prevalence": 0.6417910447761194
        },
        {
            "domain": "googletagmanager.com",
            "prevalence": 0.2537313432835821
        },
        {
            "domain": "cookielaw.org",
            "prevalence": 0.029850746268656716
        },
        {
            "domain": "translate.googleapis.com",
            "prevalence": 0.029850746268656716
        },
        {
            "domain": "adobedtm.com",
            "prevalence": 0.029850746268656716
        },
        {
            "domain": "cookiebot.com",
            "prevalence": 0.014925373134328358
        }
    ],
    "types": {
        "Script": 25,
        "Image": 11,
        "Document": 2,
        "Other": 2
    },
    "nameservers": [
        "ns-811.awsdns-37.net",
        "ns-279.awsdns-34.com",
        "ns-1942.awsdns-50.co.uk",
        "ns-1405.awsdns-47.org"
    ]
}