{
    "domain": "customerlabs.co",
    "owner": {
        "name": "CUSTOMERLABS DIGITAL SOLUTIONS PVT LTD",
        "displayName": "CUSTOMERLABS DIGITAL SOLUTIONS"
    },
    "source": [
        "DuckDuckGo-US"
    ],
    "prevalence": 0.00017,
    "sites": 25,
    "subdomains": [
        "io.v2",
        "cdn.js"
    ],
    "cnames": [],
    "fingerprinting": 1,
    "resources": [
        {
            "rule": "customerlabs\\.co\\/externalIds",
            "cookies": 0,
            "fingerprinting": 0,
            "subdomains": [
                "io.v2"
            ],
            "apis": {},
            "sites": 11,
            "prevalence": 0.0000749,
            "cnames": [],
            "responseHashes": [
                "e3b0c44298fc1c149afbf4c8996fb92427ae41e4649b934ca495991b7852b855"
            ],
            "type": "Image",
            "firstPartyCookies": {},
            "firstPartyCookiesSent": {
                "cl4690gkdldyat_uid": 0.000006812035504329049,
                "_fbp": 0.000020436106512987146,
                "cl4445k5ip4zwi_uid": 0.000006812035504329049,
                "cl5216h4b76bf3_uid": 0.000006812035504329049,
                "cl5079x3ofumuv_uid": 0.000006812035504329049,
                "cl5412ca8i8mvu_uid": 0.000006812035504329049,
                "cl5047e7ac165a_uid": 0.000006812035504329049,
                "cl5552ai5xqrcs_uid": 0.000006812035504329049,
                "cl49705aijgrq9_uid": 0.000006812035504329049,
                "cl3783lleczzfn_uid": 0.000006812035504329049,
                "cl52041i7s8lrm_uid": 0.000006812035504329049
            },
            "exampleSites": [
                "justthrivehealth.com",
                "keilfp.com",
                "naomiw.com",
                "platinumtherapylights.com",
                "standupwireless.com",
                "www.artofliving.org",
                "www.banyanbotanicals.com",
                "www.kingofchristmas.com",
                "www.ryzesuperfoods.com",
                "www.skinsafeproducts.com",
                "www.thewigcompany.com"
            ]
        },
        {
            "rule": "customerlabs\\.co\\/cl",
            "cookies": 0,
            "fingerprinting": 0,
            "subdomains": [
                "io.v2"
            ],
            "apis": {},
            "sites": 11,
            "prevalence": 0.0000749,
            "cnames": [],
            "responseHashes": [
                "e3b0c44298fc1c149afbf4c8996fb92427ae41e4649b934ca495991b7852b855"
            ],
            "type": "Ping",
            "firstPartyCookies": {},
            "firstPartyCookiesSent": {},
            "exampleSites": [
                "justthrivehealth.com",
                "keilfp.com",
                "naomiw.com",
                "platinumtherapylights.com",
                "standupwireless.com",
                "www.artofliving.org",
                "www.banyanbotanicals.com",
                "www.kingofchristmas.com",
                "www.ryzesuperfoods.com",
                "www.skinsafeproducts.com",
                "www.thewigcompany.com"
            ]
        },
        {
            "rule": "customerlabs\\.co\\/cl\\/firstVisit",
            "cookies": 0,
            "fingerprinting": 0,
            "subdomains": [
                "io.v2"
            ],
            "apis": {},
            "sites": 11,
            "prevalence": 0.0000749,
            "cnames": [],
            "responseHashes": [
                "e3b0c44298fc1c149afbf4c8996fb92427ae41e4649b934ca495991b7852b855"
            ],
            "type": "Ping",
            "firstPartyCookies": {},
            "firstPartyCookiesSent": {},
            "exampleSites": [
                "justthrivehealth.com",
                "keilfp.com",
                "naomiw.com",
                "platinumtherapylights.com",
                "standupwireless.com",
                "www.artofliving.org",
                "www.banyanbotanicals.com",
                "www.kingofchristmas.com",
                "www.ryzesuperfoods.com",
                "www.skinsafeproducts.com",
                "www.thewigcompany.com"
            ]
        },
        {
            "rule": "customerlabs\\.co\\/cl4953m3vqwa6a\\.js",
            "cookies": 0,
            "fingerprinting": 0,
            "subdomains": [
                "cdn.js"
            ],
            "apis": {},
            "sites": 2,
            "prevalence": 0.0000136,
            "cnames": [],
            "responseHashes": [
                "e3b0c44298fc1c149afbf4c8996fb92427ae41e4649b934ca495991b7852b855"
            ],
            "type": "Script",
            "firstPartyCookies": {},
            "firstPartyCookiesSent": {},
            "exampleSites": [
                "healthycell.com",
                "www.healthycell.com"
            ]
        },
        {
            "rule": "customerlabs\\.co\\/cl53554emlzw5u\\.js",
            "cookies": 0,
            "fingerprinting": 0,
            "subdomains": [
                "cdn.js"
            ],
            "apis": {},
            "sites": 2,
            "prevalence": 0.0000136,
            "cnames": [],
            "responseHashes": [
                "e3b0c44298fc1c149afbf4c8996fb92427ae41e4649b934ca495991b7852b855"
            ],
            "type": "Script",
            "firstPartyCookies": {},
            "firstPartyCookiesSent": {},
            "exampleSites": [
                "ipqualityscore.com",
                "www.ipqualityscore.com"
            ]
        },
        {
            "rule": "customerlabs\\.co\\/cl44818cid2s5c\\.js",
            "cookies": 0,
            "fingerprinting": 0,
            "subdomains": [
                "cdn.js"
            ],
            "apis": {},
            "sites": 2,
            "prevalence": 0.0000136,
            "cnames": [],
            "responseHashes": [],
            "type": "Script",
            "firstPartyCookies": {},
            "firstPartyCookiesSent": {},
            "exampleSites": [
                "machinerypete.com",
                "www.machinerypete.com"
            ]
        }
    ],
    "categories": [],
    "performance": {},
    "cookies": 0.0000477,
    "topInitiators": [
        {
            "domain": "first party",
            "prevalence": 0.3561643835616438
        },
        {
            "domain": "pixelboom.co",
            "prevalence": 0.3150684931506849
        },
        {
            "domain": "fpaudience.com",
            "prevalence": 0.1780821917808219
        },
        {
            "domain": "hyros.com",
            "prevalence": 0.0821917808219178
        },
        {
            "domain": "googletagmanager.com",
            "prevalence": 0.0684931506849315
        }
    ],
    "types": {
        "Image": 11,
        "Ping": 22,
        "Script": 6
    },
    "nameservers": [
        "ns-1781.awsdns-30.co.uk",
        "ns-999.awsdns-60.net",
        "ns-1132.awsdns-13.org",
        "ns-353.awsdns-44.com"
    ]
}