{
    "domain": "cylex-international.com",
    "owner": {},
    "source": [
        "DuckDuckGo-US"
    ],
    "prevalence": 0.000109,
    "sites": 16,
    "subdomains": [
        "osm"
    ],
    "cnames": [],
    "fingerprinting": 0,
    "resources": [
        {
            "rule": "cylex-international\\.com\\/osm\\/staticmaplite\\/staticmap\\.php",
            "cookies": 0.000109,
            "fingerprinting": 0,
            "subdomains": [
                "osm"
            ],
            "apis": {},
            "sites": 16,
            "prevalence": 0.000109,
            "cnames": [],
            "responseHashes": [
                "43a004724afd3575ea15e5211d20c38bea4e59eed62f781101312a34105230e3",
                "046b00f55ba2e68c5ec78e5004afce0f1ac1d5aa0bd6e932fcd4b5188ea4a2e6",
                "e7faf671055db2e0230bb3e0d345d7907d88c9dc9edafbbbfcc11ae3f7cdfc3e",
                "4d38d89641c0d33408f970081565143a87bc99e19e3d97aa8149797595d612b0",
                "0af5489dc72c7a8862d61aac94dc2fed92af5ad4722cc93add5cb9b8858485ff",
                "673f59977ba345f15cf9e8adfade30c31fb5ff77ea2a82a2187bc6ab689d0acd",
                "3598b8cae1903665881454c4a73900610bf4b0b7a00ab3909aacd2e09be5bca5",
                "7652e27027939a22fc40e46bd73fcf97eaecf40c20859e1b2799429d35b40b7a",
                "a6e023480bafcf76814f83283e3a2e4bc2bff0834cafea455ccab349fdf13183",
                "8a81baa87de9b8e967c5e475c5068677bfd5829a5387c598aa7a4da12859d6be",
                "e20aa14172a48f94063c11272be33edf529914786773e092469c3dabaec2ffe6",
                "13c11750035b964740ce1cf78ec08765d503acf47dcd7a59d9dcab855a403630",
                "52f2b4f2a6e556b5f151e27e9342a674c8b462137b32963909c859d27015e334",
                "db776316110ca0baef379d2adc10de3b5cae3fdba2ce8ea00b3b7de1b77af0cc",
                "8997e6913159cb682223b5366b9adf6037314682a4fd8163d8955c93bf5f4240"
            ],
            "type": "Image",
            "firstPartyCookies": {},
            "firstPartyCookiesSent": {},
            "exampleSites": [
                "encuentre-abierto.es",
                "find-open.ca",
                "find-open.co.uk",
                "find-open.com",
                "finde-offen.at",
                "finde-offen.ch",
                "finde-offen.de",
                "firmania.it",
                "hitta-oppna.se",
                "nyitva.hu",
                "teraz-otwarte.pl",
                "trouver-ouvert.fr",
                "vind-open.nl",
                "www.cylex-australia.com",
                "www.cylex-belgie.be",
                "www.cylex.at"
            ]
        }
    ],
    "categories": [],
    "performance": {},
    "cookies": 0.000109,
    "topInitiators": [
        {
            "domain": "first party",
            "prevalence": 1
        }
    ],
    "types": {
        "Image": 16
    },
    "nameservers": [
        "merlin.ns.cloudflare.com",
        "serena.ns.cloudflare.com"
    ]
}