{
    "domain": "czilladx.com",
    "owner": {},
    "source": [
        "DuckDuckGo-US"
    ],
    "prevalence": 0.000136,
    "sites": 20,
    "subdomains": [
        "request-global",
        "request"
    ],
    "cnames": [],
    "fingerprinting": 0,
    "resources": [
        {
            "rule": "czilladx\\.com\\/serve\\/sticky\\.php",
            "cookies": 0,
            "fingerprinting": 0,
            "subdomains": [
                "request-global"
            ],
            "apis": {},
            "sites": 5,
            "prevalence": 0.0000341,
            "cnames": [],
            "responseHashes": [
                "e3b0c44298fc1c149afbf4c8996fb92427ae41e4649b934ca495991b7852b855"
            ],
            "type": "XHR",
            "firstPartyCookies": {},
            "firstPartyCookiesSent": {},
            "exampleSites": [
                "airdrops.io",
                "coincodex.com",
                "miningpoolstats.stream",
                "www.coinwarz.com",
                "www.crypto-news-flash.com"
            ]
        },
        {
            "rule": "czilladx\\.com\\/serve\\/get\\.php",
            "cookies": 0,
            "fingerprinting": 0,
            "subdomains": [
                "request-global"
            ],
            "apis": {},
            "sites": 9,
            "prevalence": 0.0000613,
            "cnames": [],
            "responseHashes": [
                "c7bed7e6fed4c602fd10762c67967f6f76806fb102f0c6e35278b6d7018c1ca5",
                "4e14ac698968bede589a221813e9f298cda43891af49960a48be7807c9dc95b6",
                "f66fd49c092b81e32643d57aa737c149af857c389c009cd02260a177ce5c8158",
                "0ff9f5821adb331524546f40dda192f65d95ed2216f54ef006652fb426dbe13c",
                "8f36f73adff1ee4ca3aa6c825f024324fbc43bff6bf1d69a91a858c9431f78ad",
                "9787515d76557c7caa255dfe3827c6076bf4250d983b4fabe3720b3b061e908c",
                "c6c820ef8d032f04605dbf8db9ad738c66594151574979550a60910a271a07b4",
                "eb0de8b7016ee83c66b8cbb274c940f7f319c366239832bd9b9353d835e59f8b"
            ],
            "type": "XHR",
            "firstPartyCookies": {},
            "firstPartyCookiesSent": {},
            "exampleSites": [
                "airdrops.io",
                "bscscan.com",
                "coincodex.com",
                "cryptopotato.com",
                "etherscan.io",
                "walletinvestor.com",
                "www.blockchain.com",
                "www.coinwarz.com",
                "www.crypto-news-flash.com"
            ]
        },
        {
            "rule": "czilladx\\.com\\/serve\\/view\\.php",
            "cookies": 0,
            "fingerprinting": 0,
            "subdomains": [
                "request-global"
            ],
            "apis": {},
            "sites": 9,
            "prevalence": 0.0000613,
            "cnames": [],
            "responseHashes": [
                "12f4af7d681ca92f2a19c2fe77c590f01471cee5fbc37f11b086f877069e96d3",
                "41496b07cde3be5155948ebdfe190e3be4e3492e580896308d38623dcef4811d",
                "2fdf3c03374b613a7dd429ab0deeb8c4638cee6367e993fbdae238fcc84e0843",
                "5957f5817af3b5166dd07433258505f6b00582696d43f9c5a28b504eb0fc7243",
                "4ec0d1ac34fc221a79e42c874413ee0d3a96f4dd803f68b34f7d885d056e4b10",
                "b8442542f79f00c5d13c91693fdee20bd215f34c2b88e11817facf0a2764bf57",
                "043aa648e1a8031a0a592c7bbc936c9cc431b19d3766d9c15f207b31ee473a5d",
                "ec4a4968227e28e2bbe06f2cbeee0a057c0bf7294ecd496cee280c59c4c2e96b"
            ],
            "type": "Document",
            "firstPartyCookies": {},
            "firstPartyCookiesSent": {},
            "exampleSites": [
                "airdrops.io",
                "bscscan.com",
                "coincodex.com",
                "cryptopotato.com",
                "etherscan.io",
                "walletinvestor.com",
                "www.blockchain.com",
                "www.coinwarz.com",
                "www.crypto-news-flash.com"
            ]
        },
        {
            "rule": "czilladx\\.com\\/serve\\/request\\.php",
            "cookies": 0,
            "fingerprinting": 0,
            "subdomains": [
                "request"
            ],
            "apis": {},
            "sites": 5,
            "prevalence": 0.0000341,
            "cnames": [],
            "responseHashes": [
                "29bf02b45625a50e94b6d6de8357c562821c3d8fb63ec81f399b09af1dcce8c6",
                "e3b0c44298fc1c149afbf4c8996fb92427ae41e4649b934ca495991b7852b855",
                "ae54a98753e686defe1345717b60c4fe7cd9aeb30a931f90c622ae0e205e46ee",
                "bd33408a5d4c06577d8c5baa0a31b7d311def420d1e6958d42288719469398d7"
            ],
            "type": "XHR",
            "firstPartyCookies": {},
            "firstPartyCookiesSent": {},
            "exampleSites": [
                "ambcrypto.com",
                "bitinfocharts.com",
                "miningpoolstats.stream",
                "whattomine.com",
                "www.coingecko.com"
            ]
        },
        {
            "rule": "czilladx\\.com\\/serve\\/native\\.php",
            "cookies": 0,
            "fingerprinting": 0,
            "subdomains": [
                "request-global"
            ],
            "apis": {},
            "sites": 2,
            "prevalence": 0.0000136,
            "cnames": [],
            "responseHashes": [
                "e3b0c44298fc1c149afbf4c8996fb92427ae41e4649b934ca495991b7852b855"
            ],
            "type": "XHR",
            "firstPartyCookies": {},
            "firstPartyCookiesSent": {},
            "exampleSites": [
                "bscscan.com",
                "whattomine.com"
            ]
        }
    ],
    "categories": [],
    "performance": {},
    "cookies": 0,
    "topInitiators": [
        {
            "domain": "coinzillatag.com",
            "prevalence": 0.532258064516129
        },
        {
            "domain": "buysellads.net",
            "prevalence": 0.24193548387096775
        },
        {
            "domain": "adpushup.com",
            "prevalence": 0.1935483870967742
        },
        {
            "domain": "first party",
            "prevalence": 0.03225806451612903
        }
    ],
    "types": {
        "XHR": 21,
        "Document": 9
    },
    "nameservers": [
        "piotr.ns.cloudflare.com",
        "jule.ns.cloudflare.com"
    ]
}