{
    "domain": "ddos-guard.net",
    "owner": {},
    "source": [
        "DuckDuckGo-US"
    ],
    "prevalence": 0.0000886,
    "sites": 13,
    "subdomains": [
        "check"
    ],
    "cnames": [],
    "fingerprinting": 0,
    "resources": [
        {
            "rule": "ddos-guard\\.net\\/check\\.js",
            "cookies": 0.0000613,
            "fingerprinting": 0,
            "subdomains": [
                "check"
            ],
            "apis": {},
            "sites": 9,
            "prevalence": 0.0000613,
            "cnames": [],
            "responseHashes": [
                "5d34ba4f174fc9957198ed37b42be46f1c546795314a906141713bff90d848c8",
                "45ca4efd414e91a157004352cf78d53b4631850e71cb1ad575ca32682d10a1c9",
                "7ce8378c2686222b8d42bbc386714b96ec4e61277ce0a762c336b0f0407f31c8",
                "6a128a910607c3c86d7c981f25ac948616a3d02d11d1dbf5768e6ac97d3e5afb",
                "058f60726901bd93bb23594d90ecac8b7aebef9b7f59c1ad293542f52ef83f6f",
                "1d84853dc5aaca86f81df1220658d49184f2b50b2994fcff015a7e80749de04b",
                "5f172f7b32d44b8b4b71e0f37278d85bd11371009c5777ce4cded29ebc414ecb",
                "e9eb83f393f6e108d7db57b0bdba19ee263cba24d318a25c22b3a004bef6a7a0"
            ],
            "type": "Script",
            "firstPartyCookies": {},
            "firstPartyCookiesSent": {},
            "exampleSites": [
                "akuma.moe",
                "dbree.org",
                "doxbin.com",
                "embedy.eu",
                "embedy.org",
                "lumpics.ru",
                "myvideo.cc",
                "onlinemultfilmy.ru",
                "www.cyberforum.ru"
            ]
        }
    ],
    "categories": [],
    "performance": {},
    "cookies": 0.0000886,
    "topInitiators": [
        {
            "domain": "first party",
            "prevalence": 0.8125
        },
        {
            "domain": "gettube.co",
            "prevalence": 0.125
        },
        {
            "domain": "aniqit.com",
            "prevalence": 0.0625
        }
    ],
    "types": {
        "Script": 9
    },
    "nameservers": [
        "ns1.ddos-guard.net",
        "ns6.ddos-guard.net",
        "ns5.ddos-guard.net",
        "ns4.ddos-guard.net",
        "ns3.ddos-guard.net",
        "ns2.ddos-guard.net"
    ]
}