{
    "domain": "decathlon.net",
    "owner": {},
    "source": [
        "DuckDuckGo-US"
    ],
    "prevalence": 0.000102,
    "sites": 15,
    "subdomains": [
        "insights",
        "api-eu"
    ],
    "cnames": [],
    "fingerprinting": 0,
    "resources": [
        {
            "rule": "decathlon\\.net\\/v1\\/configs",
            "cookies": 0.0000886,
            "fingerprinting": 0,
            "subdomains": [
                "insights"
            ],
            "apis": {},
            "sites": 14,
            "prevalence": 0.0000954,
            "cnames": [],
            "responseHashes": [
                "d78f75904ffa3e52ef180ba39c74a2e3d594d516f5f81f321bf05ddc5c187bcc",
                "927e4a3e8d3a16aa0621799a1c3d35b23b80ceb5a59831da40d1d5331755250b",
                "ff8be36c9a97060385c3cce97ded704849b621d9763bc057541d8f29a4600814",
                "bc6d47b53ed4977e76529b36e2112dcd066ecf1d9ae3bdb6e9011eee831f2d27",
                "fca6540888480ac92eeae604c687c094b3bb3d6c19948dc2efbe7225b38eee62",
                "056d73b7343b2ad492eac5607b5938a97e471f7f91250bcc25448c2f74ea6f04",
                "b42e441e331fd4554e75c99b2f817563d49f2af51ef57b20b61e6740cb7ea56a",
                "57e01f7fc13803ca57fbcbc8aff0f4d18b5d4864e423c083c5bca7fb148ac0fd",
                "acd82a6296d7d72f64703a946f3a67f1d91f359a71fefe10d8053ea2e3d697a7",
                "4ddb6997f2d62a803ba35ba03d04b08c1fcf77ff2b2477ef152f9724b0728823",
                "b9c4ce47db1469f56908e9cc77ebc65217cb28806d78d6adfc7282157ae0acf1",
                "1fb1d1da059c855a427e8b4856b961dfe0530aeb0d556504779d83d243195af4",
                "946c7ab5df619538a51ef53b8c318f36cdda11205bdf19405749d0ad278db6a8"
            ],
            "type": "Fetch",
            "firstPartyCookies": {},
            "firstPartyCookiesSent": {},
            "exampleSites": [
                "decathlon.fr",
                "www.decathlon.be",
                "www.decathlon.ch",
                "www.decathlon.co.uk",
                "www.decathlon.cz",
                "www.decathlon.de",
                "www.decathlon.es",
                "www.decathlon.hu",
                "www.decathlon.fr",
                "www.decathlon.it",
                "www.decathlon.nl",
                "www.decathlon.pl",
                "www.decathlon.pt",
                "www.decathlon.ro"
            ]
        },
        {
            "rule": "decathlon\\.net\\/v1\\/events\\/page",
            "cookies": 0.0000886,
            "fingerprinting": 0,
            "subdomains": [
                "insights"
            ],
            "apis": {},
            "sites": 14,
            "prevalence": 0.0000954,
            "cnames": [],
            "responseHashes": [
                "c955e57777ec0d73639dca6748560d00aa5eb8e12f13ebb2ed9656add3908f97"
            ],
            "type": "Fetch",
            "firstPartyCookies": {},
            "firstPartyCookiesSent": {},
            "exampleSites": [
                "decathlon.fr",
                "www.decathlon.be",
                "www.decathlon.ch",
                "www.decathlon.co.uk",
                "www.decathlon.cz",
                "www.decathlon.de",
                "www.decathlon.es",
                "www.decathlon.hu",
                "www.decathlon.fr",
                "www.decathlon.it",
                "www.decathlon.nl",
                "www.decathlon.pl",
                "www.decathlon.pt",
                "www.decathlon.ro"
            ]
        },
        {
            "rule": "decathlon\\.net\\/v1\\/events\\/page",
            "cookies": 0.0000954,
            "fingerprinting": 0,
            "subdomains": [
                "insights"
            ],
            "apis": {},
            "sites": 14,
            "prevalence": 0.0000954,
            "cnames": [],
            "responseHashes": [],
            "type": "Preflight",
            "firstPartyCookies": {},
            "firstPartyCookiesSent": {},
            "exampleSites": [
                "decathlon.fr",
                "www.decathlon.be",
                "www.decathlon.ch",
                "www.decathlon.co.uk",
                "www.decathlon.cz",
                "www.decathlon.de",
                "www.decathlon.es",
                "www.decathlon.hu",
                "www.decathlon.fr",
                "www.decathlon.it",
                "www.decathlon.nl",
                "www.decathlon.pl",
                "www.decathlon.pt",
                "www.decathlon.ro"
            ]
        },
        {
            "rule": "decathlon\\.net\\/v1\\/events\\/store\\.click",
            "cookies": 0.0000204,
            "fingerprinting": 0,
            "subdomains": [
                "insights"
            ],
            "apis": {},
            "sites": 3,
            "prevalence": 0.0000204,
            "cnames": [],
            "responseHashes": [],
            "type": "Preflight",
            "firstPartyCookies": {},
            "firstPartyCookiesSent": {},
            "exampleSites": [
                "decathlon.de",
                "www.decathlon.de",
                "www.decathlon.pl"
            ]
        },
        {
            "rule": "decathlon\\.net\\/v1\\/events\\/store\\.click",
            "cookies": 0.0000204,
            "fingerprinting": 0,
            "subdomains": [
                "insights"
            ],
            "apis": {},
            "sites": 3,
            "prevalence": 0.0000204,
            "cnames": [],
            "responseHashes": [
                "c955e57777ec0d73639dca6748560d00aa5eb8e12f13ebb2ed9656add3908f97"
            ],
            "type": "Fetch",
            "firstPartyCookies": {},
            "firstPartyCookiesSent": {},
            "exampleSites": [
                "decathlon.de",
                "www.decathlon.de",
                "www.decathlon.pl"
            ]
        },
        {
            "rule": "decathlon\\.net\\/decashop\\/bff\\/v1\\/translate\\/en-IE\\/v0",
            "cookies": 0,
            "fingerprinting": 0,
            "subdomains": [
                "api-eu"
            ],
            "apis": {},
            "sites": 2,
            "prevalence": 0.0000136,
            "cnames": [],
            "responseHashes": [
                "51b66d147d456453f29c1410842a491f2a8b551fca41ca4a47355ce9adce6b03"
            ],
            "type": "Fetch",
            "firstPartyCookies": {},
            "firstPartyCookiesSent": {},
            "exampleSites": [
                "decathlon.ie",
                "www.decathlon.ie"
            ]
        }
    ],
    "categories": [],
    "performance": {},
    "cookies": 0.0000954,
    "topInitiators": [
        {
            "domain": "decathlon.io",
            "prevalence": 0.7692307692307693
        },
        {
            "domain": "first party",
            "prevalence": 0.1794871794871795
        },
        {
            "domain": "baqend.com",
            "prevalence": 0.05128205128205128
        }
    ],
    "types": {
        "Fetch": 33,
        "Preflight": 17
    },
    "nameservers": [
        "udns2.cscdns.uk",
        "udns1.cscdns.net"
    ]
}