{
    "domain": "dhs.gov",
    "owner": {
        "name": "Department of Homeland Security",
        "displayName": "Department of Homeland Security"
    },
    "source": [
        "DuckDuckGo-US"
    ],
    "prevalence": 0.000191,
    "sites": 28,
    "subdomains": [
        "www"
    ],
    "cnames": [],
    "fingerprinting": 1,
    "resources": [
        {
            "rule": "dhs\\.gov\\/ntas\\/",
            "cookies": 0.0000954,
            "fingerprinting": 0,
            "subdomains": [
                "www"
            ],
            "apis": {},
            "sites": 14,
            "prevalence": 0.0000954,
            "cnames": [],
            "responseHashes": [
                "b50ab62ee8e9f208d23e9e6dba3a2a2bbe281a92b995d5fcdd8b2f05d0d38f17",
                "9aa38ffdfa8d72c475e61880b2a61d24b02d91ef04e075153adf3f8463b996ce",
                "68d06c25f2a44796e3144092453caf12419930c1eee1ec806387f077185f9870",
                "7a67ba0869f53f63ae9b30ea64b7ac7ff33c1d68d376ae4e50e876b693608a97",
                "b054c084a267d3074136c6df1201f898367f100377ee3fc4fb673242420c1e16"
            ],
            "type": "Document",
            "firstPartyCookies": {},
            "firstPartyCookiesSent": {},
            "exampleSites": [
                "uscis.gov",
                "egov.uscis.gov",
                "help.cbp.gov",
                "my.uscis.gov",
                "myaccount.uscis.gov",
                "niccs.cisa.gov",
                "wow.uscgaux.info",
                "www.cbp.gov",
                "www.cisa.gov",
                "www.disasterassistance.gov",
                "www.e-verify.gov",
                "www.fema.gov",
                "www.fletc.gov",
                "www.uscis.gov"
            ]
        },
        {
            "rule": "dhs\\.gov\\/ntas",
            "cookies": 0.0000954,
            "fingerprinting": 1,
            "subdomains": [
                "www"
            ],
            "apis": {
                "Date.prototype.getTime": 14,
                "Event.prototype.timeStamp": 8
            },
            "sites": 14,
            "prevalence": 0.0000954,
            "cnames": [],
            "responseHashes": [
                "b50ab62ee8e9f208d23e9e6dba3a2a2bbe281a92b995d5fcdd8b2f05d0d38f17",
                "9aa38ffdfa8d72c475e61880b2a61d24b02d91ef04e075153adf3f8463b996ce",
                "144f86ca752f4dc4b385f7f452ba5912eabe60b5cfbd913ce77560446e9fd69e",
                "8980492d279167ce3e3597f2776422fcf4641be5521afea876d9296f76fe831e",
                "78c2f490f2ef24a3b03eb3ac41404b3e8e50884512eaf670b1e9ed4fd644759b",
                "83d4d6f66d9e276fd2c70c7783e706bf42737c69f1d7d7be51a788da0777d60d",
                "68d06c25f2a44796e3144092453caf12419930c1eee1ec806387f077185f9870",
                "faca902a4690358f15486596450997c13274c5e0da6afce02a5fa1fe5a7eebae",
                "01224ce09562fecaafc6484da5745b9218b4e409f10b57d084ab758936aade5b",
                "b27856f56adcc2faaedb1791e02c89159323cad9fcf7eb2ba4d70f8607c521f0",
                "7a67ba0869f53f63ae9b30ea64b7ac7ff33c1d68d376ae4e50e876b693608a97",
                "b054c084a267d3074136c6df1201f898367f100377ee3fc4fb673242420c1e16"
            ],
            "type": "Document",
            "firstPartyCookies": {},
            "firstPartyCookiesSent": {},
            "exampleSites": [
                "uscis.gov",
                "egov.uscis.gov",
                "help.cbp.gov",
                "my.uscis.gov",
                "myaccount.uscis.gov",
                "niccs.cisa.gov",
                "wow.uscgaux.info",
                "www.cbp.gov",
                "www.cisa.gov",
                "www.disasterassistance.gov",
                "www.e-verify.gov",
                "www.fema.gov",
                "www.fletc.gov",
                "www.uscis.gov"
            ]
        },
        {
            "rule": "dhs\\.gov\\/profiles\\/dhsd8_gov\\/modules\\/custom\\/dhs_ntas\\/css\\/dhs_ntas\\.ntas\\.css",
            "cookies": 0,
            "fingerprinting": 0,
            "subdomains": [
                "www"
            ],
            "apis": {},
            "sites": 14,
            "prevalence": 0.0000954,
            "cnames": [],
            "responseHashes": [
                "86b4cf45f6cec3f83cdff61268a291f5d763cc465d29c932ed28a359d28d4024"
            ],
            "type": "Stylesheet",
            "firstPartyCookies": {},
            "firstPartyCookiesSent": {},
            "exampleSites": [
                "uscis.gov",
                "egov.uscis.gov",
                "help.cbp.gov",
                "my.uscis.gov",
                "myaccount.uscis.gov",
                "niccs.cisa.gov",
                "wow.uscgaux.info",
                "www.cbp.gov",
                "www.cisa.gov",
                "www.disasterassistance.gov",
                "www.e-verify.gov",
                "www.fema.gov",
                "www.fletc.gov",
                "www.uscis.gov"
            ]
        },
        {
            "rule": "dhs\\.gov\\/xlibrary\\/graphics\\/ntas_03_bulletin\\.svg",
            "cookies": 0,
            "fingerprinting": 0,
            "subdomains": [
                "www"
            ],
            "apis": {},
            "sites": 14,
            "prevalence": 0.0000954,
            "cnames": [],
            "responseHashes": [
                "c659cb8d91d6adfd9788cabd0fb16179fa3b962d7a722565405ad6be11185f2d"
            ],
            "type": "Image",
            "firstPartyCookies": {},
            "firstPartyCookiesSent": {},
            "exampleSites": [
                "uscis.gov",
                "egov.uscis.gov",
                "help.cbp.gov",
                "my.uscis.gov",
                "myaccount.uscis.gov",
                "niccs.cisa.gov",
                "wow.uscgaux.info",
                "www.cbp.gov",
                "www.cisa.gov",
                "www.disasterassistance.gov",
                "www.e-verify.gov",
                "www.fema.gov",
                "www.fletc.gov",
                "www.uscis.gov"
            ]
        },
        {
            "rule": "dhs\\.gov\\/sites\\/default\\/files\\/googleanalytics\\/analytics\\.js",
            "cookies": 0.0000136,
            "fingerprinting": 2,
            "subdomains": [
                "www"
            ],
            "apis": {
                "Screen.prototype.width": 2,
                "Screen.prototype.height": 2,
                "Screen.prototype.colorDepth": 2,
                "Navigator.prototype.plugins": 2,
                "Navigator.prototype.javaEnabled": 2,
                "Navigator.prototype.language": 2,
                "Date.prototype.getTime": 2,
                "Document.cookie getter": 2,
                "Navigator.prototype.userAgent": 2,
                "Document.cookie setter": 2
            },
            "sites": 2,
            "prevalence": 0.0000136,
            "cnames": [],
            "responseHashes": [
                "a1925038db769477ab74b4df34350c35688a795bb718727b0f4292a4a78a6210"
            ],
            "type": "Script",
            "firstPartyCookies": {
                "_ga": {
                    "ttl": 63072011,
                    "length": 27,
                    "prevalence": 0.000013624071008658098,
                    "uniqueness": 1
                },
                "_gid": {
                    "ttl": 86411,
                    "length": 26,
                    "prevalence": 0.000013624071008658098,
                    "uniqueness": 1
                },
                "_gat": {
                    "ttl": 71,
                    "length": 1,
                    "prevalence": 0.000013624071008658098,
                    "uniqueness": 0.5
                },
                "_gat_newaggr": {
                    "ttl": 71,
                    "length": 1,
                    "prevalence": 0.000013624071008658098,
                    "uniqueness": 0.5
                },