{
    "domain": "digismoothie.app",
    "owner": {},
    "source": [
        "DuckDuckGo-US"
    ],
    "prevalence": 0.000347,
    "sites": 51,
    "subdomains": [
        "giftbox",
        "candyrack"
    ],
    "cnames": [],
    "fingerprinting": 1,
    "resources": [
        {
            "rule": "digismoothie\\.app\\/api\\/offers",
            "cookies": 0,
            "fingerprinting": 0,
            "subdomains": [
                "giftbox"
            ],
            "apis": {},
            "sites": 20,
            "prevalence": 0.000136,
            "cnames": [],
            "responseHashes": [
                "5547992afdadb59737c5c0feb1a35dff294cd27145bf290c031737ecf8a2577d",
                "2a4972d3f2d4990d3079bb6a21019aff84c6de1f7c82942c1f1caf86feaa6ae3",
                "35e0fa14110987c3e8efd21c734daab2cf0bf5b8e430821d1fe4874bb57fc1c9",
                "685ae63a42ed6f7b9ec8e41e0dfe7853bf2a9d315cd49e2b3e5f46fe83d4ba9b",
                "41515e0bcab38152a5eba638a0b285ca6e6a687bb10bd05a950c7b336bac0601",
                "e873c7b046f9ac79c2d73fb5ed0cd2985ce1b03aa0f3363bd5451bd8096301d6",
                "5a9c877c2ae6b98e2c1c149a1dc0e0cd66fa46b4c710a4ad65ea5b5bf96981f0",
                "e1c1f14d7483a4190f82141e448dcff085e7607bc0c8a498019ed40f3df638cf",
                "a87f042404c1df607c9e9d598771990b90296d846f180a983934430da7494108",
                "cb1f641768da6da510b87941630937db37b05571aec2a7acb35134407ecdf2f3",
                "8d88a9a7bb131a277693fb2aa9ed47a408184171b2f160d2b1116b22f482f18f",
                "7a74e164d037ae71ef831d4d31a1eccd181a7c2caa28be4f125bbc6c1ff4c182",
                "a50d8d7b14c0e908191f7533ab7e75256225fe87314ea7dd19c70728d7d39adf",
                "3a5da3f94470138a3de938e6cb1a04a4bc1ede210d2afabdafe9145a05080876",
                "0a394ac2942016799323e6a320c5b88bc6e5daa9c9f06c1502bd992b55fa600e",
                "c03a80478418b6fc830e6298ff5285603869f12da950495af15bd3070f50a385"
            ],
            "type": "Fetch",
            "firstPartyCookies": {},
            "firstPartyCookiesSent": {},
            "exampleSites": [
                "altenew.com",
                "buffalojackson.com",
                "dansko.com",
                "graphtech.com",
                "pertronixbrands.com",
                "playingcarddecks.com",
                "redrockthreads.com",
                "secretnaturecbd.com",
                "slnt.com",
                "sunriseflourmill.com",
                "troyleedesigns.com",
                "www.aftco.com",
                "www.goatguns.com",
                "www.nestnewyork.com",
                "www.psaudio.com",
                "www.saintbernard.com",
                "www.striderite.com",
                "www.sweetleaf.com",
                "www.thefryecompany.com",
                "www.vietri.com"
            ]
        },
        {
            "rule": "digismoothie\\.app\\/api\\/apps-info\\/",
            "cookies": 0,
            "fingerprinting": 0,
            "subdomains": [
                "candyrack"
            ],
            "apis": {},
            "sites": 18,
            "prevalence": 0.000123,
            "cnames": [],
            "responseHashes": [
                "6e0c1941fd32c56c945bd2886cd6f73c3fc71f0ec9dda203637390ca6cac3182",
                "41a71c9c601e794de321b8b38e819b752131660cb4f6283739345f10ea095e13",
                "cfae45a81f771eeac80acd8ab6a1b41fd8fc535aca99d8111becabd6c19327df",
                "b9791f266b9216ebb3bae9778ca1f70aad624cbe0c38a84c56e7af8cd07de0c8",
                "193e388f3a208e0347a388758a7175e6738e7d4dd3ff3117cf85f4bc98971a5f",
                "e8710ae7a94b2a3c14a344fb1d7a00a2912d0984b1f7555bc7cc7893696da3b6",
                "72258e0fae847588a812ef6d5d979f8afccdadcaa81cf638654e211ac412cb18",
                "f96b75a225ddb8e8f1b0c7742452e7224ae10760fc4c8e15e0ed37de770ebb61"
            ],
            "type": "Fetch",
            "firstPartyCookies": {},
            "firstPartyCookiesSent": {},
            "exampleSites": [
                "brucebolt.us",
                "bulletsafe.com",
                "fiddlershop.com",
                "granitestone.com",
                "heavensharvest.com",
                "levitation.fm",
                "owlvans.com",
                "paintwithdiamonds.com",
                "poolpartstogo.com",
                "readywise.com",
                "ride.lezyne.com",
                "sightmark.com",
                "tomskey.com",
                "www.eightvape.com",
                "www.espressoparts.com",
                "www.nuwavenow.com",
                "www.sixzeropickleball.com",
                "www.woolx.com"
            ]
        }
    ],
    "categories": [],
    "performance": {},
    "cookies": 0,
    "topInitiators": [
        {
            "domain": "first party",
            "prevalence": 0.9259259259259259
        },
        {
            "domain": "ds-cdn.com",
            "prevalence": 0.037037037037037035
        },
        {
            "domain": "shopify.com",
            "prevalence": 0.037037037037037035
        }
    ],
    "types": {
        "Fetch": 38
    },
    "nameservers": [
        "sima.ns.cloudflare.com",
        "plato.ns.cloudflare.com"
    ]
}