{
    "domain": "diskpart.com",
    "owner": {},
    "source": [
        "DuckDuckGo-US"
    ],
    "prevalence": 0.0000477,
    "sites": 7,
    "subdomains": [
        "cdn-node"
    ],
    "cnames": [],
    "fingerprinting": 2,
    "resources": [
        {
            "rule": "diskpart\\.com\\/lib\\/amt\\.min\\.js",
            "cookies": 0.0000341,
            "fingerprinting": 1,
            "subdomains": [
                "cdn-node"
            ],
            "apis": {
                "Date.prototype.getTime": 5,
                "Document.cookie getter": 5,
                "Document.cookie setter": 5,
                "Navigator.prototype.cookieEnabled": 5
            },
            "sites": 5,
            "prevalence": 0.0000341,
            "cnames": [],
            "responseHashes": [
                "87fc0b17c101749d5e838fd0b800a1a5bc9516d0e4d83323806099115a7ad263"
            ],
            "type": "Script",
            "firstPartyCookies": {
                "dev_id_7258ea15-f732-46db-ba3c-42983f552f3c": {
                    "ttl": 31536002,
                    "length": 2,
                    "prevalence": 0.000006812035504329049,
                    "uniqueness": 1
                },
                "_ll_lp": {
                    "ttl": 63072002,
                    "length": 349,
                    "prevalence": 0.00003406017752164524,
                    "uniqueness": 1
                },
                "_ll_rp": {
                    "ttl": null,
                    "length": 314,
                    "prevalence": 0.00003406017752164524,
                    "uniqueness": 1
                },
                "dev_id_8b482366-dfe1-4d9f-a9c3-04383e6b2a51": {
                    "ttl": 31536002,
                    "length": 2,
                    "prevalence": 0.000006812035504329049,
                    "uniqueness": 1
                },
                "dev_id_05443ef2-d7b8-4e5b-8371-ee773dc46eff": {
                    "ttl": 31536001,
                    "length": 2,
                    "prevalence": 0.000006812035504329049,
                    "uniqueness": 1
                },
                "dev_id_d1dcb672-8fab-497c-b5c0-54c4e9813c6d": {
                    "ttl": 31536011,
                    "length": 2,
                    "prevalence": 0.000006812035504329049,
                    "uniqueness": 1
                },
                "dev_id_c5c8a797-83cc-4e9c-8fb4-7ecbcbb9f8dd": {
                    "ttl": 31536003,
                    "length": 2,
                    "prevalence": 0.000006812035504329049,
                    "uniqueness": 1
                }
            },
            "firstPartyCookiesSent": {},
            "exampleSites": [
                "anyviewer.com",
                "www.anyviewer.com",
                "www.aomeitech.com",
                "www.multcloud.com",
                "www.ubackup.com"
            ]
        },
        {
            "rule": "diskpart\\.com\\/file\\/amtcstatic\\/0\\/ngnr\\.js",
            "cookies": 0.0000272,
            "fingerprinting": 1,
            "subdomains": [
                "cdn-node"
            ],
            "apis": {
                "Date.prototype.getTime": 4,
                "Document.cookie getter": 4,
                "Document.cookie setter": 4
            },
            "sites": 4,
            "prevalence": 0.0000272,
            "cnames": [],
            "responseHashes": [
                "2d8b9f5ffb156876ca7244c0f7c5c9498e016f779266bc77ef0396501bcaa82c"
            ],
            "type": "Script",
            "firstPartyCookies": {
                "_ld-anyviewer_com": {
                    "ttl": 31536001,
                    "length": 61,
                    "prevalence": 0.000013624071008658098,
                    "uniqueness": 1
                },
                "_ld-aomeitech_com": {
                    "ttl": 31536001,
                    "length": 29,
                    "prevalence": 0.000006812035504329049,
                    "uniqueness": 1
                },
                "_ld-ubackup_com": {
                    "ttl": 31536002,
                    "length": 105,
                    "prevalence": 0.000006812035504329049,
                    "uniqueness": 1
                }
            },
            "firstPartyCookiesSent": {},
            "exampleSites": [
                "anyviewer.com",
                "www.anyviewer.com",
                "www.aomeitech.com",
                "www.ubackup.com"
            ]
        },
        {
            "rule": "diskpart\\.com\\/file\\/amtcstatic\\/2\\/eht\\.css",
            "cookies": 0,
            "fingerprinting": 0,
            "subdomains": [
                "cdn-node"
            ],
            "apis": {},
            "sites": 2,
            "prevalence": 0.0000136,
            "cnames": [],
            "responseHashes": [
                "72742542bed5dc68942500c9ca05003547d8dd7ebd75762e7de7b186f3f94e4e"
            ],
            "type": "Stylesheet",
            "firstPartyCookies": {},
            "firstPartyCookiesSent": {},
            "exampleSites": [
                "aomeitech.com",
                "www.ubackup.com"
            ]
        },
        {
            "rule": "diskpart\\.com\\/file\\/amtcstatic\\/0\\/ba\\.js",
            "cookies": 0,
            "fingerprinting": 1,
            "subdomains": [
                "cdn-node"
            ],
            "apis": {
                "Date.prototype.getTime": 2,
                "Document.cookie getter": 2,
                "Navigator.prototype.userAgent": 2,
                "window.localStorage": 1
            },
            "sites": 2,
            "prevalence": 0.0000136,
            "cnames": [],
            "responseHashes": [
                "b1c5633b8aa373c201c6a0d194e7f2834ee1f4638797f3f12b4351861e0d93ed"
            ],
            "type": "Script",
            "firstPartyCookies": {},
            "firstPartyCookiesSent": {},
            "exampleSites": [
                "aomeitech.com",
                "www.ubackup.com"
            ]
        },
        {
            "rule": "diskpart\\.com\\/file\\/amtcstatic\\/0\\/pfr\\.js",
            "cookies": 0,
            "fingerprinting": 1,
            "subdomains": [
                "cdn-node"
            ],
            "apis": {
                "Date.prototype.getTime": 2,
                "window.localStorage": 2
            },
            "sites": 2,
            "prevalence": 0.0000136,
            "cnames": [],
            "responseHashes": [
                "bdd63ebeb568f969331cc330c71e25c6d6c521477749019826185a46d3c45fe8"
            ],
            "type": "Script",
            "firstPartyCookies": {},
            "firstPartyCookiesSent": {},
            "exampleSites": [
                "aomeitech.com",
                "www.ubackup.com"
            ]
        },
        {
            "rule": "diskpart\\.com\\/file\\/amtcstatic\\/2\\/2023-halloween-sale\\/slider-2023-halloween-sale\\.css",
            "cookies": 0,
            "fingerprinting": 0,
            "subdomains": [
                "cdn-node"
            ],
            "apis": {},
            "sites": 2,
            "prevalence": 0.0000136,
            "cnames": [],
            "responseHashes": [
                "aa990ea9d6ce3d8ec11b8f113534a329a6a8f6eaca234d8424801ccf2ff81073"
            ],
            "type": "Stylesheet",
            "firstPartyCookies": {},
            "firstPartyCookiesSent": {},
            "exampleSites": [
                "aomeitech.com",
                "www.ubackup.com"
            ]
        },
        {
            "rule": "diskpart\\.com\\/file\\/amtcstatic\\/0\\/countdown\\.hasms\\.usenum\\.min\\.js",
            "cookies": 0.0000136,
            "fingerprinting": 1,
            "subdomains": [
                "cdn-node"
            ],
            "apis": {
                "Date.prototype.getTime": 3,
                "Document.cookie getter": 3,