{
    "domain": "dns.google",
    "owner": {},
    "source": [
        "DuckDuckGo-US"
    ],
    "prevalence": 0.000272,
    "sites": 40,
    "subdomains": [],
    "cnames": [],
    "fingerprinting": 0,
    "resources": [
        {
            "rule": "dns\\.google\\/resolve",
            "cookies": 0,
            "fingerprinting": 0,
            "subdomains": [],
            "apis": {},
            "sites": 39,
            "prevalence": 0.000266,
            "cnames": [],
            "responseHashes": [
                "855f017246a864e8156e368163d08b89fadd3c18d6330af32ee052023cb2d375",
                "97a32e3c211bc60501077538773678843b321a2917571ca01531e82e561e1390",
                "6283838983be058cdb24bf9fc2c5d36a82e70ee89634e718b2d3fc41a3a4121d",
                "69704e27493221621be0bc29b70fec14a143def9de06fbd136ea633a2954b7c3",
                "8ab1e60b9407c8d5c4d904fadc6eb718969beeba1674f035d32f58b500d78f3d",
                "2de91e5fcdb668be0f34a83d528b13354a07951da9d06e47ecea0f68209c211a",
                "f756988d42a962af530a0afdd4133bc24e742d0a4d864651b823a5bf35e6b30c",
                "4ff88fc176d9d6830fba8a4b23a9f716b8ef21a6033e6ef4c375a8704d404676",
                "80c3be2a27fd26211628648cc94c7a14865956fa6ce130b6dfac00006429802e",
                "4bfd8cfcbe2b5f6947a708ced11225455b7b07cff51f2bf7be2ba1dfd6078263",
                "c21ad451b2d0e2da8daa1fbc88857aa0b4d01b055cc93fbffd9436cbf6b1aac3",
                "3d6cc84125e4616d7dc38c1cc8f96f94fef7eb631dce28eb979f2d7fe7e32946"
            ],
            "type": "Fetch",
            "firstPartyCookies": {},
            "firstPartyCookiesSent": {},
            "exampleSites": [
                "qosvideos.com",
                "hentaisama.net",
                "facesittinghub.com",
                "batterystory.com",
                "sexmotarjam.com",
                "www.bolly2tolly.org",
                "veziseriale.org",
                "www.justairguns.co.uk",
                "ivfree.asia",
                "hdporn92.net",
                "www.erotikfilmizlehd.com",
                "shemalepower.xyz",
                "hentai-share.one",
                "en.xtapes.to",
                "xxvideoss.org",
                "www.pornhegemon.com",
                "vezionline.net",
                "hindilinks4u.hair",
                "www.holedk.com",
                "xxxstream.me"
            ]
        }
    ],
    "categories": [],
    "performance": {},
    "cookies": 0,
    "topInitiators": [
        {
            "domain": "first party",
            "prevalence": 0.24074074074074073
        },
        {
            "domain": "hqq.tv",
            "prevalence": 0.24074074074074073
        },
        {
            "domain": "hqq.to",
            "prevalence": 0.18518518518518517
        },
        {
            "domain": "hqq.ac",
            "prevalence": 0.05555555555555555
        },
        {
            "domain": "remilf.com",
            "prevalence": 0.037037037037037035
        },
        {
            "domain": "haes.tech",
            "prevalence": 0.037037037037037035
        },
        {
            "domain": "mptube.me",
            "prevalence": 0.037037037037037035
        },
        {
            "domain": "vzlinks.com",
            "prevalence": 0.037037037037037035
        },
        {
            "domain": "oyohd.com",
            "prevalence": 0.037037037037037035
        },
        {
            "domain": "erokrad.site",
            "prevalence": 0.018518518518518517
        }
    ],
    "types": {
        "Fetch": 39
    },
    "nameservers": [
        "ns1.zdns.google",
        "ns2.zdns.google",
        "ns4.zdns.google",
        "ns3.zdns.google"
    ]
}