{
    "domain": "dood.re",
    "owner": {},
    "source": [
        "DuckDuckGo-US"
    ],
    "prevalence": 0.000157,
    "sites": 23,
    "subdomains": [],
    "cnames": [],
    "fingerprinting": 1,
    "resources": [
        {
            "rule": "dood\\.re\\/cdn-cgi\\/challenge-platform\\/scripts\\/jsd\\/main\\.js",
            "cookies": 0,
            "fingerprinting": 0,
            "subdomains": [],
            "apis": {},
            "sites": 21,
            "prevalence": 0.000143,
            "cnames": [],
            "responseHashes": [
                "09699c7bf09a6c8eeef69a17bbaf96bf020b97c6382e12290311555774f90cb9",
                "1600a3811d90bdc638ab916273c78a4f41c4eef28be141eb23e8cb0b87ea213e",
                "318ae9201566afb0950a1842da81d1b3d4c7bf42a2ec90c9035b4519df364fa1"
            ],
            "type": "Script",
            "firstPartyCookies": {},
            "firstPartyCookiesSent": {},
            "exampleSites": [
                "aagmaal.club",
                "adultvideos.co",
                "bokebhub.rest",
                "bokepbocil.lol",
                "bokepcrot.mom",
                "bokepsin.cam",
                "colmek.click",
                "colmeklink.icu",
                "djangkrik.pw",
                "kontolin.vip",
                "montokcrot.cfd",
                "pornxstream.com",
                "rhdtube.sbs",
                "simontok.lat",
                "temancoli.bond",
                "www.bokepnew.sbs",
                "www.colmek.link",
                "www.colmeklink.com",
                "www.kontolin.icu"
            ]
        },
        {
            "rule": "dood\\.re\\/cdn-cgi\\/challenge-platform\\/h\\/b\\/scripts\\/jsd\\/61b90d1d\\/main\\.js",
            "cookies": 0,
            "fingerprinting": 0,
            "subdomains": [],
            "apis": {},
            "sites": 21,
            "prevalence": 0.000143,
            "cnames": [],
            "responseHashes": [
                "09699c7bf09a6c8eeef69a17bbaf96bf020b97c6382e12290311555774f90cb9",
                "429021076a7f0c438b48a41227a15c3de15f837438eb6de51e051f8d1f8da848",
                "87c252a404c21632f803cf31a57f0c2b6951e2b3f6d9a5d4c4a2164470e22438",
                "8082ddc1da0a8c49c3a410b514568289b7e49c0854ea32bb8e0246c630ca7f34",
                "2092925999404df6468ab225d86058a986b8ff41cdb65c439d082a5a3211dcc8",
                "939b4522b02988429ae4eb6d86120f0df747e6cd707fa95b895d43148f30773f",
                "1600a3811d90bdc638ab916273c78a4f41c4eef28be141eb23e8cb0b87ea213e",
                "1ae3f3af75e8f769992ad3f638960b281228426953d4c16d8eac7f3dbe6ec0a1",
                "3b6daee7682ef5087a8d5f32a32b47bb888df23ec0f89fbfbe819105d67e11e1",
                "dbfc5272f138b6376005bb18f199cb8307b3cf7b58a06987d5648cc59b96a255",
                "0a6485ab5d009ecdb104e28c4040eb40582f8261a2595bc8ae051853fb515d89",
                "22aa7788290389a5e283476e92acfecbf85b30cc94e9ed98acbc60c4670c9c02",
                "318ae9201566afb0950a1842da81d1b3d4c7bf42a2ec90c9035b4519df364fa1",
                "9d02be90ba87185ff304dcc94ce6007dd2bace837ff5c0adbe28401174f782ca"
            ],
            "type": "Script",
            "firstPartyCookies": {},
            "firstPartyCookiesSent": {},
            "exampleSites": [
                "aagmaal.club",
                "adultvideos.co",
                "bokebhub.rest",
                "bokepbocil.lol",
                "bokepcrot.mom",
                "bokepsin.cam",
                "colmek.click",
                "colmeklink.icu",
                "djangkrik.pw",
                "kontolin.vip",
                "montokcrot.cfd",
                "pornxstream.com",
                "rhdtube.sbs",
                "simontok.lat",
                "temancoli.bond",
                "www.bokepnew.sbs",
                "www.colmek.link",
                "www.colmeklink.com",
                "www.kontolin.icu"
            ]
        },
        {
            "rule": "dood\\.re\\/e\\/cibb6ehkc8001c13ncsr2bhsvnmk8eo",
            "cookies": 0.00000681,
            "fingerprinting": 1,
            "subdomains": [],
            "apis": {
                "Date.prototype.getTime": 2
            },
            "sites": 2,
            "prevalence": 0.0000136,
            "cnames": [],
            "responseHashes": [],
            "type": "Document",
            "firstPartyCookies": {},
            "firstPartyCookiesSent": {},
            "exampleSites": [
                "kontolin.icu",
                "www.kontolin.icu"
            ]
        }
    ],
    "categories": [],
    "performance": {},
    "cookies": 0.000157,
    "topInitiators": [
        {
            "domain": "first party",
            "prevalence": 0.925
        },
        {
            "domain": "simontok.fans",
            "prevalence": 0.05
        },
        {
            "domain": "pemersatu.link",
            "prevalence": 0.025
        }
    ],
    "types": {
        "Script": 42,
        "Document": 2
    },
    "nameservers": [
        "hank.ns.cloudflare.com",
        "karina.ns.cloudflare.com"
    ]
}