{
    "domain": "doods.pro",
    "owner": {},
    "source": [
        "DuckDuckGo-US"
    ],
    "prevalence": 0.000381,
    "sites": 56,
    "subdomains": [],
    "cnames": [],
    "fingerprinting": 1,
    "resources": [
        {
            "rule": "doods\\.pro\\/e\\/id1kdy50x6vk3y7g8eoq0j3zp1a4nko",
            "cookies": 0.0000136,
            "fingerprinting": 1,
            "subdomains": [],
            "apis": {
                "Date.prototype.getTime": 2
            },
            "sites": 2,
            "prevalence": 0.0000136,
            "cnames": [],
            "responseHashes": [
                "303f1398470f6a4de3fbfe8a047620e93c0b82ea5891faae0bb81d3933da8ed2"
            ],
            "type": "Document",
            "firstPartyCookies": {},
            "firstPartyCookiesSent": {},
            "exampleSites": [
                "doodx.ink",
                "1.doodx.ink"
            ]
        },
        {
            "rule": "doods\\.pro\\/cdn-cgi\\/challenge-platform\\/scripts\\/jsd\\/main\\.js",
            "cookies": 0,
            "fingerprinting": 0,
            "subdomains": [],
            "apis": {},
            "sites": 50,
            "prevalence": 0.000341,
            "cnames": [],
            "responseHashes": [
                "98b715adb9c2d54b73c35e17ed89ea0ff471a68cc80a29368d30905194df354e",
                "56558ecdc2a4f4aca9e7b9676fdc87c92c6a1226e1f42d0aed9fa6fbf68d6f7c",
                "2e1d21c0d5f2c1d66f6aa5f7e98dc846f5152f8c112a589ab8c3eb6317bdb59f",
                "70c437748d5f7944758296605b4ecb3ba6a8e9795fd99eb6010377263e995e71",
                "911f74f2c11c7f5316cbc30a0ec79ec37be3b69b3fb8f378e9e4767fb823c41d",
                "ce384009876e3447cba6c94af6e9915d1c219a595d7cbbba99b0a4f42e263f81",
                "b05b170f727220dc2f4d225af1d5943ec9d9eae41935aa746bb200e458f7fe86",
                "df9a81aff99b86f21be68f037e4228bdff26ed869ff453cfb5220c0c1ce9fae8",
                "429021076a7f0c438b48a41227a15c3de15f837438eb6de51e051f8d1f8da848"
            ],
            "type": "Script",
            "firstPartyCookies": {},
            "firstPartyCookiesSent": {},
            "exampleSites": [
                "bacoltube.cfd",
                "januflix.quest",
                "pemudajilbab.blogspot.com",
                "pasarbokep.net",
                "familypornhd.net",
                "aagmaal.to",
                "bokebind.sbs",
                "avtubcom.cfd",
                "okxxx.cam",
                "leakutopia.com",
                "www1.pelisplus.uno",
                "girlspee.net",
                "www.doood.bio",
                "doodl.site",
                "bioskop18.com",
                "doodx.ink",
                "viral.doodx.ink",
                "okecrot.blogspot.com",
                "nudesboys.com",
                "pornx.to"
            ]
        },
        {
            "rule": "doods\\.pro\\/cdn-cgi\\/challenge-platform\\/h\\/b\\/scripts\\/jsd\\/61b90d1d\\/main\\.js",
            "cookies": 0,
            "fingerprinting": 0,
            "subdomains": [],
            "apis": {},
            "sites": 50,
            "prevalence": 0.000341,
            "cnames": [],
            "responseHashes": [
                "2e1d21c0d5f2c1d66f6aa5f7e98dc846f5152f8c112a589ab8c3eb6317bdb59f",
                "79caefc7556403ff02ee8b24c7dfc9f4a47e224d3cff53ae277b0f948e4d1974",
                "d9f4f50475327e85b4ccdd8662c29831d163d5bc7cca841ee5c11b6971d003dd",
                "3be59fc4acbe2c8003f4a5f728fdfa7513c8f386929cb9efe9e6c5bbe3d7a64e",
                "98b715adb9c2d54b73c35e17ed89ea0ff471a68cc80a29368d30905194df354e",
                "4e0bc9acd88c5198162401073c38580aab81249023aa36893193f07dd871b7d6",
                "56558ecdc2a4f4aca9e7b9676fdc87c92c6a1226e1f42d0aed9fa6fbf68d6f7c",
                "70c437748d5f7944758296605b4ecb3ba6a8e9795fd99eb6010377263e995e71",
                "5dbe6aecfd9f5df7adb83eff18704fb32db0e1684005de8086eddc8250cd511a",
                "df9a81aff99b86f21be68f037e4228bdff26ed869ff453cfb5220c0c1ce9fae8",
                "17adbcfd4ad2833618ca89007921ededf7d0e396f2460708a7dffe88833b1f7d",
                "372cef82712c57e69066665aeac3d4d3b120a0a022b407be66f549f34aca337c",
                "1c63b6f4ca9fb0ab0dbfb1410c7a7f37acf30c8d62aef4cb0129013e3ef88288",
                "d966044184d63a3f350ce2d6d17a71b0dc74ceb9a3bd789a9eecbdb661b8d897",
                "911f74f2c11c7f5316cbc30a0ec79ec37be3b69b3fb8f378e9e4767fb823c41d",
                "e88502f9496d11e0e874092a60356904d735aa83ab653dd8c583754447f1e624",
                "974f46dc5028218aeb23c3d2c83817ab7ac2b4793723129b25fb3f7f03f76bce",
                "40c84dddc6fd60b170fcb843f6686df58e25699cd46d0a6074fc861404ba28f0",
                "5882f79df8a169cb8bd4f4fb209c87b242a7e80f126d882da5eac014dbc756d4",
                "a713a0f8a214a2834b033f1c60b2fa729fdd7fa90ac63148fc92963cb140cf99",
                "0118b45747d425ae55208ccd3dcdf6d3d397608f2cc54f2157ea4f9f48d938d8",
                "a20a0b97dd0c97cceb395034db6f6363dbc9f40b93476664b3cc8f444a06007f",
                "3c7492b8a8a808dcb562ad3945b56048d3124f3f801b1f3040c3fb54b9e1a745",
                "4dc62d8532ed63f637c1f2eab76fb5de26d7801ff95a0df0ebcc4570fdc93999",
                "9a6dca229ccddabeb13c229ca474ef39fab7e829dfa8f4ced8faadb97706ae26",
                "ce384009876e3447cba6c94af6e9915d1c219a595d7cbbba99b0a4f42e263f81",
                "b05b170f727220dc2f4d225af1d5943ec9d9eae41935aa746bb200e458f7fe86",
                "e1833135ddb0f389325600c13ca3f78d0d1af0f8e2081b4057aa5800024d06e7",
                "429021076a7f0c438b48a41227a15c3de15f837438eb6de51e051f8d1f8da848"
            ],
            "type": "Script",
            "firstPartyCookies": {},
            "firstPartyCookiesSent": {},
            "exampleSites": [
                "nudesboys.com",
                "inibokeps.click",
                "bokepsincom.cfd",
                "leakutopia.com",
                "doodx.ink",
                "www.doood.bio",
                "okxxx.cam",
                "aagmaal.to",
                "asupanbokep.com",
                "sangetube77.cfd",
                "siapintisu.site",
                "bokepindoh.info",
                "vibokep.vip",
                "simontok.biz",
                "bacoltube.cfd",
                "pornx.to",
                "www1.pelisplus.uno",
                "mmsmaza.com",
                "familypornhd.net",
                "adventurecompanygames.com"
            ]
        },
        {
            "rule": "doods\\.pro\\/e\\/lm30i0w94gha3geoe1t3pdu8d3rr6sf",
            "cookies": 0.0000136,
            "fingerprinting": 1,
            "subdomains": [],
            "apis": {
                "Date.prototype.getTime": 2
            },
            "sites": 2,
            "prevalence": 0.0000136,
            "cnames": [],
            "responseHashes": [
                "efb4c4e23b2496e8acfcc66de7aad90a1bb1c0273d228b8e3e5ee7f447e5d02a"
            ],
            "type": "Document",
            "firstPartyCookies": {},
            "firstPartyCookiesSent": {},
            "exampleSites": [
                "doodx.ink",
                "viral.doodx.ink"
            ]
        },
        {
            "rule": "doods\\.pro\\/e\\/trk05qy821r7",
            "cookies": 0.0000136,
            "fingerprinting": 1,
            "subdomains": [],
            "apis": {
                "Date.prototype.getTime": 2
            },
            "sites": 2,
            "prevalence": 0.0000136,
            "cnames": [],
            "responseHashes": [
                "bd436d6112358eb91fb74861edf13e957f8861c0e88133b7d45def8047929c33"
            ],
            "type": "Document",
            "firstPartyCookies": {},
            "firstPartyCookiesSent": {},
            "exampleSites": [
                "doodjav.club",
                "www.doodjav.club"
            ]
        },
        {
            "rule": "doods\\.pro\\/e\\/8wi7kpjfyqkbpf2vuozumss72k8iw1g",