{
    "domain": "dood.pm",
    "owner": {},
    "source": [
        "DuckDuckGo-US"
    ],
    "prevalence": 0.000157,
    "sites": 23,
    "subdomains": [],
    "cnames": [],
    "fingerprinting": 1,
    "resources": [
        {
            "rule": "dood\\.pm\\/cdn-cgi\\/challenge-platform\\/scripts\\/jsd\\/main\\.js",
            "cookies": 0,
            "fingerprinting": 0,
            "subdomains": [],
            "apis": {},
            "sites": 21,
            "prevalence": 0.000143,
            "cnames": [],
            "responseHashes": [
                "83c1ffeff999f171bca677956f5b62aa09f48efaaba87f3f6a4c957d53898d1e",
                "ff7d0ef648f8d3bb82af433d05e485c120645749e0fa20c20ab83f0cd02a80bf",
                "ef3769a416d400a767824c712296e4de1600a50a31a9978361ddb2a40bb85b00",
                "1ae3f3af75e8f769992ad3f638960b281228426953d4c16d8eac7f3dbe6ec0a1",
                "2092925999404df6468ab225d86058a986b8ff41cdb65c439d082a5a3211dcc8"
            ],
            "type": "Script",
            "firstPartyCookies": {},
            "firstPartyCookiesSent": {},
            "exampleSites": [
                "avtub.bond",
                "bokepsin.today",
                "dosensesat.pw",
                "memeksiana.run",
                "memeksiana.wiki",
                "ngeweyuk.fun",
                "pinaycartel.net",
                "pinayflix.biz",
                "pinayflixvip.com",
                "playcrot.org",
                "pornx11.com",
                "sexycandidgirls.net",
                "tantemalam.cfd",
                "tantenakal.cfd",
                "temancoli.icu",
                "vokeptube.blogspot.com"
            ]
        },
        {
            "rule": "dood\\.pm\\/cdn-cgi\\/challenge-platform\\/h\\/b\\/scripts\\/jsd\\/61b90d1d\\/main\\.js",
            "cookies": 0,
            "fingerprinting": 0,
            "subdomains": [],
            "apis": {},
            "sites": 21,
            "prevalence": 0.000143,
            "cnames": [],
            "responseHashes": [
                "87c252a404c21632f803cf31a57f0c2b6951e2b3f6d9a5d4c4a2164470e22438",
                "83c1ffeff999f171bca677956f5b62aa09f48efaaba87f3f6a4c957d53898d1e",
                "9c92b5e0cae138c22c885e5791079f4735812d67ba0027fe3f32fa6f2ee29558",
                "e3b0c44298fc1c149afbf4c8996fb92427ae41e4649b934ca495991b7852b855",
                "53f270184b6916d1db5e5cbb873d73447140b4f1d4539331567299f9d364b8ea",
                "ef3769a416d400a767824c712296e4de1600a50a31a9978361ddb2a40bb85b00",
                "a9617c06ece7f96db5884848f34271d01660b95f2a96df9ba157743150d68ecc",
                "1ae3f3af75e8f769992ad3f638960b281228426953d4c16d8eac7f3dbe6ec0a1",
                "2092925999404df6468ab225d86058a986b8ff41cdb65c439d082a5a3211dcc8",
                "cbf65be15de722fbc671ac7f2e040dce4867606438be95067cd38ee3b04cbc8e",
                "3b2ba02122650b2929db3b55ac820a16e0b4f119ef2da50e9e83880003ab9da8"
            ],
            "type": "Script",
            "firstPartyCookies": {},
            "firstPartyCookiesSent": {},
            "exampleSites": [
                "avtub.bond",
                "bokepsin.today",
                "dosensesat.pw",
                "memeksiana.run",
                "memeksiana.wiki",
                "ngeweyuk.fun",
                "pinaycartel.net",
                "pinayflix.biz",
                "pinayflixvip.com",
                "playcrot.org",
                "pornx11.com",
                "sexycandidgirls.net",
                "tantemalam.cfd",
                "tantenakal.cfd",
                "temancoli.icu",
                "vokeptube.blogspot.com"
            ]
        }
    ],
    "categories": [],
    "performance": {},
    "cookies": 0.000157,
    "topInitiators": [
        {
            "domain": "first party",
            "prevalence": 0.948051948051948
        },
        {
            "domain": "memeksiana.wiki",
            "prevalence": 0.012987012987012988
        },
        {
            "domain": "ngeweyuk.bond",
            "prevalence": 0.012987012987012988
        },
        {
            "domain": "tantemalam.ink",
            "prevalence": 0.012987012987012988
        },
        {
            "domain": "temancoli.bond",
            "prevalence": 0.012987012987012988
        }
    ],
    "types": {
        "Script": 42
    },
    "nameservers": [
        "jasmine.ns.cloudflare.com",
        "pete.ns.cloudflare.com"
    ]
}