{
    "domain": "dood.wf",
    "owner": {},
    "source": [
        "DuckDuckGo-US"
    ],
    "prevalence": 0.000123,
    "sites": 18,
    "subdomains": [],
    "cnames": [],
    "fingerprinting": 1,
    "resources": [
        {
            "rule": "dood\\.wf\\/cdn-cgi\\/challenge-platform\\/scripts\\/jsd\\/main\\.js",
            "cookies": 0,
            "fingerprinting": 0,
            "subdomains": [],
            "apis": {},
            "sites": 16,
            "prevalence": 0.000109,
            "cnames": [],
            "responseHashes": [
                "777937cd942c3db3bb8d652d176c5fa619c8d335e41c6db3903d35b236622721",
                "dbfc5272f138b6376005bb18f199cb8307b3cf7b58a06987d5648cc59b96a255"
            ],
            "type": "Script",
            "firstPartyCookies": {},
            "firstPartyCookiesSent": {},
            "exampleSites": [
                "avtub.today",
                "avtub69.cfd",
                "bokepsan.net",
                "bokeptop.ink",
                "pemersatufun.site",
                "sakitbokep.blogspot.com",
                "www.avtub.mom",
                "www.bokepmesum.cam",
                "www.bokepmesum.sbs",
                "www.bokepsan.net",
                "www.bokepsin.skin",
                "www.kontol.in",
                "www.playcrot.com",
                "xpornonly.com"
            ]
        },
        {
            "rule": "dood\\.wf\\/cdn-cgi\\/challenge-platform\\/h\\/b\\/scripts\\/jsd\\/61b90d1d\\/main\\.js",
            "cookies": 0,
            "fingerprinting": 0,
            "subdomains": [],
            "apis": {},
            "sites": 15,
            "prevalence": 0.000102,
            "cnames": [],
            "responseHashes": [
                "777937cd942c3db3bb8d652d176c5fa619c8d335e41c6db3903d35b236622721",
                "07b97d2856f0b33186799a709f0eb9f313172e2fe209529c9c1e1ec76a362624",
                "aef675df91e27105e549b4c8b406a2233a716f8a4acfb4585fde56fd3228a3e0",
                "c899db2a8aecb579180e86810a05db5da2c129d784e8bf8f7fc3e20092006cb4",
                "80b043e4b37378ae33b7b7e26d4bcd444708f023e9df1116c0a0ec4671e4222c",
                "904ff74db652e0cfadfc2a0b4ae9606b0fed53387c0953a6c6e0a23a66d3d0d7",
                "dbfc5272f138b6376005bb18f199cb8307b3cf7b58a06987d5648cc59b96a255",
                "e3b0c44298fc1c149afbf4c8996fb92427ae41e4649b934ca495991b7852b855"
            ],
            "type": "Script",
            "firstPartyCookies": {},
            "firstPartyCookiesSent": {},
            "exampleSites": [
                "avtub.today",
                "avtub69.cfd",
                "bokeptop.ink",
                "pemersatufun.site",
                "sakitbokep.blogspot.com",
                "www.avtub.mom",
                "www.bokepmesum.cam",
                "www.bokepmesum.sbs",
                "www.bokepsan.net",
                "www.bokepsin.skin",
                "www.kontol.in",
                "www.playcrot.com",
                "xpornonly.com"
            ]
        },
        {
            "rule": "dood\\.wf\\/e\\/rvkf49pg249c",
            "cookies": 0.0000136,
            "fingerprinting": 1,
            "subdomains": [],
            "apis": {
                "Date.prototype.getTime": 2
            },
            "sites": 2,
            "prevalence": 0.0000136,
            "cnames": [],
            "responseHashes": [
                "da5e83582378fdd7d429f65b18b0ff8bca5880fcd74ae2827e79998d0baf494b"
            ],
            "type": "Document",
            "firstPartyCookies": {},
            "firstPartyCookiesSent": {},
            "exampleSites": [
                "avtub.mom",
                "www.avtub.mom"
            ]
        },
        {
            "rule": "dood\\.wf\\/e\\/1nuh8djn42lf",
            "cookies": 0.0000136,
            "fingerprinting": 1,
            "subdomains": [],
            "apis": {
                "Date.prototype.getTime": 2
            },
            "sites": 2,
            "prevalence": 0.0000136,
            "cnames": [],
            "responseHashes": [
                "a8486adb689b95582cf42a7973a08ef5b25d684860263df3bf43213375422f36"
            ],
            "type": "Document",
            "firstPartyCookies": {},
            "firstPartyCookiesSent": {},
            "exampleSites": [
                "bokepmesum.cfd",
                "www.bokepmesum.cfd"
            ]
        },
        {
            "rule": "dood\\.wf\\/e\\/shegykfm9ivy",
            "cookies": 0.0000136,
            "fingerprinting": 1,
            "subdomains": [],
            "apis": {
                "Date.prototype.getTime": 2
            },
            "sites": 2,
            "prevalence": 0.0000136,
            "cnames": [],
            "responseHashes": [
                "e6b405af59a5b8fb0553d886c81f64bf39476884e55e9417ac37841514c904c8"
            ],
            "type": "Document",
            "firstPartyCookies": {},
            "firstPartyCookiesSent": {},
            "exampleSites": [
                "bokepmesum.cam",
                "www.bokepmesum.cam"
            ]
        },
        {
            "rule": "dood\\.wf\\/e\\/ts8kbm3up51f",
            "cookies": 0.00000681,
            "fingerprinting": 1,
            "subdomains": [],
            "apis": {
                "Date.prototype.getTime": 2
            },
            "sites": 2,
            "prevalence": 0.0000136,
            "cnames": [],
            "responseHashes": [],
            "type": "Document",
            "firstPartyCookies": {},
            "firstPartyCookiesSent": {},
            "exampleSites": [
                "bokepsan.net",
                "www.bokepsan.net"
            ]
        },
        {
            "rule": "dood\\.wf\\/e\\/8o13zgddgn8a",
            "cookies": 0.0000136,
            "fingerprinting": 1,
            "subdomains": [],
            "apis": {
                "Date.prototype.getTime": 2
            },
            "sites": 2,
            "prevalence": 0.0000136,
            "cnames": [],
            "responseHashes": [
                "ddc4876602df2e2c7b6ef0c9fbe9df1e075b83bd2eab9a2612e474276d66db9e"
            ],
            "type": "Document",
            "firstPartyCookies": {},
            "firstPartyCookiesSent": {},
            "exampleSites": [
                "bokepsin.skin",
                "www.bokepsin.skin"
            ]
        },
        {
            "rule": "dood\\.wf\\/e\\/oqf3ty81yn0l",
            "cookies": 0.0000136,
            "fingerprinting": 1,
            "subdomains": [],
            "apis": {
                "Date.prototype.getTime": 2
            },
            "sites": 2,
            "prevalence": 0.0000136,
            "cnames": [],
            "responseHashes": [
                "7b11d1e7d135083a73722e7ccee0faf6c85850f51f4516da2b380a595de44d79"
            ],
            "type": "Document",
            "firstPartyCookies": {},
            "firstPartyCookiesSent": {},
            "exampleSites": [
                "kontol.in",
                "www.kontol.in"
            ]
        }
    ],
    "categories": [],
    "performance": {},
    "cookies": 0.000123,
    "topInitiators": [
        {
            "domain": "first party",
            "prevalence": 1
        }
    ],
    "types": {
        "Script": 31,
        "Document": 12
    },
    "nameservers": [
        "karina.ns.cloudflare.com",
        "hank.ns.cloudflare.com"
    ]
}