{
    "domain": "dotnxdomain.net",
    "owner": {},
    "source": [
        "DuckDuckGo-GB"
    ],
    "prevalence": 0.000201,
    "sites": 2,
    "subdomains": [
        "cfg",
        "0du-u21271d8e-c231-a1f8b-s1698953781-i1431881c-0.eu",
        "04u-u21271d8e-c231-a1f8b-s1698953781-i1431881c-0.eu",
        "0du-u81ddcc93-c231-a1f8b-s1698950361-i1431881c-0.eu",
        "06u-u21271d8e-c231-a1f8b-s1698953781-i1431881c-0.eu",
        "26u-u21271d8e-c231-a1f8b-s1698953781-i1431881c-0.eu",
        "06u-u81ddcc93-c231-a1f8b-s1698950361-i1431881c-0.eu"
    ],
    "cnames": [],
    "fingerprinting": 0,
    "resources": [
        {
            "rule": "dotnxdomain\\.net\\/newadcfg\\/ad\\.py",
            "cookies": 0,
            "fingerprinting": 0,
            "subdomains": [
                "cfg"
            ],
            "apis": {},
            "sites": 2,
            "prevalence": 0.000201,
            "cnames": [],
            "responseHashes": [
                "c7c3f11a1a4907ace0a430ff5f0ae20edc1c478f5387b22ce25ac63acfecc2d9"
            ],
            "type": "XHR",
            "firstPartyCookies": {},
            "firstPartyCookiesSent": {},
            "exampleSites": [
                "gematrix.org",
                "www.national-lottery.com"
            ]
        },
        {
            "rule": "dotnxdomain\\.net\\/1x1\\.png",
            "cookies": 0,
            "fingerprinting": 0,
            "subdomains": [
                "0du-u21271d8e-c231-a1f8b-s1698953781-i1431881c-0.eu",
                "04u-u21271d8e-c231-a1f8b-s1698953781-i1431881c-0.eu",
                "0du-u81ddcc93-c231-a1f8b-s1698950361-i1431881c-0.eu"
            ],
            "apis": {},
            "sites": 3,
            "prevalence": 0.000302,
            "cnames": [],
            "responseHashes": [
                "23e2eb17879e426e58cc2a5e3500ead5d5f4f83a65c7e0ae3c02ef4dbeced2dd"
            ],
            "type": "Image",
            "firstPartyCookies": {},
            "firstPartyCookiesSent": {},
            "exampleSites": [
                "gematrix.org",
                "www.gematrix.org",
                "www.national-lottery.com"
            ]
        },
        {
            "rule": "dotnxdomain\\.net\\/v61x1\\.png",
            "cookies": 0,
            "fingerprinting": 0,
            "subdomains": [
                "06u-u21271d8e-c231-a1f8b-s1698953781-i1431881c-0.eu",
                "26u-u21271d8e-c231-a1f8b-s1698953781-i1431881c-0.eu",
                "06u-u81ddcc93-c231-a1f8b-s1698950361-i1431881c-0.eu"
            ],
            "apis": {},
            "sites": 3,
            "prevalence": 0.000302,
            "cnames": [],
            "responseHashes": [],
            "type": "Image",
            "firstPartyCookies": {},
            "firstPartyCookiesSent": {},
            "exampleSites": [
                "gematrix.org",
                "www.gematrix.org",
                "www.national-lottery.com"
            ]
        }
    ],
    "categories": [],
    "performance": {},
    "cookies": 0,
    "topInitiators": [
        {
            "domain": "googlesyndication.com",
            "prevalence": 1
        }
    ],
    "types": {
        "XHR": 2,
        "Image": 6
    },
    "nameservers": [
        "ns1.dotnxdomain.net",
        "ns2.dotnxdomain.net"
    ]
}