{
    "domain": "dovetale.com",
    "owner": {},
    "source": [
        "DuckDuckGo-US"
    ],
    "prevalence": 0.0000817,
    "sites": 12,
    "subdomains": [
        "widget",
        "widget-api"
    ],
    "cnames": [],
    "fingerprinting": 1,
    "resources": [
        {
            "rule": "dovetale\\.com\\/shopify\\/widget\\.js",
            "cookies": 0,
            "fingerprinting": 1,
            "subdomains": [
                "widget"
            ],
            "apis": {
                "Date.prototype.getTime": 4,
                "Event.prototype.timeStamp": 2
            },
            "sites": 4,
            "prevalence": 0.0000272,
            "cnames": [],
            "responseHashes": [
                "42a9ac80349a3fa41ac004bd5c05d78f4b52c26c49f6ef4d38d0d0678924d7af"
            ],
            "type": "Script",
            "firstPartyCookies": {},
            "firstPartyCookiesSent": {},
            "exampleSites": [
                "cleanomic.com",
                "fourbrothersinc.com",
                "growerssolution.com",
                "www.springstepshoes.com"
            ]
        },
        {
            "rule": "dovetale\\.com\\/api\\/shopify\\/widget",
            "cookies": 0.0000613,
            "fingerprinting": 0,
            "subdomains": [
                "widget-api"
            ],
            "apis": {},
            "sites": 9,
            "prevalence": 0.0000613,
            "cnames": [],
            "responseHashes": [
                "d12662eb79634b6d0edf2727ef86db66489a970ea212b1d7328c504c51f7eccb",
                "b09b9919c24674a96b167ca63089c367d0bfeb1a9fcb59405c228a884e9d89d5",
                "f7b784a5f6a06067cc61a4bd6f66536d97e9ee8594b4679ed4c7a4b43c2e53f2",
                "12252d067be668e051e3d54e1bee60ab7165f3b2c53ddf783285cc898920489c",
                "50464eab5490524a04c80ab39700b7807224e7b64ff4f82aeada4f7532971432",
                "322fc1b1d05c5c5f756928592a6f4611c9ae64dab10ce3b14e7a8ac90328177a",
                "d7e6f0ef9a50819824ad3f5c8addb1997d88ed2045bdaa559f34df9b2ab0b4a9",
                "9d7d934b2bfea5cac98c4fd5784cefbff4892fb32f60dec5b695c6954b893cf4"
            ],
            "type": "Fetch",
            "firstPartyCookies": {},
            "firstPartyCookiesSent": {},
            "exampleSites": [
                "cleanomic.com",
                "countycomm.com",
                "fourbrothersinc.com",
                "growerssolution.com",
                "jeans.com",
                "love-lust-latex.myshopify.com",
                "www.darngoodyarn.com",
                "www.penboutique.com",
                "www.springstepshoes.com"
            ]
        }
    ],
    "categories": [],
    "performance": {},
    "cookies": 0.0000749,
    "topInitiators": [
        {
            "domain": "first party",
            "prevalence": 0.8823529411764706
        },
        {
            "domain": "shopify.com",
            "prevalence": 0.11764705882352941
        }
    ],
    "types": {
        "Script": 4,
        "Fetch": 9
    },
    "nameservers": [
        "isaac.ns.cloudflare.com",
        "heather.ns.cloudflare.com"
    ]
}