{
    "domain": "dr6.biz",
    "owner": {},
    "source": [
        "DuckDuckGo-US"
    ],
    "prevalence": 0.0000681,
    "sites": 10,
    "subdomains": [],
    "cnames": [],
    "fingerprinting": 1,
    "resources": [
        {
            "rule": "dr6\\.biz\\/",
            "cookies": 0.0000613,
            "fingerprinting": 1,
            "subdomains": [],
            "apis": {
                "Notification.permission": 5,
                "Date.prototype.getTimezoneOffset": 1
            },
            "sites": 9,
            "prevalence": 0.0000613,
            "cnames": [],
            "responseHashes": [
                "ea3a1bce1138d1bca96d4c5e4c7d4415a485095b989b215a5d069ddcbfacf5a2",
                "8497dfc4fb36e324cf470f7113cc011fdb3b1741187bd7c3805e24947bf2e127",
                "e5d63a4a3e7bc2d1b8f15f33336787453e85b065785fee349ac31662ba1712f0",
                "30499820ae34ea8bf9d1e2c841baea9f326ea17c8ff1b1386643b45644720748",
                "43ba8cc2db76882a07b9d58d14eb02b4a42ab3b507f9d0293dd8b66f7cfd5f94",
                "3a2daef56c705246196a6f9fe63bb3deea8f63968edc90e92431055bd87e99ac",
                "86e4e155c2d9bb0a9e9871ffeddcf2866986a69c8514800c93ac2aa5f5120c66",
                "3f5d6852ec72c7d21749df3eed03821a48d8bb88732a41b93c4c3c67be65f052"
            ],
            "type": "Script",
            "firstPartyCookies": {},
            "firstPartyCookiesSent": {},
            "exampleSites": [
                "blisstulle.com",
                "de.macspots.com",
                "faq.keleefitness.com",
                "great-american-adventures.com",
                "partyshopmaine.com",
                "rdtk.net",
                "ruggedthuglife.com",
                "stellinamarfa.com",
                "tovisorga.com"
            ]
        }
    ],
    "categories": [],
    "performance": {},
    "cookies": 0.0000681,
    "topInitiators": [
        {
            "domain": "first party",
            "prevalence": 1
        }
    ],
    "types": {
        "Script": 9
    },
    "nameservers": [
        "sunny.ns.cloudflare.com",
        "sullivan.ns.cloudflare.com"
    ]
}