{
    "domain": "ds2play.com",
    "owner": {},
    "source": [
        "DuckDuckGo-US"
    ],
    "prevalence": 0.000157,
    "sites": 23,
    "subdomains": [],
    "cnames": [],
    "fingerprinting": 1,
    "resources": [
        {
            "rule": "ds2play\\.com\\/cdn-cgi\\/challenge-platform\\/scripts\\/jsd\\/main\\.js",
            "cookies": 0,
            "fingerprinting": 0,
            "subdomains": [],
            "apis": {},
            "sites": 20,
            "prevalence": 0.000136,
            "cnames": [],
            "responseHashes": [
                "429021076a7f0c438b48a41227a15c3de15f837438eb6de51e051f8d1f8da848",
                "ae02afae84e4f12b04f02d59eed07c23944e5acb3bf89fda537e2449fdc4f864",
                "f86ba0bf7cf1e3a252272b3cb55f1b4f689c07cd300fb0943a49eab3ce192e84",
                "f9fd1bbb29f321f8e7546f34c3b1aeeb16b2bb91cbb865978413468967f05186",
                "53f270184b6916d1db5e5cbb873d73447140b4f1d4539331567299f9d364b8ea"
            ],
            "type": "Script",
            "firstPartyCookies": {},
            "firstPartyCookiesSent": {},
            "exampleSites": [
                "desi49.expert",
                "desisins.com",
                "doodstream.com",
                "doodviral.pro",
                "dropmaza.online",
                "fuckingsession.com",
                "gayzerhd.club",
                "livecrot.lol",
                "lustmaal.click",
                "nbtub.sbs",
                "ngewe.pro",
                "pervypals.com",
                "s.doodx.ink",
                "sangetods.net",
                "uncutmaza.org",
                "vidx.sbs",
                "webmaal.cyou",
                "www.doodn.ink",
                "www.funcrot.cam"
            ]
        },
        {
            "rule": "ds2play\\.com\\/cdn-cgi\\/challenge-platform\\/h\\/b\\/scripts\\/jsd\\/61b90d1d\\/main\\.js",
            "cookies": 0,
            "fingerprinting": 0,
            "subdomains": [],
            "apis": {},
            "sites": 20,
            "prevalence": 0.000136,
            "cnames": [],
            "responseHashes": [
                "429021076a7f0c438b48a41227a15c3de15f837438eb6de51e051f8d1f8da848",
                "373e2af648b33520405b9e17a54e8dd741beeca27a927cf74985dfb02e9d7151",
                "ae02afae84e4f12b04f02d59eed07c23944e5acb3bf89fda537e2449fdc4f864",
                "5aa12b98182020442ff79363fb1a65b483a88951bc115115b64f0ffa47d5423d",
                "1a9a4fb7e5ab9ebc5a5f437b7bb00259cffedd00790168783664032e72fa2eba",
                "f86ba0bf7cf1e3a252272b3cb55f1b4f689c07cd300fb0943a49eab3ce192e84",
                "fbdb669e4cec29ee0dd5f361486432dea950b3e19304243f7fac740f03ff9ed7",
                "5feab3f473792c4e4776a80e831e91a02af74d714a16ef0e0e7fbfc3eaf352ad",
                "f9fd1bbb29f321f8e7546f34c3b1aeeb16b2bb91cbb865978413468967f05186",
                "53f270184b6916d1db5e5cbb873d73447140b4f1d4539331567299f9d364b8ea",
                "80b043e4b37378ae33b7b7e26d4bcd444708f023e9df1116c0a0ec4671e4222c",
                "5dbe6aecfd9f5df7adb83eff18704fb32db0e1684005de8086eddc8250cd511a",
                "4de160d62db1784092d35c38e2d3600ee519ecd2dea646e502f0d414694035b9"
            ],
            "type": "Script",
            "firstPartyCookies": {},
            "firstPartyCookiesSent": {},
            "exampleSites": [
                "desi49.expert",
                "desisins.com",
                "doodstream.com",
                "doodviral.pro",
                "dropmaza.online",
                "fuckingsession.com",
                "gayzerhd.club",
                "livecrot.lol",
                "lustmaal.click",
                "nbtub.sbs",
                "ngewe.pro",
                "pervypals.com",
                "s.doodx.ink",
                "sangetods.net",
                "uncutmaza.org",
                "vidx.sbs",
                "webmaal.cyou",
                "www.doodn.ink",
                "www.funcrot.cam"
            ]
        },
        {
            "rule": "ds2play\\.com\\/e\\/91llzlntt6190up244y6i2wqi44wdfa",
            "cookies": 0.00000681,
            "fingerprinting": 1,
            "subdomains": [],
            "apis": {
                "Date.prototype.getTime": 2
            },
            "sites": 2,
            "prevalence": 0.0000136,
            "cnames": [],
            "responseHashes": [],
            "type": "Document",
            "firstPartyCookies": {},
            "firstPartyCookiesSent": {},
            "exampleSites": [
                "doodx.ink",
                "s.doodx.ink"
            ]
        },
        {
            "rule": "ds2play\\.com\\/e\\/pw83qz8z2zakobfrktz7o1fusdzxxle",
            "cookies": 0.0000136,
            "fingerprinting": 1,
            "subdomains": [],
            "apis": {
                "Date.prototype.getTime": 2
            },
            "sites": 2,
            "prevalence": 0.0000136,
            "cnames": [],
            "responseHashes": [
                "75227de312c4d6a4eced1af3aea0b3ba24ad6556f204ccb5bc7a5c3ab4dc9b5d"
            ],
            "type": "Document",
            "firstPartyCookies": {},
            "firstPartyCookiesSent": {},
            "exampleSites": [
                "doodn.ink",
                "www.doodn.ink"
            ]
        },
        {
            "rule": "ds2play\\.com\\/e\\/2il6rq7q6sa3",
            "cookies": 0.0000136,
            "fingerprinting": 1,
            "subdomains": [],
            "apis": {
                "Date.prototype.getTime": 2
            },
            "sites": 2,
            "prevalence": 0.0000136,
            "cnames": [],
            "responseHashes": [
                "aafe6638f9248af1004aa4e0f000f29d1eaf30acf2330dc2138570ee6cf7158e"
            ],
            "type": "Document",
            "firstPartyCookies": {},
            "firstPartyCookiesSent": {},
            "exampleSites": [
                "funcrot.cam",
                "www.funcrot.cam"
            ]
        }
    ],
    "categories": [],
    "performance": {},
    "cookies": 0.000157,
    "topInitiators": [
        {
            "domain": "first party",
            "prevalence": 0.8378378378378378
        },
        {
            "domain": "desi49.digital",
            "prevalence": 0.05405405405405406
        },
        {
            "domain": "livecrot.fun",
            "prevalence": 0.05405405405405406
        },
        {
            "domain": "ngewe.pro",
            "prevalence": 0.05405405405405406
        }
    ],
    "types": {
        "Script": 40,
        "Document": 6
    },
    "nameservers": [
        "hank.ns.cloudflare.com",
        "karina.ns.cloudflare.com"
    ]
}