{
    "domain": "dualsidedapp.com",
    "owner": {},
    "source": [
        "DuckDuckGo-US"
    ],
    "prevalence": 0.000218,
    "sites": 32,
    "subdomains": [
        "hotjar",
        "locator"
    ],
    "cnames": [],
    "fingerprinting": 1,
    "resources": [
        {
            "rule": "dualsidedapp\\.com\\/script\\.js",
            "cookies": 0,
            "fingerprinting": 1,
            "subdomains": [
                "hotjar",
                "locator"
            ],
            "apis": {
                "Navigator.prototype.userAgent": 1,
                "Navigator.prototype.product": 1
            },
            "sites": 25,
            "prevalence": 0.00017,
            "cnames": [],
            "responseHashes": [
                "0d2e7399c149048127edaf1b3181050de822cc07dec9bd4d6e6b85d734704234",
                "2afa66524924a08e7d816e7f3fcf50f05262b4f5393cbcde69c25372b78afaf3",
                "28daadbf7df178036c2c3167cd8c3e35bd285295aca2fc440605ec4172b74889",
                "d8510c2f75a726b85cfbf4cac5182988b288e1b6b5fd64e4bd374b7540b9be66",
                "480c3392f5f2bfd368970623581c51c2ab8b35c0a846f4d85060816eacc4802e",
                "0addfa527b2d692dfedb40f80cbcdfb1c64c1b6f0c810c0dfcd8c26958c43fdf",
                "3db34eee777e69020212eabdb2e1250e0f74f81fe4ce069d5c1671fbda14992d",
                "0cd7dbf6588f52f7eb93d4d2f919788bca1d08d2b6299f96688baf448a58dfef",
                "02f0255d6d9fc3ef608d8950944b0423412791675094354ef7bd9b95e499a1ec",
                "f8c769dcada86d0d7ba654bb3f45b9174577f4bd39ace490110c50a7c163cb1f",
                "a3714928f612adccb1b75d3f32c86116a14bfacc3a03acc3dfbdda1c509a1bbe",
                "d9b51e2e8f27a345e0716170044b34040b6e5eab8659ae8420cdfe9376e17815",
                "d587c9c33c1bf3f8d9f4b17351ead74ec4c67ae9adc4d2b8d0022cae27bd0346",
                "3befd7f52e9a6f0e2ff2160299ab7ff37f733633a580051e001ea579f1621826",
                "b0a2f048a4aa4421509926b64540e9ef842c46ef9198e6b18a7eb7fbd6b07d8e",
                "3be7b80c94be9dedcf93d34dcb3222037e8fcf4fa4ab0d8b4843340ee8e2cb08",
                "2d996e9798f308764e4908d82da71653ad8de6e14caacdaef540ce10f4fc9b92",
                "450c884347af397fbc40f2e6cf3426a53b8daf02a95c21b0d1d351044234c9bf",
                "34bbe0c2d5f7099298da2630756e0f6be8cfecc46040b4bb39100654240cf4de",
                "6f3e9ff9fb9cf6bd3a36453b3f7807d9bc07ff092821ea1f144b4e328eef19b8",
                "8a55895bc0a3bf4f38feaa257bbc6ae82210a671d1b1e3c87ab36d41de714b9e",
                "def3abb6b23ca5ff1dae03ba3b368b18cab4725cf58f46afe1d1abb4b56e8ca7",
                "551d58fa540449556e2eabfecc2a403d7e02a5b5fb4c891365ff4a104fad3570",
                "b5d7af0951143b01d9f7d8cdf3dc723fb91a625c56c1a9c8611ec9a51fff89ac"
            ],
            "type": "Script",
            "firstPartyCookies": {},
            "firstPartyCookiesSent": {},
            "exampleSites": [
                "clicreaders.com",
                "hiddenhybridholsters.com",
                "tryfum.com",
                "sunwarrior.com",
                "signwarehouse.com",
                "www.niterider.com",
                "www.territoryahead.com",
                "pittsburghsprayequip.com",
                "primeweld.com",
                "www.maenwatches.com",
                "vesselgolf.com",
                "us.tonies.com",
                "xlrindustries.com",
                "www.trinaturk.com",
                "www.vietri.com",
                "sprinklersupplystore.com",
                "www.colorescience.com",
                "www.fairdolls.com",
                "masienda.com",
                "store.fixitsticks.com"
            ]
        }
    ],
    "categories": [],
    "performance": {},
    "cookies": 0,
    "topInitiators": [
        {
            "domain": "first party",
            "prevalence": 0.875
        },
        {
            "domain": "yottaa.com",
            "prevalence": 0.125
        }
    ],
    "types": {
        "Script": 25
    },
    "nameservers": [
        "colin.ns.cloudflare.com",
        "marissa.ns.cloudflare.com"
    ]
}