{
    "domain": "dy-api.eu",
    "owner": {},
    "source": [
        "DuckDuckGo-US"
    ],
    "prevalence": 0.000116,
    "sites": 17,
    "subdomains": [
        "direct",
        "direct-collect"
    ],
    "cnames": [],
    "fingerprinting": 0,
    "resources": [
        {
            "rule": "dy-api\\.eu\\/v2\\/serve\\/user\\/choose",
            "cookies": 0,
            "fingerprinting": 0,
            "subdomains": [
                "direct"
            ],
            "apis": {},
            "sites": 14,
            "prevalence": 0.0000954,
            "cnames": [],
            "responseHashes": [],
            "type": "Preflight",
            "firstPartyCookies": {},
            "firstPartyCookiesSent": {},
            "exampleSites": [
                "nowtv.com",
                "help.nowtv.com",
                "www.amorelie.de",
                "www.dm.hr",
                "www.dm.hu",
                "www.dm.at",
                "www.dm.de",
                "www.easytoys.nl",
                "www.moebel.de",
                "www.nowtv.it",
                "www.ochsnersport.ch",
                "www.sklum.com",
                "www.sweatybetty.com",
                "www.wowtv.de"
            ]
        },
        {
            "rule": "dy-api\\.eu\\/v2\\/serve\\/user\\/choose",
            "cookies": 0,
            "fingerprinting": 0,
            "subdomains": [
                "direct"
            ],
            "apis": {},
            "sites": 10,
            "prevalence": 0.0000681,
            "cnames": [],
            "responseHashes": [
                "233a2e64fa00d0a170007dfba64cf9a6a77cdb6bc756867f8aaa0415d99592d5",
                "3b1c9e7ae32e3d315a6262199297d6542681bb6658a3a6cb6e63998a0133c2e1",
                "18fc4190c6c4592d254e92f42f51de200c7dc7b528c5fa7e61e73ddf56348cb0",
                "cdb2da3b4ca8ff1b191e2d5a10ff5f9290c0d32d071d9235b6c9825280139db6",
                "a79f7c5b34b8d34327292a12015c633b813fe9a2146ed12829361d290708bc40",
                "65d3afcf29f4c0bbdfb6113efcb51510612d77bac024127c5d014c0ffc425ed6",
                "ff3c43137b04cc6d6cb80c9612423620e8609ee6eee3c23114c1e8bf00b9eb57",
                "de1717f61485cf787cce7f6f5e4127ecc6c62c4c8a68afc34377a9842ef3f4da",
                "295a2ffe76cbd24c4aa5eef5412fa2338d3059b615f6784bcd90f76eb7487efe"
            ],
            "type": "XHR",
            "firstPartyCookies": {},
            "firstPartyCookiesSent": {},
            "exampleSites": [
                "nowtv.com",
                "help.nowtv.com",
                "www.amorelie.de",
                "www.dm.hr",
                "www.dm.hu",
                "www.dm.at",
                "www.dm.de",
                "www.easytoys.nl",
                "www.nowtv.it",
                "www.wowtv.de"
            ]
        },
        {
            "rule": "dy-api\\.eu\\/v2\\/collect\\/user\\/event",
            "cookies": 0,
            "fingerprinting": 0,
            "subdomains": [
                "direct-collect"
            ],
            "apis": {},
            "sites": 4,
            "prevalence": 0.0000272,
            "cnames": [],
            "responseHashes": [
                "e3b0c44298fc1c149afbf4c8996fb92427ae41e4649b934ca495991b7852b855"
            ],
            "type": "XHR",
            "firstPartyCookies": {},
            "firstPartyCookiesSent": {},
            "exampleSites": [
                "home24.nl",
                "www.home24.de",
                "www.home24.nl",
                "www.home24.ch"
            ]
        },
        {
            "rule": "dy-api\\.eu\\/v2\\/collect\\/user\\/event",
            "cookies": 0,
            "fingerprinting": 0,
            "subdomains": [
                "direct-collect"
            ],
            "apis": {},
            "sites": 4,
            "prevalence": 0.0000272,
            "cnames": [],
            "responseHashes": [],
            "type": "Preflight",
            "firstPartyCookies": {},
            "firstPartyCookiesSent": {},
            "exampleSites": [
                "home24.nl",
                "www.home24.de",
                "www.home24.ch",
                "www.moebel.de"
            ]
        },
        {
            "rule": "dy-api\\.eu\\/v2\\/serve\\/user\\/choose",
            "cookies": 0,
            "fingerprinting": 0,
            "subdomains": [
                "direct"
            ],
            "apis": {},
            "sites": 5,
            "prevalence": 0.0000341,
            "cnames": [],
            "responseHashes": [
                "360f43a9500dd0a76aa1e65066c9b676957a2d01c8e2029c045a4accab59f9ee",
                "b1b0c8389134a00a6f02e152e0794c8de1466e2cade6396fa0b40129471a79cc",
                "c578d2ba83b7e7b0d15a2ee99b698f413b3c88bceb2246f57a8d7c6e6bdc56d1",
                "931e4db6fc8bf395a64a53b13e2567f74f4750d197ef2a2cc8a41f6d0a6886da"
            ],
            "type": "Fetch",
            "firstPartyCookies": {},
            "firstPartyCookiesSent": {},
            "exampleSites": [
                "moebel.de",
                "www.moebel.de",
                "www.ochsnersport.ch",
                "www.sklum.com",
                "www.sweatybetty.com"
            ]
        },
        {
            "rule": "dy-api\\.eu\\/v2\\/collect\\/user\\/event",
            "cookies": 0,
            "fingerprinting": 0,
            "subdomains": [
                "direct-collect"
            ],
            "apis": {},
            "sites": 2,
            "prevalence": 0.0000136,
            "cnames": [],
            "responseHashes": [
                "a3164c608e8ac8cb4a260227e5edb5818ab0c8acc453cd156f5b32c076723daa"
            ],
            "type": "Fetch",
            "firstPartyCookies": {},
            "firstPartyCookiesSent": {},
            "exampleSites": [
                "moebel.de",
                "www.moebel.de"
            ]
        }
    ],
    "categories": [],
    "performance": {},
    "cookies": 0,
    "topInitiators": [
        {
            "domain": "first party",
            "prevalence": 0.6774193548387096
        },
        {
            "domain": "sentry-cdn.com",
            "prevalence": 0.16129032258064516
        },
        {
            "domain": "dm.de",
            "prevalence": 0.0967741935483871
        },
        {
            "domain": "nowtv.com",
            "prevalence": 0.06451612903225806
        }
    ],
    "types": {
        "Preflight": 18,
        "XHR": 14,
        "Fetch": 7
    },
    "nameservers": [
        "ns-204.awsdns-25.com",
        "ns-1819.awsdns-35.co.uk",
        "ns-926.awsdns-51.net",
        "ns-1242.awsdns-27.org"
    ]
}