{
    "domain": "dynssp.com",
    "owner": {},
    "source": [
        "DuckDuckGo-US"
    ],
    "prevalence": 0.000177,
    "sites": 26,
    "subdomains": [
        "js"
    ],
    "cnames": [],
    "fingerprinting": 1,
    "resources": [
        {
            "rule": "dynssp\\.com\\/ipp\\.js",
            "cookies": 0.0000954,
            "fingerprinting": 1,
            "subdomains": [
                "js"
            ],
            "apis": {
                "Document.cookie getter": 13,
                "Date.prototype.getTime": 13,
                "Document.cookie setter": 13,
                "Navigator.prototype.userAgent": 12
            },
            "sites": 14,
            "prevalence": 0.0000954,
            "cnames": [],
            "responseHashes": [
                "e914741ae62ba92fc6301a483e3e5583047fa9240df634624b802b4e3a8da28d",
                "bd82ded3fc12cc1c9ea5c8441d6f5c18ecbd42631428ed402bc59fa16f0904d8",
                "39dd1cb5f476dfcd0fa729563f133c68667ece170011a319572a661c563bdcb0",
                "aa2fd541513d354a6017d28a8990f6dc10c6b9ddccf44a57294c7f6324e7c6fd",
                "c6fdba0a31faf4c06b2b0bc12f00376314ac78143396f67d5db4130eee79889e",
                "521b14e4fc8813c62b65a348d836b6142cfe59007b1338ade59fc535e2f7d090",
                "fa11e970b9e14ffbe4edf9cabc3a89cb57668f35f9eb7a1c2319ce7940b7c696",
                "65ec690fa12d56b6d12e3ca558a96c9a0b34a65356ab1ad0960216f8284d9123",
                "010d131d9412f3d38ca84d48e10113970fe36879cf5a23d4d5418e34683a6b81",
                "2a63e423bfbd3baa15099a675bec44e71843c4bdfb1ec09589138390fff9f724",
                "3d8b7a3655a9f7e8a55728462ea5b8eb25c7708d4bf2586f25972b25e42b1984",
                "81f56003d04356f72fd4b61162baa811f2e72d8451e55a6b9d4302136db55b91",
                "3572b20c9d8a21d099a774b09f7c0a204d47dc8bdf89743ca6800dc34d1e0df0"
            ],
            "type": "Script",
            "firstPartyCookies": {
                "__inppu": {
                    "ttl": 63072002,
                    "length": 36,
                    "prevalence": 0.00008855646155627764,
                    "uniqueness": 1
                },
                "inpp_0HI4_W8D2": {
                    "ttl": 3603,
                    "length": 1,
                    "prevalence": 0.000006812035504329049,
                    "uniqueness": 1
                },
                "inpp_QJI4_UAD2": {
                    "ttl": 3608,
                    "length": 1,
                    "prevalence": 0.000006812035504329049,
                    "uniqueness": 1
                },
                "inpp_YGI4_U8D2": {
                    "ttl": 3603,
                    "length": 1,
                    "prevalence": 0.000006812035504329049,
                    "uniqueness": 1
                },
                "inpp_30I4_NRC2": {
                    "ttl": 3603,
                    "length": 1,
                    "prevalence": 0.000006812035504329049,
                    "uniqueness": 1
                },
                "inpp_30I4_NRC2_cap": {
                    "ttl": 3603,
                    "length": 1,
                    "prevalence": 0.000006812035504329049,
                    "uniqueness": 1
                },
                "inpp_WGI4_S8D2": {
                    "ttl": 3605,
                    "length": 1,
                    "prevalence": 0.000006812035504329049,
                    "uniqueness": 1
                },
                "inpp_XGI4_T8D2": {
                    "ttl": 3602,
                    "length": 1,
                    "prevalence": 0.000006812035504329049,
                    "uniqueness": 1
                },
                "inpp_QII4_6AD2": {
                    "ttl": 3603,
                    "length": 1,
                    "prevalence": 0.000006812035504329049,
                    "uniqueness": 1
                },
                "inpp_37I4_90D2": {
                    "ttl": 3606,
                    "length": 1,
                    "prevalence": 0.000006812035504329049,
                    "uniqueness": 1
                },
                "inpp_EEI4_T6D2": {
                    "ttl": 3608,
                    "length": 1,
                    "prevalence": 0.000006812035504329049,
                    "uniqueness": 1
                },
                "inpp_YJI4_2BD2": {
                    "ttl": 3603,
                    "length": 1,
                    "prevalence": 0.000006812035504329049,
                    "uniqueness": 1
                },
                "inpp_TJI4_XAD2": {
                    "ttl": 3604,
                    "length": 1,
                    "prevalence": 0.000006812035504329049,
                    "uniqueness": 1
                },
                "inpp_1HI4_X8D2": {
                    "ttl": 3606,
                    "length": 1,
                    "prevalence": 0.000006812035504329049,
                    "uniqueness": 1
                }
            },
            "firstPartyCookiesSent": {},
            "exampleSites": [
                "alumnius.net",
                "justpicsplease.com",
                "megapornx.com",
                "milfzr.com",
                "momzr.com",
                "pornone.com",
                "pornpic.com",
                "www.amateurporn.me",
                "www.homemoviestube.com",
                "www.indianbfvideos.com",
                "www.mypornhere.com",
                "www.older-mature.net",
                "xxxpicss.com",
                "xxxpicz.com"
            ]
        }
    ],
    "categories": [],
    "performance": {},
    "cookies": 0.000177,
    "topInitiators": [
        {
            "domain": "first party",
            "prevalence": 0.9615384615384616
        },
        {
            "domain": "videobaba.xyz",
            "prevalence": 0.038461538461538464
        }
    ],
    "types": {
        "Script": 14
    },
    "nameservers": [
        "theo.ns.cloudflare.com",
        "liv.ns.cloudflare.com"
    ]
}