{
    "domain": "eabids.com",
    "owner": {},
    "source": [
        "DuckDuckGo-US"
    ],
    "prevalence": 0.000313,
    "sites": 46,
    "subdomains": [
        "go",
        "static"
    ],
    "cnames": [],
    "fingerprinting": 2,
    "resources": [
        {
            "rule": "eabids\\.com\\/banner\\.go",
            "cookies": 0,
            "fingerprinting": 0,
            "subdomains": [
                "go"
            ],
            "apis": {},
            "sites": 34,
            "prevalence": 0.000232,
            "cnames": [],
            "responseHashes": [
                "5acb3c8fa091ee75e8a589393879bbb63e3fc4929bb4130a840e4c66aac66713",
                "0000a493fc7077bf14daece724253ece03607d8aecf2125e8618fb585e35c9b6",
                "53743902622a7d493c032c890784edd87c5ad9a269a3ead519515b7c5226a462",
                "c4975db491e7f30638c37bae090d8b7252dd117a058f698a3f5a0bc6e0638747",
                "9744bad3c796a483ce0ecbe6932ba82e3c6276735f8920ee3bd3da16eb79e9f3",
                "8ace0a842925c121c8e0cf6fa4a9dfab6f1149768244b2717031b3d500644ee4",
                "35a36ac28164fcc0d6f9a1befe8054e0977dcf6f6da5ad4688d998e9c7cf65f3",
                "e7ed4119428c004e37fdcfb7375bebd497cb746e267701354ded65accb7ab9a8",
                "dbee1d8e5193488833c3299d07490e962b82094af6d654da03fc31d88cf29c03",
                "66489be5d326ebb6c07c6ecea12eb77814372aad9989023bd1f813c87900e7e9",
                "53e206df5b4484a51671441dbd58b1e54e24300440894dbb8c37239f000fbf99",
                "01618cd79725bf12eb104f4b798cb4072b88f9744678da15f04982688c304521",
                "bcb67887cb3ae9afdf7940513cf8034c28f3cf8b0bedf9f2931762968815dd85",
                "fd63ecb895be18367292e2339a5ca8d27a4429c007af631892fe6bf5cd6f8d7e",
                "26afa5f5616815ef5b2aff21cfd9f4b0d9d40053feb9348164b9d8d3219e00e4",
                "5ea83cf3b47f2272487c3f6387bd74ee4076e582397e66eb87c669636e285255",
                "e45e9cac524a6b9c73b7dadda3ac0163f39c7a86cb9fb289eae15db7898fb8f4",
                "ca5570f8b6e30fc1a56f4a3e6c94ff6e4ed92ebfe1e7fa3471921c723ef9e04d",
                "c908f8d5192e0f772f9769f9ee2b05d109d7a8267b9220620ef4d84717a16819",
                "0bab5751d859be5746d7abfc92d4adcc5b1932a8474a62fa6355f61dc3bd65da",
                "f893a3890cd9d67b89d400b563699066c63d32f944cdd8782b19d51a096aec8e",
                "65b99efd99265f738a586527c230594b0b84525c07919d65902b056c73e9183c",
                "b97f9e0454be70331423c97122f05e1998220f748a06696077301a17a3dbb903",
                "96de9aae92a3811a4bc753de243ee0f7546910d14bddb83427fb1b78084cd97a",
                "e8370e3f67fb3e8d61fc0d412cfabf7685971e23274efe998f7f011d5767bb1e",
                "e286fca295f36a31e88d2a382d2ee54881e79642ed62d4db5b58627d0defaac9",
                "132af9dd3f5c94455676886c9b4354cc11fa512f97a53e7710a26feef7b3ce28",
                "eaed410117708d7931f40af8bf37e8bebc30c37f4864e466a6166153069f12b1"
            ],
            "type": "Document",
            "firstPartyCookies": {},
            "firstPartyCookiesSent": {},
            "exampleSites": [
                "analzoosexporn.website",
                "animal-hentai.com",
                "sexybeastialityvideos.com",
                "www.naoconto.com",
                "fuckinganimalsex.com",
                "bestiality.party",
                "horsesextube.net",
                "zooanimalsex.top",
                "animalsexgay.com",
                "animalporn.stream",
                "www.retroporn.sexy",
                "animalsex.site",
                "zooporn.video",
                "animalsex.me",
                "sexanimalvideos.com",
                "www.dirtyshack.com",
                "www.sexbright.com",
                "www.maturepornvideo.sexy",
                "www.horseporn.tv",
                "dirtydoglinks.com"
            ]
        },
        {
            "rule": "eabids\\.com\\/data\\/bannerpools\\/112022\\/33917\\.jpg",
            "cookies": 0,
            "fingerprinting": 0,
            "subdomains": [
                "static"
            ],
            "apis": {},
            "sites": 13,
            "prevalence": 0.0000886,
            "cnames": [],
            "responseHashes": [
                "fc8ba5347db8f878fbb61bcccf25eec23d3440b0f6236585ea8bd1a20c51cc3c"
            ],
            "type": "Image",
            "firstPartyCookies": {},
            "firstPartyCookiesSent": {},
            "exampleSites": [
                "analzoosexporn.website",
                "animal-hentai.com",
                "animalzooporn.rocks",
                "animalsex.site",
                "bestiality.party",
                "gaybestiality.net",
                "www.1classtube.com",
                "www.contoseroticos.com.br",
                "www.horseporn.tv",
                "www.indianporn.club",
                "www.maturepornvideo.sexy",
                "www.vintageporntubes.com",
                "zooanimalsex.top"
            ]
        },
        {
            "rule": "eabids\\.com\\/data\\/bannerpools\\/112022\\/33787\\.jpg",
            "cookies": 0,
            "fingerprinting": 0,
            "subdomains": [
                "static"
            ],
            "apis": {},
            "sites": 3,
            "prevalence": 0.0000204,
            "cnames": [],
            "responseHashes": [
                "0c694591b904d1407e5d9d8b499e89fa9e1dc071fb24f45af225e02cf3314a87"
            ],
            "type": "Image",
            "firstPartyCookies": {},
            "firstPartyCookiesSent": {},
            "exampleSites": [
                "analzoosexporn.website",
                "doggyanimalporn.club",
                "www.retroporn.sexy"
            ]
        },
        {
            "rule": "eabids\\.com\\/data\\/bannerpools\\/112022\\/33914\\.jpg",
            "cookies": 0,
            "fingerprinting": 0,
            "subdomains": [
                "static"
            ],
            "apis": {},
            "sites": 3,
            "prevalence": 0.0000204,
            "cnames": [],
            "responseHashes": [
                "c73eb0b3aa654f1439b9d9b65507242b1970cff59823de8f06ea01640f81287d"
            ],
            "type": "Image",
            "firstPartyCookies": {},
            "firstPartyCookiesSent": {},
            "exampleSites": [
                "animalsex.me",
                "dogsexzoo.fun",
                "www.indianporn.club"
            ]
        },
        {
            "rule": "eabids\\.com\\/data\\/bannerpools\\/94553\\/58924\\.jpg",
            "cookies": 0,
            "fingerprinting": 0,
            "subdomains": [
                "static"
            ],
            "apis": {},
            "sites": 4,
            "prevalence": 0.0000272,
            "cnames": [],
            "responseHashes": [
                "ba2e6bf653f9e5d709cbbccae0bb841ba79a989ec52191ce4c940263d8e20386"
            ],
            "type": "Image",
            "firstPartyCookies": {},
            "firstPartyCookiesSent": {},
            "exampleSites": [
                "animalzooporn.rocks",
                "animalporn.stream",
                "fuckinganimalsex.com",
                "incestporn.blue"
            ]
        },
        {
            "rule": "eabids\\.com\\/data\\/bannerpools\\/94553\\/58923\\.jpg",
            "cookies": 0,
            "fingerprinting": 0,
            "subdomains": [
                "static"
            ],
            "apis": {},
            "sites": 3,
            "prevalence": 0.0000204,
            "cnames": [],
            "responseHashes": [
                "a3e9d13829d47a06b2110f76de9d479ff8441cb25c24f5e0939a1b6386f67e0e"
            ],
            "type": "Image",
            "firstPartyCookies": {},
            "firstPartyCookiesSent": {},