{
    "domain": "ebis.ne.jp",
    "owner": {},
    "source": [
        "DuckDuckGo-US"
    ],
    "prevalence": 0.000368,
    "sites": 54,
    "subdomains": [
        "ac",
        "rec",
        "taj1"
    ],
    "cnames": [],
    "fingerprinting": 2,
    "resources": [
        {
            "rule": "ebis\\.ne\\.jp\\/rec\\.php",
            "cookies": 0.000109,
            "fingerprinting": 0,
            "subdomains": [
                "ac",
                "rec"
            ],
            "apis": {},
            "sites": 16,
            "prevalence": 0.000109,
            "cnames": [],
            "responseHashes": [
                "fb19fa556630d4cb9b162922d692432e26db1c96d7ac7038bd6d9cd6a338d7f7",
                "d79ac57543069f10ea4b0c5d5421a6637b0c5f8c9e9b6cfa81d2b7b1c64e3c33",
                "f62be36882d9622a2498a4ba6d431f8a71659c4c1edb7133d32d66f4b1129e5c",
                "79ed2d59d1bcb6b43dacfc6f1e284924ea9d04378a40e51a548be5052ab544f1",
                "4e199421b73b48fc8bab7c500fff5c03b31f0dbcedbd01c22a87aa3de9ce4897",
                "e7a0e1f8a6fef66ceb08fb50d58932a56a61364d6680b78811287fcfab3337e7",
                "51e724f0f7de848d31141c879b8c617f7ca51c8a8ffca01b978642c7610da3d2",
                "83ed7bfc878c858ffcfd0667ce458016fa573fbbc03ba8c395f30ec58d8505de",
                "01d07ba23e36c73508b261f38fd89e5d2871605b7c55b3feb4b9c43914ac03ce",
                "2a65bbc95638f67aee2e7c29a42e96327bd09ecc6c762db25daf55506f2af8df",
                "8693b0a148369e773cbca93cd7c9a35f2bf57345c201111cedd5766598484826",
                "a4c89b4aebd460c47ca8a62a988aeb68cd27e5490b2d8bd44ea8909ad4d3f838",
                "8af929ba76bbcc91b422934a5e3dd74ad6cf569605f44bee6b13aac527fccc4c",
                "412ee93b61fa6a4b68b1febdc0b67779ee3e9d01a468731ee79274122c7e89a8",
                "e5825d33708a3565b7ab2362038e605d247da9a6a43a5cab71680d37bd33135e"
            ],
            "type": "Script",
            "firstPartyCookies": {},
            "firstPartyCookiesSent": {},
            "exampleSites": [
                "car-mo.jp",
                "dcard.docomo.ne.jp",
                "jp.finalfantasyxiv.com",
                "magazine.aruhi-corp.co.jp",
                "mangaplaza.com",
                "network.mobile.rakuten.co.jp",
                "web-camp.io",
                "www.cr.mufg.jp",
                "www.donki.com",
                "www.kracie.co.jp",
                "www.matsui.co.jp",
                "www.netbk.co.jp",
                "www.obc.co.jp",
                "www.wowow.co.jp",
                "www.yayoi-kk.co.jp",
                "www.zurich.co.jp"
            ]
        },
        {
            "rule": "ebis\\.ne\\.jp\\/TxbYyHQU\\/cmt\\.js",
            "cookies": 0.0000136,
            "fingerprinting": 1,
            "subdomains": [
                "taj1"
            ],
            "apis": {
                "Date.prototype.getTime": 2,
                "Navigator.prototype.userAgent": 2,
                "window.localStorage": 2,
                "Document.cookie getter": 2,
                "Document.cookie setter": 2,
                "NavigatorUAData.prototype.getHighEntropyValues": 2
            },
            "sites": 2,
            "prevalence": 0.0000136,
            "cnames": [],
            "responseHashes": [
                "e526ee4aecfe13c50ee8df61c1fd0faf87b603cd87511878f826aa7fad541d8e"
            ],
            "type": "Script",
            "firstPartyCookies": {
                "_ebtd": {
                    "ttl": 63072011,
                    "length": 24,
                    "prevalence": 0.000013624071008658098,
                    "uniqueness": 1
                },
                "_ebcv_TxbYyHQU": {
                    "ttl": 5,
                    "length": 13,
                    "prevalence": 0.000013624071008658098,
                    "uniqueness": 0.5
                }
            },
            "firstPartyCookiesSent": {},
            "exampleSites": [
                "cmoa.jp",
                "www.cmoa.jp"
            ]
        },
        {
            "rule": "ebis\\.ne\\.jp\\/LxLBy3d2\\/cmt\\.js",
            "cookies": 0.0000341,
            "fingerprinting": 1,
            "subdomains": [
                "taj1"
            ],
            "apis": {
                "Date.prototype.getTime": 5,
                "Navigator.prototype.userAgent": 5,
                "window.localStorage": 5,
                "Document.cookie getter": 5,
                "Document.cookie setter": 5,
                "NavigatorUAData.prototype.getHighEntropyValues": 5
            },
            "sites": 5,
            "prevalence": 0.0000341,
            "cnames": [],
            "responseHashes": [
                "0c0ba14a67ea9d7949cd538c0d1cbd63c4b25cc33eb5d962afe2cd8a55505407"
            ],
            "type": "Script",
            "firstPartyCookies": {
                "_ebtd": {
                    "ttl": 63072008,
                    "length": 24,
                    "prevalence": 0.00003406017752164524,
                    "uniqueness": 1
                },
                "_ebcv_LxLBy3d2": {
                    "ttl": 7,
                    "length": 13,
                    "prevalence": 0.00003406017752164524,
                    "uniqueness": 0.2
                }
            },
            "firstPartyCookiesSent": {},
            "exampleSites": [
                "hankyu-travel.com",
                "www.his-j.com",
                "www.nta.co.jp",
                "www.princehotels.co.jp",
                "www.tabikobo.com"
            ]
        }
    ],
    "categories": [],
    "performance": {},
    "cookies": 0.000307,
    "topInitiators": [
        {
            "domain": "googletagmanager.com",
            "prevalence": 0.7450980392156863
        },
        {
            "domain": "yjtag.jp",
            "prevalence": 0.13725490196078433
        },
        {
            "domain": "first party",
            "prevalence": 0.08823529411764706
        },
        {
            "domain": "onetrust.com",
            "prevalence": 0.0196078431372549
        },
        {
            "domain": "adobedtm.com",
            "prevalence": 0.00980392156862745
        }
    ],
    "types": {
        "Script": 23
    },
    "nameservers": [
        "ns-1447.awsdns-52.org",
        "ns-1967.awsdns-53.co.uk",
        "ns-902.awsdns-48.net",
        "ns-203.awsdns-25.com"
    ]
}