{
    "domain": "ecdns.net",
    "owner": {},
    "source": [
        "DuckDuckGo-US"
    ],
    "prevalence": 0.000184,
    "sites": 27,
    "subdomains": [
        "6892a0f4-2bf3-437c-adf5-c225d7351066.ac.bcon",
        "9984bfce-25eb-4fdb-977d-e38346c7a21c.ac.bcon",
        "9ad7c11e-18d8-43a6-acaf-5d5008ced98b.ac.bcon",
        "2df0607c-a5e5-49f5-9234-36fd169dea1e.ac.bcon",
        "526225bd-b827-416e-8a9d-a4a40e2ace74.ac.bcon",
        "13e0856f-723f-4bcb-90c5-5f63401ce349.ac.bcon",
        "641536ae-07eb-416a-9f30-bbdd71100f47.ac.bcon",
        "067c8a0f-8022-40f9-8bd1-c6d01143e88f.ac.bcon",
        "d72f00a8-b57c-4314-9032-f333dd65ab10.ac.bcon",
        "fe6d4ca7-d4ea-4b02-87f3-d5c9322f7865.ac.bcon",
        "e352030a-b617-44ea-8327-df380524a01f.ac.bcon",
        "9a0e0191-c24b-45a0-960c-bcbb6a2404bb.ac.bcon",
        "191d7dce-33ff-42bb-b77a-74df45f95235.ac.bcon",
        "c1c3a0eb-e615-44b3-83d3-667208cb94fb.ac.bcon",
        "7457eb3c-6e59-4947-8cce-be19c3478e18.ac.bcon",
        "ce5e3241-1466-40e8-86c9-f8e2bdb878e6.ac.bcon"
    ],
    "cnames": [],
    "fingerprinting": 0,
    "resources": [
        {
            "rule": "ecdns\\.net\\/udp\\/9097feda-2ab7-469e-a701-cccc54e3b4f0",
            "cookies": 0,
            "fingerprinting": 0,
            "subdomains": [
                "6892a0f4-2bf3-437c-adf5-c225d7351066.ac.bcon",
                "9984bfce-25eb-4fdb-977d-e38346c7a21c.ac.bcon"
            ],
            "apis": {},
            "sites": 2,
            "prevalence": 0.0000136,
            "cnames": [],
            "responseHashes": [
                "e3b0c44298fc1c149afbf4c8996fb92427ae41e4649b934ca495991b7852b855"
            ],
            "type": "Ping",
            "firstPartyCookies": {},
            "firstPartyCookiesSent": {},
            "exampleSites": [
                "go2marine.com",
                "www.go2marine.com"
            ]
        },
        {
            "rule": "ecdns\\.net\\/udp\\/fcd85425-ddc5-4453-831e-be45d59133e3",
            "cookies": 0,
            "fingerprinting": 0,
            "subdomains": [
                "9ad7c11e-18d8-43a6-acaf-5d5008ced98b.ac.bcon",
                "2df0607c-a5e5-49f5-9234-36fd169dea1e.ac.bcon"
            ],
            "apis": {},
            "sites": 2,
            "prevalence": 0.0000136,
            "cnames": [],
            "responseHashes": [
                "e3b0c44298fc1c149afbf4c8996fb92427ae41e4649b934ca495991b7852b855"
            ],
            "type": "Ping",
            "firstPartyCookies": {},
            "firstPartyCookiesSent": {},
            "exampleSites": [
                "issaonline.com",
                "www.issaonline.com"
            ]
        },
        {
            "rule": "ecdns\\.net\\/udp\\/7495a471-3378-4741-b9cd-141ee55252c2",
            "cookies": 0,
            "fingerprinting": 0,
            "subdomains": [
                "526225bd-b827-416e-8a9d-a4a40e2ace74.ac.bcon",
                "13e0856f-723f-4bcb-90c5-5f63401ce349.ac.bcon"
            ],
            "apis": {},
            "sites": 2,
            "prevalence": 0.0000136,
            "cnames": [],
            "responseHashes": [
                "e3b0c44298fc1c149afbf4c8996fb92427ae41e4649b934ca495991b7852b855"
            ],
            "type": "Ping",
            "firstPartyCookies": {},
            "firstPartyCookiesSent": {},
            "exampleSites": [
                "mattressfirm.com",
                "www.mattressfirm.com"
            ]
        },
        {
            "rule": "ecdns\\.net\\/udp\\/c5d091ff-1c33-49a0-ad69-4e45d9bc281f",
            "cookies": 0,
            "fingerprinting": 0,
            "subdomains": [
                "641536ae-07eb-416a-9f30-bbdd71100f47.ac.bcon",
                "067c8a0f-8022-40f9-8bd1-c6d01143e88f.ac.bcon"
            ],
            "apis": {},
            "sites": 2,
            "prevalence": 0.0000136,
            "cnames": [],
            "responseHashes": [
                "e3b0c44298fc1c149afbf4c8996fb92427ae41e4649b934ca495991b7852b855"
            ],
            "type": "Ping",
            "firstPartyCookies": {},
            "firstPartyCookiesSent": {},
            "exampleSites": [
                "mms.com",
                "www.mms.com"
            ]
        },
        {
            "rule": "ecdns\\.net\\/udp\\/4a5f14d1-f7d0-4397-9f4d-400a3a0944a9",
            "cookies": 0,
            "fingerprinting": 0,
            "subdomains": [
                "d72f00a8-b57c-4314-9032-f333dd65ab10.ac.bcon",
                "fe6d4ca7-d4ea-4b02-87f3-d5c9322f7865.ac.bcon"
            ],
            "apis": {},
            "sites": 2,
            "prevalence": 0.0000136,
            "cnames": [],
            "responseHashes": [
                "e3b0c44298fc1c149afbf4c8996fb92427ae41e4649b934ca495991b7852b855"
            ],
            "type": "Ping",
            "firstPartyCookies": {},
            "firstPartyCookiesSent": {},
            "exampleSites": [
                "sharperimage.com",
                "www.sharperimage.com"
            ]
        },
        {
            "rule": "ecdns\\.net\\/udp\\/5ae9f722-b6ad-4dac-bb3c-4324883a583f",
            "cookies": 0,
            "fingerprinting": 0,
            "subdomains": [
                "e352030a-b617-44ea-8327-df380524a01f.ac.bcon",
                "9a0e0191-c24b-45a0-960c-bcbb6a2404bb.ac.bcon"
            ],
            "apis": {},
            "sites": 2,
            "prevalence": 0.0000136,
            "cnames": [],
            "responseHashes": [
                "e3b0c44298fc1c149afbf4c8996fb92427ae41e4649b934ca495991b7852b855"
            ],
            "type": "Ping",
            "firstPartyCookies": {},
            "firstPartyCookiesSent": {},
            "exampleSites": [
                "sleep.com",
                "www.sleep.com"
            ]
        },
        {
            "rule": "ecdns\\.net\\/udp\\/8fa871f5-f76a-4ba0-9e06-126f09407830",
            "cookies": 0,
            "fingerprinting": 0,
            "subdomains": [
                "191d7dce-33ff-42bb-b77a-74df45f95235.ac.bcon",
                "c1c3a0eb-e615-44b3-83d3-667208cb94fb.ac.bcon"
            ],
            "apis": {},
            "sites": 2,
            "prevalence": 0.0000136,
            "cnames": [],
            "responseHashes": [
                "e3b0c44298fc1c149afbf4c8996fb92427ae41e4649b934ca495991b7852b855"
            ],
            "type": "Ping",
            "firstPartyCookies": {},
            "firstPartyCookiesSent": {},
            "exampleSites": [
                "talbots.com",
                "www.talbots.com"
            ]
        },
        {
            "rule": "ecdns\\.net\\/udp\\/58449c25-15c2-4c89-bf44-7e061b4707ac",
            "cookies": 0,
            "fingerprinting": 0,
            "subdomains": [
                "7457eb3c-6e59-4947-8cce-be19c3478e18.ac.bcon",
                "ce5e3241-1466-40e8-86c9-f8e2bdb878e6.ac.bcon"
            ],
            "apis": {},
            "sites": 2,
            "prevalence": 0.0000136,
            "cnames": [],
            "responseHashes": [
                "e3b0c44298fc1c149afbf4c8996fb92427ae41e4649b934ca495991b7852b855"
            ],
            "type": "Ping",
            "firstPartyCookies": {},
            "firstPartyCookiesSent": {},
            "exampleSites": [
                "wilsonamplifiers.com",
                "www.wilsonamplifiers.com"
            ]
        }
    ],
    "categories": [],
    "performance": {},
    "cookies": 0,
    "topInitiators": [
        {
            "domain": "layer0.co",
            "prevalence": 0.8148148148148148
        },
        {
            "domain": "first party",
            "prevalence": 0.1111111111111111
        },
        {
            "domain": "edgio.net",
            "prevalence": 0.07407407407407407
        }
    ],
    "types": {
        "Ping": 16
    },