{
    "domain": "ecocart.net",
    "owner": {},
    "source": [
        "DuckDuckGo-US"
    ],
    "prevalence": 0.00017,
    "sites": 25,
    "subdomains": [
        "evt"
    ],
    "cnames": [],
    "fingerprinting": 1,
    "resources": [
        {
            "rule": "ecocart\\.net\\/gtag\\/js",
            "cookies": 0.000102,
            "fingerprinting": 1,
            "subdomains": [
                "evt"
            ],
            "apis": {
                "Navigator.prototype.userAgent": 18,
                "Document.cookie getter": 16,
                "Date.prototype.getTime": 18,
                "Navigator.prototype.language": 18,
                "Screen.prototype.width": 18,
                "Screen.prototype.height": 18,
                "Document.cookie setter": 15
            },
            "sites": 18,
            "prevalence": 0.000123,
            "cnames": [],
            "responseHashes": [
                "b88191bb4eeee00d3a62a7c09521a6348e0c657debb8dacddb3f94400da04e1c",
                "98e426e59eec124c91399a9f6573bd0a5cb357f7c3f391a597e49bdadac9b4b6",
                "e8d3a438150259fd144227c6a2fb8283664539468c7228fd1cf5a0f18b55c8b1",
                "d8e9366aa81bdcea4bd01e838ca9c4a394795895129f1e906cee6404ece044e5",
                "424b7b1b1c285752fca14887c80ea522f7673ffd254fab1298337cd603b3e2cb",
                "a48e7efdb39de09e6f464b7bc5fb23f59f264b3ba2acbd9043e67539d47ccfb1",
                "c693c0d9d3608fe1a262889c901f89318a5a35aa59b13cb1108cade577c62a84",
                "ce8b9a7435af573a258f89a86b8d4d1c156a081d44f4adc29ba42f25cba04aa6",
                "8fdd4706adfaaaaedfc4ca3f9e34a59cb62e36501d2e0d63c0c4a163e641e5f5",
                "2e2e84d54575f7e3406860e20d2d1d3c87b3da3455298952aed26c2dea6f6fdd",
                "47babf370326a7bc1d9629ad83e445c1dc8f3ea90c7cd22a2ac57a994a04506a",
                "db08435a506475036ceed248fbc6169a4eb93846af7d7522c22f3ba3cbd728c7",
                "e48b41b0a04a1220cb403475623d603f74c10106718801207c0e6c56d0930ace",
                "e14b8a3ff6f274118d4299a345ad9e8595c4d186f92672bd735fb75d7c396ef0",
                "0607f2b7794512848222f8cd158a72c5d11576596772a13c7ecea00e0505688e",
                "75849188e5bc2346266a94bfd30788c35c0ea9701c27b567e2064c1519f394c0",
                "809f55d1dd7f8379427134fe2ad8728fe385a1bd6bb2acf5b24ffd44e9ea68d7"
            ],
            "type": "Script",
            "firstPartyCookies": {
                "_ga_MPK7WBQVJ2": {
                    "ttl": 63072011,
                    "length": 37,
                    "prevalence": 0.00010218053256493573,
                    "uniqueness": 1
                },
                "_ga": {
                    "ttl": 63072011,
                    "length": 26,
                    "prevalence": 0.00010218053256493573,
                    "uniqueness": 1
                }
            },
            "firstPartyCookiesSent": {},
            "exampleSites": [
                "alpacasofmontana.com",
                "babybrezza.com",
                "biobidet.com",
                "chomps.com",
                "drinkolipop.com",
                "feastables.com",
                "puritycoffee.com",
                "ridejetson.com",
                "shopduer.com",
                "supernote.com",
                "us.princesspolly.com",
                "www.cotopaxi.com",
                "www.happiestbaby.com",
                "www.rumpl.com",
                "www.traditionalmedicinals.com",
                "www.tupperware.com",
                "www.waterdropfilter.com",
                "www.znaturalfoods.com"
            ]
        },
        {
            "rule": "ecocart\\.net\\/g\\/collect",
            "cookies": 0.000123,
            "fingerprinting": 0,
            "subdomains": [
                "evt"
            ],
            "apis": {},
            "sites": 18,
            "prevalence": 0.000123,
            "cnames": [],
            "responseHashes": [
                "e64954dc34e12c7190cc2338a54b07644ff0f102aa71cc7209bcbb49c3009f7c"
            ],
            "type": "XHR",
            "firstPartyCookies": {},
            "firstPartyCookiesSent": {
                "_ga": 0.00044959434328571723,
                "_ama": 0.000006812035504329049,
                "IR_gbd": 0.000013624071008658098,
                "dy_fs_page": 0.000006812035504329049,
                "_li_dcdm_c": 0.000006812035504329049,
                "__lotl": 0.000006812035504329049
            },
            "exampleSites": [
                "alpacasofmontana.com",
                "babybrezza.com",
                "biobidet.com",
                "chomps.com",
                "drinkolipop.com",
                "feastables.com",
                "puritycoffee.com",
                "ridejetson.com",
                "shopduer.com",
                "supernote.com",
                "us.princesspolly.com",
                "www.cotopaxi.com",
                "www.happiestbaby.com",
                "www.rumpl.com",
                "www.traditionalmedicinals.com",
                "www.tupperware.com",
                "www.waterdropfilter.com",
                "www.znaturalfoods.com"
            ]
        }
    ],
    "categories": [],
    "performance": {},
    "cookies": 0.00017,
    "topInitiators": [
        {
            "domain": "first party",
            "prevalence": 0.6329113924050633
        },
        {
            "domain": "ecocart.tools",
            "prevalence": 0.27848101265822783
        },
        {
            "domain": "d2fj3s7h83rb61.cloudfront.net",
            "prevalence": 0.05063291139240506
        },
        {
            "domain": "skio.com",
            "prevalence": 0.02531645569620253
        },
        {
            "domain": "yottaa.com",
            "prevalence": 0.012658227848101266
        }
    ],
    "types": {
        "Script": 18,
        "XHR": 18
    },
    "nameservers": [
        "ns-861.awsdns-43.net",
        "ns-1696.awsdns-20.co.uk",
        "ns-318.awsdns-39.com",
        "ns-1072.awsdns-06.org"
    ]
}