{
    "domain": "ediemidnightzombies.com",
    "owner": {},
    "source": [
        "DuckDuckGo-US"
    ],
    "prevalence": 0.000123,
    "sites": 18,
    "subdomains": [
        "lucil",
        "eor",
        "euromero",
        "romero"
    ],
    "cnames": [],
    "fingerprinting": 3,
    "resources": [
        {
            "rule": "ediemidnightzombies\\.com\\/ct",
            "cookies": 0.0000954,
            "fingerprinting": 0,
            "subdomains": [
                "lucil",
                "eor"
            ],
            "apis": {},
            "sites": 14,
            "prevalence": 0.0000954,
            "cnames": [],
            "responseHashes": [
                "924188b2ee2f65da4443d0207bca2017dd6cc70d4708d870f9c6e331266115e7",
                "434f554bbad7e4ac65fc6ed0661ee0a08cac7cce1fe4ee731fdb1728737932d9",
                "14a0b898e308d2aa2d8ce74001a22c00a9e743225a20fb46017b82fad432456b",
                "587d2383431379cd7411d76b176e5404c36c214ae46ea44e98cdbf9549d98429",
                "27f00b31a96a90457bce2ead440a3eda7587d66610f27e73bc2c4149c89b4475",
                "22cfbc206e2611b0e5cff8791b7e4980e70359be0bad2dc6aa6a4c1b5a629f49",
                "45c6d00d6d6b3104920cb1fd99e4a9f7b6e095914adcf85fb0477eaf700a124e",
                "b0ec7b0c3ca13d3fea7949e51ac2c4a9e5c041eb12b8bb9492750e5853a832e6",
                "fc7870e03bc454610db903a5b90dfff5eac3d0bbe91837b37c1a6a725a3293c4",
                "37c2ae1b7b0bded8ee4608d5a1772e9ed1e9024d2811d9cb75433d6822e1e2e4",
                "a8cbc520fc87e9c9ca758365907e1781c821f69f5fc0fe26ca95bc9463e64590",
                "6edc706355307f473be3de830c7a0b7a0d0bd7401e9853f1e95f9b02796f5dfc",
                "69ad7b2d8188e2de45e8a727f5745c76cf0f2b50f1450546f384c89b6a0b93ff"
            ],
            "type": "Script",
            "firstPartyCookies": {},
            "firstPartyCookiesSent": {
                "_ga": 0.00004087221302597429,
                "_cq_duid": 0.00007493239054761953,
                "_cq_suid": 0.00007493239054761953,
                "_uetvid": 0.000006812035504329049,
                "_li_dcdm_c": 0.000006812035504329049
            },
            "exampleSites": [
                "vegamour.com",
                "www.2ndstreet.jp",
                "www.auto-doc.fr",
                "www.auto-doc.it",
                "www.auto-doc.pt",
                "www.autodoc.co.uk",
                "www.autodoc.es",
                "www.autodoc.fi",
                "www.autodoc.nl",
                "www.buycarparts.co.uk",
                "www.heydude.com",
                "www.piecesauto24.com",
                "www.recambioscoches.es",
                "www.ryman.co.uk"
            ]
        },
        {
            "rule": "ediemidnightzombies\\.com\\/tracker\\/tc_imp\\.gif",
            "cookies": 0,
            "fingerprinting": 0,
            "subdomains": [
                "lucil",
                "eor"
            ],
            "apis": {},
            "sites": 14,
            "prevalence": 0.0000954,
            "cnames": [],
            "responseHashes": [
                "f4eef8263281c0b26486637831251059757bc3fdc4c3a48045a8ef8646b36e8f"
            ],
            "type": "Image",
            "firstPartyCookies": {},
            "firstPartyCookiesSent": {},
            "exampleSites": [
                "vegamour.com",
                "www.2ndstreet.jp",
                "www.auto-doc.fr",
                "www.auto-doc.it",
                "www.auto-doc.pt",
                "www.autodoc.co.uk",
                "www.autodoc.es",
                "www.autodoc.fi",
                "www.autodoc.nl",
                "www.buycarparts.co.uk",
                "www.heydude.com",
                "www.piecesauto24.com",
                "www.recambioscoches.es",
                "www.ryman.co.uk"
            ]
        },
        {
            "rule": "ediemidnightzombies\\.com\\/mon",
            "cookies": 0,
            "fingerprinting": 0,
            "subdomains": [
                "lucil",
                "eor"
            ],
            "apis": {},
            "sites": 15,
            "prevalence": 0.000102,
            "cnames": [],
            "responseHashes": [
                "e3b0c44298fc1c149afbf4c8996fb92427ae41e4649b934ca495991b7852b855"
            ],
            "type": "XHR",
            "firstPartyCookies": {},
            "firstPartyCookiesSent": {},
            "exampleSites": [
                "vegamour.com",
                "www.2ndstreet.jp",
                "www.auto-doc.fr",
                "www.auto-doc.it",
                "www.auto-doc.pt",
                "www.autodoc.co.uk",
                "www.autodoc.es",
                "www.autodoc.fi",
                "www.autodoc.nl",
                "www.autodoc.se",
                "www.buycarparts.co.uk",
                "www.heydude.com",
                "www.piecesauto24.com",
                "www.recambioscoches.es",
                "www.ryman.co.uk"
            ]
        },
        {
            "rule": "ediemidnightzombies\\.com\\/sxp\\/i\\/8ac6baf92cb3707cdfb46f9126d5520d\\.js",
            "cookies": 0.0000545,
            "fingerprinting": 3,
            "subdomains": [
                "euromero"
            ],
            "apis": {
                "Document.cookie getter": 11,
                "Screen.prototype.width": 11,
                "Screen.prototype.height": 11,
                "Screen.prototype.availHeight": 8,
                "Screen.prototype.availWidth": 8,
                "WebGLRenderingContext.prototype.getExtension": 8,
                "WebGLRenderingContext.prototype.getParameter": 8,
                "WebGLRenderingContext.prototype.getSupportedExtensions": 8,
                "Navigator.prototype.userAgent": 11,
                "Screen.prototype.colorDepth": 11,
                "Screen.prototype.pixelDepth": 11,
                "window.devicePixelRatio": 8,
                "Navigator.prototype.vendor": 11,
                "Navigator.prototype.permissions": 11,
                "Navigator.prototype.platform": 11,
                "Navigator.prototype.webdriver": 7,
                "Navigator.prototype.plugins": 7,
                "window.localStorage": 8,
                "Navigator.prototype.mimeTypes": 11,
                "window.innerWidth": 11,
                "window.matchMedia(\"prefers-color-scheme\")": 11,
                "HTMLCanvasElement.prototype.toDataURL": 8,
                "window.indexedDB": 8,
                "Navigator.prototype.doNotTrack": 11,
                "Navigator.prototype.maxTouchPoints": 11,
                "Navigator.prototype.hardwareConcurrency": 11,
                "window.screenTop": 8,
                "window.screenLeft": 8,
                "window.outerWidth": 8,
                "window.outerHeight": 8,
                "window.innerHeight": 11,
                "window.name": 8,
                "Performance.prototype.memory": 7,
                "Navigator.prototype.connection": 11,
                "Date.prototype.getTime": 11,
                "Date.prototype.getTimezoneOffset": 11,
                "PerformanceTiming.prototype.navigationStart": 8,
                "Navigator.prototype.productSub": 11,
                "Navigator.prototype.product": 11,
                "Navigator.prototype.appName": 11,
                "Navigator.prototype.appCodeName": 11,
                "Navigator.prototype.deviceMemory": 11,
                "Navigator.prototype.keyboard": 7,
                "Intl.DateTimeFormat.prototype.resolvedOptions": 11,
                "Screen.prototype.orientation": 11,
                "Document.cookie setter": 8,
                "window.sessionStorage": 8,
                "Navigator.prototype.getBattery": 11,
                "Navigator.prototype.mediaDevices": 11,
                "MediaDevices.prototype.enumerateDevices": 11,
                "URL.createObjectURL": 11,
                "speechSynthesis.__proto__.getVoices": 11,