{
    "domain": "edmunds.com",
    "owner": {
        "name": "Edmunds.com, Inc.",
        "displayName": "Edmunds.com"
    },
    "source": [
        "DuckDuckGo-US"
    ],
    "prevalence": 0.0000886,
    "sites": 13,
    "subdomains": [
        "edw",
        "www",
        "content-container",
        "cas-assets",
        "widgetstore"
    ],
    "cnames": [],
    "fingerprinting": 2,
    "resources": [
        {
            "rule": "edmunds\\.com\\/edw\\/edw1x1\\.gif",
            "cookies": 0.0000204,
            "fingerprinting": 0,
            "subdomains": [
                "edw"
            ],
            "apis": {},
            "sites": 10,
            "prevalence": 0.0000681,
            "cnames": [],
            "responseHashes": [
                "e3b0c44298fc1c149afbf4c8996fb92427ae41e4649b934ca495991b7852b855"
            ],
            "type": "Image",
            "firstPartyCookies": {},
            "firstPartyCookiesSent": {
                "_edwpv": 0.00004768424853030334,
                "_edwps": 0.00004768424853030334,
                "lotame_domain_check": 0.000006812035504329049,
                "pxa_ipv4": 0.000006812035504329049
            },
            "exampleSites": [
                "5starford.com",
                "www.5starford.com",
                "www.bergstromauto.com",
                "www.drivetime.com",
                "www.echopark.com",
                "www.herbchambers.com",
                "www.longotoyota.com",
                "www.maplewoodtoyota.com",
                "www.sewell.com",
                "www.vancouvertoyota.com"
            ]
        },
        {
            "rule": "edmunds\\.com\\/cgi-bin\\/edw_partner\\.cgi",
            "cookies": 0.0000613,
            "fingerprinting": 1,
            "subdomains": [
                "www"
            ],
            "apis": {
                "Document.cookie getter": 9,
                "Document.cookie setter": 9
            },
            "sites": 9,
            "prevalence": 0.0000613,
            "cnames": [],
            "responseHashes": [
                "13073fc46c81ad92f2d51ddc1d810ef2a404ca127f915c762f097ee24a6052c6",
                "deb5e0a20fa534c5f7dad4fd946df747624ca043169a94f94d31ba8f81f7ff09",
                "dbdec7990fb29d4730360543b02ccafaad27e7868bfea306ad9d18166e90f4fb",
                "af1244461486bf7baccc8bf32f7d7d940cb1e986a38a31155872c24e224a1c4c",
                "667d3962d639775ea1396170709d36719a4f359b9a667ab24eb67a90f0f70865",
                "19e44d9313afc89b039a3a4e9900d05327c09c0d897d35cf9b7216584b320f1c",
                "1bf7c07f96210b0dc6ceb04dd7d9cb12c876d5e712cacf7cefc6282165dff180",
                "aeea7d5b8b663f499bf4b93db3205bcb0222af3c2ba1c199621340c306c40ec4"
            ],
            "type": "Script",
            "firstPartyCookies": {
                "_edwpv": {
                    "ttl": 315360008,
                    "length": 36,
                    "prevalence": 0.00006130831953896144,
                    "uniqueness": 1
                },
                "_edwps": {
                    "ttl": 1808,
                    "length": 18,
                    "prevalence": 0.00006130831953896144,
                    "uniqueness": 1
                }
            },
            "firstPartyCookiesSent": {},
            "exampleSites": [
                "5starford.com",
                "www.bergstromauto.com",
                "www.drivetime.com",
                "www.echopark.com",
                "www.herbchambers.com",
                "www.longotoyota.com",
                "www.maplewoodtoyota.com",
                "www.sewell.com",
                "www.vancouvertoyota.com"
            ]
        },
        {
            "rule": "edmunds\\.com\\/853779\\.js",
            "cookies": 0.00000681,
            "fingerprinting": 1,
            "subdomains": [
                "content-container"
            ],
            "apis": {
                "Document.cookie getter": 1,
                "Navigator.prototype.userAgent": 1,
                "Date.prototype.getTime": 1,
                "Document.cookie setter": 1
            },
            "sites": 2,
            "prevalence": 0.0000136,
            "cnames": [],
            "responseHashes": [
                "53f1abd8949078f5b31bcd25e5815f65aa4511df5356005bb1bbd9dbea3d1438"
            ],
            "type": "Script",
            "firstPartyCookies": {
                "edmunds": {
                    "ttl": 31536011,
                    "length": 36,
                    "prevalence": 0.000006812035504329049,
                    "uniqueness": 1
                },
                "edw": {
                    "ttl": 1811,
                    "length": 18,
                    "prevalence": 0.000006812035504329049,
                    "uniqueness": 1
                },
                "_edwvts": {
                    "ttl": 31536011,
                    "length": 18,
                    "prevalence": 0.000006812035504329049,
                    "uniqueness": 1
                }
            },
            "firstPartyCookiesSent": {},
            "exampleSites": [
                "drivetime.com",
                "www.drivetime.com"
            ]
        },
        {
            "rule": "edmunds\\.com\\/partner-analytics\\/853779\\/ectv\\.js",
            "cookies": 0,
            "fingerprinting": 0,
            "subdomains": [
                "cas-assets"
            ],
            "apis": {},
            "sites": 2,
            "prevalence": 0.0000136,
            "cnames": [],
            "responseHashes": [],
            "type": "Script",
            "firstPartyCookies": {},
            "firstPartyCookiesSent": {},
            "exampleSites": [
                "drivetime.com",
                "www.drivetime.com"
            ]
        },
        {
            "rule": "edmunds\\.com\\/1919897\\.js",
            "cookies": 0.0000136,
            "fingerprinting": 1,
            "subdomains": [
                "content-container"
            ],
            "apis": {
                "Document.cookie getter": 2,
                "Navigator.prototype.userAgent": 2,
                "Date.prototype.getTime": 2,
                "Document.cookie setter": 2
            },
            "sites": 2,
            "prevalence": 0.0000136,
            "cnames": [],
            "responseHashes": [
                "d772695b415ba9ad500a529e25a746b3d2e5795e866e7fde1f4e4c435263ee51"
            ],
            "type": "Script",
            "firstPartyCookies": {
                "edmunds": {
                    "ttl": 31536030,
                    "length": 36,
                    "prevalence": 0.000013624071008658098,
                    "uniqueness": 1
                },
                "edw": {
                    "ttl": 1830,
                    "length": 18,
                    "prevalence": 0.000013624071008658098,
                    "uniqueness": 1
                },
                "_edwvts": {
                    "ttl": 31536030,
                    "length": 18,
                    "prevalence": 0.000013624071008658098,
                    "uniqueness": 1
                }
            },
            "firstPartyCookiesSent": {},
            "exampleSites": [
                "echopark.com",
                "www.echopark.com"
            ]
        },
        {
            "rule": "edmunds\\.com\\/partner-analytics\\/1919897\\/ectv\\.js",
            "cookies": 0,
            "fingerprinting": 0,
            "subdomains": [
                "cas-assets"
            ],
            "apis": {},
            "sites": 2,
            "prevalence": 0.0000136,
            "cnames": [],
            "responseHashes": [
                "3b804e22f1e324131e2c24d06b28426226fba592817cd3ff2e94e209dd5d2ff8"
            ],
            "type": "Script",
            "firstPartyCookies": {},
            "firstPartyCookiesSent": {},