{
    "domain": "elltheprecise.org",
    "owner": {},
    "source": [
        "DuckDuckGo-US"
    ],
    "prevalence": 0.000743,
    "sites": 109,
    "subdomains": [],
    "cnames": [],
    "fingerprinting": 0,
    "resources": [
        {
            "rule": "elltheprecise\\.org\\/utx",
            "cookies": 0.000743,
            "fingerprinting": 0,
            "subdomains": [],
            "apis": {},
            "sites": 109,
            "prevalence": 0.000743,
            "cnames": [],
            "responseHashes": [
                "e3b0c44298fc1c149afbf4c8996fb92427ae41e4649b934ca495991b7852b855"
            ],
            "type": "XHR",
            "firstPartyCookies": {},
            "firstPartyCookiesSent": {},
            "exampleSites": [
                "thepiratebay.org",
                "vidoza.net",
                "www.heavy-r.com",
                "chilviral.com",
                "animeeverything.online",
                "ww2.123moviesfree.net",
                "lewdzones.com",
                "www.hitstreet.net",
                "ngeweyuk.fun",
                "bacoltube.fun",
                "gogunlocked.com",
                "www.javbangers.com",
                "adultdvdparadise.com",
                "bacoltube.cfd",
                "youwatchporn.com",
                "1bigclub.com",
                "lendir69.net",
                "schaken-mods.com",
                "ww7.mangakakalot.tv",
                "pornwiss.com"
            ]
        },
        {
            "rule": "elltheprecise\\.org\\/multi",
            "cookies": 0.000191,
            "fingerprinting": 0,
            "subdomains": [],
            "apis": {},
            "sites": 28,
            "prevalence": 0.000191,
            "cnames": [],
            "responseHashes": [
                "5455b3124e06628a658669f02c95c02c446edbdc523c9abda26520dc3a691dc5",
                "0f116b60f2d405aabcc20072142e52a74c84d0ee7974fcc89a43666c04909d0a",
                "a7036f4200184c04f8da8f000b2db8dc28889b27a2e40946ed676c32d2e353fd",
                "1a2e6f653daa6bfecfc68938bd314243ee2164de6186aa8bfc5cdcb6dcb82234",
                "8d0eff1783154132d1b51d0ab6fac52528354aae301122d3e0566d3fe645c98f",
                "3c9939a2d56b738ff8efbcbed6e2d5615f3b5adcfb4fe5758802d1ac124841a4",
                "0f06b003379b1f9be39fa494e59bd8563f9918006447c659f683b3ab1d478934",
                "b435294fdb805b4b80da1565f91dc725818618af203cdf165feac6d19fa7b12a",
                "79924547d4513d31f15cd1d1f9674227a1bf3925f1660299693f6978a16d636a",
                "38c90597949b0e409484e76e5aad89dcd51978b24f78be138213cc3cafb01a7f",
                "c963ca67145ff86aff7c535e94b7dcf8a67ecf5c6e847dabb0b6b5dba39c3c4b",
                "c4cdf56433b2983135cf91c8c47250e811984ca00a03957ce52f8aad69645c1a",
                "5a37ae73fc3c16187475d701f2f21184e7cfb865943e57f74a4d664bde78f841",
                "1ca6fe47a07ed4e4fa52dde145971914a1ec51eae7373122d330fa67be9404a2",
                "76d3b0224a699b7f8cffe98745a5c6656dda1c6eb3531abf93dc3ba7d1a33f9e",
                "6ba3d06ca0ffc02b258e43f822adcc819eee57946d3e759b032f76418bbca1a3",
                "124caac43be51ded9c0a1144b861bf159e3b8265b0ac3a59998778c0202d9bf9",
                "8262ec82fb60eb6591ce54f0270b91707c3434adda7315c72707d9d9def7b959",
                "0be4a0854bd4e2ebce568869b0fa2d4ba921fea27d892e055905749cf608f1ba",
                "861a3054b4c72154abd82a41c1327e9358ca70d6e7b42a8a0caf161cb52a2675",
                "f5c28a9c3ed239766d5249d4a5bf46d1217b9cda40299621126c53a2aedcfccd",
                "757766672c48ad279eec528429f8c0a82f6c4f3e69a16c1fcd7a4d3fead9125c",
                "1484952611765a77ffd570af88ba95cf3eef410f6a20b727c515d5279aa472e6",
                "5673d8823788c4208dceab411433f36f35d6a250c17491519dbcee4badfdc5d8",
                "76a116da5568cc5dbe8d184629bac9b642f081c1b5b483c8f81173f0c373d2a3",
                "c6d99efab9a3354c7de16c214ae88283800dc8cc73fc4fd21c9c7b2f48796474",
                "e9f0deae151c2c8a43082f11f5c7fb5f97d5584ea231387c7b91c9abd29ef660"
            ],
            "type": "XHR",
            "firstPartyCookies": {},
            "firstPartyCookiesSent": {
                "_ym_d": 0.000006812035504329049
            },
            "exampleSites": [
                "www.colmeklink.com",
                "ww6.mangakakalot.tv",
                "funcrot.site",
                "pinayflix.biz",
                "ww7.mangakakalot.tv",
                "bacoltube.cfd",
                "montokcrot.cfd",
                "bokepinfo.lat",
                "vidx.sbs",
                "bacoltube.fun",
                "taboo.desi",
                "ngeweyuk.fun",
                "www.bokepsin.cam",
                "vitub.lol",
                "pornx11.com",
                "dooood.com",
                "avtub69.cfd",
                "www.colmek.link",
                "doods.pro",
                "memekviral.fun"
            ]
        },
        {
            "rule": "elltheprecise\\.org\\/floater",
            "cookies": 0.000198,
            "fingerprinting": 0,
            "subdomains": [],
            "apis": {},
            "sites": 29,
            "prevalence": 0.000198,
            "cnames": [],
            "responseHashes": [
                "3cadabd8a45b3d919e915178611a56ea381ce2895449b15b14ca603403d53c2e",
                "4ea3bc1e7f4222d3aaeb7f827c61652d28ec01c946df484e9e845e28c8d57b8b",
                "2986023caf17d422bed6d28c40b09904fd2cd3a6462712018ed714afd877a081",
                "375645ff50aba1f2cec13c85187514bb066f0b3c06d444a42980ea9f59182fba",
                "60676e29494ac1952828e9ff14f58240389a755c308a0b9943e1bdafc8990776",
                "ca266e7267c40f6c7bde0512d86acba34b71494fde9e3e00032f05993c91ca5c",
                "20cfae6260d5855dfaed5674f52b4c176af1e6ed2067bd7ef177dfea288f61ae",
                "696824a63ae6da055948eb337a1537108a15893e91585105c686a15cf8ed6662",
                "0d949477c5f61cfeb618049d75f99a56d77ee02dba109b7380de3836b68dae8b",
                "63b3ee2d1f769f2e1cdbdfc3315bf8f1a0687ea383dda85b1158f6ae1fdc59f6",
                "5390928dcca37c69f2951260a3500480cfcdebb57879d3db72767360b52aeea0",
                "5dc7345e43caf98b2b8b4b630dd65cae74c69a13901afd2ecc931fd419207e72",
                "a1de5af608c8e113894a4ee9b046aef08fdc46f6565acc8e9387297bb9683b05",
                "3c56991b536b5ce0cb26a641292ba37d97780cf49988e69230c7aa8fb0260fc1",
                "678e7f533e58bae757fe3789d0295fca0d9a7cfc0eda145ea5b2c8d2e38ac20f",
                "0fc94477f74088b3d021acd16446df22b4ce28047dfd90a6fe19c106c8b47a63",
                "cd694f48ec471d34cd4e55284a4f2af8ab3db8b2aa154d6083b54a1096e1e582",
                "210a37010cfce04cf1c1fc5a877faa08af6800cc7ce4185147c9eb07f6f6eb3e",
                "ec2f7b702e7d0454d74b4c7cafd86e8b64000f57dd8379a6134cb0921c5c6442",
                "773b36ee2b112ab33e144f74e68e850b5ea517c8e6c9129ed12cea69d881f7ef",
                "a7d36f8c3667f3c81086598aeb9b0ab949645c3a0448063fa49e6d3d0632c365",
                "a078c145a2b5e30ec3fb18f7e744144f9e288a02eaaa9af8cbd44aecbc2a3992",
                "01a3e15ff15b77896b865a597c3a0a56a39ca8ee3f587e84c063d756a080ff9d",
                "2a95738fa3fff584af0f34d32f347c40d11cf82e0b3449e740079b9b6d3809ba",
                "1f32a8f5c48a8c3adb60c0ed97d40aaa8ad2707eccc42ae14819cccb0825150f",
                "e4f684566922fe298cacff3c84c5fe3d5af8fc806c3b11d0f44dcbbf317ed0cb",
                "d0143b2bc8045904e2c1a9284237210d482afdde074124913c3d4d1f214d5187"
            ],
            "type": "XHR",
            "firstPartyCookies": {},
            "firstPartyCookiesSent": {
                "__PPU___PPU_SESSION_URL": 0.000013624071008658098
            },