{
    "domain": "empowerlocal.co",
    "owner": {},
    "source": [
        "DuckDuckGo-US"
    ],
    "prevalence": 0.000259,
    "sites": 38,
    "subdomains": [
        "ads"
    ],
    "cnames": [],
    "fingerprinting": 2,
    "resources": [
        {
            "rule": "empowerlocal\\.co\\/adserve\\/",
            "cookies": 0,
            "fingerprinting": 0,
            "subdomains": [
                "ads"
            ],
            "apis": {},
            "sites": 28,
            "prevalence": 0.000191,
            "cnames": [],
            "responseHashes": [
                "1b234d1d5691a28782055de1117ea1a86c1315e836b46e25ce44e08f7cb3e3d0",
                "ffdf8b80f0e12d52b479bcc9de21ea654bc447a9601fb08991fe807ff1d4288d",
                "6d721d2c57d2fb6876d21b3fe08b7846eb5a6d9d0d9519009b055b44d7d09afe",
                "2bafcacb51eab3d95683ad03f30ec57dc49db145f8aebeb42530646f50607920",
                "a53de9afc1d88e0f8a5a078f661258c0fb327ca383e3949ad12d6887461d100c",
                "59093d32ec38acbffde02ee89cf7da1b2c77b95c4c58e98b8e1ae6bd8861305c",
                "5e2e88a740895e8a29f1f48d276dfcf872745e8fb517f2a9eff97735bcfadb01",
                "b60fbc7fbd854f66fb423244a16db3df8ec7564d99c9348b6643e6026b535267",
                "383d5a1ec893158f7448b93655236907b23fc99ca047f68abfbf269dc7e19d9c",
                "ba58a9be8930aab12ef96c184d17b6619b789adb4028b69d93731b5b28df3040",
                "37e549076fc936145dde78c475a19d9e9346707d39056001b2293871614c3b0b",
                "f6fda0e5871bfeffcc73845208198f771d33834bc57e3e4e918adf6212bcc736",
                "99f20a2e85fc82f70b745529991be83c0a41acf577865b01aff3ff49ce9baee7",
                "fb26d1a7ad817991c9aa89ef27108fad4c63860d3b720dbba99310443881aa74",
                "6d7c4384ca84f682d039e0d641e17a29dbad857512b08f0eb08e4c8dcdec390a",
                "8acc859c0396335f6e886b82bdf84b494b2c4c308fcf637ca20b2b723f8eac47",
                "a2748b643a17ce50d8f18ebbb04e4c1e0596885122871ae748aa14f81709f156",
                "ab88706ba3a2d3b2f200e6c9ae2d4b41fb427c583dcf809481d2e519e03f8cf2",
                "b98deb8868fcf22203012418ffc32f6b9e1a9d6dea3822ccdbec93c33e177015",
                "7f7c972c8b350b53ef77536357b67dbacc57b0230b27a95ad343344170d44ab3",
                "a48bf94a24bad977a49ae76ffaff8e8091c2150f914675a60fbe438936cce24e",
                "e47e436e71e5ef7949c548566d8e330da5868d5f2f21e2180772c5147b1a82fc",
                "80a06fcfa6dfb9b394638f7801387b820e4494694802953ded39210105e8cab0",
                "d3e05b7cf80843217ea415683997b4c83b7a7ccdac2eb2f904dafc9cae2e6df4",
                "b449b94c29ceffebc239aeae4b7768ba74e94ca603083cfd21e2cc30c321e757",
                "8d1ee37ab0d47623275c186918a02407366a61d8261048a4320a3179aedeb5e4",
                "00fefa72686d9e5b2a5d7f043007e25b5b65770dea495c37b1ed5bc5d1da0f13"
            ],
            "type": "Script",
            "firstPartyCookies": {},
            "firstPartyCookiesSent": {
                "lotame_domain_check": 0.00009536849706060668
            },
            "exampleSites": [
                "www.nevadaappeal.com",
                "decorahnews.com",
                "www.tdtnews.com",
                "www.laconiadailysun.com",
                "www.statecollege.com",
                "www.telegraphherald.com",
                "www.conwaydailysun.com",
                "clevelandmagazine.com",
                "www.bendbulletin.com",
                "onwardstate.com",
                "njmonthly.com",
                "dentonrc.com",
                "www.wweek.com",
                "onmilwaukee.com",
                "www.texasfootball.com",
                "williamsonsource.com",
                "www.observerlocalnews.com",
                "www.victoriaadvocate.com",
                "www.phoenixmag.com",
                "www.jaxdailyrecord.com"
            ]
        },
        {
            "rule": "empowerlocal\\.co\\/app\\.js",
            "cookies": 0,
            "fingerprinting": 2,
            "subdomains": [
                "ads"
            ],
            "apis": {
                "window.sessionStorage": 27,
                "Screen.prototype.width": 27,
                "Screen.prototype.height": 27,
                "window.devicePixelRatio": 27,
                "window.innerHeight": 27,
                "window.innerWidth": 27,
                "window.screenY": 1,
                "Navigator.prototype.userAgent": 1
            },
            "sites": 27,
            "prevalence": 0.000184,
            "cnames": [],
            "responseHashes": [
                "07d24901db1f660af29c16cf807b32a17d2f3a8d68faa6cf71adf62117649d50"
            ],
            "type": "Script",
            "firstPartyCookies": {},
            "firstPartyCookiesSent": {},
            "exampleSites": [
                "clevelandmagazine.com",
                "decorahnews.com",
                "www.laconiadailysun.com",
                "www.texasfootball.com",
                "winknews.com",
                "onmilwaukee.com",
                "www.telegraphherald.com",
                "www.bigcountrynewsconnection.com",
                "www.edhat.com",
                "onwardstate.com",
                "lebtown.com",
                "www.washingtonian.com",
                "dentonrc.com",
                "www.tdtnews.com",
                "www.bendbulletin.com",
                "newstalkkzrg.com",
                "www.conwaydailysun.com",
                "www.recordcourier.com",
                "oswegocountytoday.com",
                "www.wweek.com"
            ]
        },
        {
            "rule": "empowerlocal\\.co\\/adserve\\/",
            "cookies": 0,
            "fingerprinting": 0,
            "subdomains": [
                "ads"
            ],
            "apis": {},
            "sites": 28,
            "prevalence": 0.000191,
            "cnames": [],
            "responseHashes": [
                "e3b0c44298fc1c149afbf4c8996fb92427ae41e4649b934ca495991b7852b855"
            ],
            "type": "XHR",
            "firstPartyCookies": {},
            "firstPartyCookiesSent": {
                "lotame_domain_check": 0.00009536849706060668
            },
            "exampleSites": [
                "www.statecollege.com",
                "oswegocountytoday.com",
                "www.jaxdailyrecord.com",
                "www.texasfootball.com",
                "www.recordcourier.com",
                "williamsonsource.com",
                "newstalkkzrg.com",
                "onwardstate.com",
                "njmonthly.com",
                "www.bigcountrynewsconnection.com",
                "clevelandmagazine.com",
                "www.laconiadailysun.com",
                "decorahnews.com",
                "dentonrc.com",
                "www.tdtnews.com",
                "www.victoriaadvocate.com",
                "www.bendbulletin.com",
                "www.wweek.com",
                "www.edhat.com",
                "www.phoenixmag.com"
            ]
        },
        {
            "rule": "empowerlocal\\.co\\/adserve\\/",
            "cookies": 0,
            "fingerprinting": 0,
            "subdomains": [
                "ads"
            ],
            "apis": {},
            "sites": 2,
            "prevalence": 0.0000136,
            "cnames": [],
            "responseHashes": [
                "b5ffe1f7c329677d201ceb3aca7e0b00bd74fbb188628228d187cad44855c359"
            ],
            "type": "Fetch",
            "firstPartyCookies": {},
            "firstPartyCookiesSent": {},
            "exampleSites": [
                "hayspost.com",
                "salinapost.com"
            ]
        },
        {
            "rule": "empowerlocal\\.co\\/adserve\\/",
            "cookies": 0,
            "fingerprinting": 0,
            "subdomains": [
                "ads"
            ],
            "apis": {},
            "sites": 3,
            "prevalence": 0.0000204,
            "cnames": [],