{
    "domain": "enhance.co.jp",
    "owner": {},
    "source": [
        "DuckDuckGo-US"
    ],
    "prevalence": 0.000109,
    "sites": 16,
    "subdomains": [
        "rise"
    ],
    "cnames": [],
    "fingerprinting": 1,
    "resources": [
        {
            "rule": "enhance\\.co\\.jp\\/adu\\.js",
            "cookies": 0.0000817,
            "fingerprinting": 1,
            "subdomains": [
                "rise"
            ],
            "apis": {
                "Document.cookie getter": 12,
                "Date.prototype.getTime": 12,
                "Document.cookie setter": 12,
                "Navigator.prototype.cookieEnabled": 12
            },
            "sites": 16,
            "prevalence": 0.000109,
            "cnames": [],
            "responseHashes": [
                "3e11e1023c7998bb2834b911613713c774fc495ccf45f706f84121ace9ef2dbb",
                "b916d9da1b3206a75dcef4f04d935757a5cec2003780af7551f21a4267ab0788",
                "ef4d25e5dc1e3a7eee61f257196e42ee69e9738e231969e98c5e66e11488be4f",
                "ce59c3bef249812f642ecf0c6faa59ab6234350151865b30465314a56333f01f",
                "691ae49743b745927ac735af1908a2cd013a6c70e7aaaea8206f1cd76ecb31e8",
                "dbd4c141d544f39869c933e454401ef32bfabad9499f66b75ae63de1a38c6b8d",
                "29018bc55f99c99755d580113d0fea0c6308c84aa3508ff713929d7c11a7f31b",
                "21d06d2ecae9e44e14cf4bc411ed931c2bf74ff1c03f7194791efe0096e08c57",
                "5dfe03a1de4be3ef36fc9b54d8f69e01b68fac587e2516327cbc46bf3b62679a",
                "147350eb9981adbcd8ac3f3d926b30c9167f189386371284b13d4df5e04b387e",
                "c867cd29a5a262028e46b3ab0475c5645124cdf16a9574d3dee5ce9f5f7dee08",
                "c73ea87625eb8b2acb6358b84a3a2880a409ebdc064d9e91194143c918781e6d",
                "63d3e8a6333c28c91d2498211914c59cbdcb1eb530739c78d8b36675e0781cd6",
                "080f808d520d8e71e9a4e8297b7fef7fcc9438db8f20b70dcd62c68effa28b48"
            ],
            "type": "Script",
            "firstPartyCookies": {
                "matw_uuid_ADU-HM589NIN": {
                    "ttl": 2592027,
                    "length": 190,
                    "prevalence": 0.000006812035504329049,
                    "uniqueness": 1
                },
                "matw_uuid_ADU-B9381PZU": {
                    "ttl": 2592014,
                    "length": 190,
                    "prevalence": 0.000006812035504329049,
                    "uniqueness": 1
                },
                "matw_uuid_ADU-C03660LZ": {
                    "ttl": 2592023,
                    "length": 190,
                    "prevalence": 0.000006812035504329049,
                    "uniqueness": 1
                },
                "matw_uuid_ADU-67OBDFQ4": {
                    "ttl": 2592010,
                    "length": 190,
                    "prevalence": 0.000006812035504329049,
                    "uniqueness": 1
                },
                "matw_uuid_ADU-DO31ENX0": {
                    "ttl": 2592015,
                    "length": 190,
                    "prevalence": 0.000006812035504329049,
                    "uniqueness": 1
                },
                "matw_uuid_ADU-9MLUAYTS": {
                    "ttl": 2592032,
                    "length": 190,
                    "prevalence": 0.000006812035504329049,
                    "uniqueness": 1
                },
                "matw_uuid_ADU-EC16CL09": {
                    "ttl": 2592019,
                    "length": 190,
                    "prevalence": 0.000006812035504329049,
                    "uniqueness": 1
                },
                "matw_uuid_ADU-6BN5CTMP": {
                    "ttl": 2592006,
                    "length": 190,
                    "prevalence": 0.000006812035504329049,
                    "uniqueness": 1
                },
                "matw_uuid_ADU-DJJMA381": {
                    "ttl": 2592021,
                    "length": 190,
                    "prevalence": 0.000006812035504329049,
                    "uniqueness": 1
                },
                "matw_uuid_ADU-3SNOGE2Z": {
                    "ttl": 2592014,
                    "length": 190,
                    "prevalence": 0.000006812035504329049,
                    "uniqueness": 1
                },
                "matw_uuid_ADU-4GHT9SUQ": {
                    "ttl": 2592013,
                    "length": 190,
                    "prevalence": 0.000006812035504329049,
                    "uniqueness": 1
                },
                "matw_uuid_ADU-85Y8HPS5": {
                    "ttl": 2592007,
                    "length": 190,
                    "prevalence": 0.000006812035504329049,
                    "uniqueness": 1
                }
            },
            "firstPartyCookiesSent": {},
            "exampleSites": [
                "5ch.net",
                "agri.mynavi.jp",
                "akanbo-media.jp",
                "besttrendnews.net",
                "clicccar.com",
                "elife-media.jp",
                "eow.alc.co.jp",
                "firststyle.jp",
                "joshi-spa.jp",
                "motor-fan.jp",
                "mtmx.jp",
                "myjitsu.jp",
                "shiori-tabi.jp",
                "slope-media.jp",
                "www.ichi-oshi.jp",
                "www.inter-edu.com"
            ]
        },
        {
            "rule": "enhance\\.co\\.jp\\/ti",
            "cookies": 0,
            "fingerprinting": 0,
            "subdomains": [
                "rise"
            ],
            "apis": {},
            "sites": 13,
            "prevalence": 0.0000886,
            "cnames": [],
            "responseHashes": [
                "c49376e241200f5cc81991804f389a15575c0079a79197722c5bf454bb3f5a4f",
                "9e3a2e08dc0fb403ec596ab3f044f05434d5db9d484b1b815cfa95801198180b",
                "f043ffb5a02ff7389a0ba7f9811ec4d83fce16cec2f7363f9c98cb0a0ad0a88a",
                "f2ede22e6ff4598b067234709d8b82e042848511a5fe8c85d618067cc1507225",
                "5b2a112dcf0869607200f014036e55ea338a2df820687c473b9fd3a10b8392da",
                "72070ee7289e111912331d3a56e554dcee70bb29e3d96c6921406738edbc29e2",
                "09be947e93f15c80bddb50a4b16024d589a410adcb56e648423c536d66e8d367",
                "fc76b72708558580b419083b422962069727cdf48712857412cf92ea8e8f6dfc",
                "98e99bad7b928cf6ad74601700821d75be2ee340dcfd5d94460d00d885c32cdf",
                "6f8363249e1707bec2f1f391121634cd8b674edcd97c5a85136d22d708609a0a",
                "06a0ce659e9620af5da6246980c2ad8bc07b7d2d8cfb3040e09d89005a857338"
            ],
            "type": "Script",
            "firstPartyCookies": {},
            "firstPartyCookiesSent": {},
            "exampleSites": [
                "5ch.net",
                "agri.mynavi.jp",
                "akanbo-media.jp",
                "besttrendnews.net",
                "elife-media.jp",
                "eow.alc.co.jp",
                "firststyle.jp",
                "mtmx.jp",
                "myjitsu.jp",
                "shiori-tabi.jp",
                "slope-media.jp",
                "www.ichi-oshi.jp",
                "www.inter-edu.com"
            ]
        }
    ],
    "categories": [],
    "performance": {},
    "cookies": 0.0000817,
    "topInitiators": [
        {
            "domain": "first party",
            "prevalence": 0.875
        },
        {
            "domain": "doubleclick.net",
            "prevalence": 0.125
        }
    ],
    "types": {
        "Script": 29
    },
    "nameservers": [
        "ns-1135.awsdns-13.org",
        "ns-581.awsdns-08.net",
        "ns-1977.awsdns-55.co.uk",
        "ns-338.awsdns-42.com"
    ]
}