{
    "domain": "esputnik.com",
    "owner": {
        "name": "NIC.UA LLC",
        "displayName": "NIC.UA"
    },
    "source": [
        "DuckDuckGo-US"
    ],
    "prevalence": 0.000129,
    "sites": 19,
    "subdomains": [
        "site-script",
        "statics",
        "web-events",
        "push",
        "tracker"
    ],
    "cnames": [],
    "fingerprinting": 2,
    "resources": [
        {
            "rule": "esputnik\\.com\\/scripts\\/v1\\/public\\/scripts",
            "cookies": 0,
            "fingerprinting": 1,
            "subdomains": [],
            "apis": {
                "Navigator.prototype.userAgent": 3,
                "window.indexedDB": 3,
                "Document.cookie getter": 3,
                "window.localStorage": 3,
                "Notification.permission": 3
            },
            "sites": 10,
            "prevalence": 0.0000681,
            "cnames": [],
            "responseHashes": [
                "e028c01e0068481c195b7b8a929f1ac121782984235e7647787ee65c41639164",
                "ffd016d1e2bcd6edf7b83f75c2f129716cd8ae192d95f95bf0b79bd13df78d45",
                "52bb24fa62a78d48bac4a29e372545a2045639760f2eb74ad15863e441cc3def",
                "22b6d482440008d74a33299236a3f19de91f2ebcf8e1f008603a75ce28270b64",
                "6bfe85712391a72f0cbd32ca4e5fe11cbfdfab990eebb5f92f0f6bc550e1ddb6",
                "e1c3204f12cc2e99c5d51050f7ad53ba8c4110dfb1d3d19c505ce9df605658ee",
                "3d8d0621f77e2c79b299fcde9b95e349a3b1c2942822c64732692de8d4ddbddd",
                "74c7a9c141db25b20b5092a3d6d8c2c413ba98875e0f144948c382b8a1d16bd7",
                "77d5f81cf1159104d22f77106dc46d867355612960f99dfe8b5992b6785139ad"
            ],
            "type": "Script",
            "firstPartyCookies": {},
            "firstPartyCookiesSent": {},
            "exampleSites": [
                "ask.fm",
                "findmykids.org",
                "heylocate.mobi",
                "mackeeper.com",
                "papersowl.com",
                "phdessay.com",
                "shafa.ua",
                "stripo.email",
                "www.macupdate.com",
                "www.moyo.ua"
            ]
        },
        {
            "rule": "esputnik\\.com\\/site-script\\/v1\\/event",
            "cookies": 0,
            "fingerprinting": 0,
            "subdomains": [
                "site-script"
            ],
            "apis": {},
            "sites": 4,
            "prevalence": 0.0000272,
            "cnames": [],
            "responseHashes": [],
            "type": "Preflight",
            "firstPartyCookies": {},
            "firstPartyCookiesSent": {},
            "exampleSites": [
                "cs.money",
                "heylocate.mobi",
                "stripo.email",
                "www.moyo.ua"
            ]
        },
        {
            "rule": "esputnik\\.com\\/site-script\\/v1\\/event",
            "cookies": 0,
            "fingerprinting": 0,
            "subdomains": [
                "site-script"
            ],
            "apis": {},
            "sites": 4,
            "prevalence": 0.0000272,
            "cnames": [],
            "responseHashes": [
                "6f69de9cdb32a508852b2e7be4bdc73a185368f54114aca80c588b4144d52241"
            ],
            "type": "XHR",
            "firstPartyCookies": {},
            "firstPartyCookiesSent": {},
            "exampleSites": [
                "cs.money",
                "heylocate.mobi",
                "stripo.email",
                "www.moyo.ua"
            ]
        },
        {
            "rule": "esputnik\\.com\\/scripts\\/shim\\.js",
            "cookies": 0,
            "fingerprinting": 1,
            "subdomains": [
                "statics"
            ],
            "apis": {
                "Navigator.prototype.userAgent": 4
            },
            "sites": 4,
            "prevalence": 0.0000272,
            "cnames": [],
            "responseHashes": [
                "74d4b09529b1eb44ea4f9cd64a7776a856a20b174b3b03054cc655070e3b399f"
            ],
            "type": "Script",
            "firstPartyCookies": {},
            "firstPartyCookiesSent": {},
            "exampleSites": [
                "cs.money",
                "heylocate.mobi",
                "stripo.email",
                "www.moyo.ua"
            ]
        },
        {
            "rule": "esputnik\\.com\\/forms\\/v1\\/catalog\\/components",
            "cookies": 0,
            "fingerprinting": 0,
            "subdomains": [],
            "apis": {},
            "sites": 4,
            "prevalence": 0.0000272,
            "cnames": [],
            "responseHashes": [
                "d8975751345e133f88a4b2bc2559e7b300e9ad6005822ffed940a9fec39edb75"
            ],
            "type": "Fetch",
            "firstPartyCookies": {},
            "firstPartyCookiesSent": {},
            "exampleSites": [
                "cs.money",
                "heylocate.mobi",
                "stripo.email",
                "www.moyo.ua"
            ]
        },
        {
            "rule": "esputnik\\.com\\/site-events\\/api\\/v1\\/webevent",
            "cookies": 0,
            "fingerprinting": 0,
            "subdomains": [],
            "apis": {},
            "sites": 2,
            "prevalence": 0.0000136,
            "cnames": [],
            "responseHashes": [],
            "type": "Preflight",
            "firstPartyCookies": {},
            "firstPartyCookiesSent": {},
            "exampleSites": [
                "cs.money",
                "heylocate.mobi"
            ]
        },
        {
            "rule": "esputnik\\.com\\/site-events\\/api\\/v1\\/webevent",
            "cookies": 0,
            "fingerprinting": 0,
            "subdomains": [],
            "apis": {},
            "sites": 2,
            "prevalence": 0.0000136,
            "cnames": [],
            "responseHashes": [
                "e3b0c44298fc1c149afbf4c8996fb92427ae41e4649b934ca495991b7852b855"
            ],
            "type": "Fetch",
            "firstPartyCookies": {},
            "firstPartyCookiesSent": {},
            "exampleSites": [
                "cs.money",
                "heylocate.mobi"
            ]
        },
        {
            "rule": "esputnik\\.com\\/api\\/v1",
            "cookies": 0,
            "fingerprinting": 0,
            "subdomains": [
                "web-events"
            ],
            "apis": {},
            "sites": 2,
            "prevalence": 0.0000136,
            "cnames": [],
            "responseHashes": [],
            "type": "Fetch",
            "firstPartyCookies": {},
            "firstPartyCookiesSent": {},
            "exampleSites": [
                "cs.money",
                "heylocate.mobi"
            ]
        },
        {
            "rule": "esputnik\\.com\\/service-worker\\.js",
            "cookies": 0,
            "fingerprinting": 0,
            "subdomains": [
                "push"
            ],
            "apis": {},
            "sites": 5,
            "prevalence": 0.0000341,
            "cnames": [],
            "responseHashes": [
                "3fcc67dbcb71e117b149c6d1747658cb0c224e9e2a88ccaeade2e754c1bd04e1"
            ],
            "type": "Other",
            "firstPartyCookies": {},
            "firstPartyCookiesSent": {},
            "exampleSites": [
                "graduateway.com",
                "papersowl.com",
                "phdessay.com",
                "shafa.ua",
                "www.moyo.ua"
            ]
        },
        {
            "rule": "esputnik\\.com\\/",
            "cookies": 0,
            "fingerprinting": 0,
            "subdomains": [
                "tracker"
            ],
            "apis": {},
            "sites": 2,
            "prevalence": 0.0000136,
            "cnames": [],
            "responseHashes": [
                "e3b0c44298fc1c149afbf4c8996fb92427ae41e4649b934ca495991b7852b855"
            ],