{
    "domain": "ethicalads.io",
    "owner": {},
    "source": [
        "DuckDuckGo-US"
    ],
    "prevalence": 0.000463,
    "sites": 68,
    "subdomains": [
        "media",
        "server"
    ],
    "cnames": [],
    "fingerprinting": 1,
    "resources": [
        {
            "rule": "ethicalads\\.io\\/media\\/client\\/ethicalads\\.min\\.js",
            "cookies": 0,
            "fingerprinting": 1,
            "subdomains": [
                "media"
            ],
            "apis": {
                "window.innerHeight": 7,
                "window.innerWidth": 7
            },
            "sites": 9,
            "prevalence": 0.0000613,
            "cnames": [],
            "responseHashes": [
                "79620bdfdcacc5c0728bd2f6a327853c9d2fa47c961743b2b8d70911bf7d8405"
            ],
            "type": "Script",
            "firstPartyCookies": {},
            "firstPartyCookiesSent": {},
            "exampleSites": [
                "sqlalchemy.org",
                "cryptii.com",
                "datatables.net",
                "greasyfork.org",
                "maclookup.app",
                "w3techs.com",
                "www.codewars.com",
                "www.markdownguide.org",
                "www.sqlalchemy.org"
            ]
        },
        {
            "rule": "ethicalads\\.io\\/api\\/v1\\/decision\\/",
            "cookies": 0,
            "fingerprinting": 0,
            "subdomains": [
                "server"
            ],
            "apis": {},
            "sites": 37,
            "prevalence": 0.000252,
            "cnames": [],
            "responseHashes": [
                "da5c62310d8a70a2d1a77a5b5d80b52a136c0c3de2c6c4b5a07fd8c5e4719981",
                "bf1783cf793cd91a8cf47a65c1bbe205fb0c89d49dfaf6954adcb9f602f3c393",
                "9a61453fe6c9b32a40fcf31f32fcfc4c20f9dc1bbef2c88d29e332f01d69b0e5",
                "3b8b37f545569e1fb5beeab609753ec78a0244c8ffc5b8747db7a70bf42f785e",
                "024e4075a9baec52e15a727b2405d5a8dfba207676ef9395162cb5cfb5ee4f42",
                "7847f1ba7b7f81ea441c9f067faa71b977ae107f975c9ed3ca5877f38b965104",
                "ef7a916614eee1dd17d187eb6c6786059031adea6f7c806d7e2f953fd5e47298",
                "eab7320c621a3254ce09eec42bc3c46e5d7acce95ce85ce372dab3e52a135224",
                "a8f60ab7738ed5865fe6baae01d197cd888cc18d287c53e27d016d68614fbde3",
                "377272de19f75bae231d86a6c8921df03836ff02cd36cae1a3b228bb2b95947e",
                "9903da03cbbf22079f926b2c01b63173034096c8b8620e5300b6cb71435a23e5",
                "51965355429c2dfeb36e1d790f9e9cf4d1d943d5c9cde21edfb432846f3513c7",
                "d72be878272687f8dae15f172f3d320eed1afcf9b648e2034a66bd2c23cd3840",
                "0be19cf1645326940e7f0b3ac7f204e5eb79415e3d5feabc006d460d1fbe02f6",
                "28f163f123a833dda692aace7307dca9596ec18c6b4deffa81ce3f572d05758c",
                "6a516c8c36b0c2a2f4884390def9b29212ea0880eb8635947838e933ec422b8e",
                "9b8ab289424ef64f9e20603b123d8d7b3f00517a0b7558ea8a741baffcb4dbdd",
                "784ec14f7bea8669f19537528ea8db71679e744b59cfa31609e49e0051cd2cc1",
                "3e99864ae98efd2198fb04c8ee174657d5bde5213dbe4e934aa7319897a9898b",
                "2dbe067b65bd0d85adb69eb906cd12be33e51b97465950c46882033a66b5e3dd",
                "f438a512f36078555bd829cfc63d6ab71416bc329a0618b0f3664964d07c69b4",
                "fadc09d0cded7eab5ecbcefa589e358aa3609126f7eb48905e6f6c39f65b5259",
                "fa1a044096d405d772a2b6c3eee7feae7db0f842aa78ccefc9a8ea7281326140",
                "6a01d1f7948234e91c34d36961b5d6fc823088013e28b4c7ef08564a92ded884",
                "ed5ab0a217c4b48777082049bd3e330756128aa2288882d69cb4ed816f815d14",
                "475e4772680d2519c6fdb2a86e0d1b25ef6d530e00387e02e9631af1c47d022a",
                "93983e4641f3d6ed7d5eefd1308b781a963ac5b598309034f0bfdc23a417ec1f",
                "0946be0e12fbcf4120a0a4de51a9b8c8fa6809ef14186071a0c29810ef1e2096",
                "d6bff61e0bcf77773e7340476282d8f6f1002cac3b67360cdce16bef95b70fe6",
                "bf0d4c9c68c6b33da10dff8c4d15cb698c0fa1acbfbe2174ff5bf94596211a57",
                "925eac6aa02234a2b6c9d6e18d597b8ec0afefbdf76d62fec887d3c284fdd2e2",
                "6fe51ce19d9e6c4929a9b3b07bb793dc389626adbc7d50d5e9bfb66709056b8f",
                "80475ad4301ee3ee44647e17493390c1122c31279fe429a722bf72a86b88b7ee",
                "17b2b376a339c0b6b8d6fb7d85c3ece9b9cbd08810237a12d7dc74219f077be7",
                "7b90435e25aeeed3d1a711413296b9964bf50b4463265e0856ae2fc468e78040",
                "6b0513a50f49c62f4452000e16524ef844f050b7479e53b56bbf37fd0912a4c5"
            ],
            "type": "Script",
            "firstPartyCookies": {},
            "firstPartyCookiesSent": {},
            "exampleSites": [
                "docs.celeryq.dev",
                "geopandas.org",
                "xgboost.readthedocs.io",
                "gpt-index.readthedocs.io",
                "rich.readthedocs.io",
                "pip.pypa.io",
                "www.sqlalchemy.org",
                "pillow.readthedocs.io",
                "datatables.net",
                "inkscape-manuals.readthedocs.io",
                "docs.wpilib.org",
                "sqlalchemy.org",
                "docs.flatpak.org",
                "pylint.pycqa.org",
                "setuptools.pypa.io",
                "docs.python-requests.org",
                "pipenv.pypa.io",
                "flask.palletsprojects.com",
                "click.palletsprojects.com",
                "mypy.readthedocs.io"
            ]
        },
        {
            "rule": "ethicalads\\.io\\/abp\\/px\\.gif",
            "cookies": 0,
            "fingerprinting": 0,
            "subdomains": [
                "media"
            ],
            "apis": {},
            "sites": 40,
            "prevalence": 0.000272,
            "cnames": [],
            "responseHashes": [
                "7eed972b08b23a31630cab49ff3f19afa7c0068ae7499720be8f98160555c262"
            ],
            "type": "Image",
            "firstPartyCookies": {},
            "firstPartyCookiesSent": {},
            "exampleSites": [
                "gpt-index.readthedocs.io",
                "docs.wpilib.org",
                "click.palletsprojects.com",
                "www.markdownguide.org",
                "w3techs.com",
                "mypy.readthedocs.io",
                "inkscape-manuals.readthedocs.io",
                "alembic.sqlalchemy.org",
                "bitburner.readthedocs.io",
                "jinja.palletsprojects.com",
                "docs.xarray.dev",
                "cryptii.com",
                "docs.securityonion.net",
                "flask.palletsprojects.com",
                "setuptools.pypa.io",
                "pylint.pycqa.org",
                "geopandas.org",
                "greasyfork.org",
                "docs.podman.io",
                "sqlalchemy.org"
            ]
        },
        {
            "rule": "ethicalads\\.io\\/media\\/client\\/beta\\/ethicalads\\.min\\.js",
            "cookies": 0,
            "fingerprinting": 1,
            "subdomains": [
                "media"
            ],
            "apis": {
                "window.innerHeight": 27,
                "window.innerWidth": 10
            },
            "sites": 35,
            "prevalence": 0.000238,
            "cnames": [],
            "responseHashes": [
                "79620bdfdcacc5c0728bd2f6a327853c9d2fa47c961743b2b8d70911bf7d8405"
            ],
            "type": "Script",
            "firstPartyCookies": {},
            "firstPartyCookiesSent": {},