{
    "domain": "eu-3-id5-sync.com",
    "owner": {},
    "source": [
        "DuckDuckGo-US"
    ],
    "prevalence": 0.000211,
    "sites": 31,
    "subdomains": [
        "c0",
        "c1"
    ],
    "cnames": [],
    "fingerprinting": 0,
    "resources": [
        {
            "rule": "eu-3-id5-sync\\.com\\/",
            "cookies": 0,
            "fingerprinting": 0,
            "subdomains": [
                "c0",
                "c1"
            ],
            "apis": {},
            "sites": 23,
            "prevalence": 0.000157,
            "cnames": [],
            "responseHashes": [
                "e7f6c011776e8db7cd330b54174fd76f7d0216b612387a5ffcfb81e6f0919683",
                "df7e70e5021544f4834bbee64a9e3789febc4be81470df629cad6ddb03320a5c",
                "19581e27de7ced00ff1ce50b2047e7a567c76b1cbaebabe5ef03f7c3017bb5b7",
                "a9f51566bd6705f7ea6ad54bb9deb449f795582d6529a0e22207b8981233ec58",
                "4e07408562bedb8b60ce05c1decfe3ad16b72230967de01f640b7e4729b49fce",
                "5feceb66ffc86f38d952786c6d696c79c2dbc239dd4e91b46729d73a27fb57e9",
                "6b23c0d5f35d1b11f9b683f0b0a617355deb11277d91ae091d399c655b87940d",
                "2c624232cdd221771294dfbb310aca000a0df6ac8b66b696d90ef06fdefb64a3",
                "f67ab10ad4e4c53121b6a5fe4da9c10ddee905b978d3788d2723d7bfacbe28a9"
            ],
            "type": "Fetch",
            "firstPartyCookies": {},
            "firstPartyCookiesSent": {},
            "exampleSites": [
                "metro.co.uk",
                "www.dailymail.co.uk",
                "www.johnsoncitypress.com",
                "www.bodyandsoul.com.au",
                "www.timesnews.net",
                "www.news.com.au",
                "kuruma-news.jp",
                "www.adelaidenow.com.au",
                "www.dailymail.com",
                "www.hometheaterforum.com",
                "www.skynews.com.au",
                "www.canonrumors.com",
                "brit.co",
                "hothardware.com",
                "www.foxsports.com.au",
                "www.theaustralian.com.au",
                "webmail.juno.com",
                "my.juno.com",
                "my.netzero.net",
                "guides.brit.co"
            ]
        }
    ],
    "categories": [],
    "performance": {},
    "cookies": 0,
    "topInitiators": [
        {
            "domain": "id5-sync.com",
            "prevalence": 0.7428571428571429
        },
        {
            "domain": "sentry-cdn.com",
            "prevalence": 0.2
        },
        {
            "domain": "first party",
            "prevalence": 0.05714285714285714
        }
    ],
    "types": {
        "Fetch": 23
    },
    "nameservers": [
        "jack.ns.cloudflare.com",
        "jessica.ns.cloudflare.com"
    ]
}