{
    "domain": "extreme-ip-lookup.com",
    "owner": {},
    "source": [
        "DuckDuckGo-US"
    ],
    "prevalence": 0.000429,
    "sites": 63,
    "subdomains": [],
    "cnames": [],
    "fingerprinting": 0,
    "resources": [
        {
            "rule": "extreme-ip-lookup\\.com\\/json\\/",
            "cookies": 0,
            "fingerprinting": 0,
            "subdomains": [],
            "apis": {},
            "sites": 10,
            "prevalence": 0.0000681,
            "cnames": [],
            "responseHashes": [
                "72d1be02b11a8e90d85d3f2c3cb236251a5050a35d7c959f9b733e5a4b68f37e",
                "8d39c5ec2c693787a5f4363bac2dbf7b4bfde53ea216c0750b274d32e67ad72c",
                "2be5e8259d89d3fcc41674acc020cef788bb131133c0f513b64fa86570ec3cca",
                "6a16a96966be62d66e9cdede59054c55907d5f1bcda7a87c6234d50767e47668",
                "4484e07f285e6e2977e91ffdfb3a2034aa34b6c7ac234c0fc4a92a6d0d0cecd7",
                "7d30c002247f8b671301756fca383034c48159e0dfc45191490e0d5603c54a8e",
                "f55ed0e51325c53cee01e3c022c55c81f41b6fd815dd6cddbde39733229937bd",
                "fb1601ccdbfe46ef6bbb3a9b1c0d5afc412192095a7bf1dc8c129ac58fd4a53a",
                "906a10ce828d417ab7aec753f48ec464dfdab156855363a4efef5e14e70e5044"
            ],
            "type": "Script",
            "firstPartyCookies": {},
            "firstPartyCookiesSent": {},
            "exampleSites": [
                "joinhandshake.com",
                "inventory.haulmark.com",
                "knowledge-center.solaredge.com",
                "www.avogel.co.uk",
                "www.electroworld.nl",
                "www.jackery.com",
                "www.mc-mc.com",
                "www.radioddity.com",
                "www.themarginalian.org",
                "www.watkins1868.com"
            ]
        },
        {
            "rule": "extreme-ip-lookup\\.com\\/json\\/",
            "cookies": 0,
            "fingerprinting": 0,
            "subdomains": [],
            "apis": {},
            "sites": 27,
            "prevalence": 0.000184,
            "cnames": [],
            "responseHashes": [
                "079a1692a0ceb9505d4fa20e462266552625b9a3c77be2ae1be509964a4e1104",
                "3c5706c45c80828ce219294bf055a532ceb046f70250c81b9be77880ae3b12f6",
                "3ce86ce676610eaecc2fc5b8a8d29412b04f1ee957dabe97842fb278911013f9"
            ],
            "type": "XHR",
            "firstPartyCookies": {},
            "firstPartyCookiesSent": {},
            "exampleSites": [
                "www.caiway.nl",
                "www.mzansifun.com",
                "www.plannthat.com",
                "boostmeup.com",
                "bondagevalley.cc",
                "mixedwrestling.video",
                "www.sbtjapan.com",
                "www.globalplasticsheeting.com",
                "newsroom.ucla.edu",
                "bibleproject.com",
                "www.royalenfield.com",
                "visitidaho.org",
                "tophat.com",
                "lesalonbeige.fr",
                "score808.us",
                "playtube.tv",
                "www.cabdirect.org",
                "plantaddicts.com",
                "cartoonpornvids.com",
                "n1info.rs"
            ]
        },
        {
            "rule": "extreme-ip-lookup\\.com\\/json",
            "cookies": 0,
            "fingerprinting": 0,
            "subdomains": [],
            "apis": {},
            "sites": 3,
            "prevalence": 0.0000204,
            "cnames": [],
            "responseHashes": [
                "01fa6a952433c14e8252f33e30702c244454c97f20248284935ea2f9e71465fe",
                "65f4ba18241a00257dec72255d33a13c33ab5e2bfab1468bae973d881ebfa4dc"
            ],
            "type": "Script",
            "firstPartyCookies": {},
            "firstPartyCookiesSent": {},
            "exampleSites": [
                "diyprojects.com",
                "guncarrier.com",
                "sewing.com"
            ]
        },
        {
            "rule": "extreme-ip-lookup\\.com\\/json\\/",
            "cookies": 0,
            "fingerprinting": 0,
            "subdomains": [],
            "apis": {},
            "sites": 8,
            "prevalence": 0.0000545,
            "cnames": [],
            "responseHashes": [
                "3ce86ce676610eaecc2fc5b8a8d29412b04f1ee957dabe97842fb278911013f9",
                "3c5706c45c80828ce219294bf055a532ceb046f70250c81b9be77880ae3b12f6",
                "079a1692a0ceb9505d4fa20e462266552625b9a3c77be2ae1be509964a4e1104"
            ],
            "type": "Fetch",
            "firstPartyCookies": {},
            "firstPartyCookiesSent": {},
            "exampleSites": [
                "holler.country",
                "liftmode.com",
                "majhinaukri.in",
                "technclub.com",
                "www.der-ersatzteile-profi.de",
                "www.dutchgrown.com",
                "www.shaalaa.com",
                "www.tropical-islands.de"
            ]
        }
    ],
    "categories": [],
    "performance": {},
    "cookies": 0,
    "topInitiators": [
        {
            "domain": "first party",
            "prevalence": 0.6197183098591549
        },
        {
            "domain": "googletagmanager.com",
            "prevalence": 0.14084507042253522
        },
        {
            "domain": "bigcommerce.com",
            "prevalence": 0.04225352112676056
        },
        {
            "domain": "cloudflare.com",
            "prevalence": 0.028169014084507043
        },
        {
            "domain": "useinfluence.co",
            "prevalence": 0.028169014084507043
        },
        {
            "domain": "attriva.com",
            "prevalence": 0.028169014084507043
        },
        {
            "domain": "cookiebot.com",
            "prevalence": 0.028169014084507043
        },
        {
            "domain": "msecnd.net",
            "prevalence": 0.028169014084507043
        },
        {
            "domain": "adsinnov.com",
            "prevalence": 0.014084507042253521
        },
        {
            "domain": "beelinks.solutions",
            "prevalence": 0.014084507042253521
        }
    ],
    "types": {
        "Script": 13,
        "XHR": 27,
        "Fetch": 8
    },
    "nameservers": [
        "ns2.extreme-ip-lookup.com",
        "ns1.extreme-ip-lookup.com"
    ]
}