{
    "domain": "featuregates.org",
    "owner": {},
    "source": [
        "DuckDuckGo-US"
    ],
    "prevalence": 0.000743,
    "sites": 109,
    "subdomains": [],
    "cnames": [],
    "fingerprinting": 0,
    "resources": [
        {
            "rule": "featuregates\\.org\\/v1\\/initialize",
            "cookies": 0,
            "fingerprinting": 0,
            "subdomains": [],
            "apis": {},
            "sites": 79,
            "prevalence": 0.000538,
            "cnames": [],
            "responseHashes": [
                "382b8216ebb36eae8df87678924e6f4670be275c4515a0470afaf6a4578d6d88",
                "7eaf3b65fcb1584bcfd70e8d6298be904db721dedb06a10440a934f5aec6926a",
                "b7630e2915163419c64cbf8f6bba7058a2aec7538caf1911edec594514c42299",
                "713b63b4b33c612538c1d8b46e893c1073789163e22c0403eea6e6aa7f418c81",
                "e5d7b7f259b7b2798db6e8c4c82fc39eb480cdd2d77f0ffe9f67327ce068ebc8",
                "39d2ed779c99445ad57f3be254aef7a5fb3580d211160abd9ee09b90aebb9058",
                "b59545c7aadd69ca9a0e38888ca7a6400f462ccb4f4de8b918cf684cc2efc7b3",
                "3af2dcbaece332c810e4c1c9d866c3f4a00b5e4deec683f69591db18ec950c96",
                "0d0524fb9dffcf074d416cfd6c841248e2c5ef1c418a41aa823a6e1376f67eb1",
                "29e0bf044e7928ce219849c161d27d3cceb37a6ddb5c52c6349c4ff7fa0fc590",
                "76fc1830f4b9503f3cf21b848ddefb984103d77840f90e6a8f760d28d35e7cea",
                "f13cfccb495ea3fe1d0b0cb60f1d04c2b107b5949ac2be04401cc0b4d5a9b553",
                "da81ced0b522a000f705f46335fb38283f8b3a5a45c02e922ab1b22b90b42189",
                "e4eb275abd38ab68792e40ea5a9584b40385fb43369c013775bda4cae5a5034f",
                "3a74a9a732f5125a8e19e568a7a6809a0891ffb7a4ef6707528b8e505ac20e7e",
                "37bbd2b1c2a845b61945579e3b1d8499c916a0e7357cb6f7047f5b4ed747a080",
                "fbbb0a4f0256e109c7a8ad6f34432ad33808d3f6c0ffc6d9a522839ab6666afc",
                "3cd1af9c7bbeadde7033b86984c2e60409b051820341e0ab59f0864389a3616a",
                "89ae35a0fb262887024db547ea9d73813988bbf3d03dc84835bd691b358f6200",
                "73975fe3480cb366face547cb61301641c2029c511966d9cce8162ddc64181ba",
                "9da1b053d0fb4dbec8d1af21cfff371abf4bff56e68c756b14c00a5cdd2eb1c3",
                "7a977a9b8ea09dba8e5e6040342f7c57817c393eed2a65ed6c430d76c05ec207",
                "189ff188b2b4b2fb1594afe61f35cff7e5e3cedd54ffb03962615c1d9f1181d3",
                "aecc432b79f398db4dd9d88b9a29ef82b85d9ab789815b666b6790af6940585f",
                "ccfc219a046a3ba9702f79e399c68e663afa22bfeac2e590ddfe2ff8ebe5474a",
                "715715b30c17f8358411dec9a9df8a8b849c1389effc3639df2521f3f449a4be",
                "86c590d765355be36e218df9c30e72e156dcc7855850820e505b63109b8eb351",
                "36621ccf8991018663dab595e4da049e864a0839611f1174afb1f1888a0c0e05",
                "fcd85597e2395a824e1bc5fbc7d0bec96af8e94e1aedabeda5ec6b25781b047b",
                "95e8d669a5247266a76258b96e07b4ac74db46f1c46dfa828c8baa89b5ce622e",
                "2e24d14ec9651f1f5b9b17b636fe3292813e78864e8055ee97cb51ee7afe3685",
                "b419f4110eedd9eadf8a07b57242164b010079791b8bab92bd48932c3385ebab",
                "add3b0415b3868e2f20f9b9e1a5bddc81366b0106a404e4587ac9f28557a6bb8",
                "08f4f24692215c9dc2daa699743dd84f85e0cf1b141ccae2ba4090474c315e99",
                "0997ed94e6e8815634f1c862ed4de7698132d635dd97e3c583b91646743a644c",
                "ab85f3eea79a7d3d8573deca4020f83ebc10da7eedc2e24703f32bad4d4cc8ae",
                "8a0bd311d517b1aaeefdd182fe7000e6f5518db62cbb9c3e34e9d22d6af62ff3",
                "4c8105e34e9df210b97bf668cbeff4356a491c407b0874e96573164b66f04769",
                "1ed5163e73ac122f018a2ecae95fbbd8490241262319b77b63a4e52183af2003",
                "806d67946b70a4b085a61e7111a726fe02264b03b152f5ebedf4d5d571864d1c",
                "0d33edbfbb48a1a9b8b9f6b4e004353fa61e4a472be655ed4de4c7b1b7314500",
                "c37afc02984ab46f2a26e5217a2d786fe2cd5c57834791f6ca89596d78ad45fd",
                "77331b086c2cf67fc1c297b845d44f76e9989519f9921eb5a7b5397d7743f3df",
                "4309da73e19fe13ec394e449521723c7b636f07d67942abbdbe3b9b45f9cd85a",
                "36fa1b11a9580074cc2663c551447b26d7f90ef7745b4c13769d97551d845692",
                "c3d2674ec7c17f4131ab966720d259567e6c1556e8ca4c11b237013ce532085a",
                "da3b1b31bed4903e7a0c533aba0c70dd20762ed8c4ff24c0f6de36c6035e84c4",
                "a931f6fa3f94558424b6c57c4161a594fcf7742853698c51af94ac3ebe5e41ea",
                "dfe81fba2327ca5c76ebc14368c9c9fd5167c61766fed3d4950c3000552e8563",
                "7f78c09997e745a172f609436d07e1dfb6a1fe640bdd8b421dd0cdff74bafe00",
                "1e58f140ac1dd9984f5af4f712c91a07719e9cdae4c911e88367a3fbbc7bfff3",
                "5480033066782cfd5ba2fdf7d6549a4a499c309a6a93f86cb2e2be68982880a4",
                "3d92d2a34a25c652a6ed76a2bbc92d881fd0fd8b00e492eb80b3c6e716c0214c",
                "7aba031fe22d371e0c06b8d7c6b5ab202bb45934443ce024898ab0341077e886",
                "f2cd9d400e8d5d79aa029232e3acb52f2d31525897b1e3c41dbb37805697f22c",
                "05dd7daf4682f2d716b80fe7b3de701671e8906dc66a71e9ccd188793927827a",
                "c0fd8c391d06df95f8d581aaef17a84368e69c82bacca975fe9dd5505c696e8e",
                "d2ed300c7c74e38f2e3c4cb2bb0821f5fbf6da277883198187c4168fd37d1e9b",
                "8ac1845a8c95c62f563711d908e7bb3997d72af631f32f370459fc9b954bb467",
                "b00ad91abe33fe92f21871b5b94e946a4f5c0d4171ba957fe92dc1df71e453db",
                "59dae3463a559c2c5626ba15e7732b6b0a0d6946cfecfdd5b9bbb01aa2cf438f",
                "6f38c56bd9f2b1d6944e33dc847f567d11745638e9de14270e17adf22b3ddc6c",
                "16b9f6d005d8b741bc6ad8b27bdd27e770adced551c02f1fd33dd1e3bcabaa75",
                "c7f3f901da3cf6f1dddfefa2c902967cd7ab65ddab8abcda4c43054cdf9b8344",
                "bb860b43ef3252e161a03e36f08cf3f7d04cc6673017d0e1650d439bb0e23942",
                "2fbfbb16bedea0782b7d094712819214ca74e0356e15d4df043b18552b147800",
                "edd6b793873b99df19cdee53576adff12b3e83beb9f5a8af3bdf1cfccbba901e",
                "c20babe46b27e5dbc0227b084c8ebbe4955c130658571912e6ebf86f8ac72aaf",
                "b6969bb87bd0d213634adfe9de18c88b07f77b3eea02f3b69cfd31041fa7f169",
                "a43afd1a81ce3137f489c5f9b5da981b6e25080da3776db1fddd0ebede9ab9eb",
                "554a69d43d9a90d7d34329d28aac556979c67a721099c00623f51c5837dc71c6",
                "79367bcee6db65ed2b8a9a596673ef8e07152f392555b1692258db7c45a2ca54",
                "80b483a4c0124bb92ebcb3c6a134d5cde992c576c342c225c604564cddedac4c",
                "72748e76ba48e4abd8054fa82b8dd9c4877566816bf0e987175a3c09f0183329",
                "42bf5db5d885d1ddcf7f59e6923ca3bb21fceb93dc79e690a4a10b7e87009058",
                "42c6104ec6f003b3df66c078e7b93842f1a1c7c6dd87dd1383adeb0abed44872",
                "bdad8ed9a6c47c9b4279a75a84c6302821a4eb7f92c906042f3342bb7d5840e3"
            ],
            "type": "Fetch",
            "firstPartyCookies": {},
            "firstPartyCookiesSent": {},
            "exampleSites": [
                "soundcloud.com",
                "growtherapy.com",
                "www.audioadvice.com",
                "www.cervera.se",
                "ironman4x4america.com",
                "m.soundcloud.com",
                "www.eventbrite.co.uk",
                "www.poco.de",
                "growershouse.com",
                "www.headlightsdepot.com",
                "www.xxxlutz.ch",
                "lowrangeoffroad.com",
                "www.toadandco.com",
                "www.signaturehardware.com",
                "renuebyscience.com",
                "www.andrewchristian.com",
                "www.voguewigs.com",
                "www.cointracker.io",
                "garrettwade.com",
                "www.eventbrite.de"
            ]
        },
        {
            "rule": "featuregates\\.org\\/v1\\/initialize",