{
    "domain": "feedify.info",
    "owner": {},
    "source": [
        "DuckDuckGo-US"
    ],
    "prevalence": 0.0000681,
    "sites": 10,
    "subdomains": [
        "settings"
    ],
    "cnames": [],
    "fingerprinting": 0,
    "resources": [
        {
            "rule": "feedify\\.info\\/thirdparty\\/json\\/setting\\/",
            "cookies": 0,
            "fingerprinting": 0,
            "subdomains": [
                "settings"
            ],
            "apis": {},
            "sites": 10,
            "prevalence": 0.0000681,
            "cnames": [],
            "responseHashes": [
                "811e390da68a9eeb674def7a1cc775a36322c077265fd8945b9cafc618c74adb",
                "7bd1ea442fa0749c382ec51ddf5f9b0d800183a23face34c9c8f6fc35f9e6dde",
                "3ea92693a05663358bf7a55b299a89fd406d72788fa4ef7b7fb11e1ef0fb14f5",
                "d1bfba04cc0251bf3b0e9a8b35ec368884e3dbc896a48919ef70446cbfd40145",
                "883bd84f06e70caee48818fd84170e12955f5dcdfa1d061ff39d7499bec9a42c",
                "c7df10bbe17155dcd904db584603d2e52adefbfe538b1dfd910b8f7925bd4002",
                "af1e16b8c8a60054ec0d14a844e8251a07716e162c6a07244595f5f6ad214ca5",
                "0d047ec99481ed71648d1731716413fda1d754964edb5922d507ac8e7b422fd4",
                "7ae58d5289af57ccb3d3595ed997c57af3da1dd392f9199e22087e5b8af0d924"
            ],
            "type": "Script",
            "firstPartyCookies": {},
            "firstPartyCookiesSent": {},
            "exampleSites": [
                "ragalahari.com",
                "newsmeter.in",
                "wisden.com",
                "www.aplustopper.com",
                "www.autocarindia.com",
                "www.learninsta.com",
                "www.majhimarathi.com",
                "www.ncertbooks.guru",
                "www.news9live.com",
                "www.successcds.net"
            ]
        }
    ],
    "categories": [],
    "performance": {},
    "cookies": 0,
    "topInitiators": [
        {
            "domain": "feedify.net",
            "prevalence": 0.9166666666666666
        },
        {
            "domain": "first party",
            "prevalence": 0.08333333333333333
        }
    ],
    "types": {
        "Script": 10
    },
    "nameservers": [
        "nova.ns.cloudflare.com",
        "finley.ns.cloudflare.com"
    ]
}