{
    "domain": "fireworkadservices1.com",
    "owner": {},
    "source": [
        "DuckDuckGo-US"
    ],
    "prevalence": 0.000334,
    "sites": 49,
    "subdomains": [],
    "cnames": [],
    "fingerprinting": 0,
    "resources": [
        {
            "rule": "fireworkadservices1\\.com\\/api\\/ad_setting",
            "cookies": 0,
            "fingerprinting": 0,
            "subdomains": [],
            "apis": {},
            "sites": 41,
            "prevalence": 0.000279,
            "cnames": [],
            "responseHashes": [],
            "type": "Preflight",
            "firstPartyCookies": {},
            "firstPartyCookiesSent": {},
            "exampleSites": [
                "cymbiotika.com",
                "www.anker.com",
                "mainichi.jp",
                "www.prioritypass.com",
                "www.olive-hitomawashi.com",
                "www.victoriassecret.com",
                "maquia.hpplus.jp",
                "replacements.com",
                "www.westfield.com",
                "naturium.com",
                "www.wigstudio1.com",
                "us.eufy.com",
                "www.fashionsnap.com",
                "us.anker.com",
                "www.hottopic.com",
                "motor-fan.jp",
                "www.bareminerals.com",
                "thefreshmarket.com",
                "www.liquid-iv.com",
                "www.zennioptical.com"
            ]
        },
        {
            "rule": "fireworkadservices1\\.com\\/api\\/ad_setting",
            "cookies": 0,
            "fingerprinting": 0,
            "subdomains": [],
            "apis": {},
            "sites": 41,
            "prevalence": 0.000279,
            "cnames": [],
            "responseHashes": [
                "44136fa355b3678a1146ad16f7e8649e94fb4fc21fe77e8310c060f61caaff8a",
                "c0657ec3a7cb01cd330eaf7895ad629660f8e1ff35731dffc9543bfac5799306",
                "601d2f405afb17d6ad940cfe928f950c9fc11f04e6ccb4c820a9acbb427004e8",
                "0301acbb43994cfd95d3f819f673e8117f74293897c6d93521fe669f517b8ea1",
                "9a7ece7b44b35f6ba49f1a8ecf77f4d2695f29fd16c9326d1a51e66d419aa583",
                "084df38001968a3f5f518ca59a90a1e6db0385fc6936e3027529bc3127870834",
                "835498c67b378107a32b3589233ea04bc678b0f406fcec3453e3ce42c7f2f26f",
                "9ae93204e6f56e5165c67884e09048f19fca83cfb6c8302098328a6f3ad00a7c",
                "207a72f5e18e8c85ecc1344d3d08e6af4b44866e47377ca88b4c9f550afd2223",
                "3ef042cfe9d5a880cc6a0d3768641c558e3109513b54205b738575c3a04b691e",
                "51d0a9e3bd9ffc25483790aaffe7a3597e642edd040dddb16aafc324e6e922ed",
                "f42cea9432738ea16f36ab3eae6a32f992b1e685cf160f70a44cbbbd8b02152d",
                "6498647286e210996fe781cd8a49825a585d75720571e7285b58f4d092775634",
                "fbef21c4305e4e9c94e54989cfbaa50642d01fe92fae750895710087b83e54dd",
                "4eb092a5ffdfe188a7df1469b645a4956c33f44df01a46e7c966c56460fda7b9"
            ],
            "type": "Fetch",
            "firstPartyCookies": {},
            "firstPartyCookiesSent": {},
            "exampleSites": [
                "gendai.media",
                "www.westfield.com",
                "www.sneakerfreaker.com",
                "www.jackery.com",
                "www.fashionsnap.com",
                "www.blogto.com",
                "www.juxtapoz.com",
                "www.tribuneindia.com",
                "mainichi.jp",
                "victoriassecret.com",
                "madamefigaro.jp",
                "www.anker.com",
                "www.thefreshmarket.com",
                "naturium.com",
                "www.victoriassecret.com",
                "motor-fan.jp",
                "www.bluettipower.com",
                "us.anker.com",
                "www.prioritypass.com",
                "www.whowhatwear.com"
            ]
        }
    ],
    "categories": [],
    "performance": {},
    "cookies": 0,
    "topInitiators": [
        {
            "domain": "first party",
            "prevalence": 0.44285714285714284
        },
        {
            "domain": "fwcdn2.com",
            "prevalence": 0.15714285714285714
        },
        {
            "domain": "fwpub1.com",
            "prevalence": 0.1
        },
        {
            "domain": "fwcdn3.com",
            "prevalence": 0.1
        },
        {
            "domain": "bigcommerce.com",
            "prevalence": 0.08571428571428572
        },
        {
            "domain": "minmaxify.com",
            "prevalence": 0.05714285714285714
        },
        {
            "domain": "noibu.com",
            "prevalence": 0.014285714285714285
        },
        {
            "domain": "datadoghq-browser-agent.com",
            "prevalence": 0.014285714285714285
        },
        {
            "domain": "fwcdn1.com",
            "prevalence": 0.014285714285714285
        },
        {
            "domain": "shopify.com",
            "prevalence": 0.014285714285714285
        }
    ],
    "types": {
        "Preflight": 41,
        "Fetch": 41
    },
    "nameservers": [
        "ns-197.awsdns-24.com",
        "ns-1462.awsdns-54.org",
        "ns-1612.awsdns-09.co.uk",
        "ns-1016.awsdns-63.net"
    ]
}