{
    "domain": "flixtrial.com",
    "owner": {},
    "source": [
        "DuckDuckGo-US"
    ],
    "prevalence": 0.000191,
    "sites": 28,
    "subdomains": [
        "engine",
        "cdn"
    ],
    "cnames": [],
    "fingerprinting": 2,
    "resources": [
        {
            "rule": "flixtrial\\.com\\/",
            "cookies": 0,
            "fingerprinting": 2,
            "subdomains": [
                "engine"
            ],
            "apis": {
                "Navigator.prototype.userAgent": 13,
                "window.devicePixelRatio": 2,
                "Screen.prototype.width": 2,
                "Screen.prototype.height": 2,
                "window.innerWidth": 2,
                "window.innerHeight": 2,
                "Navigator.prototype.webdriver": 2
            },
            "sites": 13,
            "prevalence": 0.0000886,
            "cnames": [],
            "responseHashes": [
                "80ef94bfe82825c9f9570d931f0dfca659ea59c3448089783bce589fbc9eb649",
                "e7b1f4d76a250b812f59054a5f223e9efd8464d5796e74230c25383e3ed1bdb3",
                "6683300a23498419e35c4aec57f260b695920ad8371b1a46d5c281630cf15e77",
                "e10a48d61f4c3fa81a15f4f61e236a311ae439326c8589de4e4b1f935152bd39",
                "46c36b7a3e6525d1c109291eac0ed45092dfcc8f33c0e653f1d3183ce3ae3914",
                "3610baec74d086be2e97dc4e77a7784562912e53799604f9eca65d51f112a695",
                "1c440ae5c2df93dd5f2b7fd3ff0d95cabac835187a9cc821b6f3e4cdd00ab70e",
                "8d952cb03029d917c62572c3d644bdca06423a1b362ba04904cee7dabe38a82c",
                "473c4858d4934ad32cb102749c8c4af2291f6c899a7499190d4a95ce99f360ac",
                "c031793d228ad1e87c6e4b48e36f1c9208474d26ec2dfb1b549b823aa828add6",
                "bf883f672a8ee7d0c49d298391694646b936cb4874ba618c5ee3306cefac1cea"
            ],
            "type": "Document",
            "firstPartyCookies": {},
            "firstPartyCookiesSent": {},
            "exampleSites": [
                "baddiehub.com",
                "baddiesonly.tv",
                "gay.xtapes.to",
                "hdporncomics.com",
                "hypnotube.com",
                "lewdzone.com",
                "m.shemalestube.com",
                "nsfw.xxx",
                "vercomicsporno.com",
                "www.boyfriendtv.com",
                "www.freexcafe.com",
                "www.hentaistube.com",
                "www.muitohentai.com"
            ]
        },
        {
            "rule": "flixtrial\\.com\\/",
            "cookies": 0,
            "fingerprinting": 0,
            "subdomains": [
                "engine"
            ],
            "apis": {},
            "sites": 13,
            "prevalence": 0.0000886,
            "cnames": [],
            "responseHashes": [
                "51da0b526a5ee4208cc7680cceca5ee3779f801a8cb2bb923979400cb9bc066e",
                "f956fa82484e88f7994968471a9fa50c060ba11ac7a181d75d2f477a05f883df",
                "3489086f8164863f58ca412a80088468a13a6746287d0dbaf02e09245e315b80",
                "089fc32e953386afd1b791edb80b07e4383bffd258e8a2276d30f52b3dbd2855",
                "5ab20d17993ed055096b137b40bd6d5de23e5ee9af9e8b40a34d91a6a4f3ded5",
                "94f97836f5d4ea174b2e5cc3a271d40b6b51a550baa956085b3a556d2262c028",
                "fc0760ecf884e6453460b8be196f3c451adda888907d39998be767aff5cf613d",
                "3d6fc0bda148dd201df40c3282a09ce02d4d650692cd7aedc574db9038f09411",
                "5e9e14da52f07cfaebbf6b1cd6c123e9d72807eae5432dad9e42d5a1aae2d4ed",
                "f370062da7d23a28ba0ab35554ef1ce84431a4486264489a6d203f5f0a08e500",
                "82d9e8913c2d38f8195252551a05080da8fc65007beee41027a2765c313413de",
                "9806d9c3f7584896836a28a4098e8812f994aea732246496d21b05bdd3e03222"
            ],
            "type": "Script",
            "firstPartyCookies": {},
            "firstPartyCookiesSent": {
                "_ym_d": 0.000006812035504329049
            },
            "exampleSites": [
                "baddiehub.com",
                "baddiesonly.tv",
                "gay.xtapes.to",
                "hdporncomics.com",
                "hypnotube.com",
                "lewdzone.com",
                "m.shemalestube.com",
                "nsfw.xxx",
                "vercomicsporno.com",
                "www.boyfriendtv.com",
                "www.freexcafe.com",
                "www.hentaistube.com",
                "www.muitohentai.com"
            ]
        },
        {
            "rule": "flixtrial\\.com\\/data",
            "cookies": 0,
            "fingerprinting": 0,
            "subdomains": [
                "engine"
            ],
            "apis": {},
            "sites": 13,
            "prevalence": 0.0000886,
            "cnames": [],
            "responseHashes": [
                "e3b0c44298fc1c149afbf4c8996fb92427ae41e4649b934ca495991b7852b855"
            ],
            "type": "Ping",
            "firstPartyCookies": {},
            "firstPartyCookiesSent": {},
            "exampleSites": [
                "baddiehub.com",
                "baddiesonly.tv",
                "gay.xtapes.to",
                "hdporncomics.com",
                "hypnotube.com",
                "lewdzone.com",
                "m.shemalestube.com",
                "nsfw.xxx",
                "vercomicsporno.com",
                "www.boyfriendtv.com",
                "www.freexcafe.com",
                "www.hentaistube.com",
                "www.muitohentai.com"
            ]
        },
        {
            "rule": "flixtrial\\.com\\/",
            "cookies": 0,
            "fingerprinting": 0,
            "subdomains": [
                "engine"
            ],
            "apis": {},
            "sites": 8,
            "prevalence": 0.0000545,
            "cnames": [],
            "responseHashes": [
                "e2eea3d82fe35c7311eadda47bb318d4b37832ad95ce648941cdc273fce10fea",
                "45729dc6f02e887154d2b8a9f393d766ff95253e6caf3b8ba3f2f48a47d91f76",
                "2aeeabdfbdebd1101ac196953bd4884b819342470b01f66df8a5abb6da21a146",
                "dea9782c156fcf05c5fdc9df356a6e5a4ff567d2aa1147de43f2f3adebbf2e21",
                "63dbef2219425f219177234186ca1b248b1440de689f7506dcf23764d5be249b",
                "20ecb5fc226db5eaf1a657f24a86af9a03f37ffc8b9d1115852f39f6bb08f100",
                "d9786bdd0edd2ec602c3211c733e85e67c8acb1d5e75aeeb3448716e8c38a068"
            ],
            "type": "XHR",
            "firstPartyCookies": {},
            "firstPartyCookiesSent": {},
            "exampleSites": [
                "hentai2read.com",
                "www.flashtranny.com",
                "www.gotgayporn.com",
                "www.lbgasm.com",
                "www.lbtube.com",
                "www.shemaleporntube.tv",
                "www.shemaletube.tv",
                "www.trannytube.tv"
            ]
        },
        {
            "rule": "flixtrial\\.com\\/data",
            "cookies": 0,
            "fingerprinting": 0,
            "subdomains": [
                "engine"
            ],
            "apis": {},
            "sites": 9,
            "prevalence": 0.0000613,
            "cnames": [],
            "responseHashes": [
                "dcdf6c37f5caf6a54f0c7f2238d669e015901b674c7fc55099acc7fe629db356"
            ],
            "type": "Image",
            "firstPartyCookies": {},
            "firstPartyCookiesSent": {},
            "exampleSites": [
                "hentai2read.com",
                "justthegays.com",
                "www.flashtranny.com",
                "www.gotgayporn.com",
                "www.lbgasm.com",
                "www.lbtube.com",
                "www.shemaleporntube.tv",
                "www.shemaletube.tv",
                "www.trannytube.tv"
            ]
        },
        {
            "rule": "flixtrial\\.com\\/t901bdd3c\\/img\\/mv53n_at4afb_a6bf319d\\.mp4",
            "cookies": 0,