{
    "domain": "flowtype.press",
    "owner": {},
    "source": [
        "DuckDuckGo-US"
    ],
    "prevalence": 0.000266,
    "sites": 39,
    "subdomains": [],
    "cnames": [],
    "fingerprinting": 0,
    "resources": [
        {
            "rule": "flowtype\\.press\\/",
            "cookies": 0.000238,
            "fingerprinting": 0,
            "subdomains": [],
            "apis": {},
            "sites": 36,
            "prevalence": 0.000245,
            "cnames": [],
            "responseHashes": [
                "243da47572998fae8a46f4bc1ad0436aa7a37f260271497e027d9d98013c2f5f",
                "287acc9fc58730f408b4011566636d47a336f37f0dec8706d02523ba30bbb788",
                "9fc981e1617d89c5b941dccbd3a3798a478e2a87e4dabe384b0aa643dfddb198",
                "b6d563e4c3d8e1f460c948296d26dc83f5142a49ca5f3ed5e6c7789d0e85a588",
                "93172f049d29497168bd3de34a2d78fef501484a88dc6dbcc073a050af10faca",
                "cc257ba7329226127c8f78bc6acba98a6d8b022bdbf5bcabc4d91cdcf424d4bb",
                "853b07aa3bbf4025a3acecea556b4db64ad1dfa1aafdc85d84c18bfddb95545f",
                "12025de09a8dafac3fdd60f3a833dc0326f619988556599a977ee602f634f1a7",
                "838bc833048e5822363ecc6fa9da0a5151507fe5e733ff559ca2efcc7bf9b79b",
                "43e850add876de907fe472a9244239a43f0c3e85e2b7a1fd140c93d0462408b4",
                "786be133010e98debf936138e046c3e63455433cca6eba1f84524f3a71266892",
                "336dea4dcd2def2b07a30bb6910da7a8c948d7d4a78343106b12e13bfb57556c",
                "beb718e2e6220d821fa1bdb64d2c3d60c26af035dbb9dc1114228a7219ad2b41",
                "12c6d4f33aa9673f925b89144e5679113ca343afe3a4fcfa17cbe9dda7641104",
                "614f1b7b12ab5f6a4c892dbac2d01f787e512377dd0a8b62c0fe39add406ad26",
                "dc1ed3fc1b2e076fa5b4baa14c081d3848b755278f34bd63693c9af793d6462f"
            ],
            "type": "Fetch",
            "firstPartyCookies": {},
            "firstPartyCookiesSent": {},
            "exampleSites": [
                "jnnp.bmj.com",
                "www.helpguide.org",
                "www.bmj.com",
                "www.atsjournals.org",
                "ajp.psychiatryonline.org",
                "journals.healio.com",
                "techxplore.com",
                "royalsocietypublishing.org",
                "dermnetnz.org",
                "medicalxpress.com",
                "psychiatryonline.org",
                "gastro.org",
                "psychnews.psychiatryonline.org",
                "publications.aap.org",
                "leader.pubs.asha.org",
                "pubs.asha.org",
                "online.ucpress.edu",
                "oup.com",
                "www.ajnr.org",
                "ashpublications.org"
            ]
        },
        {
            "rule": "flowtype\\.press\\/",
            "cookies": 0,
            "fingerprinting": 0,
            "subdomains": [],
            "apis": {},
            "sites": 35,
            "prevalence": 0.000238,
            "cnames": [],
            "responseHashes": [],
            "type": "Preflight",
            "firstPartyCookies": {},
            "firstPartyCookiesSent": {},
            "exampleSites": [
                "royalsocietypublishing.org",
                "ashpublications.org",
                "www.uspharmacist.com",
                "heart.bmj.com",
                "www.helpguide.org",
                "www.popsci.com",
                "www.bmj.com",
                "www.science.org",
                "futurism.com",
                "ajp.psychiatryonline.org",
                "jnnp.bmj.com",
                "www.atsjournals.org",
                "www.massdevice.com",
                "www.ccjm.org",
                "erj.ersjournals.com",
                "journals.healio.com",
                "www.ajnr.org",
                "read.dukeupress.edu",
                "pubs.asha.org",
                "appliedradiology.com"
            ]
        }
    ],
    "categories": [],
    "performance": {},
    "cookies": 0.000259,
    "topInitiators": [
        {
            "domain": "trendmd.com",
            "prevalence": 0.8
        },
        {
            "domain": "trendmd.s3.amazonaws.com",
            "prevalence": 0.125
        },
        {
            "domain": "first party",
            "prevalence": 0.05
        },
        {
            "domain": "sentry-cdn.com",
            "prevalence": 0.025
        }
    ],
    "types": {
        "Fetch": 36,
        "Preflight": 35
    },
    "nameservers": [
        "dns1.registrar-servers.com",
        "dns2.registrar-servers.com"
    ]
}