{
    "domain": "fotomoto.com",
    "owner": {},
    "source": [
        "DuckDuckGo-US"
    ],
    "prevalence": 0.000129,
    "sites": 19,
    "subdomains": [
        "www",
        "widget"
    ],
    "cnames": [],
    "fingerprinting": 0,
    "resources": [
        {
            "rule": "fotomoto\\.com\\/analytics\\/toolbar\\.html",
            "cookies": 0,
            "fingerprinting": 0,
            "subdomains": [
                "www"
            ],
            "apis": {},
            "sites": 8,
            "prevalence": 0.0000545,
            "cnames": [],
            "responseHashes": [
                "7243ea95b6a327c78dcf6d651ac4fda9e4024e0b4f09f735a7c0f66f9c2f6c02"
            ],
            "type": "Document",
            "firstPartyCookies": {},
            "firstPartyCookiesSent": {},
            "exampleSites": [
                "thefacts.com",
                "www.codyenterprise.com",
                "www.dailyherald.com",
                "www.decaturdaily.com",
                "www.fredericknewspost.com",
                "www.postandcourier.com",
                "www.rutlandherald.com",
                "www.vnews.com"
            ]
        },
        {
            "rule": "fotomoto\\.com\\/cart\\/get_data\\/",
            "cookies": 0,
            "fingerprinting": 0,
            "subdomains": [
                "widget"
            ],
            "apis": {},
            "sites": 8,
            "prevalence": 0.0000545,
            "cnames": [],
            "responseHashes": [
                "8e93349045c292abefc8570cfd48917319ff51e567f1192982e6187d56f8bc13"
            ],
            "type": "Script",
            "firstPartyCookies": {},
            "firstPartyCookiesSent": {
                "fotomoto_cart_skey_416c34976bae11cc6b8541f525454577392b5230": 0.000006812035504329049,
                "fotomoto_cart_skey_557a8c1a227ad9f1e404d3930c0bdb9b449a49cc": 0.000006812035504329049,
                "fotomoto_cart_skey_6516d00984933175769c2400a79cb6866b8ee643": 0.000006812035504329049,
                "fotomoto_cart_skey_33aecc9c0658a8cf4429b3bb549df7567caa3cdf": 0.000006812035504329049,
                "fotomoto_cart_skey_4d1da97e281dc0ce3ba3112e2cea0b355a94dc82": 0.000006812035504329049,
                "fotomoto_cart_skey_b81a7d3c4f6ec268e320e3849cd4482ddd743da4": 0.000006812035504329049,
                "fotomoto_cart_skey_99b26693405e932647ec5be36216fd29f5f5463b": 0.000006812035504329049,
                "fotomoto_cart_skey_fb47e2679c54611a61af98f42fcf9f2d99fde35d": 0.000006812035504329049
            },
            "exampleSites": [
                "thefacts.com",
                "www.codyenterprise.com",
                "www.dailyherald.com",
                "www.decaturdaily.com",
                "www.fredericknewspost.com",
                "www.postandcourier.com",
                "www.rutlandherald.com",
                "www.vnews.com"
            ]
        }
    ],
    "categories": [],
    "performance": {},
    "cookies": 0,
    "topInitiators": [
        {
            "domain": "first party",
            "prevalence": 0.4523809523809524
        },
        {
            "domain": "static-fotomoto-com.s3.amazonaws.com",
            "prevalence": 0.3333333333333333
        },
        {
            "domain": "adlightning.com",
            "prevalence": 0.21428571428571427
        }
    ],
    "types": {
        "Document": 8,
        "Script": 8
    },
    "nameservers": [
        "ns-910.awsdns-49.net",
        "ns-1907.awsdns-46.co.uk",
        "ns-1098.awsdns-09.org",
        "ns-240.awsdns-30.com"
    ]
}