{
    "domain": "fpjs.io",
    "owner": {},
    "source": [
        "DuckDuckGo-US"
    ],
    "prevalence": 0.000266,
    "sites": 39,
    "subdomains": [
        "api",
        "eu.api"
    ],
    "cnames": [],
    "fingerprinting": 0,
    "resources": [
        {
            "rule": "fpjs\\.io\\/YRfj0\\/_zvP26l\\/jFFj6GE",
            "cookies": 0,
            "fingerprinting": 0,
            "subdomains": [
                "api"
            ],
            "apis": {},
            "sites": 15,
            "prevalence": 0.000102,
            "cnames": [],
            "responseHashes": [
                "d89b1165c846ffd675c348aa726840a2fe848fc1101b057e82183e92599d3097",
                "b24c1f42bb8e181adb1d51e219cdea9a6da064f8d557ad552038d3ce71a417e1",
                "80a52a8b4f14678a89a6e52b64bc0e15a1a557d55655776c3dc774ba28284ed1",
                "96a8ca212bb70da5d937b0f97a565c245a114887e6a54dd8cb453477503ae94e",
                "e4daa6305f86c03af133f627d4afd2dd63b1022e7e982946e4da362a38072ab7",
                "cf2d96ebf2049d7f3bc401255bcf72b38047dcc42fb01eb93fe328d1437e45a9",
                "b7360fb0a551d7774d2e90a951ec32cf5d9117e4f49e676b438530ac3b16ccec",
                "07d26194bc6750f96ae9c0d1ecbfabc1c2d2e7d3ccc43a10665b94861023fb3e",
                "1dd23b392c182baedbb785dc6db8922e5c1c4ae60c7ec4f194e0428d949a1a1f",
                "13cd5485fcc2d411732dfec36ace945194c33bd6c33c8cd3910da2e18a50e24c",
                "8f7342e4988185b8e49a7703ff56793a0776236fdd4eae8b55cf8a8f9acba829",
                "a2039b99d596d9502d8cdc70f77468f428eea7e8308cb61b6a657aeaf1eac28e",
                "880ec187ecb051259ff1d29b06075c61ef37d63e7b24c0e8d5c0acd0b3f8f356",
                "f36fab34c7fbf2822b41bfec862af12d1854e15a097c771e11127bf06e6e4eb6"
            ],
            "type": "XHR",
            "firstPartyCookies": {},
            "firstPartyCookiesSent": {},
            "exampleSites": [
                "bonappetit.com",
                "pitchfork.com",
                "www.allure.com",
                "www.architecturaldigest.com",
                "www.bonappetit.com",
                "www.cntraveler.com",
                "www.epicurious.com",
                "www.glamour.com",
                "www.gq.com",
                "www.newyorker.com",
                "www.self.com",
                "www.them.us",
                "www.vanityfair.com",
                "www.vogue.com",
                "www.wired.com"
            ]
        },
        {
            "rule": "fpjs\\.io\\/",
            "cookies": 0.0000341,
            "fingerprinting": 0,
            "subdomains": [
                "api"
            ],
            "apis": {},
            "sites": 5,
            "prevalence": 0.0000341,
            "cnames": [],
            "responseHashes": [
                "06e92178341ac62b273fdc1ed57a70caae2c283c8fb8b5743d5bf91bd9bb9840",
                "6a25f996703946259608b9add51c0f4958e7528056005846d26ee2c909c70fdc",
                "745873812290d4f9a2be8e597cee0df061776c3873562f449ed4e91ae9aa8d1f",
                "fe6b5b90b2567f44de9569f693699371549a3b10842c3e6ec8f0899290870d72"
            ],
            "type": "XHR",
            "firstPartyCookies": {},
            "firstPartyCookiesSent": {},
            "exampleSites": [
                "propercloth.com",
                "www.lews.com",
                "www.mexc.com",
                "www.selectquote.com",
                "www.smokecartel.com"
            ]
        },
        {
            "rule": "fpjs\\.io\\/OqdT\\/iURLb\\/7IroEL\\/MRfU\\/W3",
            "cookies": 0,
            "fingerprinting": 0,
            "subdomains": [
                "api"
            ],
            "apis": {},
            "sites": 2,
            "prevalence": 0.0000136,
            "cnames": [],
            "responseHashes": [
                "8e101878d06987d478124b629ebca7803b420532ebc24005a18061075907a420"
            ],
            "type": "XHR",
            "firstPartyCookies": {},
            "firstPartyCookiesSent": {},
            "exampleSites": [
                "mexc.com",
                "www.mexc.com"
            ]
        },
        {
            "rule": "fpjs\\.io\\/Kudp\\/2DsR\\/B2fFJMi\\/cYEv\\/w0j",
            "cookies": 0,
            "fingerprinting": 0,
            "subdomains": [
                "eu.api"
            ],
            "apis": {},
            "sites": 2,
            "prevalence": 0.0000136,
            "cnames": [],
            "responseHashes": [
                "04919eb5e8a0d9de59809bec8ff1847ac927ef1f8e2d0981bf7e73e643370cc5"
            ],
            "type": "XHR",
            "firstPartyCookies": {},
            "firstPartyCookiesSent": {},
            "exampleSites": [
                "questico.de",
                "www.viversum.de"
            ]
        },
        {
            "rule": "fpjs\\.io\\/RnQqp\\/EaD0vi\\/8aJxm\\/CvvTH\\/N",
            "cookies": 0,
            "fingerprinting": 0,
            "subdomains": [
                "api"
            ],
            "apis": {},
            "sites": 2,
            "prevalence": 0.0000136,
            "cnames": [],
            "responseHashes": [
                "d499baab5732433bbae7f8e0729d2b6564690276a626baab10a344e4632bddb6"
            ],
            "type": "XHR",
            "firstPartyCookies": {},
            "firstPartyCookiesSent": {},
            "exampleSites": [
                "smokecartel.com",
                "www.smokecartel.com"
            ]
        }
    ],
    "categories": [],
    "performance": {},
    "cookies": 0.0000409,
    "topInitiators": [
        {
            "domain": "fpnpmcdn.net",
            "prevalence": 0.7021276595744681
        },
        {
            "domain": "first party",
            "prevalence": 0.1276595744680851
        },
        {
            "domain": "mocortech.com",
            "prevalence": 0.0851063829787234
        },
        {
            "domain": "msecnd.net",
            "prevalence": 0.0425531914893617
        },
        {
            "domain": "fpjscdn.net",
            "prevalence": 0.02127659574468085
        },
        {
            "domain": "fullstory.com",
            "prevalence": 0.02127659574468085
        }
    ],
    "types": {
        "XHR": 26
    },
    "nameservers": [
        "ns-1650.awsdns-14.co.uk",
        "ns-540.awsdns-03.net",
        "ns-1054.awsdns-03.org",
        "ns-103.awsdns-12.com"
    ]
}