{
    "domain": "fptls.com",
    "owner": {},
    "source": [
        "DuckDuckGo-US"
    ],
    "prevalence": 0.0000613,
    "sites": 9,
    "subdomains": [
        "use1",
        "eun1"
    ],
    "cnames": [],
    "fingerprinting": 0,
    "resources": [
        {
            "rule": "fptls\\.com\\/",
            "cookies": 0,
            "fingerprinting": 0,
            "subdomains": [
                "use1",
                "eun1"
            ],
            "apis": {},
            "sites": 6,
            "prevalence": 0.0000409,
            "cnames": [],
            "responseHashes": [
                "257854801c3f05bb7008b02606374d4367402644c8bf4a598698a63c433fd067",
                "da2cce73b55593fcf841300fa5feb2164b5f8f6544dfd788cc49bb688217172e",
                "ce0e108472bf53de06ce643698594232d92ee6887218ccb58fdb22714ea6dcb5",
                "622c9b059850cd4f1112cfeedb5e80b5e650184f720ab61b9460d99a741d0f61",
                "f23caa4f92f8cb85a74ac0a3e63785934a9b90187f01a39467ba05f96bd66909"
            ],
            "type": "XHR",
            "firstPartyCookies": {},
            "firstPartyCookiesSent": {},
            "exampleSites": [
                "adobe.com",
                "goodcar.com",
                "pressgazette.co.uk",
                "www.adobe.com",
                "www.camsoda.com",
                "www.dropbox.com"
            ]
        }
    ],
    "categories": [],
    "performance": {},
    "cookies": 0,
    "topInitiators": [
        {
            "domain": "first party",
            "prevalence": 0.6363636363636364
        },
        {
            "domain": "dropboxstatic.com",
            "prevalence": 0.36363636363636365
        }
    ],
    "types": {
        "XHR": 6
    },
    "nameservers": [
        "ns-313.awsdns-39.com",
        "ns-1824.awsdns-36.co.uk",
        "ns-1401.awsdns-47.org",
        "ns-663.awsdns-18.net"
    ]
}