{
    "domain": "franecki.net",
    "owner": {},
    "source": [
        "DuckDuckGo-US"
    ],
    "prevalence": 0.0000681,
    "sites": 10,
    "subdomains": [],
    "cnames": [],
    "fingerprinting": 2,
    "resources": [
        {
            "rule": "franecki\\.net\\/js\\/lib\\.js",
            "cookies": 0.0000545,
            "fingerprinting": 2,
            "subdomains": [],
            "apis": {
                "Navigator.prototype.connection": 9,
                "Screen.prototype.width": 9,
                "Screen.prototype.height": 9,
                "window.innerWidth": 9,
                "window.innerHeight": 9
            },
            "sites": 9,
            "prevalence": 0.0000613,
            "cnames": [],
            "responseHashes": [
                "5717c2047e32d8514c391296d2a16980580948d02e8206b39823b96f71763257",
                "4a9cc13bc97137ad86e354e4355d6472cd8455e0972de6f33a3a3f92127ef1b1",
                "87710e358aca83dc8310d8e445ce6201882a13ead3da132da23de80b796b6fd7",
                "97662d926ce1179ea787fae16dfa6702af796494c541747275202949ee4be257",
                "f00f8de78295eea204aa67a2360d3680bba76231ed39274a18e5cdf916240cff",
                "2ca4d4c7f56f7a38230a07b37c91210f14e5aea49de4583bb152aae27d6bff86",
                "c5ce175dffb8cd75c96c82055e833210869f3e79df89847f080633c57f77b14e",
                "3f2dc64618010694a91e44bf5990687262e09a8b1c2f8808881732e34fc65c98"
            ],
            "type": "Script",
            "firstPartyCookies": {},
            "firstPartyCookiesSent": {},
            "exampleSites": [
                "baskino.me",
                "filmix.ac",
                "gidonline.eu",
                "hd-rezka.biz",
                "hdrezka.sh",
                "kinotochka.co",
                "rezka.ag",
                "uakino.club",
                "uaserials.pro"
            ]
        },
        {
            "rule": "franecki\\.net\\/r\\/",
            "cookies": 0.0000613,
            "fingerprinting": 0,
            "subdomains": [],
            "apis": {},
            "sites": 9,
            "prevalence": 0.0000613,
            "cnames": [],
            "responseHashes": [
                "e3b0c44298fc1c149afbf4c8996fb92427ae41e4649b934ca495991b7852b855"
            ],
            "type": "XHR",
            "firstPartyCookies": {},
            "firstPartyCookiesSent": {},
            "exampleSites": [
                "baskino.me",
                "filmix.ac",
                "gidonline.eu",
                "hd-rezka.biz",
                "hdrezka.sh",
                "kinotochka.co",
                "rezka.ag",
                "uakino.club",
                "uaserials.pro"
            ]
        },
        {
            "rule": "franecki\\.net\\/assets\\/pack\\/79d8a189d6dac87b04560f38dbba6e7a\\.js",
            "cookies": 0.0000136,
            "fingerprinting": 0,
            "subdomains": [],
            "apis": {},
            "sites": 2,
            "prevalence": 0.0000136,
            "cnames": [],
            "responseHashes": [
                "e3b0c44298fc1c149afbf4c8996fb92427ae41e4649b934ca495991b7852b855"
            ],
            "type": "Script",
            "firstPartyCookies": {},
            "firstPartyCookiesSent": {},
            "exampleSites": [
                "hdrezka.sh",
                "rezka.ag"
            ]
        },
        {
            "rule": "franecki\\.net\\/assets\\/pack\\/0ed432db48033616e0110987758a0e76\\.js",
            "cookies": 0.0000136,
            "fingerprinting": 0,
            "subdomains": [],
            "apis": {},
            "sites": 2,
            "prevalence": 0.0000136,
            "cnames": [],
            "responseHashes": [
                "e3b0c44298fc1c149afbf4c8996fb92427ae41e4649b934ca495991b7852b855"
            ],
            "type": "Script",
            "firstPartyCookies": {},
            "firstPartyCookiesSent": {},
            "exampleSites": [
                "hdrezka.sh",
                "rezka.ag"
            ]
        },
        {
            "rule": "franecki\\.net\\/assets\\/pack\\/491aeefc6f47135381500756abc2184f\\.js",
            "cookies": 0.0000136,
            "fingerprinting": 0,
            "subdomains": [],
            "apis": {},
            "sites": 2,
            "prevalence": 0.0000136,
            "cnames": [],
            "responseHashes": [
                "e3b0c44298fc1c149afbf4c8996fb92427ae41e4649b934ca495991b7852b855"
            ],
            "type": "Script",
            "firstPartyCookies": {},
            "firstPartyCookiesSent": {},
            "exampleSites": [
                "hdrezka.sh",
                "rezka.ag"
            ]
        },
        {
            "rule": "franecki\\.net\\/assets\\/pack\\/bc7e2da93a0975b0b7bf11e18dfdc647\\.js",
            "cookies": 0.0000136,
            "fingerprinting": 0,
            "subdomains": [],
            "apis": {},
            "sites": 2,
            "prevalence": 0.0000136,
            "cnames": [],
            "responseHashes": [
                "e3b0c44298fc1c149afbf4c8996fb92427ae41e4649b934ca495991b7852b855"
            ],
            "type": "Script",
            "firstPartyCookies": {},
            "firstPartyCookiesSent": {},
            "exampleSites": [
                "hdrezka.sh",
                "rezka.ag"
            ]
        }
    ],
    "categories": [],
    "performance": {},
    "cookies": 0.0000681,
    "topInitiators": [
        {
            "domain": "first party",
            "prevalence": 0.8695652173913043
        },
        {
            "domain": "srv224.com",
            "prevalence": 0.13043478260869565
        }
    ],
    "types": {
        "Script": 17,
        "XHR": 9
    },
    "nameservers": [
        "henry.ns.cloudflare.com",
        "tori.ns.cloudflare.com"
    ]
}