{
    "domain": "ftlaunchpad.ai",
    "owner": {},
    "source": [
        "DuckDuckGo-US"
    ],
    "prevalence": 0.000252,
    "sites": 37,
    "subdomains": [],
    "cnames": [],
    "fingerprinting": 1,
    "resources": [
        {
            "rule": "ftlaunchpad\\.ai\\/lptm\\.js",
            "cookies": 0,
            "fingerprinting": 1,
            "subdomains": [],
            "apis": {
                "Date.prototype.getTime": 1,
                "window.innerHeight": 1,
                "window.innerWidth": 1
            },
            "sites": 26,
            "prevalence": 0.000177,
            "cnames": [],
            "responseHashes": [
                "eddcc0a44ad9678dd4a856c4a2dc77631bc8ee34bbf44648a3753f0ed5935d73",
                "192397a50447c457e5bc9c3437c5b7faea4635fae7de7ed3b23137f2fd026736",
                "6931f034e9732954eb9323489361c6e5d4acee4376dfc77f3f8f10260708adaa",
                "a9d2e59413f4382475dfa77844b279a8221e6750864336558ef8e6886a16be29",
                "175942dba0b73611b812ca40a825ea4ed96d0420e08668cb9f7d4f55b867b588",
                "4614ddf53f454e8b51371dce8f84913b7590e187027e900caaee423521a9bfb2",
                "cb33d28e96c8821058dcbffd8b922716a5d872e11cbb05c1882d9b613b5846b9",
                "0ae64b81afac43d42b5b33e231fa1fc04091893307af2702121b52b56b38e1b3",
                "6481155fa389c8f0afbb736bb1152bf8ab810f6c11079615fe492aebac35ce04",
                "352abf9f7e6b8c74b88f160a97ac826a41ee259502e72d408a7e54f298fb2669",
                "02fc0a1682c369bfeade50ef11b2953897878bfdbe64f279a62b5c16290f35f7",
                "00beedb3c5d46944e929f09f5ce6d070b17e35bcb4f242cb87db93421c11de31",
                "d0b702dcfb91698b2d9d4a569593f14c3379ef5d4a2975d061b59eb3bc709a9e",
                "0c1d72356336a1f348dd7e01dcf6d925bad4caf7d2f9f7840b7fb017b2ed5857",
                "675a70ef5030da22ab94acff024e8dd32e04a8fb0d8cb380152ce7c90a82a1c9",
                "2340b2e862d7693ca992469cae3a09ff99b04de77f725a09342b68347fbbaaeb",
                "4d13d24ef2da6c822a42c8fc220e57e70b70ecc3d682ca46e1d3ad34c92c900f",
                "8d5d6180d31d26ece49244fa411fe4f326e6c1692013c9cb9d6682b75d616513",
                "8d8759e487748518eaa06f2bec3041c513222a9dce7fb5c3b517a344f4e72f19",
                "18e9ebe8d11d06136ad492815b009c0c5ce21e7d5ba445d8afc9b23ebd9aefdc",
                "6c45257f3dc4aedf4249575bc10821164723c74fce245cfd69dceff3b79c8635",
                "8278ea544daeeb7f016192f5c1e364ea77f507ec0e9f2b54be9390f371473d11",
                "a8c46aac59ef1abd2ce753c7ce78ea2f9c9920d7a169d69118592b4a77991a9f"
            ],
            "type": "Script",
            "firstPartyCookies": {},
            "firstPartyCookiesSent": {},
            "exampleSites": [
                "www.grandappliance.com",
                "mattresswarehouse.com",
                "alpakagear.com",
                "www.americanfreight.com",
                "shop.advanceautoparts.com",
                "www.kaaltv.com",
                "www.alaskarailroad.com",
                "longhomeproducts.com",
                "verticalchimney.com",
                "pjtrailers.com",
                "insinkerator.emerson.com",
                "www.vioc.com",
                "www.misaves.com",
                "www.bigtextrailerworld.com",
                "store.vioc.com",
                "www.woodstockoutlet.com",
                "www.5starford.com",
                "www.annuity.org",
                "www.hughesfcu.org",
                "www.asbestos.com"
            ]
        }
    ],
    "categories": [],
    "performance": {},
    "cookies": 0,
    "topInitiators": [
        {
            "domain": "googletagmanager.com",
            "prevalence": 0.6097560975609756
        },
        {
            "domain": "first party",
            "prevalence": 0.36585365853658536
        },
        {
            "domain": "adobedtm.com",
            "prevalence": 0.024390243902439025
        }
    ],
    "types": {
        "Script": 26
    },
    "nameservers": [
        "ns-800.awsdns-36.net",
        "ns-1288.awsdns-33.org",
        "ns-9.awsdns-01.com",
        "ns-1542.awsdns-00.co.uk"
    ]
}