{
    "domain": "fudge.ai",
    "owner": {},
    "source": [
        "DuckDuckGo-US"
    ],
    "prevalence": 0.0000954,
    "sites": 14,
    "subdomains": [
        "mocha"
    ],
    "cnames": [],
    "fingerprinting": 1,
    "resources": [
        {
            "rule": "fudge\\.ai\\/",
            "cookies": 0,
            "fingerprinting": 1,
            "subdomains": [
                "mocha"
            ],
            "apis": {
                "window.localStorage": 9,
                "window.sessionStorage": 9,
                "Navigator.prototype.connection": 9
            },
            "sites": 9,
            "prevalence": 0.0000613,
            "cnames": [],
            "responseHashes": [
                "d408f174903923a786dfe02a8f41a9f26f901b51b7a7ea8f6889f1ace921bd75",
                "d2d07dde05c61b71d007d3f9d8688ed13635edb94cda255fbbc6b063b97e3439",
                "9ab8db945a2f33513e20c19a97cf0e015eea442344b4468be0b47f35f8c089fb",
                "b5289b790fab53666f0d91fa9208b7f62dd7cd70dfff309fa9c3b541e1780961",
                "ef3d5d4dc6da5d6f19f7f49064a3cb56546f37a1fb1bade2042f40d2264d012b",
                "1c8267f4b77b092fcc315596ac76eba7bc9f59489302cb48a419588d1a934051",
                "2aea9418a2a8c404289266578f5caf342808008928843036f34f949f311ebfde",
                "bf5eb55af9f68c2be6b1c14c14d82afb1c7fca336fb48316ad4a3cc32c0cf06c"
            ],
            "type": "Script",
            "firstPartyCookies": {},
            "firstPartyCookiesSent": {},
            "exampleSites": [
                "bicyclewarehouse.com",
                "www.everythingcanamoffroad.com",
                "www.everythinghondaoffroad.com",
                "www.everythingkawasakioffroad.com",
                "www.everythingpolarisranger.com",
                "www.everythingpolarisrzr.com",
                "www.superiorlighting.com",
                "www.tnnursery.net",
                "www.trueleafmarket.com"
            ]
        },
        {
            "rule": "fudge\\.ai\\/metrics",
            "cookies": 0,
            "fingerprinting": 0,
            "subdomains": [
                "mocha"
            ],
            "apis": {},
            "sites": 9,
            "prevalence": 0.0000613,
            "cnames": [],
            "responseHashes": [
                "4062edaf750fb8074e7e83e0c9028c94e32468a8b6f1614774328ef045150f93"
            ],
            "type": "Fetch",
            "firstPartyCookies": {},
            "firstPartyCookiesSent": {},
            "exampleSites": [
                "bicyclewarehouse.com",
                "www.everythingcanamoffroad.com",
                "www.everythinghondaoffroad.com",
                "www.everythingkawasakioffroad.com",
                "www.everythingpolarisranger.com",
                "www.everythingpolarisrzr.com",
                "www.superiorlighting.com",
                "www.tnnursery.net",
                "www.trueleafmarket.com"
            ]
        },
        {
            "rule": "fudge\\.ai\\/metrics",
            "cookies": 0,
            "fingerprinting": 0,
            "subdomains": [
                "mocha"
            ],
            "apis": {},
            "sites": 9,
            "prevalence": 0.0000613,
            "cnames": [],
            "responseHashes": [],
            "type": "Preflight",
            "firstPartyCookies": {},
            "firstPartyCookiesSent": {},
            "exampleSites": [
                "bicyclewarehouse.com",
                "www.everythingcanamoffroad.com",
                "www.everythinghondaoffroad.com",
                "www.everythingkawasakioffroad.com",
                "www.everythingpolarisranger.com",
                "www.everythingpolarisrzr.com",
                "www.superiorlighting.com",
                "www.tnnursery.net",
                "www.trueleafmarket.com"
            ]
        },
        {
            "rule": "fudge\\.ai\\/events",
            "cookies": 0,
            "fingerprinting": 0,
            "subdomains": [
                "mocha"
            ],
            "apis": {},
            "sites": 9,
            "prevalence": 0.0000613,
            "cnames": [],
            "responseHashes": [
                "4062edaf750fb8074e7e83e0c9028c94e32468a8b6f1614774328ef045150f93"
            ],
            "type": "Fetch",
            "firstPartyCookies": {},
            "firstPartyCookiesSent": {},
            "exampleSites": [
                "bicyclewarehouse.com",
                "www.everythingcanamoffroad.com",
                "www.everythinghondaoffroad.com",
                "www.everythingkawasakioffroad.com",
                "www.everythingpolarisranger.com",
                "www.everythingpolarisrzr.com",
                "www.superiorlighting.com",
                "www.tnnursery.net",
                "www.trueleafmarket.com"
            ]
        },
        {
            "rule": "fudge\\.ai\\/events",
            "cookies": 0,
            "fingerprinting": 0,
            "subdomains": [
                "mocha"
            ],
            "apis": {},
            "sites": 9,
            "prevalence": 0.0000613,
            "cnames": [],
            "responseHashes": [],
            "type": "Preflight",
            "firstPartyCookies": {},
            "firstPartyCookiesSent": {},
            "exampleSites": [
                "bicyclewarehouse.com",
                "www.everythingcanamoffroad.com",
                "www.everythinghondaoffroad.com",
                "www.everythingkawasakioffroad.com",
                "www.everythingpolarisranger.com",
                "www.everythingpolarisrzr.com",
                "www.superiorlighting.com",
                "www.tnnursery.net",
                "www.trueleafmarket.com"
            ]
        }
    ],
    "categories": [],
    "performance": {},
    "cookies": 0,
    "topInitiators": [
        {
            "domain": "bigcommerce.com",
            "prevalence": 0.4716981132075472
        },
        {
            "domain": "first party",
            "prevalence": 0.37735849056603776
        },
        {
            "domain": "shopify.com",
            "prevalence": 0.11320754716981132
        },
        {
            "domain": "klickly.com",
            "prevalence": 0.03773584905660377
        }
    ],
    "types": {
        "Script": 9,
        "Fetch": 18,
        "Preflight": 18
    },
    "nameservers": [
        "simon.ns.cloudflare.com",
        "katja.ns.cloudflare.com"
    ]
}