{
    "domain": "futurehybrid.tech",
    "owner": {},
    "source": [
        "DuckDuckGo-US"
    ],
    "prevalence": 0.000954,
    "sites": 140,
    "subdomains": [
        "sommelier"
    ],
    "cnames": [],
    "fingerprinting": 0,
    "resources": [
        {
            "rule": "futurehybrid\\.tech\\/config\\/",
            "cookies": 0,
            "fingerprinting": 0,
            "subdomains": [
                "sommelier"
            ],
            "apis": {},
            "sites": 75,
            "prevalence": 0.000511,
            "cnames": [],
            "responseHashes": [
                "9ee8167de36d17960efaadc01162c895bbcd1b88eff35343363df304a08b279c",
                "820f3c1a5f9927d2d9908df876d25d45a1b332bf1bab667d2be6a67e86b06abb",
                "aeb06622bcd05308188a04bbb3af135f08fbf299f73c04ef97ce8dbfd0606331",
                "db69f776fb8b5937601ff91c8c5f4952993dc7bd64a8b51a4723d64c503cb91e",
                "02d756e8af0b2a8b0511b1c31389398b7251d4530ba266e2864d641f9541074c",
                "1803e873ac831111d0f608c27f158d8059b37e51fc050311cab3de7b3e97cb0d",
                "c3fb992064f02b4583e8ddd948499f6e6aa079533e244899b816ed77e63d5937",
                "421a3a5f1d614d9245533d98e1e92daf6de08887e2373d64cba698798a2d2e8e",
                "71806661de2b3b4c16996f984a4e0ea88ccca2f941403fc66b6d250b249841b0",
                "48ab2ccd12fe78385afb76664acb00356267ec5d8c246e5131f3a8c02b042e97",
                "5732d873e43c6bf1eb0fc3bb89ad6705c087bf8bf934c52ff95978e3b8378eba",
                "512cf2e50c72ad9fc2c21a987e4feaba94c2b331f7a6d73bfadd6fc0a5324a7c",
                "8b4b99ff5c4a63a6aa073c0cd05ff80fb45225c9b3538ad26b2194a4865266bd",
                "de400b0e3a1c5ede38af5fa55052996814be0cf1af7d497945910ddc6c0400ed",
                "f44d4030c1c88be4aaa83543b592032904f5b5a48b870dd89beb7ec8399274c8",
                "0d867e69a85d8d5d8cd35065ec2431fbc1854f1ccfea6468954c651e6f8779e5",
                "9902f38e2d08003098236016a95d535f77485d07a52253fb811ad2fde85d0a5f",
                "9b41a8d136aaae0d8b46af061291c61e03ed768b464119c41393dc629ec0d49e",
                "78c37b8820e49449b42b1baee83dc71d241ad879425132ff76b11c561bb29410",
                "e80d64b79535521ff1343e7eb7b039a5da3bf7757c0ebc70a9d9d35b75dcbae3",
                "909df7d020bf179f9297d2e104c1e04ec18aac56ca7b9a9ef51aed42b639a153",
                "01b6be19cf5857a6254978bb93f66dfc60aa4640556c5e6891ac901fe64ebb0a",
                "93d38b670077f5df9ac4186f93bdd1279548d15ebbef4eabe4e6b60f5b7078ca",
                "b1a63ab0115997a5448c18a39e3772370f185a8214b9dc8c19b4217030f7dccd",
                "17ff78c72c0df1c0a3a2b4519db9d1337e3a4d1185488cade86996c7a0dfc814",
                "46d633797a617e860aabd0abf7a631c17d209aa0b561892a0d96a3f315956490",
                "aa17d9150c7cdc25f34b982e3bae903b21fad30d098a3e9a532241e38876991a",
                "48607c45e7012bea5eb90a025d402d466085d44fd0679caa33b686db29137c0e",
                "ba092ccf9f447c56ad879c9bd6d3091351195e01ec654c1756e36ddf01122fc6",
                "dc52ce8bbf22e639bea03be024bc537caaf8ba4b63712304c4ab2c6b2c5d3f4b",
                "185f96341c7156fbfd9bf5ed3ecd3d18326d4d1a1f1c25d8a8dd9eae6d7532e6",
                "cadd36f1b18f6e2f75764b2e8d2ce1f47f493c1080b87f0c27a60a9317b448c6",
                "70d025be9024ce443deec0b1a31c57ff27caa174669b0490fca6ca10d1294e18",
                "306279ce2922e33423eaccfb49fcf1407299eb368a769305e6c91c1ab6889f5b",
                "b3d41b31073b23aaff0fba1614a5f1161c760fd2e3e6d2a1950ccfe2c9c13b11",
                "d5964af6e4c27716a8c491f354b56b6a24fad8c719dd0492be96f61e8bbc15d5",
                "aadecff25c3455032ca17584a549c2eeaa4623b1baf3aa9ab96f0e8cbbebf492",
                "e7f3b19dc7cd9b3a38bcd3465af62b62a71944798f4d72034b739a8413a53b6f",
                "38a2c6aba1b9e8c6a8c37ee9b47fe74d8ca1361196b790ce567522a57df1ef0a",
                "3b75e831551ce77375faeb53a7a04779ce2a9db21e894839e6361ca33aaa2532",
                "d7a512aa4be1c5a4a5cacf988ce53a476f28d0b8764d9fea4bf6ee1fc28ab021",
                "a98a783f798bd95d91dbf24c699ac19a4eb5272db9e57b6b90050e034ac98d23",
                "f8bc6b73952beaccd8818ac6f7166edabb8544e0f6ea2f4ad0ffb0fddc53c683",
                "04bb3bb80fc48913419b931b1470ecb5d1ab86116f1646411f8f6c5d3a431478",
                "38cc16f741a4f9b9c2c1db3a1095f899b8da486e92ece35ec01b32cb40796ebb",
                "97f23cbc15af8f3fb7dd3e48dedf01bf072951874e6340e85241a371d1000a53",
                "fb832ea8d3948a80301b82fd770dbaad813e0a0e56d5b11a6de29abeade8cae1",
                "a1eb0ac39e09ffdc8fda308e70d5a06af167574119fb198a4bf6df63200f7fe9",
                "8e1f763fe9b0beb9edae23fbeb6e64cef88d25609a2b716ba8114343566613de",
                "2903855bd126f1894c2c7e83cc2333d9706889c10676b9f30eaec7f9b4e132f0",
                "7f404d65fdc11c66ae81fc092ec6a4361774b959221b57e479fa60f23bb63cca",
                "d0ac104e9ed925f9075a022b6f8c119fc78f0d365ab09ec06ce5b86876dc20f3",
                "afd17659c0b385eb7b59b99e5f0be530b733a1d901629443a3fdfcce0cec157d",
                "a4d555fa950d0ca2176e7d92f811471983a4a1418d64213a9302a9e90246c760",
                "b1fe2e9eadf411f3e65830fe767554a0f8d9e40db0e0fc6ef84660a15f603976",
                "23cf7c7188451838bd123a85b10e24b7ac8e84c838a9d8ff3dcbc386cf8886c4",
                "981810db4c9c5cecc38597161c5a42eba87e5206ee89bbff808c8867b8a22792",
                "7b79ceeaf3a4349ce29f8d927957f77baddbd7735fcdc1b2864a2aed6061c7ad",
                "c98033e6bd42c816cef22d56cadb695b198e0c6f0f2ebf38e937e891f5c18bbe",
                "7a1cc209643f9c58e269f897ebaba33f0850ed447ae845ff8abf3fd598ae1954",
                "1691facc641c866b5d487111739fe7bd25711f2cfd7950ac9da483a86f99ab9c",
                "7300fc1a717403ca3b45d3c6507898061b70aafce274048b2ce586a0afb362f5",
                "cf48dbdfd5eed7438a4f6ee0650ec5261aa22fd1e6aa38a7e7c19a217192f5f8",
                "358afd112aacc1bae99c49060229e728db1448fc2f101ad0a549d13498938915",
                "9e34e382d3f6ebb48e4bdcc9efa9e0c6f001d86e0f403122b94936dd790a6df6",
                "4c2fa27a703c653a8d34c44804a274461a2ef537c68c1adad62902727a390ce7",
                "a6229d84511a04c73cce760ece7a7bd01e05d2ffb77fd15f34923e1a774c644f",
                "c7766614f4f89081fc311d6aa38d7d28f961651508451a36f75062bc7e1fd331",
                "7e271fd1972eb94579e78b8c1d1a646df3f57e7f15a9806d21032c5b2a22ab99",
                "0dee09166a7e9005240ce00a3fd1161bdc5d52b1c979488a3c853aa188731e19",
                "a90728b5f44c659648cfdda81ffea6de0b5a2329763266d93ebd5467482199c6",
                "af4c2b1a44cd8e2061b87781b54aef830b29ed60277004550f881a1f141bf8d9",
                "cd5574ac7eaaeef2ed31d6a960ed6ad9c809ae7ab982afd6e9e1555d16b1f386",
                "ce00f241870116b137f9cb2077f11f3c93a5f4900f54eaa12b1e387b52d43d47"
            ],
            "type": "Fetch",
            "firstPartyCookies": {},
            "firstPartyCookiesSent": {
                "_li_dcdm_c": 0.00012261663907792289,
                "__pid": 0.000013624071008658098,
                "_cats": 0.000006812035504329049
            },
            "exampleSites": [
                "www.techradar.com",
                "www.tomsguide.com",
                "www.tomshardware.com",
                "www.yachtingworld.com",
                "www.homebuilding.co.uk",
                "www.creativebloq.com",
                "www.homesandgardens.com",
                "forums.tomshardware.com",
                "whatculture.com",
                "www.whattowatch.com",
                "www.mby.com",
                "www.kiplinger.com",
                "www.whowhatwear.co.uk",
                "www.yachtingmonthly.com",
                "forums.tomsguide.com",
                "www.marieclaire.com",
                "www.wallpaper.com",
                "www.guitarworld.com",
                "forums.androidcentral.com",
                "www.sciencealert.com"
            ]
        }
    ],
    "categories": [],
    "performance": {},