{
    "domain": "future.net.uk",
    "owner": {},
    "source": [
        "DuckDuckGo-US"
    ],
    "prevalence": 0.00045,
    "sites": 66,
    "subdomains": [
        "search-api.fie"
    ],
    "cnames": [],
    "fingerprinting": 0,
    "resources": [
        {
            "rule": "future\\.net\\.uk\\/merchant-domains\\.php",
            "cookies": 0,
            "fingerprinting": 0,
            "subdomains": [
                "search-api.fie"
            ],
            "apis": {},
            "sites": 34,
            "prevalence": 0.000232,
            "cnames": [],
            "responseHashes": [
                "1a1049b74bc236ec4b56846b81c46fae2c95885101f8d1c1b694953a14aa6bfd",
                "1f3da2b026dee46d50b61ae50fcdedf58ab28c803a3f580312e200e71e97823e",
                "a85f5cc371ff894414f1830fe8c4807e891cf263d0ad12364654ac12ff0f1670",
                "56c9ff8a06355357616c2953ae696f65482e25e514e86755e6173e514cc6c91f",
                "06784a282d023b579f5b783f2b949b3b8f1db70ef02bf86e558651b1e9438416",
                "1b31fefd6d87c069c8becdb45a73b17e61f835291f1507742a38e31f32e7012c",
                "1c4b2a925246398dccab99b95770db98dca4c6768f09e02569ba1d173d4a145f",
                "08917b01076a2cdfb34414c86dcb26201dc828ba7f7b3cef1adbdd67c1dd317e",
                "2898022f3dd096e6b53d628ba14cbdb2eaae0b4a7610676cd0a4579c53ca6408",
                "a51f9beabbd71c5c355b5115bafefe8534a905ece33e4abdab6a6abb5656a1a4",
                "b86e03dc72c3e0dd5a445e317c9a1a6900b4584a42b9eb31b88e28acf4607ed6",
                "de5278e2f24eba3cd8fdb313fdcb0c8e5ad71b5803cb1c4a86b83954f0456a5f",
                "d7d89867a96248d86cd07d414c596a3740a90821b96bb200f7e437130edc7b01",
                "d33f986af02244302112ddadce5b3113886aca893245960f57ab158436efd7dc",
                "b1d6561a0f44612cf8ff7c536a94fa7b31340809ed9b16f8fd79f9382f1bec9f",
                "2d1b44d962a9172ec192836f7e4c56c0d2f7ace9b01ce729af19ebe76aaf7590",
                "67b5fb4d416b4c102345c82fb85cefdd5f03036ac73435622bf2d4da8bfae350",
                "dde5ab1400541b692064d6c8851975caebcb4acf6483b1546c6c2733176b8afb",
                "246df21ccc3dda090afafb1e7ff7a7e0dc8d7d2c7f2e1c9d120c9a2c3a2464fd",
                "ab4768ded31bff0e476b5a76a4e6e911125215f17b67cf1e8ff8c5c0895e2433",
                "bed4ac0a7912303ce39d14ef749382788d3a38e1d31c084d91da634ab8091aa8",
                "8de35f7734f987c00bf7d8d6cc11deeeb8a057515254c5181487dcaea1d1c1fd",
                "1223d2797646ad7bc5da3aea4b14289e08fe6d730a9751fbde067041610678cc",
                "bebcc626277ded16ade48a99935993afd578422432eef38b37ad5271630d2b49",
                "b92dbd0b9252424d433ce583eec8bdf8a8610471a99107f74adde9ca42f3dc96",
                "a039e3c62a19adfaa2ce76f238907fc717303d95dbafd078de23166c294d0644",
                "a8d393f9143f33168d967c4ff83b9cdfa11530f8c0f67371418365430a42bf85",
                "8b2a3dc679fe0c4b66400c47da9b20a446bdca543cd3a97b5a1ab85061a26a60",
                "3e800e5287c3595c1ec49c06be2026e49f5751af94665e16b09a602680b00a2c",
                "816dd86be5bca52d2471166fab9deb94151268de73a622c34c5f33a9a3f97344",
                "df81cb710ceaeb9ee3b43ac261e1581bc375ccd2f88a14f627d827d668904c92",
                "3e3f7e7c465716b60435aec30a0cc7fcb9f63b867d80104787285305631fee7a",
                "cca95ae59d29a8787b30d19bc5f80b5007fcf0451f9b492ef9202f41348ca900"
            ],
            "type": "Fetch",
            "firstPartyCookies": {},
            "firstPartyCookiesSent": {},
            "exampleSites": [
                "www.homebuilding.co.uk",
                "www.bikeperfect.com",
                "theweek.com",
                "www.golfmonthly.com",
                "www.cyclingnews.com",
                "www.petsradar.com",
                "www.itpro.com",
                "www.fourfourtwo.com",
                "www.marieclaire.com",
                "www.cinemablend.com",
                "www.windowscentral.com",
                "www.livescience.com",
                "www.guitarplayer.com",
                "www.androidcentral.com",
                "www.womanandhome.com",
                "www.gardeningetc.com",
                "www.kiplinger.com",
                "www.nexttv.com",
                "www.goodto.com",
                "www.cyclingweekly.com"
            ]
        }
    ],
    "categories": [],
    "performance": {},
    "cookies": 0,
    "topInitiators": [
        {
            "domain": "futurecdn.net",
            "prevalence": 0.9696969696969697
        },
        {
            "domain": "script.ac",
            "prevalence": 0.030303030303030304
        }
    ],
    "types": {
        "Fetch": 34
    },
    "nameservers": [
        "ns-57.awsdns-07.com",
        "ns-1198.awsdns-21.org",
        "ns-1825.awsdns-36.co.uk",
        "ns-615.awsdns-12.net"
    ]
}