{
    "domain": "g10300385420.co",
    "owner": {},
    "source": [
        "DuckDuckGo-US"
    ],
    "prevalence": 0.0000886,
    "sites": 13,
    "subdomains": [],
    "cnames": [],
    "fingerprinting": 0,
    "resources": [
        {
            "rule": "g10300385420\\.co\\/gr",
            "cookies": 0,
            "fingerprinting": 0,
            "subdomains": [],
            "apis": {},
            "sites": 9,
            "prevalence": 0.0000613,
            "cnames": [],
            "responseHashes": [
                "1d553652f096d76d90ce2e9c2062f2406c760a97ea9830243c3513934cb99b38",
                "0e59846efdc1419c97b1b580b3fd79cd468e46ba31a662f1857c56be2bfc06d4",
                "453467dd94501dd0d6ae98454d91cc34b21028f0e2f4ad16210b09a1034761e7",
                "c43a66d6956e412b64f1f4c394ddd81ac09900bb064bc4460a2192db51967231",
                "34e5ae8e10349fbb12084003aaa91359e98bdd0edcc02e944fa8e485067c50c8",
                "68ef1e53ac727abf759503e3aa82d3d362a96f7d5676204452c0364ceb2dddd8",
                "2188b6302bf2c944359df9b74803eaa2b7fd79d2de1ae9440e8639c6b564ad52",
                "a52dda85d6a5101c236f311d7e682d561d76acc2d5e343a714b204f4e1aef399"
            ],
            "type": "Script",
            "firstPartyCookies": {},
            "firstPartyCookiesSent": {},
            "exampleSites": [
                "deel.com",
                "www.fairwayindependentmc.com",
                "www.hustlerturf.com",
                "www.loopearplugs.com",
                "www.ltw.org",
                "www.multipure.com",
                "www.pokernews.com",
                "www.rightnowmedia.org",
                "www.theretirementgroup.com"
            ]
        }
    ],
    "categories": [],
    "performance": {},
    "cookies": 0,
    "topInitiators": [
        {
            "domain": "first party",
            "prevalence": 1
        }
    ],
    "types": {
        "Script": 9
    },
    "nameservers": [
        "sandra.ns.cloudflare.com",
        "pranab.ns.cloudflare.com"
    ]
}