{
    "domain": "gammamaximum.com",
    "owner": {
        "name": "Leven Labs, Inc. DBA Admiral",
        "displayName": "Admiral"
    },
    "source": [
        "DuckDuckGo-US"
    ],
    "prevalence": 0.000123,
    "sites": 18,
    "subdomains": [],
    "cnames": [],
    "fingerprinting": 2,
    "resources": [
        {
            "rule": "gammamaximum\\.com\\/ac595b0bd1b1f6e62ce46c2ce57c936ea6f47b8e2936dc2a3876a18eadffd94a289806f2a42865c2057288dd30b30f07490e2c6ae59ea0f801f1a13317ea",
            "cookies": 0.0000749,
            "fingerprinting": 2,
            "subdomains": [],
            "apis": {
                "Navigator.prototype.userAgent": 11,
                "window.localStorage": 11,
                "window.sessionStorage": 11,
                "HTMLCanvasElement.prototype.toDataURL": 11,
                "Date.prototype.getTimezoneOffset": 11,
                "CookieStore.prototype.getAll": 11,
                "CookieStore.prototype.set": 11,
                "Notification.permission": 11
            },
            "sites": 11,
            "prevalence": 0.0000749,
            "cnames": [],
            "responseHashes": [
                "dbe346f1d68b87f841836237becffb910752a1b89f61f56e8ec028d0c5bb2fc7",
                "08443fbae522d9ee600697657daad29037fca6a36d812cf874e3ee38c10a95e6",
                "eb3690d7226c8d34a2002317461034f1722ca8bf89b91a8e776ed03ebbfd834d",
                "3219fc43d155aa7e4b86b5fa8cae8bffc9443378c1ede6bebfb70801244f392e",
                "e83bd7434eb7f685116a4fa805626d87a75f271f9e99223eaeb36ad873d7edd6",
                "14d7b0617f42abe7411670e2fa4de7b0a7d7f2d3e609dc13d0dbfddec3724124",
                "39aaf91be6606ccb69a9c5217be77429a17447b6d13ec1e6394cc8c496298ae4",
                "b5a249a8e5364604f97abb9ef70eb7003a1ab1f96dcad8f151c0d4e46e176a4b",
                "0e3619cd88e8f16460953e9cef759e0ab5c0ab73fa5ea851b38acf17d5effd43",
                "98bfcd887a707b44abaee1cf4d22d149c5cbc9067b32d05c23eff395a475e689"
            ],
            "type": "Script",
            "firstPartyCookies": {},
            "firstPartyCookiesSent": {},
            "exampleSites": [
                "amazonadviser.com",
                "bamsmackpow.com",
                "beyondtheflag.com",
                "bustingbrackets.com",
                "foodsided.com",
                "guiltyeats.com",
                "hiddenremote.com",
                "netflixlife.com",
                "saturdayblitz.com",
                "throughthephog.com",
                "winteriscoming.net"
            ]
        }
    ],
    "categories": [],
    "performance": {},
    "cookies": 0.000123,
    "topInitiators": [
        {
            "domain": "first party",
            "prevalence": 1
        }
    ],
    "types": {
        "Script": 11
    },
    "nameservers": [
        "ns-697.awsdns-23.net",
        "ns-1212.awsdns-23.org",
        "ns-305.awsdns-38.com",
        "ns-1627.awsdns-11.co.uk"
    ]
}