{
    "domain": "gammaentertainment.com",
    "owner": {},
    "source": [
        "DuckDuckGo-US"
    ],
    "prevalence": 0.000211,
    "sites": 31,
    "subdomains": [
        "www"
    ],
    "cnames": [],
    "fingerprinting": 0,
    "resources": [
        {
            "rule": "gammaentertainment\\.com\\/legal\\/sitefooter",
            "cookies": 0,
            "fingerprinting": 0,
            "subdomains": [
                "www"
            ],
            "apis": {},
            "sites": 2,
            "prevalence": 0.0000136,
            "cnames": [],
            "responseHashes": [
                "f3dda20ff5557f6ea6144fd70d38656f03183fb2085162c346f80bfc6f0b059c"
            ],
            "type": "Fetch",
            "firstPartyCookies": {},
            "firstPartyCookiesSent": {},
            "exampleSites": [
                "wearehairy.com",
                "www.wearehairy.com"
            ]
        },
        {
            "rule": "gammaentertainment\\.com\\/legal\\/sitefooter",
            "cookies": 0,
            "fingerprinting": 0,
            "subdomains": [
                "www"
            ],
            "apis": {},
            "sites": 18,
            "prevalence": 0.000123,
            "cnames": [],
            "responseHashes": [
                "cbb69fa3a5590acf5338ea27ded1656cacc59c0512cd8a880603342f9ff43b1c",
                "93fe6ac377e5c996cbd2d50d9c27126f26e82a05ce7dd6512a46214555e8b43a",
                "49494757673f33e89735c0323c254df9bc4bce2fe02a166e9795b168b47ecd47",
                "6ca4e6d605e00b261257cd92bd85f1ca9c2456dc47f3deb1fec45b78c1f3fe11",
                "f93325e16e0fee49bde1c5c76de2feced2baf1f7dd6e98cf0332a7101c8a0df6",
                "83b20b5d8466bd9534cf939eee8610513e8fc49965455f0cf9d887bbb522df2d",
                "dd932940389a818ba11baf3a35c8afd98db37c9483d11bad583633f06b1b3392",
                "1788b0182e328b59e44c65ef01e733db4919b83c02b4b9e343ebd749873365eb",
                "8392a3c5ca6fe7f37684e65cae9dc34a2c96bc40f9938de75a35b7478654658f",
                "24783d06f8f3a575b80ac0804e6b28e452c2de8b4f34dd33abe6cb99e71f2daa",
                "887bff79b33507d4eb765f3a1fdc062086b93e0f6fd9fc793b8ba6fce29611ea",
                "2b6772f1af6e1d838b2344f30b07144d37ee180c53666c12d2ca2c2b5e0f8b43",
                "0a3e43cfe4c9557fda803e9c73150f3cb419b5e63a037b88d9c390c2ffa81db3",
                "62f4d554cee265c8fc6408c20955e7b27b23b785fd7122b63d9c4a2b73f1eeb5",
                "febef958513437fe5fe2bc966e71a1b3fbe0cdbcccd92dc88d0b3c5e4e4b8fac",
                "18d9cc3c81fa7a832d72c5b7ed0309bf72faef43fa61047df762b8a05e817982",
                "3152475b2b7cff32bf639765e294583e87bdea3a85de527e10a91e82585d68e2"
            ],
            "type": "XHR",
            "firstPartyCookies": {},
            "firstPartyCookiesSent": {},
            "exampleSites": [
                "21naturals.com",
                "www.adulttime.com",
                "www.agentredgirl.com",
                "www.blacksonblondes.com",
                "www.dogfartnetwork.com",
                "www.evilangel.com",
                "www.falconstudios.com",
                "www.femjoy.com",
                "www.futa3dx.com",
                "www.gangbangcreampie.com",
                "www.girlfriendsfilms.com",
                "www.girlsway.com",
                "www.gloryhole.com",
                "www.gloryholesecrets.com",
                "www.hardx.com",
                "www.mypervyfamily.com",
                "www.nurumassage.com",
                "www.puretaboo.com"
            ]
        }
    ],
    "categories": [],
    "performance": {},
    "cookies": 0,
    "topInitiators": [
        {
            "domain": "gammacdn.com",
            "prevalence": 0.8709677419354839
        },
        {
            "domain": "hwcdn.net",
            "prevalence": 0.06451612903225806
        },
        {
            "domain": "first party",
            "prevalence": 0.06451612903225806
        }
    ],
    "types": {
        "Fetch": 2,
        "XHR": 18
    },
    "nameservers": [
        "etta.ns.cloudflare.com",
        "vick.ns.cloudflare.com"
    ]
}