{
    "domain": "gatorleads.co.uk",
    "owner": {},
    "source": [
        "DuckDuckGo-US"
    ],
    "prevalence": 0.0000545,
    "sites": 8,
    "subdomains": [
        "t"
    ],
    "cnames": [],
    "fingerprinting": 1,
    "resources": [
        {
            "rule": "gatorleads\\.co\\.uk\\/Tracking\\/TrackUrlGet\\/",
            "cookies": 0,
            "fingerprinting": 0,
            "subdomains": [
                "t"
            ],
            "apis": {},
            "sites": 8,
            "prevalence": 0.0000545,
            "cnames": [],
            "responseHashes": [
                "ff2e4a5027bddb37a12512130596acb4839a435e7b46bea075e9bcc8a614867a",
                "f8a448136be59e2c194e98ec7ef8dcb262e8433e1fd7598e38d29f53865ae711",
                "779f4b8c1a3ef707b3e90515665fe77455da5a44738eecd0c6147198f5f36b08",
                "3d2473bf41cfc7c9ef6e7b65af39df345fe60cefeed2d80d8580c5e49074353b",
                "78f49c4162c648e021b388eb05b9a96682fda29bb556408a9d638baaa406af48",
                "b58e10c77086787fbe8efd809d3d7391b17069f94df5c178f7b4ef00522d0c6b"
            ],
            "type": "Script",
            "firstPartyCookies": {},
            "firstPartyCookiesSent": {
                "gpv_URL": 0.000006812035504329049
            },
            "exampleSites": [
                "darktrace.com",
                "tforcefreight.com",
                "visitbirmingham.com",
                "www.brother.co.uk",
                "www.cadlinecommunity.co.uk",
                "www.fmb.org.uk",
                "www.gva.ch",
                "www.tforcefreight.com"
            ]
        },
        {
            "rule": "gatorleads\\.co\\.uk\\/Scripts\\/ssl\\/a3b372f5-7517-4460-80f2-9444d850944d\\.js",
            "cookies": 0.0000136,
            "fingerprinting": 1,
            "subdomains": [
                "t"
            ],
            "apis": {
                "Navigator.prototype.userAgent": 1,
                "Document.cookie getter": 1,
                "Date.prototype.getTime": 2,
                "Document.cookie setter": 2
            },
            "sites": 2,
            "prevalence": 0.0000136,
            "cnames": [],
            "responseHashes": [
                "a9bff1c66295fd22eb171ce6d7b57b84c9a7a098901e6961d5e2504bc4a2540a"
            ],
            "type": "Script",
            "firstPartyCookies": {
                "wow.anonymousId": {
                    "ttl": 63072005,
                    "length": 36,
                    "prevalence": 0.000013624071008658098,
                    "uniqueness": 1
                },
                "wow.schedule": {
                    "ttl": 1205,
                    "length": 13,
                    "prevalence": 0.000013624071008658098,
                    "uniqueness": 1
                },
                "wow.session": {
                    "ttl": 1205,
                    "length": 36,
                    "prevalence": 0.000013624071008658098,
                    "uniqueness": 1
                }
            },
            "firstPartyCookiesSent": {},
            "exampleSites": [
                "tforcefreight.com",
                "www.tforcefreight.com"
            ]
        }
    ],
    "categories": [],
    "performance": {},
    "cookies": 0.0000272,
    "topInitiators": [
        {
            "domain": "first party",
            "prevalence": 0.875
        },
        {
            "domain": "wowanalytics.co.uk",
            "prevalence": 0.125
        }
    ],
    "types": {
        "Script": 10
    },
    "nameservers": [
        "rory.ns.cloudflare.com",
        "brianna.ns.cloudflare.com"
    ]
}