{
    "domain": "gedi.it",
    "owner": {},
    "source": [
        "DuckDuckGo-US"
    ],
    "prevalence": 0.000102,
    "sites": 15,
    "subdomains": [
        "eulogin"
    ],
    "cnames": [],
    "fingerprinting": 2,
    "resources": [
        {
            "rule": "gedi\\.it\\/sdk\\.config\\.get",
            "cookies": 0,
            "fingerprinting": 0,
            "subdomains": [
                "eulogin"
            ],
            "apis": {},
            "sites": 15,
            "prevalence": 0.000102,
            "cnames": [],
            "responseHashes": [
                "7e3f36472d6bb4cfac7a3ff102699a808a6f969fd9a0d29de65ccc531d5bb2ab",
                "b81b6f95af001f2bdab30e31a0bc582b9bdeaac6f032abf7749423bb277948bc",
                "cd5e5d65f75b70f4a26f5db97591d4030385e9ff86b29fe81d3cd3ce676bee88",
                "ca6ca97cd00e8caf3752460ec68d4093ab73abc2ab28810e79415e0a5b3156f2",
                "c9ca204b10901fa97611f8705a05deebd2627336fa522efa76946edf3e13d21c",
                "9289b9d21038bfbc92f40f5445833874b1c97547d1441a96211b6e298ff6f5f4",
                "cca3e1a3990c903ed74cb641d9957e57be904f1059385e6737c6cc4c6271a999",
                "55b0f6558fd266c05dd86f2f2a26dc396b6306ccbbbd5fa56ea3f2a9d9e2806a",
                "909106ec6fbf7c9e260f1dec5a6b50eb9be53b5b5898186e8656d15f6a4478d5",
                "0c1c8444dd8d9116eb09fe5b789c7c3be632b0d4e9ec038056997e700b4e571e",
                "0a570c09afe020ee4f67f9761f2c8d831cc5edf6388342acd3d772acdcfb536c",
                "fe27b71c83d2299e15cc460110fcb53292094e26b4ede1854bd55bbb6997c779",
                "f4a0e04601e89637990618786ab20a5da6604422e06d39adf851005c4b31f22a",
                "f45573e3056ad51c4083e768ce22207fcc47efc5155907c7f702591b188dd6f6"
            ],
            "type": "Fetch",
            "firstPartyCookies": {},
            "firstPartyCookiesSent": {},
            "exampleSites": [
                "repubblica.it",
                "dizionari.repubblica.it",
                "ilpiccolo.gelocal.it",
                "mattinopadova.gelocal.it",
                "messaggeroveneto.gelocal.it",
                "milano.repubblica.it",
                "nuovavenezia.gelocal.it",
                "roma.repubblica.it",
                "www.alfemminile.com",
                "www.deejay.it",
                "www.huffingtonpost.it",
                "www.ilsecoloxix.it",
                "www.lastampa.it",
                "www.limesonline.com",
                "www.repubblica.it"
            ]
        },
        {
            "rule": "gedi\\.it\\/gs\\/webSdk\\/Api\\.aspx",
            "cookies": 0.0000272,
            "fingerprinting": 1,
            "subdomains": [
                "eulogin"
            ],
            "apis": {
                "Date.prototype.getTime": 14,
                "Document.cookie getter": 4,
                "Document.cookie setter": 4,
                "Navigator.prototype.userAgent": 2,
                "Navigator.prototype.appVersion": 2,
                "Navigator.prototype.mimeTypes": 2
            },
            "sites": 14,
            "prevalence": 0.0000954,
            "cnames": [],
            "responseHashes": [
                "02c4e5628c68d067c8b230af0163967592c97e9e7d79fb50d32198a7ea7050ec",
                "3ac7b14505c1680d131a66aeeb1311e83f67adebb7b91975f8e40bc6cf79adcb",
                "58a3116e642b6f463e083dcc9e8cc98e4ecf067ff73c3894b9207c57d6636748",
                "6457acec5c0cdfe22b22d8904cd18bf2ce74ffb32c72d2986527af53e63498bd",
                "55bf49464e57eb0a256bc5dbef25b70bfa0d1cdbaed94973484b75e999fc8e09",
                "99eb110b7473af4fb077270f7f684101db97bc469f4b2452d77b9db7c035f391",
                "e635ad07da726930e0cf4c8375904803b0d272681b8a5fbe1868beee0d6b41f9",
                "2cddc3d611ccf88839dab70019b33cea090dddbb18970d9b9d47a69785364fe7",
                "f2ddde2e376063149e895b2215b790b90426a860c927a4a8292b1f1cbcda6ff7"
            ],
            "type": "Document",
            "firstPartyCookies": {},
            "firstPartyCookiesSent": {},
            "exampleSites": [
                "repubblica.it",
                "ilpiccolo.gelocal.it",
                "mattinopadova.gelocal.it",
                "messaggeroveneto.gelocal.it",
                "milano.repubblica.it",
                "nuovavenezia.gelocal.it",
                "roma.repubblica.it",
                "www.alfemminile.com",
                "www.deejay.it",
                "www.huffingtonpost.it",
                "www.ilsecoloxix.it",
                "www.lastampa.it",
                "www.limesonline.com",
                "www.repubblica.it"
            ]
        },
        {
            "rule": "gedi\\.it\\/gs\\/sso\\.htm",
            "cookies": 0.0000272,
            "fingerprinting": 1,
            "subdomains": [
                "eulogin"
            ],
            "apis": {
                "Date.prototype.getTime": 15,
                "Navigator.prototype.userAgent": 13,
                "Navigator.prototype.appVersion": 13,
                "Navigator.prototype.mimeTypes": 13,
                "window.localStorage": 5,
                "window.sessionStorage": 5,
                "Document.cookie getter": 4,
                "Document.cookie setter": 4
            },
            "sites": 15,
            "prevalence": 0.000102,
            "cnames": [],
            "responseHashes": [
                "c0e1b5829e5a3039c177daedd942170e0c485bf96426efe74c3d5c3054f044ef"
            ],
            "type": "Document",
            "firstPartyCookies": {},
            "firstPartyCookiesSent": {},
            "exampleSites": [
                "repubblica.it",
                "dizionari.repubblica.it",
                "ilpiccolo.gelocal.it",
                "mattinopadova.gelocal.it",
                "messaggeroveneto.gelocal.it",
                "milano.repubblica.it",
                "nuovavenezia.gelocal.it",
                "roma.repubblica.it",
                "www.alfemminile.com",
                "www.deejay.it",
                "www.huffingtonpost.it",
                "www.ilsecoloxix.it",
                "www.lastampa.it",
                "www.limesonline.com",
                "www.repubblica.it"
            ]
        }
    ],
    "categories": [],
    "performance": {},
    "cookies": 0.0000477,
    "topInitiators": [
        {
            "domain": "gigya.com",
            "prevalence": 1
        }
    ],
    "types": {
        "Fetch": 15,
        "Document": 29
    },
    "nameservers": [
        "ns-829.awsdns-39.net",
        "ns-55.awsdns-06.com",
        "ns-1643.awsdns-13.co.uk",
        "ns-1346.awsdns-40.org"
    ]
}