{
    "domain": "geotargetly-api-2.com",
    "owner": {},
    "source": [
        "DuckDuckGo-US"
    ],
    "prevalence": 0.000143,
    "sites": 21,
    "subdomains": [],
    "cnames": [],
    "fingerprinting": 1,
    "resources": [
        {
            "rule": "geotargetly-api-2\\.com\\/gr",
            "cookies": 0,
            "fingerprinting": 1,
            "subdomains": [],
            "apis": {
                "Document.cookie getter": 1,
                "Date.prototype.getTime": 2
            },
            "sites": 15,
            "prevalence": 0.000102,
            "cnames": [],
            "responseHashes": [
                "d130603a44c7e229103fe4f873362a6d7580e86be5d058d9f914c2c8f9f15a49",
                "1ee9736cfb140eabaff6242d9b754ff4f974a79d60dc95d4ae3c892046b1e5c3",
                "7d71774865d016a74a0bd35c237bd84e788cd09f9a76e56542a8dc718707c75c",
                "fe554929d09bffde0dc59f37ad911b8abef036d17e61fdd3edd38123602d04c8",
                "148b6297a7261c007ff5504830736e57c769aa0c7dba4fbee6aa68b62d3f6f1f",
                "1e2843cf4ad12267dceb314baa119be4b346f1ca312476ed15732336bb089ab7",
                "e0f0a0321bec6ea9f2a2336f5bdfb778657d9245207cbe3dd937f51c892ed422",
                "fd63428476ab5ee3c72e6d9645b2ab02ec516bb59ee412185590aa041aafae85",
                "4bb2d43ce28c3dc1afc989b8da6c014ab00dbcc395547a0fb446fcba0552efc8",
                "f770c1ea20e7427844579b40ab77736ce83fde2b0d2717284709b74706331bb3",
                "ba23bc15c9c6fadafd0d794dd04adba10c952826bf107a0562fd95b18bbee043",
                "411be53412bd23b0f56e6e78040c7d0654cdf6e84c71e843807d7c872fde0820",
                "659ef4c25ea5287e68e79637e7072be5a995bef72cc8c0142179add1da893e6a",
                "2c642a35191bec6cac22d93761b13cae07bc255323aefb279d63e911a7009660"
            ],
            "type": "Script",
            "firstPartyCookies": {},
            "firstPartyCookiesSent": {
                "_hjTLDTest": 0.000013624071008658098,
                "IR_gbd": 0.000013624071008658098
            },
            "exampleSites": [
                "armstronginternational.com",
                "megafood.com",
                "nextbase.co.uk",
                "nextbase.com",
                "tifosioptics.com",
                "us.amazfit.com",
                "us.maxmara.com",
                "woodlandmills.com",
                "www.brabantia.com",
                "www.garageclothing.com",
                "www.instructure.com",
                "www.smithoptics.com",
                "www.straumann.com",
                "www.virginpulse.com",
                "www.webuyanycar.com"
            ]
        }
    ],
    "categories": [],
    "performance": {},
    "cookies": 0,
    "topInitiators": [
        {
            "domain": "first party",
            "prevalence": 0.6521739130434783
        },
        {
            "domain": "googletagmanager.com",
            "prevalence": 0.2608695652173913
        },
        {
            "domain": "yottaa.com",
            "prevalence": 0.043478260869565216
        },
        {
            "domain": "dynamiteclothing.com",
            "prevalence": 0.043478260869565216
        }
    ],
    "types": {
        "Script": 15
    },
    "nameservers": [
        "sandra.ns.cloudflare.com",
        "pranab.ns.cloudflare.com"
    ]
}