{
    "domain": "getsitectrl.com",
    "owner": {},
    "source": [
        "DuckDuckGo-US"
    ],
    "prevalence": 0.00139,
    "sites": 204,
    "subdomains": [
        "events"
    ],
    "cnames": [],
    "fingerprinting": 0,
    "resources": [
        {
            "rule": "getsitectrl\\.com\\/api\\/v1\\/events",
            "cookies": 0,
            "fingerprinting": 0,
            "subdomains": [
                "events"
            ],
            "apis": {},
            "sites": 150,
            "prevalence": 0.00102,
            "cnames": [],
            "responseHashes": [
                "98853870ef35fd1fd654fcff56902a8465856c676edc7c8a4869c3beb02cefc2",
                "1d3143c06ef7d13e1835f73e107b5242a6fc71d4fc612f650a1e04952a860d7b",
                "ac26b4e88f3304a3705ed3a75fea24cba55473391fed1443edff67c26af04403",
                "49b2c88c94fd7a9af5fab25aa730c0f42ab89011fcd71f556aebcc374fb478a5",
                "d550c987ded74e13b8f892a0e4c113a65a9a9be450ae884d6234cd3479509d18",
                "bca5bf24f20ffadaa831f0040bc6d4bef7aba1538cde625e06b2bcd9e0c0634f",
                "71c31652de611a3c6932b649eb877ba7fea997a114f3672e9448a24a37118773",
                "5fd805a45ec777e46a7368529f01eedfd9871bcb3dd33731ea4f2b0358bd4cc0",
                "77c02151990ffa2cd15cf290edf5a270a8c0f769c72d158caa64f71e4b3c7a92",
                "1c9daba92fbcccad1dafaf5cfd585030217178d63d6727b237b53554c005a4cd",
                "4e96b341a2025aff0c8fa241e58a5c50dcf52e992c9d88464e555ee2e794526e",
                "e8c9a7453bfc00404e3c75c9e6d7fb759ce89da18f97b5827bc412729327d20a",
                "043457a57f0676ca3f69e8f9940845ba39c04a1335d8a4068424834c2a111d06",
                "00bab448ee01123f3b5f2593d909cc0e512f4109fcaaf5c04724002af5435b5b",
                "35ad4e59978ab8563f9bf038b62c634bf9c6af2a4357877237a08ab98a53a60b",
                "d339dd950f04430fced8c4f7da4e36a86d4bba31081a34a8b864db6a73aebf6f",
                "daf8fe6ee72fe67922a22017e2f895d75b3808c7ae7200b1c0ec6128ce754a23",
                "03b50df0b1ae6b42e242f2613e9e5a5c9223bc1c4bdb594f061040b79d4e920d",
                "f5a3411011bc9ab4ef2f71f3616e7d78967a3055a227e2b487eeebd9b224f9ab",
                "abd74389074e774a86d277ad81d7877a3b61378c3f33d0a7de6e341d27e344ae",
                "e356441b567e87ef2665133eb2c1d083783c8d077764fc5fcb7d9635bff2218a",
                "a41991ef71c0a54e34e1ab436c9473ccee4975244fd9d94685f935d0cd6a8b7d",
                "c478c543d2b129f7140dabd6d5397f7dc3583f72e46f95b579da124d35ad54c4",
                "4a5199f5fc59e8f9668f08ca5ff5c8fb30dc4ae2c6ac87bdca20a7dda4f798ff",
                "6eda15a3daae09ce04a2b4970c8f74ec6ccd10396c7a5c4612fc530b25ae3e32",
                "8eb37cb128c60df4db6044abc803c07aa1adfbbf8494a2d01c4a987352b1bfcb",
                "f6f5ec1a7a97b3733e53fe368cef5fc71a2c4943d1e62c84db4f40586ff7da17",
                "012ba12e9ba7231cc64d2103b822ccad2e0490091d13d260a11d7b448f26f85a",
                "b71817e7f82402a5ec9d0e057ab08de1d2ac59544e68e28be117205626fe8ccf",
                "79b47afbab2d82d7db69227fabf2b4b5330771531953b3d8da4766d58d3f1467",
                "635a017da39403dfd062ee4c753ce0db453e7a2b90f33e4647894bac9ef3f7b1",
                "2ba9a85f6db2775b5cc1ebd18ae1a3191c50e3ea0515c740075d118e97aa0708",
                "490acbab8043132424511161a1b5761ba0ce6811b277050dbb99b835bc1317a4",
                "7cf16816326129ff847b4020acef84650e28b38efbaa6a5e9dc8567849ee9689",
                "9ad051f61220a211b665582b3d631e1d01d386b2495d164267bfe3867731411e",
                "b77959e51b46507d7a974229e13e82932edb7a77a6e7d13937d5203c7c1b0202",
                "80227405d02539791c5801213509f489c3754ba40518cfb66ce1c2bf7debe255",
                "64cd3b5ffed32f3556c05e7ed8da77ef501c7c47849fc2a8e53429a21dbe7f15",
                "d718e340136606154ada6edddee2a4559fa6859f0f0b924b45bbe61622620eb6",
                "7f2d6ef9966b8b82bbae301f02775790b7b4c84d0c1c0a6e0ae3fad68d4c6b2b",
                "c2a15e93abd410dad70acdcb429ee3b8e65bcdc13d8d06ed1b09c29973b4de84",
                "31c26e35fc3abe5be72d04030cdf5cf637d9a4f618edcc354b4af7f816dc461a",
                "2286fbc7c1318e06b3e5fe866267c046d74f5525098ff5752448bc7c86bd7053",
                "0548fe1a673b7e57c3f0dff2301c9c8a14ddfd8468dde5ee6008d1239b21eac9",
                "11fcc6618514d045e99874263e8eeda1a7ca43ed0d37233a55b27867ce3fe59c",
                "fab94e2f773c8154a11215adbad991755fb6bdfaa840e67192c032656441e74f",
                "5e590914d97c06da3fb1d2a11dc870f4af2638c5907b3f90a6a3199535d6ad64",
                "c992e8472e22e6dc611b6b85b608a30da0fafd89876fd3dba06923597316e428",
                "7c660896c1081bb34f164ea777bf410503ce4f0326703a6e96824ed43d635b35",
                "86ced84b0d5582a96808411d1d9293405eeeab1cc3f7e9b26d7ff3089ac6b7c7",
                "5a701b057a3981ca2a83eee3c9242ae5d86527e3576466f466660acc4080d7ac",
                "3e0c4c8ab71ef2af9ee5d20b33ba594249657e6fd5baca8d294f1a0661842ba7",
                "614d5bc63a93a421ff5e1edd4689146e4ef0f92fb5ef94fbe0c8b02f59a50ebd",
                "387e4cc65ca2bb2663dd63ce888b1e419e4596d9382219d16802db993b5ba091",
                "919606198a38e348aa0d04b43ad1ad49f0c1233f202882d986bac5a7dfd2110c",
                "cb3797aea93c65026e8be64bce71a1cce6be10ffa7e434216933edde97f08bdc",
                "0ba20ab87e7706b3fb28f2a1501703b9897ef784c6eccba14041f1e8e05dbc2d",
                "a7eb4ede396fcce63948ea5222bad5e57b726de7df13c5cea15edc0d6bd7375d",
                "69050b6813841bf5ca5ae8f4bbdc87014f36a2dfb5aa24543c373d48b086b72d",
                "5f8a93bd57d0e3c99b3ee1ab4ae43728fd677841e392eec63e6a5011ac82ecb5",
                "751caa40dfcd50621fc97ee53958c2a6ec73a267c00bb2c5f18e59ee45e6856c",
                "ffbb5b0c741823721c21216dac290c3bdd081f7d1c39da4a3dad43bfcb52160e",
                "9c0d628b7efb483756da08ae96d0b8ebb0a87c10c99e1fd02c56b00f2aad5e61",
                "d778cf080ae759b66c593a79c74180a1431f51e83d03fb14f383a1d0b7aa5a77",
                "2c9009f33216a41010c0b340f6a63030ec821aa0aaf7676935cdccd86c76cf70",
                "bddcac59e1984a918a89bfb53526d9ab0275773a6d54ada8bf99c369afe5e6eb",
                "23ea6cd8e5bc1679cdd05f86d2cb6619e510d91403e6e20377395fbea220979c",
                "9360a1754703f74bf78957d6e30c17977cf8dc050df1000d1d6160a432400805",
                "d06ccf446e24c4e237ec89a3af6b4083499bb7c205f4964e012ed6b0e9260ff0",
                "f1d8d368f5b2da0e3be4655015b164a828f04dc3522b368275066446308652a3",
                "67be827f1d4237fc80e6a38547b96c4c6e6c3ae0336e253a9d81d50906add94c",
                "10e2f2e8a80415ee001550e81898ef338d0e0b1a01f956af1c1f4651193730c9",
                "8b9db5694e96dd95eb2b6f05e784bfa023741673ed238f41e0dea78878c30b2a",
                "38f6180aab78c590bf925d95600cae74b0538b1b33fefa6125430780152ec87d",
                "d2b61025cf8531c79541a3219b1f50802ffa0900c3c858f7c2a014bb7bec4484",
                "58348e2c594b2d3408b78201f17a3a458e805cc5ca5a2855bec35fb06a779258",
                "fce799e332df138eee44a9b3597d66462d03cccd1147b99269419cfe0588924d",
                "346331f0522e601a64461be2bcd5d925b5d6caa6976dfffd978b5bd41c3ead23",
                "d2c617272aadfc3a58b4b18a520c42efc26351a80777e80b81ff7e121a0e3d0d",
                "13178b14e5996d6cc3bd0c52b7f8a8998e4b3897e092c0c537ced1268c873f12",
                "8e380b36b6c3edea118aa3ed83bd1335b8ed91ee10df918124dbb34084103825",
                "1e9a79e30a3ff85dac650012038dd960d89e33f0eaa046e0dc083589cbc14319",
                "360789bd7d676b3e6485fa3cceaa379cd0f93d029f5328ceb3c5b58b6a9f6b21",
                "526c4a3228e6ea23e60f3dae8b667529f14085ff8a7127e5eeca50cb02381e54",
                "ce6d3b48e84b3ceaccde89528612cf3195a9e59dc64ca264e0983355cedf151e",
                "520b987cc19dab394abebba7216587a557f4e70598dfaf6f16bd3fd35999f07f",
                "3d76ec9fbd482a634af0143f5a0f2ed0f7f1dfa4dc59f95fb837b734b76c4e3b",
                "b7de28aa6089e3fef936889a7be1d2e1c51d5662234b81cb8bc669b099ff922f",
