{
    "domain": "goaffpro.com",
    "owner": {},
    "source": [
        "DuckDuckGo-US"
    ],
    "prevalence": 0.000599,
    "sites": 88,
    "subdomains": [
        "api",
        "static",
        "api2"
    ],
    "cnames": [],
    "fingerprinting": 1,
    "resources": [
        {
            "rule": "goaffpro\\.com\\/loader\\.js",
            "cookies": 0,
            "fingerprinting": 1,
            "subdomains": [
                "api"
            ],
            "apis": {
                "Document.cookie getter": 44,
                "window.sessionStorage": 2,
                "window.localStorage": 2
            },
            "sites": 56,
            "prevalence": 0.000381,
            "cnames": [],
            "responseHashes": [
                "5bf155770ebee30636aba13be9c499d65d20f42ac49390fa6298e8baea94fc06",
                "f51bde5b8c613e8fa1c50ac975e31b6796f86ff927face08841acbd07d8ed407",
                "93aa48f8e7cd68ea4feeaeb1b9dfb26d3d6c7c4a86404b5c85945014d16b14c7",
                "36579e123b24628c175c9930bd7e094c2ba1ed2e0bed880f7c5f5a2ea4ad574d",
                "0cf0a41d0a15d74f9e8b9f09cd8c4f59b206afb516d9d243507d0f376c6380bb",
                "e3b0c44298fc1c149afbf4c8996fb92427ae41e4649b934ca495991b7852b855",
                "8218d444e0867fb73b0263d47a7100f598637968e956f18e3f588d8da7f8fc0b",
                "28d3b4e31c8ea3f018a4552ea10cc502babb1b01778042995e4ff0346f3b1644",
                "2488e894bc5069b9a6bb77724f4772e07a1225aed392441361ed5e96b6c94089",
                "e18b9396b97cdec30b65e1b0f352d6e9a8f646693110623e24ef7ba21cdcbc7f",
                "9df5b07a8da94a747e2eedeff7959560b4195173e77bdc373cc638e97f4cde42",
                "bd80c949b4d4482b20f132783860d73cdf7e2ce77046c1eeab25beb3b5320577",
                "bf7a884a2ed2474b9106c9724cdb01b978fcdaf71391ac0cbf6bcf67ac90d135",
                "9bc4bac2cde5c3a48866514167828feea3e8d926ba281181e37f357b027d486c",
                "a60d150aa9c6dac5f920f43732d05b2f3aa969696a551f6303596a68c55a1925",
                "03e40f88948a803433de25ea645f215d7c80c487cf918d95f91e78421f6899f9",
                "e6df24470db2baa57de93ab00c73b8bbc07a3d9f0663dadf84f2abf5a8c47796",
                "66b1fc372da9bc0f84879dbe72b491c68a96f46c1273f170d76520fac0ae7b46",
                "611634e16e1ca0ff38f807d65dc528b16d59b134bb3bcfcc828ff96c568d01f2",
                "ede87ca7e4ca08461f55cbf5d183d518386424cf2efd10a1592042ab8900eedb",
                "c8c5c69baaaa591b29ca665bee9da891b62adf67c6a5fa6774c5f12389f7102d",
                "fea0ee60fafd08dba9d54e152affc1bef5b036fe7e46ab16032fb44f9f6eb897",
                "63dd2b36d0f43386cf891f82aca8d69523811c74150022d9f58953990fa1db25",
                "e311273c29a2392a4114796b9309a4fea72f1c260007eae826d2a48de190babb",
                "a6a2130309d37f3aaeab510178e63cbe15d6042d9b144d9fae55732cabbc5b05",
                "94c92c1e6267d2dc5b141bbfc467426b6d1a5c7e716e422ae460d6829b319451",
                "cd5ecdb661ec57b5e8248a3d04e5f0ffef19d64d0a29810aa9b9026aeb22ef51",
                "059981d64650a75219a063a8cf6f29253c80342fbce391570245401870fd3e37",
                "313a1f574d6318ff45c91bf01aa220b2aff55ccbc87e0f7e17e079f66e4622b2",
                "f21bb2d6c9b8559f76950f7a172fbd7479b76c59ac888bba76be4efff5c0060e",
                "2a9ae5ccf26450675d22f4ed75cb0c0857adbe08f85f12a21a2033f1abbc08fa",
                "4e425c9662b07420695f8a685e664a169d22ea59df7432a7db978d7ae7b572d8",
                "c9e10889d2a057068679bd0ad9a49181e4795340ddfb34b17c7d77a0f9a43d44",
                "74595d0a1fd97c1e52ddad420fa909aae7cb1445cff1b8bca1f7220e6e18ecd8",
                "b464420f5bd6c22a7278be6f7dd5882f0ed37a9a7620e7ba8e8cf983b0d8d84c",
                "62a9d8846ba3647dc16a173b50421b28b7fc34576010ca48e69e0f036b78e898",
                "50f22054785e68af2db32557ac4e32a673f70902c30123b505abe9bd90eb3738",
                "a5ddd1d263ffc592bee6ecf5f7ac5828bd526ece47170f513d03ab4ebcea8cfe",
                "4dda814c48a30bfb7c7699ea4440cd6c3977a5918399b2eac32c76ff8098cb3f",
                "e02e08b2d7e266af9590ee781d07c06c883a8c3ba36ed14df8ffcf7826379c4d",
                "9528fcd5d4a54bee2f686b4844772fe33fdc765bb864f98200146cfcbd3d8bc5",
                "1a228d0b31eb9bf435ebe7130d0118b94f88efcc686e573c218b91df409c3ff7",
                "325380495880dcfa7ca5e940fc3d3439e242ca907e42ea1ee1d74405d4ed6383",
                "9e6625eea4b4e6cb94e9d951cfb753f41df5a727f6e826ff0da2115c094e4ea5",
                "522280c90921278c353d18322af9dbe107070a2d52aabd4798029eca95cc7d0e",
                "ca0cd5e90a257ef330dd7d9e995761a1b0109defa87b4f316fe8ae1336b342a6",
                "48044ff8e57911001d0e89ed467d9ee6fabe861dfe03ac11fe1d7ca4a3f32bd6",
                "12792140d8fd802f14a40fc38152154ecd5afecb9f766d9bf3c9aa472874a22c",
                "53bb948a44d670b620ad56fc34a60bc77017f14da1dc40be2050f5a191e6b4bd",
                "cdb3e1ce498ac9c7304866d37ea1b91613555f901228fd32239efc7fdd5afbce",
                "539b78c96063925aaac54aa5b64da8a6e11dd0a5b198f63ec83ca8ea322ca64a",
                "edbfe89dd6d511c0fe20fdf01efc26efda9df495b638f870677bd151420f1b77"
            ],
            "type": "Script",
            "firstPartyCookies": {},
            "firstPartyCookiesSent": {},
            "exampleSites": [
                "builtwithscience.com",
                "psychedelic.support",
                "www.imago-images.com",
                "www.safetyrestore.com",
                "www.truenakedyoga.com",
                "www.cctvsecuritypros.com",
                "ecommerce-platforms.com",
                "baddogtools.com",
                "pimax.com",
                "otistec.com",
                "voodootactical.com",
                "signaturesolar.com",
                "www.avemariapress.com",
                "rockyourglock.com",
                "haleystrategic.com",
                "www.righttobear.com",
                "www.imago-images.de",
                "uscutter.com",
                "legacyicons.com",
                "www.vacmasterfresh.com"
            ]
        },
        {
            "rule": "goaffpro\\.com\\/cross-domain-sharing-innner-frame\\.html",
            "cookies": 0,
            "fingerprinting": 1,
            "subdomains": [
                "static"
            ],
            "apis": {
                "window.localStorage": 2
            },
            "sites": 8,
            "prevalence": 0.0000545,
            "cnames": [],
            "responseHashes": [
                "e803caa67eb0a2f34fba4ad9b14b263df67f53aae17737d47e31bca0f7b3842b"
            ],
            "type": "Document",
            "firstPartyCookies": {},
            "firstPartyCookiesSent": {},
            "exampleSites": [
                "3dconnexion.com",
                "bulletjournal.com",
                "mozaracing.com",
                "store.jockofuel.com",
                "trakracer.com",
                "www.luvele.com",
                "www.xtool.com",
                "www.zumanutrition.com"
            ]
        },
        {
            "rule": "goaffpro\\.com\\/shop",
            "cookies": 0,
            "fingerprinting": 0,
            "subdomains": [
                "api2"
            ],
            "apis": {},
            "sites": 2,
            "prevalence": 0.0000136,
            "cnames": [],
            "responseHashes": [
                "9f46e023d98274cdc86c9f247d92d53d3db962c813fb94cec71c13b8b0422c04"
            ],
            "type": "Fetch",
            "firstPartyCookies": {},
            "firstPartyCookiesSent": {
                "ref": 0.000013624071008658098
            },
            "exampleSites": [
                "allstitch.com",
                "omtechlaser.com"
            ]
        }
    ],
    "categories": [],
    "performance": {},
    "cookies": 0,
    "topInitiators": [
        {
            "domain": "first party",
            "prevalence": 0.859375
        },
        {
            "domain": "shopify.com",