{
    "domain": "goinstore.com",
    "owner": {},
    "source": [
        "DuckDuckGo-US"
    ],
    "prevalence": 0.000102,
    "sites": 15,
    "subdomains": [
        "gis",
        "static-gis"
    ],
    "cnames": [],
    "fingerprinting": 3,
    "resources": [
        {
            "rule": "goinstore\\.com\\/gis\\/jsapi\\/init-info\\/gisCallbacks\\.initInfo",
            "cookies": 0.0000749,
            "fingerprinting": 0,
            "subdomains": [
                "gis"
            ],
            "apis": {},
            "sites": 11,
            "prevalence": 0.0000749,
            "cnames": [],
            "responseHashes": [
                "ae334dc323873b2dd14a399a7050f1880ccc1f3cd2eb31987291bb01bcc7b621",
                "9ee4310d60876ce340dc91c6b4a0fe6ac73870f728258e758c7e8089000dfcde",
                "ead16b14cf68bb36d9636a1449451f98cdc14191dead00b95bc3b1b630587229",
                "09cfdd08ba3af9e399635cd920fcd8fb358cc9391a39088f3dc1ef47f996c001",
                "7ebbaf9446bc1fd8b4b16b7e6542c20f7d17528901d8e3ac1a5f7de05b3ae8a0",
                "74cee14d823c01275e1062f53e4232a6d88c366d1ae07657bf129c4eef58404f",
                "88835938ba9c23eaf7aa7c74dec2b0acd7af7a9d989635367bc92162719675e9",
                "707b4a4258a47f8e334d79a239cf4dcab820768f4fa3aeeccf1cf9892fa61df9",
                "66fa37fa25dae098d471159b4f2b743548fadca2649bfe71d1ac676fed539933"
            ],
            "type": "Script",
            "firstPartyCookies": {},
            "firstPartyCookiesSent": {
                "gpv_url": 0.000020436106512987146,
                "gis-chat-call-user-uuid": 0.000006812035504329049
            },
            "exampleSites": [
                "currys.co.uk",
                "pleasureway.com",
                "toom.de",
                "www.bricodepot.es",
                "www.carphonewarehouse.com",
                "www.cotswoldco.com",
                "www.currys.co.uk",
                "www.motorola.com",
                "www.petsathome.com",
                "www.ribblecycles.co.uk",
                "www.stokke.com"
            ]
        },
        {
            "rule": "goinstore\\.com\\/gis\\/css",
            "cookies": 0.0000749,
            "fingerprinting": 0,
            "subdomains": [
                "gis"
            ],
            "apis": {},
            "sites": 11,
            "prevalence": 0.0000749,
            "cnames": [],
            "responseHashes": [
                "4d42b2dacd3f419410b03c37960d69bbd4f6cc91364740e368518ac161676d44",
                "424ff43760884b852c0f812a67596879739929cb6f69bc7162a0743cd47a16a6",
                "16fe95305a1aeca427e39cd43fd8df7e1b7d73fc0c66360c124da5e8ec6bd173",
                "864ff04f8da17c5c0b7afcf0f72389740e48908da3e204cd60f9e22ee9925a66",
                "a064cf1c84b02c609150f45516e34fc23f27ef468831c9eb3c1711e66b1ca087",
                "870cd7f6eb4f721b0217ba255941e2ce7d60b1e91177cdb48be75763fd30ab20",
                "d51c947cda5c85dfcf55142c4714318b6358a08a0bba88dfaaf1f4c9eed8961a",
                "94bb5096829a9f3ddd5cf975983d37e8e7b4c849f0efffd2b800ec69bcc363b4",
                "754a9d7b92b19e994393de30d14b1fb79230ba6391a7b0115d910f51eac0dea9"
            ],
            "type": "Stylesheet",
            "firstPartyCookies": {},
            "firstPartyCookiesSent": {},
            "exampleSites": [
                "currys.co.uk",
                "pleasureway.com",
                "toom.de",
                "www.bricodepot.es",
                "www.carphonewarehouse.com",
                "www.cotswoldco.com",
                "www.currys.co.uk",
                "www.motorola.com",
                "www.petsathome.com",
                "www.ribblecycles.co.uk",
                "www.stokke.com"
            ]
        },
        {
            "rule": "goinstore\\.com\\/gis\\/jsapi\\/isClerkAvailable\\/clerkIsAvailable\\/clerkIsNotAvailable",
            "cookies": 0.0000681,
            "fingerprinting": 0,
            "subdomains": [
                "gis"
            ],
            "apis": {},
            "sites": 10,
            "prevalence": 0.0000681,
            "cnames": [],
            "responseHashes": [
                "df954db012c7d79eaa2a26637f758ef3c3ecbde0c3b199f3d38084303d2abdac",
                "0fea0df831035eb3537e7f46864da0d69efba0fecad3359aa9dd3b32b54feb9b"
            ],
            "type": "Script",
            "firstPartyCookies": {},
            "firstPartyCookiesSent": {
                "gpv_url": 0.000020436106512987146,
                "gis-chat-call-user-uuid": 0.000006812035504329049
            },
            "exampleSites": [
                "currys.co.uk",
                "pleasureway.com",
                "www.bricodepot.es",
                "www.carphonewarehouse.com",
                "www.cotswoldco.com",
                "www.currys.co.uk",
                "www.motorola.com",
                "www.petsathome.com",
                "www.ribblecycles.co.uk",
                "www.stokke.com"
            ]
        },
        {
            "rule": "goinstore\\.com\\/gis\\/images\\/img\\/cta-logo\\.png",
            "cookies": 0.0000613,
            "fingerprinting": 0,
            "subdomains": [
                "gis"
            ],
            "apis": {},
            "sites": 9,
            "prevalence": 0.0000613,
            "cnames": [],
            "responseHashes": [
                "0e45d51904421e3e7eb44db7052be761ebbd0cb17a61c7ca12e1d73fc835bea8",
                "f83da92c27b0485dd210db098b0eb5ec156daf9508092f4a5b2e7e5c05f5e463",
                "2b3a9135d08d10fa9e42afdb16282f0021f7c784d1cbe20b14ca7e01f5736980",
                "dda7f9788ffb02abead3d525151729ce3ec7656d14558c45ad365a7a8daf5d25",
                "54ef133152c33cc9858e359c90805221e060ca8f39a49e30d935efdc8b95286a",
                "7c6531cacde3df78dc2c3f8e5d3fe09b4cacd925723b36b4d89fd336fec55cde",
                "67ae6493adb9ffa16a6f316107f73fdfd44d7073ce9de694017e28da033caa21"
            ],
            "type": "Image",
            "firstPartyCookies": {},
            "firstPartyCookiesSent": {},
            "exampleSites": [
                "currys.co.uk",
                "pleasureway.com",
                "www.bricodepot.es",
                "www.carphonewarehouse.com",
                "www.cotswoldco.com",
                "www.currys.co.uk",
                "www.petsathome.com",
                "www.ribblecycles.co.uk",
                "www.stokke.com"
            ]
        },
        {
            "rule": "goinstore\\.com\\/fonts\\/Roboto\\/roboto-v29-vietnamese_latin-ext_latin_greek-ext_greek_cyrillic-ext_cyrillic-500\\.woff2",
            "cookies": 0,
            "fingerprinting": 0,
            "subdomains": [
                "static-gis"
            ],
            "apis": {},
            "sites": 2,
            "prevalence": 0.0000136,
            "cnames": [],
            "responseHashes": [
                "69ee9d1ba9cb53a716a4d9a1f4bac8fe1147e74d044b8007d67a7a4d81335e6f"
            ],
            "type": "Font",
            "firstPartyCookies": {},
            "firstPartyCookiesSent": {},
            "exampleSites": [
                "pleasureway.com",
                "toom.de"
            ]
        },
        {
            "rule": "goinstore\\.com\\/fonts\\/Roboto\\/roboto-v29-vietnamese_latin-ext_latin_greek-ext_greek_cyrillic-ext_cyrillic-regular\\.woff2",
            "cookies": 0,
            "fingerprinting": 0,
            "subdomains": [
                "static-gis"
            ],
            "apis": {},
            "sites": 4,
            "prevalence": 0.0000272,
            "cnames": [],
            "responseHashes": [
                "0c3575d736b4b0a00903974bbe00fafb3fc232581fc37039056f15ee47e06ad9"
            ],
            "type": "Font",
            "firstPartyCookies": {},
            "firstPartyCookiesSent": {},