{
    "domain": "granify.com",
    "owner": {
        "name": "Granify Inc.",
        "displayName": "Granify"
    },
    "source": [
        "DuckDuckGo-US"
    ],
    "prevalence": 0.000259,
    "sites": 38,
    "subdomains": [
        "cdn",
        "matching"
    ],
    "cnames": [],
    "fingerprinting": 2,
    "resources": [
        {
            "rule": "granify\\.com\\/assets\\/javascript\\.js",
            "cookies": 0.0000749,
            "fingerprinting": 2,
            "subdomains": [
                "cdn"
            ],
            "apis": {
                "Navigator.prototype.userAgent": 21,
                "window.localStorage": 21,
                "Date.prototype.getTime": 21,
                "window.innerHeight": 17,
                "window.innerWidth": 17,
                "Date.prototype.getTimezoneOffset": 17,
                "Document.cookie getter": 17,
                "PerformanceTiming.prototype.navigationStart": 17,
                "WebGLRenderingContext.prototype.getExtension": 17,
                "WebGLRenderingContext.prototype.getParameter": 17,
                "Document.cookie setter": 11,
                "window.sessionStorage": 2
            },
            "sites": 24,
            "prevalence": 0.000163,
            "cnames": [],
            "responseHashes": [
                "88d72aa4c04021250432835e6c776b61160dda4b4d54b12381432f5947fd282d",
                "0ef781144caebfe27b4f5acbf5ab3502f46be35c623b933d43cb2660c2645e9e",
                "7cf0f5ef465b3ef7fc43d7b732fe5c33749d055e44cc0b2e75103ee650b15db6",
                "64c92a790db3e9cfc455d074f8d35bf0d0735f42e05c300489bdefd97d1e1b50",
                "5ef74e2c6a78484197e4ecbebe42170b1365cdd71f6d3fb7fbae479284f067d1",
                "aff3afca46d06ac2b8e2073533fb00a57066ecf23fd6f30be81481108eda4217",
                "b10b26709f72237807b252e2d0b0da3044f06ecbad33d82a71d3767840e10707",
                "f26df229f248ed634d40065d4fbbcc415d18f09012ab0f1eda78bc8a7523bbbc",
                "485f002dc340f4116192b4c930e27c64faf0ac5dabd59b9224e12671af9ae74c",
                "f675cc8c31ba4a1a546dacdab863c6b7b9f3a09ea0c8b534b8412067e37490c6",
                "f071e9684cf7648cc23af8f450d70d41820d5e29c16b2ca4804b4f7b1f8e4c77",
                "09df33dadd2341978b1470ce15240ca4be9e744ccea7274aebec38bc5c5fee5a",
                "2ddc50aa703a5f7ec8b16081d871341981fb2092f6d39c888a94c0cd49e7954c",
                "0309cfa55407af9ccd6f033df7e010dca808855bdc55714cbee4a78ebc79215c",
                "a5c0c1acc882faa3f5b7a8786acd86c918d688ed5aac5b5f3886894d6f3f8988",
                "ef6ddf5894cdfa43a664d2e67f2ec516a41854c2063043ddf762f6bc992f6a4f",
                "2ddfb92074b1868aa39e4151adaea4ac7fccef310a72fddbba94aa12b37a571a",
                "7bacaf821e83400a4d486040cf03f50aaff014b89ee6c50acb71dd5b5ea2eaae"
            ],
            "type": "Script",
            "firstPartyCookies": {
                "granify.uuid": {
                    "ttl": 157680011,
                    "length": 36,
                    "prevalence": 0.00007493239054761953,
                    "uniqueness": 1
                },
                "granify.session.qivBM": {
                    "ttl": 157680011,
                    "length": 2,
                    "prevalence": 0.000013624071008658098,
                    "uniqueness": 0.5
                },
                "granify.new_user.qivBM": {
                    "ttl": 157680006,
                    "length": 4,
                    "prevalence": 0.000013624071008658098,
                    "uniqueness": 0.5
                },
                "granify.session.nJpuD": {
                    "ttl": 157680019,
                    "length": 2,
                    "prevalence": 0.000013624071008658098,
                    "uniqueness": 0.5
                },
                "granify.new_user.nJpuD": {
                    "ttl": 157680014,
                    "length": 4,
                    "prevalence": 0.000013624071008658098,
                    "uniqueness": 0.5
                },
                "granify.session.BpFfW": {
                    "ttl": 157680022,
                    "length": 2,
                    "prevalence": 0.000006812035504329049,
                    "uniqueness": 1
                },
                "granify.new_user.BpFfW": {
                    "ttl": 157680015,
                    "length": 4,
                    "prevalence": 0.000006812035504329049,
                    "uniqueness": 1
                },
                "granify.session.JUFHS": {
                    "ttl": 157680008,
                    "length": 2,
                    "prevalence": 0.000006812035504329049,
                    "uniqueness": 1
                },
                "granify.new_user.JUFHS": {
                    "ttl": 157680010,
                    "length": 4,
                    "prevalence": 0.000006812035504329049,
                    "uniqueness": 1
                },
                "granify.session.1447": {
                    "ttl": 157680019,
                    "length": 2,
                    "prevalence": 0.000006812035504329049,
                    "uniqueness": 1
                },
                "granify.new_user.1447": {
                    "ttl": 157680014,
                    "length": 4,
                    "prevalence": 0.000006812035504329049,
                    "uniqueness": 1
                },
                "granify.session.1244": {
                    "ttl": 157680029,
                    "length": 2,
                    "prevalence": 0.000006812035504329049,
                    "uniqueness": 1
                },
                "granify.session.1245": {
                    "ttl": 157680029,
                    "length": 2,
                    "prevalence": 0.000006812035504329049,
                    "uniqueness": 1
                },
                "granify.new_user.1245": {
                    "ttl": 157680022,
                    "length": 4,
                    "prevalence": 0.000006812035504329049,
                    "uniqueness": 1
                },
                "granify.session.1402": {
                    "ttl": 157680029,
                    "length": 2,
                    "prevalence": 0.000006812035504329049,
                    "uniqueness": 1
                },
                "granify.new_user.1402": {
                    "ttl": 157680038,
                    "length": 4,
                    "prevalence": 0.000006812035504329049,
                    "uniqueness": 1
                }
            },
            "firstPartyCookiesSent": {},
            "exampleSites": [
                "etsy.com",
                "www.etsy.com",
                "www.gapcanada.ca",
                "www.grandinroad.com",
                "gap.com",
                "qvc.com",
                "www.gapfactory.com",
                "www.express.com",
                "www.hsn.com",
                "gapfactory.com",
                "www.ballarddesigns.com",
                "www.qvc.com",
                "www.frontgate.com",
                "www.gap.com",
                "m.alibris.com",
                "bananarepublic.gap.com",
                "www.alibris.com",
                "bananarepublic.gapcanada.ca",
                "bananarepublicfactory.gapfactory.com",
                "www.janieandjack.com"
            ]
        },
        {
            "rule": "granify\\.com\\/identifier\\.html",
            "cookies": 0,
            "fingerprinting": 1,
            "subdomains": [
                "cdn"
            ],
            "apis": {
                "Navigator.prototype.userAgent": 5,
                "window.localStorage": 6
            },
            "sites": 9,
            "prevalence": 0.0000613,
            "cnames": [],
            "responseHashes": [
                "017ce5a67b27ef7f4097386a0cdad0bfc826e9caa46925bb25841a1c25f085ac"
            ],
            "type": "Document",
            "firstPartyCookies": {},