{
    "domain": "groorsoa.net",
    "owner": {},
    "source": [
        "DuckDuckGo-US"
    ],
    "prevalence": 0.000361,
    "sites": 53,
    "subdomains": [],
    "cnames": [],
    "fingerprinting": 2,
    "resources": [
        {
            "rule": "groorsoa\\.net\\/",
            "cookies": 0.000211,
            "fingerprinting": 0,
            "subdomains": [],
            "apis": {},
            "sites": 31,
            "prevalence": 0.000211,
            "cnames": [],
            "responseHashes": [
                "d00bf9667fb83cee6cca3130b3166a9fb9724bbb1d1f19754e378023d6e0fc09",
                "b331cd943a264872e27140f6dddfe868c32b9d236fe6475e98e00a9b40762122",
                "9a9a5a5d5c23b424ccacfa096fb6729a07986eec0f5dc29e72428446c1bdb8b6",
                "0013ad78e8a97b5498cbe8a773134851814f953df35a0b215ef2e445f620ae30",
                "9eb25c2912d0d8f985f5ce4807515c31634ca69b5e72dd010d149248e3de3cc3",
                "782db52f453b79669311aa7b496e60243143bf45dc8325f7daa925614b5ba860",
                "d4cfcf194375d2094e298051068f8f8b4241d0839a34d92027537c8c116fefbf",
                "28c1a3524778a0b4ffa1d4c5dc9ba234edbd1bdae50925e2f2636e1042d1a88b",
                "5f6a7ea2f7c227b399d623064f96c6099fd258940dc77b5e755369b980674cb6",
                "9976525d1c713cd5df2b1e8ce8ae9cdb6f373d5cafa567ab6c1bb38ac7143223",
                "dc81d787272f5589fdb7e164b412f9c404bcb01b71b6c6b693ee02c29cf9220c",
                "63c3d016ae8471f3585087d05ddb9c98e2a2b2cd76e8850f15aac3c09b9ff1ac",
                "350d062e8a170e6748fb505864078e51cee62365c578398e91f5a2ce1b11fdce",
                "3bac4b0734a33a5ffd97164b32c68dbd89253a820ff9a8569d2484b02cc9b562",
                "40c0d5f94239305db62bfd7ea719e847a605902ef7d29ddad58a055e058b8e82",
                "8833f17ea739032d3ae2e4a510445b225413b7adf12fdbcbec9a006723f7b64c",
                "865f0505a604e862572dece0a3ab86fd9dd7471b44b34bc8389c08232a08ab76",
                "a4426417ac8edd9b82cedadeeb90c4874b5ff308606854c42f89b9365a87322c",
                "33ac951e9d36614d8f8228021377c2caadd94c2bc603590ea2c407761124075e",
                "d6b07420fbf229692c15af9adab93086a193fa568b920ee85c4eb8d4627c7ff5",
                "9a3a9737a7e830517284b6839a2290a725ca352579cca4055a9531e187cd4189",
                "f269f855d8c33558757c8490482384b764b4acb26745c9ad2ec98187dd0e1879",
                "4ed5ac616dafe341a8524ad2412079da24bdad7c751d1cd50ddd2bdb52db05ca",
                "591f79dd5fb4ab12f7d6c9a4a19d57b2fcb612eb570791e11bda476fef1b35d5",
                "35ca92f1f6ab3da4d1c21f31556a4bf500d4e1c522634631d7f8e34f4876b6de",
                "25ac6113f27aff45abe359efae1ed8b9627cb100e72cfa139c6e18a5e3606436",
                "5ab90921baf152c4a1fa974461a8c407e3be3d2b20e0ae76b5ef45e056bcf394",
                "205f679490cd7bbe6790fe11b4d0566e05081f2e2893c5752011da3ed8f3bc07",
                "c7ff8b2bd2b5d1412716bcdf292b02dbf994c3dfbae99e131d91bb3540c02677",
                "8fdc9b406e4bea77cd53302071bd786f958bf8ab3d4bb253f9ee7f77480365fc"
            ],
            "type": "Fetch",
            "firstPartyCookies": {},
            "firstPartyCookiesSent": {
                "lotame_domain_check": 0.000006812035504329049,
                "c_ref_4783489": 0.000006812035504329049
            },
            "exampleSites": [
                "www.vfscan.cc",
                "buffstreams.watch",
                "bimtek.co.id",
                "www1.pelisgratishd.de",
                "streamcomplet.top",
                "overflix.online",
                "yts.contact",
                "twidoom.com",
                "scanmanga-vf.me",
                "tamilpaatu.com",
                "me.webcric.com",
                "vipbox.to",
                "ww2.yifysubtitles.me",
                "www.nhlstream.cc",
                "kiwistreaming.com",
                "stream2watch.vip",
                "pijatplusan.blogspot.com",
                "vedimuthu.com",
                "chi-photography.com",
                "www.icuevana3.com"
            ]
        },
        {
            "rule": "groorsoa\\.net\\/apu\\.php",
            "cookies": 0.0000341,
            "fingerprinting": 0,
            "subdomains": [],
            "apis": {},
            "sites": 5,
            "prevalence": 0.0000341,
            "cnames": [],
            "responseHashes": [
                "22cd440e70f2f3640d19c20c97708c16d6327dec7f35a58675b9cf53c6dc2ca2",
                "58dcd89f9fb40827a74ad78734dd2bfb6a4a5d47e4390c849e040d4636cd85cd",
                "6320085beae842cf2280f4eba0a9b87a2d0cb0ed5d01708e2566441027eebc24",
                "37a01f3e39396de381b3bfaff79bf90457fb6a0f8cb40e2c41d60e6d4f1150e3"
            ],
            "type": "Script",
            "firstPartyCookies": {},
            "firstPartyCookiesSent": {},
            "exampleSites": [
                "epub.pub",
                "footyfull.com",
                "modyolo.com",
                "www1.cuevana3.one",
                "www1.pelisplus.uno"
            ]
        },
        {
            "rule": "groorsoa\\.net\\/5\\/3512690\\/",
            "cookies": 0.0000204,
            "fingerprinting": 0,
            "subdomains": [],
            "apis": {},
            "sites": 3,
            "prevalence": 0.0000204,
            "cnames": [],
            "responseHashes": [
                "85945dc3704ae50e687b3b9b31554647a46904dacb7638d9be7f9745130812b9",
                "57ae0b249353fef4a5b444b2ec63db4a8a2fcf8763355e02066f492ac2e7c276"
            ],
            "type": "XHR",
            "firstPartyCookies": {},
            "firstPartyCookiesSent": {},
            "exampleSites": [
                "buffstreams.watch",
                "stream2watch.vip",
                "vipbox.to"
            ]
        },
        {
            "rule": "groorsoa\\.net\\/5\\/5888776\\/",
            "cookies": 0.0000136,
            "fingerprinting": 0,
            "subdomains": [],
            "apis": {},
            "sites": 2,
            "prevalence": 0.0000136,
            "cnames": [],
            "responseHashes": [
                "f040c45ec14230c710ecd4bbb2ab9d6b94f69a0314ae07557533bf843120306c"
            ],
            "type": "XHR",
            "firstPartyCookies": {},
            "firstPartyCookiesSent": {},
            "exampleSites": [
                "kiwistreaming.com",
                "www.kiwistreaming.com"
            ]
        },
        {
            "rule": "groorsoa\\.net\\/5\\/6115795\\/",
            "cookies": 0.0000204,
            "fingerprinting": 0,
            "subdomains": [],
            "apis": {},
            "sites": 3,
            "prevalence": 0.0000204,
            "cnames": [],
            "responseHashes": [
                "19ec654fe3e804df6b17d18e17d97d0240e5db844cf8761f5dcea6ccc94c8540",
                "50742b6627925eae53bb07652ee8e2197572c7b45ce3a7001e40fe396fabe915"
            ],
            "type": "XHR",
            "firstPartyCookies": {},
            "firstPartyCookiesSent": {},
            "exampleSites": [
                "masstamilan.dev",
                "tamilpaatu.com",
                "vedimuthu.com"
            ]
        },
        {
            "rule": "groorsoa\\.net\\/5\\/4796941\\/",
            "cookies": 0.0000136,
            "fingerprinting": 0,
            "subdomains": [],
            "apis": {},
            "sites": 2,
            "prevalence": 0.0000136,
            "cnames": [],
            "responseHashes": [
                "5e5512cbd1876228669482e20fabb1304bbef8388bf4de18560155592df28fd2"
            ],
            "type": "XHR",
            "firstPartyCookies": {},
            "firstPartyCookiesSent": {},
            "exampleSites": [
                "mycima.art",
                "mycima.mx"
            ]
        },
        {
            "rule": "groorsoa\\.net\\/5\\/4785254\\/",
            "cookies": 0.0000136,
            "fingerprinting": 0,
            "subdomains": [],
            "apis": {},
            "sites": 2,