{
    "domain": "grxchange.gr",
    "owner": {},
    "source": [
        "DuckDuckGo-US"
    ],
    "prevalence": 0.000109,
    "sites": 16,
    "subdomains": [
        "x"
    ],
    "cnames": [],
    "fingerprinting": 0,
    "resources": [
        {
            "rule": "grxchange\\.gr\\/ads",
            "cookies": 0,
            "fingerprinting": 0,
            "subdomains": [
                "x"
            ],
            "apis": {},
            "sites": 16,
            "prevalence": 0.000109,
            "cnames": [],
            "responseHashes": [
                "459c22c2aaa7747f0bf1d111fb6a6c5de1e4127cbc6639f336a373967607f186",
                "73a8ac28642d9e5e941e71ce48a83162532117e8f8b2804b00d64e6f650af4f5",
                "e3bf82f29d61aefbccc58e7dbcf79cca705f8422a3857d469a2e00f898f7468d",
                "aa96adcba6a7c24033649d591f08fd489194c475d1ecd30894927c58ebc958d0",
                "9f2537116629fdfd65210771f4bcd321947930bbbdae56ff358003d9c6224bc3",
                "d7a382fe55ff20974f00492e8a80bb9b41c46f33495c37e7c80e7ac0e64857b0",
                "041ec21cde60ce6bac6a419c1618e41896c16d824e2e4cf921dfe5877c1ac6f2",
                "ca3798d05a2b0ff1729bd6537e7c3161db14195684e15d1a875db97fdf11b9c8",
                "eb5977444adeb0c5b9d280fef4e0c36e54bcd7d46bbe4869f1f68195f0e1d146",
                "4a2ee6033abc8638581708b88883ce55f52a01771c9f2d8d9d5c34aa338c90fc",
                "496ac81d0b1eb811abb56c6c53e7c26cc80dfa7616253f0a2fb1cf4e91244edb",
                "4158df01917b59027822485c6a8b5363c0b02e0d213f8d6511e971c1b9a707da",
                "8e9ea5214fee6ea82937eb3bc61c5e2f38e6fd2717b2ec48bb919ac5708dbcb1",
                "5ce8a6acc16746034dc6fb641a1672cfac7d3a79d14723497514c25cdd22a923",
                "903fd6bdb22be0b0e32d0bf5745b7766c86beeb5414e1a8ba1409337a89b1d35"
            ],
            "type": "Fetch",
            "firstPartyCookies": {},
            "firstPartyCookiesSent": {
                "lotame_domain_check": 0.00004768424853030334,
                "cookies.js_dtest": 0.000013624071008658098,
                "parsely_uuid": 0.000013624071008658098
            },
            "exampleSites": [
                "meteo.gr",
                "www.alphatv.gr",
                "www.antenna.gr",
                "www.athinorama.gr",
                "www.capital.gr",
                "www.car.gr",
                "www.iatropedia.gr",
                "www.lifo.gr",
                "www.meteo.gr",
                "www.news247.gr",
                "www.pentapostagma.gr",
                "www.sdna.gr",
                "www.sport-fm.gr",
                "www.sport24.gr",
                "www.thetoc.gr",
                "www.zougla.gr"
            ]
        }
    ],
    "categories": [],
    "performance": {},
    "cookies": 0,
    "topInitiators": [
        {
            "domain": "adman.gr",
            "prevalence": 0.9375
        },
        {
            "domain": "azureedge.net",
            "prevalence": 0.03125
        },
        {
            "domain": "first party",
            "prevalence": 0.03125
        }
    ],
    "types": {
        "Fetch": 16
    },
    "nameservers": [
        "dnsdt.phaistosnetworks.gr",
        "onderon.phaistosnetworks.gr",
        "phaistos.phaistosnetworks.gr"
    ]
}