{
    "domain": "h5v.eu",
    "owner": {},
    "source": [
        "DuckDuckGo-US"
    ],
    "prevalence": 0.000198,
    "sites": 29,
    "subdomains": [
        "prebid-server",
        "frag-mutti",
        "yield",
        "cdialer",
        "finanzfrage",
        "gutefrage",
        "stylight"
    ],
    "cnames": [],
    "fingerprinting": 2,
    "resources": [
        {
            "rule": "h5v\\.eu\\/cookie_sync",
            "cookies": 0,
            "fingerprinting": 0,
            "subdomains": [
                "prebid-server"
            ],
            "apis": {},
            "sites": 7,
            "prevalence": 0.0000477,
            "cnames": [],
            "responseHashes": [
                "9bb1e4cc73a5fdee256eeb45ab21bc881a38350ca8e747e491dfbc483bfe0f6f",
                "f6535db07a9b552364128382bb2241c4e2359d4254715e4f6b3c6ae040d5fef3",
                "1ee0570a3f6e736648791f89522783b873fdf9138c6572af1871da13730f6d68",
                "daa114f4d8f3d161f115c6348835c59594dfff5ca3dbe002ff92cc9cc9e5b293",
                "65fdbd0d24e938c2856c69bc7a2e800f00b10a0164eff8d589149e56f295c1b9",
                "9db90e1bf8598d9eb12da06c32efc7486a9a888aac36cd4a49fb70c11b438624"
            ],
            "type": "Fetch",
            "firstPartyCookies": {},
            "firstPartyCookiesSent": {},
            "exampleSites": [
                "4fansites.de",
                "forum.frag-mutti.de",
                "stellplatz.info",
                "www.frag-mutti.de",
                "www.sanego.de",
                "www.speisekarte.de",
                "www.testedich.de"
            ]
        },
        {
            "rule": "h5v\\.eu\\/openrtb2\\/auction",
            "cookies": 0,
            "fingerprinting": 0,
            "subdomains": [
                "prebid-server"
            ],
            "apis": {},
            "sites": 8,
            "prevalence": 0.0000545,
            "cnames": [],
            "responseHashes": [
                "da3e23230b5ae0b3ada3c4940254940422f426efcff099e57d5f18c9d4dfc71f",
                "64debb913b0bd3c0d0b41f89e98cb5a6e554d716a9eae7cdeb89714be9f56c80",
                "15ddd3f61bafab859d639df47ef7a85c887c6773125bd2144d7b023daf90e9ff",
                "7f0c225a512f2ab1a5012af53320e4c89f3072ad5d66ca80963fde2b38366946",
                "37fc470182b05abcb4f54ec4ae7e067ced8a86be0131493513e4dc1ff2ec2039",
                "f8ed14ebeaa5527ea41d8462e4085969bc1ade6c0e75da4a381219f48c129cf5"
            ],
            "type": "Fetch",
            "firstPartyCookies": {},
            "firstPartyCookiesSent": {},
            "exampleSites": [
                "4fansites.de",
                "diablo.4fansites.de",
                "forum.frag-mutti.de",
                "stellplatz.info",
                "www.frag-mutti.de",
                "www.sanego.de",
                "www.speisekarte.de",
                "www.testedich.de"
            ]
        },
        {
            "rule": "h5v\\.eu\\/setuid",
            "cookies": 0.0000886,
            "fingerprinting": 0,
            "subdomains": [
                "prebid-server"
            ],
            "apis": {},
            "sites": 13,
            "prevalence": 0.0000886,
            "cnames": [],
            "responseHashes": [
                "c956a8bbf43bb56f60d1beefcc5a70f2cb0725083a00e8a0daf423176509fd18"
            ],
            "type": "Image",
            "firstPartyCookies": {},
            "firstPartyCookiesSent": {},
            "exampleSites": [
                "4fansites.de",
                "diablo.4fansites.de",
                "familienausflug.info",
                "forum.frag-mutti.de",
                "stellplatz.info",
                "www.aerzte.de",
                "www.astrosofa.com",
                "www.dogforum.de",
                "www.frag-mutti.de",
                "www.lovelybooks.de",
                "www.sanego.de",
                "www.speisekarte.de",
                "www.testedich.de"
            ]
        },
        {
            "rule": "h5v\\.eu\\/cookie_sync",
            "cookies": 0,
            "fingerprinting": 0,
            "subdomains": [
                "prebid-server"
            ],
            "apis": {},
            "sites": 5,
            "prevalence": 0.0000341,
            "cnames": [],
            "responseHashes": [
                "ad2dfdebc42426be7e0bd56db6a5ab973e66f1e34f85084965a74c13be4f7775",
                "9f06e32b595859b19bc8d0414a9b2d36344f7a0d83ff0898d16ca516273c39fa",
                "9461ecf82009889006e119c7c8e509aaa04205d8df4ff6201c33cb2d5ac85ba8",
                "1735360e4f7ba955a139b7f99b543e24ab35e95a5305813ccf3516e6bf71f022"
            ],
            "type": "XHR",
            "firstPartyCookies": {},
            "firstPartyCookiesSent": {},
            "exampleSites": [
                "familienausflug.info",
                "www.aerzte.de",
                "www.astrosofa.com",
                "www.dogforum.de",
                "www.lovelybooks.de"
            ]
        },
        {
            "rule": "h5v\\.eu\\/openrtb2\\/auction",
            "cookies": 0,
            "fingerprinting": 0,
            "subdomains": [
                "prebid-server"
            ],
            "apis": {},
            "sites": 5,
            "prevalence": 0.0000341,
            "cnames": [],
            "responseHashes": [
                "f34187aae4730925f193d7469ccf8b77ab601eb3f27000ee12373531e1584b55",
                "6789b6f7cee7090f51f9d4301e903731f33f0cdbd6c3d24da0d0c3d738ce3236",
                "4ceabf3c5140ccc2abda56bc8251edba6c29223eb02257e1827e65a09a77c817",
                "c5d5e1fa4d2ca69f72cb03619f0568242266a4a1825ac8578cde59ff3748728c"
            ],
            "type": "XHR",
            "firstPartyCookies": {},
            "firstPartyCookiesSent": {},
            "exampleSites": [
                "familienausflug.info",
                "www.aerzte.de",
                "www.astrosofa.com",
                "www.dogforum.de",
                "www.lovelybooks.de"
            ]
        },
        {
            "rule": "h5v\\.eu\\/167\\/moli_8c83fe84da5a26024bb3\\.min\\.mjs",
            "cookies": 0.0000136,
            "fingerprinting": 2,
            "subdomains": [
                "frag-mutti"
            ],
            "apis": {
                "Navigator.prototype.userAgent": 2,
                "NavigatorUAData.prototype.brands": 2,
                "NavigatorUAData.prototype.platform": 2,
                "window.sessionStorage": 2,
                "Navigator.prototype.appName": 2,
                "Date.prototype.getTime": 2,
                "window.localStorage": 2,
                "Navigator.prototype.cookieEnabled": 2,
                "Document.cookie getter": 2,
                "window.innerWidth": 2,
                "window.innerHeight": 2,
                "Navigator.prototype.doNotTrack": 2,
                "Navigator.prototype.language": 2,
                "Document.cookie setter": 2,
                "Navigator.prototype.connection": 2,
                "Screen.prototype.width": 2,
                "Date.prototype.getTimezoneOffset": 2,
                "PerformanceTiming.prototype.navigationStart": 2,
                "Screen.prototype.height": 2,
                "window.name": 2,
                "window.devicePixelRatio": 2
            },
            "sites": 2,
            "prevalence": 0.0000136,
            "cnames": [],
            "responseHashes": [
                "7380eb2cf9213ef40b894ecd1fa55e322fa9f0535f59df01c0c01d6a7dbb05a3"
            ],
            "type": "Script",
            "firstPartyCookies": {
                "cto_bundle": {
                    "ttl": 33696002,
                    "length": 246,
                    "prevalence": 0.000013624071008658098,
                    "uniqueness": 1
                },
                "cto_bidid": {
                    "ttl": 33696002,
                    "length": 189,