{
    "domain": "hatsamevill.org",
    "owner": {},
    "source": [
        "DuckDuckGo-US"
    ],
    "prevalence": 0.000198,
    "sites": 29,
    "subdomains": [],
    "cnames": [],
    "fingerprinting": 0,
    "resources": [
        {
            "rule": "hatsamevill\\.org\\/utx",
            "cookies": 0.000198,
            "fingerprinting": 0,
            "subdomains": [],
            "apis": {},
            "sites": 29,
            "prevalence": 0.000198,
            "cnames": [],
            "responseHashes": [
                "e3b0c44298fc1c149afbf4c8996fb92427ae41e4649b934ca495991b7852b855"
            ],
            "type": "XHR",
            "firstPartyCookies": {},
            "firstPartyCookiesSent": {
                "lotame_domain_check": 0.000006812035504329049
            },
            "exampleSites": [
                "www.heavy-r.com",
                "www.porndig.com",
                "ww7.soap2dayhd.co",
                "www.downloadpirate.com",
                "gap3xy.com",
                "zonabasah99.blogspot.com",
                "ebook-hunter.org",
                "thefappeningblog.pics",
                "javhat.tv",
                "www.bokepnew.sbs",
                "ww2.cuevana3.ch",
                "steamunlocked.pro",
                "adultcomixxx.com",
                "www.cloudzsexy.com",
                "fuckmovs.pro",
                "netnaija.store",
                "hentaitk.net",
                "www.gamegill.com",
                "ccrackstreams.net",
                "arabseec.com"
            ]
        },
        {
            "rule": "hatsamevill\\.org\\/floater",
            "cookies": 0.0000545,
            "fingerprinting": 0,
            "subdomains": [],
            "apis": {},
            "sites": 8,
            "prevalence": 0.0000545,
            "cnames": [],
            "responseHashes": [
                "e3b0c44298fc1c149afbf4c8996fb92427ae41e4649b934ca495991b7852b855",
                "1565de792d84ca7c5e5e31e1c40b29fb3e80659759667b0c3cc7feabdb0d3d27",
                "a531dbe46e5f85d5f237022c0c96440bc9a470d7397cc262de68d7f47c81d89d",
                "a860a65b143426ac306d2c49132c241926971d7c93ffb8db5b4c986b4b0ee344",
                "f1e25688918206da844d094009a9f8807f0d7c50f19988c6937442d0043b92f0",
                "cb375de5ec5ac3881f4f88d4229849258fc12e4b7a67ceb63e41e3324b231750",
                "c7a827fc1f29dc3b8a562ab780757792776c2787b3624a0f4bbdb12c6e19ce6f"
            ],
            "type": "XHR",
            "firstPartyCookies": {},
            "firstPartyCookiesSent": {},
            "exampleSites": [
                "adultcomixxx.com",
                "en.savefrom.uk",
                "fuckmovs.pro",
                "gap3xy.com",
                "tv247.us",
                "www.gamegill.com",
                "www.heavy-r.com",
                "xnxxx.world"
            ]
        },
        {
            "rule": "hatsamevill\\.org\\/multi",
            "cookies": 0.0000272,
            "fingerprinting": 0,
            "subdomains": [],
            "apis": {},
            "sites": 4,
            "prevalence": 0.0000272,
            "cnames": [],
            "responseHashes": [
                "661b26f03ab8e1e54ef270fb9bc92f5c7e5195894218e87c93fea208dc6fb6eb",
                "c687db555293f98cd7403efb1c5ab34007d4a113cd693d8177cda30d1be0efca",
                "00adac50e3800ee597dc3262f8e609eb042cb1de3ba32f27af57b2da7021c744"
            ],
            "type": "XHR",
            "firstPartyCookies": {},
            "firstPartyCookiesSent": {},
            "exampleSites": [
                "javhat.tv",
                "www.bokepnew.sbs",
                "www.downloadpirate.com",
                "zonabasah99.blogspot.com"
            ]
        }
    ],
    "categories": [],
    "performance": {},
    "cookies": 0.000198,
    "topInitiators": [
        {
            "domain": "d1f05vr3sjsuy7.cloudfront.net",
            "prevalence": 0.14414414414414414
        },
        {
            "domain": "d37tb4r0t9g99j.cloudfront.net",
            "prevalence": 0.09009009009009009
        },
        {
            "domain": "d301cxwfymy227.cloudfront.net",
            "prevalence": 0.07207207207207207
        },
        {
            "domain": "d17757b88bjr2y.cloudfront.net",
            "prevalence": 0.07207207207207207
        },
        {
            "domain": "du0pud0sdlmzf.cloudfront.net",
            "prevalence": 0.06306306306306306
        },
        {
            "domain": "dqv45r33u0ltv.cloudfront.net",
            "prevalence": 0.05405405405405406
        },
        {
            "domain": "d1f7vr2umogk27.cloudfront.net",
            "prevalence": 0.05405405405405406
        },
        {
            "domain": "d1b9b1cxai2c03.cloudfront.net",
            "prevalence": 0.05405405405405406
        },
        {
            "domain": "d1bci271z7i5pg.cloudfront.net",
            "prevalence": 0.04504504504504504
        },
        {
            "domain": "d31y1abh02y2oj.cloudfront.net",
            "prevalence": 0.036036036036036036
        }
    ],
    "types": {
        "XHR": 41
    },
    "nameservers": [
        "demi.ns.cloudflare.com",
        "aiden.ns.cloudflare.com"
    ]
}