{
    "domain": "headerlift.com",
    "owner": {},
    "source": [
        "DuckDuckGo-US"
    ],
    "prevalence": 0.000198,
    "sites": 29,
    "subdomains": [
        "pub",
        "ana"
    ],
    "cnames": [],
    "fingerprinting": 0,
    "resources": [
        {
            "rule": "headerlift\\.com\\/opphb",
            "cookies": 0,
            "fingerprinting": 0,
            "subdomains": [
                "pub"
            ],
            "apis": {},
            "sites": 26,
            "prevalence": 0.000177,
            "cnames": [],
            "responseHashes": [
                "1512205b61125946fe60f3bf787b8dcb7bbb5e6140fddda79d3298e7f7dc65a9",
                "c5b56890ffabade49fb97ba0d22caf73494e40e4920e5a44afaa155ee27f6bd0",
                "2acedaa216d8982d6909e3f8b13194cd0c9ba75377c9fb14d2e19599b311f9b8",
                "ed78991622600752ab09c9ee121f4d254774347d18fe1f09a82cd18f815d1f64",
                "c1d3c0412441c214c02b1743f6756d0c45d246e2341ec2343fd73b7513d85623",
                "f0e989bcc90efa40767a57661e3e0e22872e176c9a2ced7a4372b003e285fcab",
                "c3540521fc35246737af1b78b0e99ec16757fb66f6eee84ff8fba502868b1746",
                "9a1b0cad4b682d79a6777f93abcb887cd309d189ddfdb9f1e32471d1a5127744",
                "27f1735ae10562a16821bb807518431d39d45a177dbd9dbc40621b33d5b681d9",
                "968112bc3ca86ef944ca0b49417c21a0b3ea68555b7c6ce07032f0dd1903a842",
                "affd1c2ea16d6a516e748c770631d178dd0ceabea93340dd4e4409fff6be1b44",
                "4a85931474792306699eba19e63f0ea04e03d12d04efbfc5fa934403c17cc388",
                "e3b0c44298fc1c149afbf4c8996fb92427ae41e4649b934ca495991b7852b855",
                "063bada42ff7eecf5017dfc983100a0362cd445c85d0c65e1977e03978af9ec6",
                "7951e27d43cd17eed942c0c85dc89e723b086b62d04fa30aab1e58adbcf594f3",
                "cc12de7deda6651c10e1fe88e55a5f5f68bd0789569c3cff560a65ed6795b09f",
                "35bd89c39350ebce215c8463c1b772e763abf319cf1070d57c3882887c0766d4",
                "65078801cb7041bce36335c60e2bf1694487218afba93eecaa8d8426ebd35f52",
                "56f8a9830a046356813da891867c2cf8e2cb8754847f2aebb66d7b78473e3bfb",
                "f0f72952638f138f4e7c50550ca6ec7b0b63d8ded26517d314466ae97f9aa179",
                "4cd81f40208bf2af78ab7e86333ad89fef5f47f4eaca9b77a4fde4d27b5bcd4a",
                "60ffd85d4b25c000858344ddbc876152dd6ff62baf7ea3c80dd7887fc2f75dd2",
                "9f2c93285c351de4ffb612aadd0774ca2de63f8d88c7c458ea136b42b7bcd3fb",
                "ef9e97bb61688bc8465fdfd5f8f11a85e5d0f93012b875e82ef761e27f5f2268"
            ],
            "type": "Fetch",
            "firstPartyCookies": {},
            "firstPartyCookiesSent": {
                "hcatFrom": 0.000020436106512987146,
                "lotame_domain_check": 0.00008174442605194859
            },
            "exampleSites": [
                "bigpara.hurriyet.com.tr",
                "spele.nl",
                "www.tvinfo.de",
                "hurriyet.com.tr",
                "www.drifted.com",
                "www.mahjongconnect.net",
                "www.spiele-umsonst.de",
                "www.1001jeux.fr",
                "www.iphoned.nl",
                "www.openingsuren.com",
                "snowrider3d.com",
                "www.milliyet.com.tr",
                "www.fanatik.com.tr",
                "www.kidsproof.nl",
                "www.hurriyet.com.tr",
                "wordwipe.io",
                "fun.chicagotribune.com",
                "www.cnnturk.com",
                "www.yourlittleblackbook.me",
                "www.elkspel.nl"
            ]
        },
        {
            "rule": "headerlift\\.com\\/event",
            "cookies": 0,
            "fingerprinting": 0,
            "subdomains": [
                "ana"
            ],
            "apis": {},
            "sites": 13,
            "prevalence": 0.0000886,
            "cnames": [],
            "responseHashes": [],
            "type": "Fetch",
            "firstPartyCookies": {},
            "firstPartyCookiesSent": {
                "lotame_domain_check": 0.00005449628403463239
            },
            "exampleSites": [
                "chicagotribune.com",
                "fun.chicagotribune.com",
                "play-snake.com",
                "snowrider3d.com",
                "wordwipe.io",
                "www.1001jeux.fr",
                "www.drifted.com",
                "www.elkspel.nl",
                "www.fanatik.com.tr",
                "www.filmtv.it",
                "www.kidsproof.nl",
                "www.mahjongconnect.net",
                "www.spiele-umsonst.de"
            ]
        }
    ],
    "categories": [],
    "performance": {},
    "cookies": 0,
    "topInitiators": [
        {
            "domain": "improvedigital.com",
            "prevalence": 0.7230769230769231
        },
        {
            "domain": "gamedistribution.com",
            "prevalence": 0.23076923076923078
        },
        {
            "domain": "first party",
            "prevalence": 0.015384615384615385
        },
        {
            "domain": "vlyby.com",
            "prevalence": 0.015384615384615385
        },
        {
            "domain": "googletagmanager.com",
            "prevalence": 0.015384615384615385
        }
    ],
    "types": {
        "Fetch": 39
    },
    "nameservers": [
        "max.ns.cloudflare.com",
        "mimi.ns.cloudflare.com"
    ]
}