{
    "domain": "helloretail.com",
    "owner": {},
    "source": [
        "DuckDuckGo-US"
    ],
    "prevalence": 0.0000613,
    "sites": 9,
    "subdomains": [
        "core"
    ],
    "cnames": [],
    "fingerprinting": 0,
    "resources": [
        {
            "rule": "helloretail\\.com\\/serve\\/trackingUser",
            "cookies": 0,
            "fingerprinting": 0,
            "subdomains": [
                "core"
            ],
            "apis": {},
            "sites": 9,
            "prevalence": 0.0000613,
            "cnames": [],
            "responseHashes": [
                "2a34bd45041cf4a132d03da38b74ff4dccb88c73fc9f6c2393c12a3cc1c8d05e",
                "1efaf1bf81bcc86f75e8ebbffaf8b12651d73d22ed61fc255237d9813c4b2a86",
                "1fffc6a84dfa447cbd2c53d183e2da852c17d5a07eea9c4c8d992462b3520d59",
                "9a6e5b6dcf4613b91323bd360556f659d002d927180e597c77c30a3e925d5054",
                "6f4696f6cd8a2c6b3a09a5330f98d37abcf83436b620961ae53cfc4367c9905e",
                "88255e7e3ff610d903886dd327d42c59a4a59ad896794a87fa5044e33d6ffdf4",
                "63b67ab1a78be91eec0311eb4080696e06a3a5b10f7bfaf5ef4a937e75c7d9f8",
                "3eb95a5f10bcf5e886701005493dede6210bcda57ac3985b4ce0f6f2490c5392"
            ],
            "type": "XHR",
            "firstPartyCookies": {},
            "firstPartyCookiesSent": {},
            "exampleSites": [
                "arkenzoo.se",
                "www.av-cables.dk",
                "www.avxperten.dk",
                "www.buttericks.se",
                "www.dackskiftarna.se",
                "www.engelsons.se",
                "www.hifiklubben.nl",
                "www.mustijamirri.fi",
                "www.superfoodsonline.nl"
            ]
        },
        {
            "rule": "helloretail\\.com\\/serve\\/init",
            "cookies": 0,
            "fingerprinting": 0,
            "subdomains": [
                "core"
            ],
            "apis": {},
            "sites": 9,
            "prevalence": 0.0000613,
            "cnames": [],
            "responseHashes": [
                "63df89442a8eeb97e935e9a963cdfafb753d50a1d6d6e3e76bee002cc859b75a",
                "8b91adcd48648342f6f0f3f94cde8148fcdf8fe41e4e5cd8bc92881dcbe9404f",
                "3a92e66e067c74403ec92ca258bf0dc2ff17c74c06cbecde79ea6f920da28ff2",
                "7ec41908455cfaab6a10ac36e9adb14e94b8647fd541928cb496d3ed803f1447",
                "3b506be673a515998d2a9a5b50c791cf3a69e611789ce9f6b947d4d38b0585ca",
                "2aaac025425ef4928ea81fb8d837d7aa85db030adb91e5d3ed83aa0bb276784d",
                "dd0111092e95809ddb44f191c045f2cfc5f332739eefcad7553e5a9ccb6a1fea",
                "345463ecd954a7511d06954789cbae56cedaab58b6e18fb238c24578124de541"
            ],
            "type": "XHR",
            "firstPartyCookies": {},
            "firstPartyCookiesSent": {
                "hello_retail_id": 0.00005449628403463239
            },
            "exampleSites": [
                "arkenzoo.se",
                "www.av-cables.dk",
                "www.avxperten.dk",
                "www.buttericks.se",
                "www.dackskiftarna.se",
                "www.engelsons.se",
                "www.hifiklubben.nl",
                "www.mustijamirri.fi",
                "www.superfoodsonline.nl"
            ]
        },
        {
            "rule": "helloretail\\.com\\/serve\\/setup",
            "cookies": 0,
            "fingerprinting": 0,
            "subdomains": [
                "core"
            ],
            "apis": {},
            "sites": 9,
            "prevalence": 0.0000613,
            "cnames": [],
            "responseHashes": [
                "2183fa0e88c2f1042e11da45831c82e0ce035729cd0de3ba0331f69caf600bf6",
                "d729abb22b827d9078e6fc7e8dc00f1e5e624afb550e0797d8f41604f3a7447b",
                "fd12f23f2613228721460a8cee92702ee14abd5c1ee57b4e778e489f95a8c9fc"
            ],
            "type": "Script",
            "firstPartyCookies": {},
            "firstPartyCookiesSent": {},
            "exampleSites": [
                "arkenzoo.se",
                "www.av-cables.dk",
                "www.avxperten.dk",
                "www.buttericks.se",
                "www.dackskiftarna.se",
                "www.engelsons.se",
                "www.hifiklubben.nl",
                "www.mustijamirri.fi",
                "www.superfoodsonline.nl"
            ]
        },
        {
            "rule": "helloretail\\.com\\/serve\\/collect\\/pageview",
            "cookies": 0,
            "fingerprinting": 0,
            "subdomains": [
                "core"
            ],
            "apis": {},
            "sites": 9,
            "prevalence": 0.0000613,
            "cnames": [],
            "responseHashes": [
                "e3b0c44298fc1c149afbf4c8996fb92427ae41e4649b934ca495991b7852b855"
            ],
            "type": "Ping",
            "firstPartyCookies": {},
            "firstPartyCookiesSent": {},
            "exampleSites": [
                "arkenzoo.se",
                "www.av-cables.dk",
                "www.avxperten.dk",
                "www.buttericks.se",
                "www.dackskiftarna.se",
                "www.engelsons.se",
                "www.hifiklubben.nl",
                "www.mustijamirri.fi",
                "www.superfoodsonline.nl"
            ]
        },
        {
            "rule": "helloretail\\.com\\/partner\\/init\\.html",
            "cookies": 0,
            "fingerprinting": 0,
            "subdomains": [
                "core"
            ],
            "apis": {},
            "sites": 9,
            "prevalence": 0.0000613,
            "cnames": [],
            "responseHashes": [
                "8c55c8c15119d884bae8db525da8efe319a8b58589c9f3e29dfc776cc0acb314",
                "ceb68786f191115c019536905a148680d9b2aed5f6f9bfa5d2ccbbcb9733cfa1",
                "17cceba663c5abe958bf3263354b02023aeaf7bf2d9d7c50faba78fe83ac038b",
                "8f1a681e8028e870277c26ba83744307b15ff4339648a578363df6368c6470e6",
                "67969f9d3b094c79cfbdcea2383113024019ceb93ba82c2c6e375528ef9c010b",
                "a99347ea0988c720c42eaede20e17cc09f08fb09a8746c45d528d94afec16f3d",
                "14b29bca5ab1c4ac27aabe286fbcdd76e27b55920a04b94e66d484a588ad968d",
                "7646401f2549a38f683a5a083026269dfb5685df673fa2ac57997a13f4fc0e46"
            ],
            "type": "XHR",
            "firstPartyCookies": {},
            "firstPartyCookiesSent": {},
            "exampleSites": [
                "arkenzoo.se",
                "www.av-cables.dk",
                "www.avxperten.dk",
                "www.buttericks.se",
                "www.dackskiftarna.se",
                "www.engelsons.se",
                "www.hifiklubben.nl",
                "www.mustijamirri.fi",
                "www.superfoodsonline.nl"
            ]
        },
        {
            "rule": "helloretail\\.com\\/api\\/v1\\/search\\/refreshData",
            "cookies": 0,
            "fingerprinting": 0,
            "subdomains": [
                "core"
            ],
            "apis": {},
            "sites": 7,
            "prevalence": 0.0000477,
            "cnames": [],
            "responseHashes": [
                "88120ede5ea249665e4816f4f6558125ed8f68156eacc6e1629ffef731a6c925",
                "367587c18de3db9f58752a3540ba187f1bd273e5912781002b78f01bd759384b",
                "87b2c38f723bc7a7ee800773af42c15b5bb3068b87bbcbfc4308d72bb87c954c",
                "15ead0cab42d3d24f652892dd23d358dfa6bd6b5edcd292688e84b8f2ca24479",
                "64bd2296f96fb55a53f378ab56b85af51f6cc7e3e1e48622244e442619040c16",
                "cdfe03090e9a2f084095837e8332e44adea4eaa3068a9e73444e88cfdccbc488"
            ],
            "type": "XHR",
            "firstPartyCookies": {},
            "firstPartyCookiesSent": {},