{
    "domain": "heyhalda.com",
    "owner": {},
    "source": [
        "DuckDuckGo-US"
    ],
    "prevalence": 0.000259,
    "sites": 38,
    "subdomains": [
        "analytics",
        "app"
    ],
    "cnames": [],
    "fingerprinting": 1,
    "resources": [
        {
            "rule": "heyhalda\\.com\\/track",
            "cookies": 0,
            "fingerprinting": 0,
            "subdomains": [
                "analytics"
            ],
            "apis": {},
            "sites": 33,
            "prevalence": 0.000225,
            "cnames": [],
            "responseHashes": [
                "acca34e50495e924f2998044c652bdefaf49b059fd5b352ca5d33b3fe02bc99c",
                "1d420d2d003d2ea885fa7f52f6bf11a233ae952fd8eab4cbfa2cddfd3f0e84c9",
                "ea5f2d8531c5a828dc58469c0a68b8a8dea7c137225f109a807400a705558418",
                "b238952b1618297443e7241304f58b82152f5266310b923d8213634b044dabaa",
                "ff077284783b29d21e385c8d97ffea45e3b180a1bdbe61d528cee21899ecf964",
                "8c49fe14777aeef34e9bc62e6335739c911cdfcf3353909cdd52eedaec995a20",
                "ae44f45b6f3c317e1a3b1f043a4983d18a1fd979b3a167806b6cc2f782639a2b",
                "166e18355991f965eed36539354b4aef36715017c8433fbaa666d1d3237bc6ca",
                "cf383405936c88bcd2f04df6ede111eb10413ba195cd5d020c0ae6a8e5c01caa",
                "39813944e9a417be00f8b670208478b165480db7403679e18abcc3aacb635897",
                "c4e2e6a93204583a696940ca613b5f5acf8ba9d74f9e92bb8d7cb49334f9056c",
                "77457b2c9743eec7fa805556f929db5767f46ba2d2bff2d5f90c754b82f826ed",
                "ba2aa126474996694261d094608e59acb12dd7433ac08ffcf1dbe44040b27f61",
                "f994772bd8ac9f1f399005f74cd0867f9735b9b223bdeb58e0a619bfea336db1",
                "f9858ad87b8127831fed2b0c89b1389ca016ab37276df94491e35a022192e8c3",
                "6638b96e3243f6d286b3757e5eb608cc0175bb355058b8af07028d0edd7c5e46",
                "36d8db1ab6fb44582cacb70ffc3b97e15dbeef395e9225acf2f55882d46fd651",
                "29773be01373213561bfb3653a4a9a27ca25c88b267bc7e79a8d6db38937c95e",
                "d45c5b59c16dd5bcffb5805ba081628e158fecb9e48904e058c456819a3d39bb",
                "7c46903379ab9013701fdfbe4754b60fda5f01489fc766c5514ae7bfc87506ce",
                "cd8ccfcd09490f31f0969c8ed8ff31c5adc8c16ab797f09494e6a8f6a2ec75a4",
                "2f7cac06d753c14ef38b007325adae547d2268b8214b2dcef5b9455aa7caaf5a",
                "83aed199eab2e026e9a83d1af8a33954f4f6be5c9c4994b896bf3b326945622f",
                "90c2ab77ee771dd79624a59429aa276bb24aeda3893782c7367e5536a5d29b31",
                "6a47c529beea16b9dc132414276e9c571be937936235bf35da91a699aef96fd7",
                "c79cff48e78610bdeed35bb35beee6452a34956ae9c4d54f95549137790ee398",
                "328b911c629e52f7dd6d9a183cef396831011a305f724f262623359eeec65a83",
                "faeed335a8405c714e5a6b54473800b87a274aa6dd897a6a2ddfe437a9865c64",
                "b1bd781255783cecea56af33dce36a27656fee7ec58f7cebd5128c2cbe91c5be",
                "617f8227d1967a4b33d9d332af8b424820ed0112133b9473b8caa5b8e22ea3e9",
                "72e8fdf207d96c55e243ce742acff4db045f2c737b2e7f4b023ec3f86e6410a2",
                "9c841cd1a7cf652143a06c91ccc92da3ed19be5a7fdee4df47a4c26856b95a77"
            ],
            "type": "Fetch",
            "firstPartyCookies": {},
            "firstPartyCookiesSent": {},
            "exampleSites": [
                "sunypoly.edu",
                "www.ut.edu",
                "www.bennington.edu",
                "www.cwu.edu",
                "faith.edu",
                "law.indiana.edu",
                "www.ndsu.edu",
                "www.ursinus.edu",
                "d2l.kennesaw.edu",
                "www.lonestar.edu",
                "www.stmartin.edu",
                "www.indstate.edu",
                "www.kutztown.edu",
                "calbaptist.edu",
                "seu.edu",
                "www.valpo.edu",
                "www.wichita.edu",
                "www.hillsdale.edu",
                "www.duq.edu",
                "www.tacoma.uw.edu"
            ]
        },
        {
            "rule": "heyhalda\\.com\\/widgets\\/widget-to-display",
            "cookies": 0,
            "fingerprinting": 0,
            "subdomains": [
                "app"
            ],
            "apis": {},
            "sites": 33,
            "prevalence": 0.000225,
            "cnames": [],
            "responseHashes": [
                "2e530c800f5ad1a0a77b1d81b8e96e26b77c1c151e5ab5df42d27f16ee645dd2",
                "fc637192e890bb45106ff9ac6f2467b366f245e4eea5866092cac270e4b0322c",
                "a257236361ca8553402136671f180aed02329906b0cd494e0d4e358190f746ce",
                "7975a7d8ae804bb624e4a228f4cefb4ae65316b8570389cee9342f07858d4d84",
                "5cf2e28ad12d67634c71953ecf0a9310eb5be4d082720297e97e1191a7806fb6",
                "516cbfa8417cbbe770ade781e0453119fd6da21d42099dab5dbc3835edebd6d0",
                "89ed1b77f5edf085874055cc57b24831db85ba0432a82dadd8056322df181c96"
            ],
            "type": "Fetch",
            "firstPartyCookies": {},
            "firstPartyCookiesSent": {
                "__lotl": 0.000006812035504329049
            },
            "exampleSites": [
                "www.ursinus.edu",
                "d2l.kennesaw.edu",
                "www.ut.edu",
                "www.indstate.edu",
                "www.bennington.edu",
                "www.kutztown.edu",
                "www.hillsdale.edu",
                "www.rwu.edu",
                "www.ycp.edu",
                "www.worcester.edu",
                "www.wcsu.edu",
                "springfield.edu",
                "seu.edu",
                "www.stmartin.edu",
                "www.cwu.edu",
                "www.pugetsound.edu",
                "www.hartford.edu",
                "www.lonestar.edu",
                "www.ndsu.edu",
                "www.pba.edu"
            ]
        },
        {
            "rule": "heyhalda\\.com\\/widgets\\/widget-to-display",
            "cookies": 0,
            "fingerprinting": 0,
            "subdomains": [
                "app"
            ],
            "apis": {},
            "sites": 33,
            "prevalence": 0.000225,
            "cnames": [],
            "responseHashes": [],
            "type": "Preflight",
            "firstPartyCookies": {},
            "firstPartyCookiesSent": {
                "__lotl": 0.000006812035504329049
            },
            "exampleSites": [
                "www.hillsdale.edu",
                "www.worcester.edu",
                "d2l.kennesaw.edu",
                "www.goucher.edu",
                "www.tacoma.uw.edu",
                "www.cwu.edu",
                "faith.edu",
                "www.wichita.edu",
                "www.ndsu.edu",
                "www.stmartin.edu",
                "seu.edu",
                "www.wcsu.edu",
                "www.siena.edu",
                "law.indiana.edu",
                "www.pba.edu",
                "www.lonestar.edu",
                "lp.hillsdale.edu",
                "www.suffolk.edu",
                "www.ursinus.edu",
                "springfield.edu"
            ]
        },
        {
            "rule": "heyhalda\\.com\\/widgets\\/smart-forms\\/clcs3lo5b1i6cumwv17y44olk\\.js",
            "cookies": 0,
            "fingerprinting": 1,
            "subdomains": [
                "app"
            ],
            "apis": {
                "window.localStorage": 2
            },
            "sites": 2,
            "prevalence": 0.0000136,
            "cnames": [],
            "responseHashes": [
                "d39cd29861dde048bd7e477683fe2ebbe1d07ca86992e20a13209d05f7bdd7ff"
            ],
            "type": "Script",
            "firstPartyCookies": {},
            "firstPartyCookiesSent": {},