{
    "domain": "hikeorders.com",
    "owner": {},
    "source": [
        "DuckDuckGo-US"
    ],
    "prevalence": 0.000102,
    "sites": 15,
    "subdomains": [
        "jsappcdn",
        "a11yenablerapi"
    ],
    "cnames": [],
    "fingerprinting": 1,
    "resources": [
        {
            "rule": "hikeorders\\.com\\/main\\/assets\\/js\\/hko-accessibility\\.min\\.js",
            "cookies": 0,
            "fingerprinting": 1,
            "subdomains": [
                "jsappcdn"
            ],
            "apis": {
                "Date.prototype.getTime": 11,
                "Navigator.prototype.userAgent": 11,
                "window.localStorage": 11
            },
            "sites": 11,
            "prevalence": 0.0000749,
            "cnames": [],
            "responseHashes": [
                "90c8eb029139dac75b2fb1cda3d0ea04838e7c244b8ed81df5bd272eb13bd096"
            ],
            "type": "Script",
            "firstPartyCookies": {},
            "firstPartyCookiesSent": {},
            "exampleSites": [
                "anthonysgoods.com",
                "fultonfishmarket.com",
                "mightyskins.com",
                "theayurvedaexperience.com",
                "tilley.com",
                "transitionbikes.com",
                "www.autoworldstore.com",
                "www.dollardays.com",
                "www.elitefts.com",
                "www.microingredients.com",
                "www.newair.com"
            ]
        },
        {
            "rule": "hikeorders\\.com\\/site_bridge\\/settings",
            "cookies": 0,
            "fingerprinting": 0,
            "subdomains": [
                "a11yenablerapi"
            ],
            "apis": {},
            "sites": 11,
            "prevalence": 0.0000749,
            "cnames": [],
            "responseHashes": [
                "43dc00e00771b39d355d4169e53d9bd5b36c5899faba4193819a14a10c8146bc",
                "87c6dbcb8ecd120331127690bcce1ee25910cc525a759084372a7257b96d8d36",
                "fd5d5583be0fcc54097a7db64337904f19dedd25051d361ffdce357f1e26713d",
                "eaad38e7750528abe1b97a9fd8689e4add70712dd943217af54ec8aee347617c",
                "ea8a14b852a58d6f0b8258fe3da69aee40985b5764030df2d5d049706f79da11",
                "ea60f42e42866037bebc09a919f8e1251c8a2aefa54ea52617571a583f86cfa8",
                "8f1a49044c6c3ae77a93f71c0e51c781a648d8848f34fb6736bd5258607fc957",
                "f39436b554ff2cd6a1511702a35f7ab6f43e7d01579f3f03dcc00356305dc30a",
                "3f7ac107ca4b7577717c20f17b6743ec85bc3fd07f3f0f7d8a2aa907cc5d4a53",
                "4d1123c253e36767c0c47db1ab392266598f6cc664ad610b60049df142fef081"
            ],
            "type": "XHR",
            "firstPartyCookies": {},
            "firstPartyCookiesSent": {
                "IR_gbd": 0.000006812035504329049
            },
            "exampleSites": [
                "anthonysgoods.com",
                "fultonfishmarket.com",
                "mightyskins.com",
                "theayurvedaexperience.com",
                "tilley.com",
                "transitionbikes.com",
                "www.autoworldstore.com",
                "www.dollardays.com",
                "www.elitefts.com",
                "www.microingredients.com",
                "www.newair.com"
            ]
        },
        {
            "rule": "hikeorders\\.com\\/assets\\/a11y-icons\\/a11y-icons\\.woff",
            "cookies": 0,
            "fingerprinting": 0,
            "subdomains": [
                "jsappcdn"
            ],
            "apis": {},
            "sites": 10,
            "prevalence": 0.0000681,
            "cnames": [],
            "responseHashes": [
                "add31347661c4e52a5f6db6f5d56d18b0d1297a14ea15e6dcad8f7a616f24b21"
            ],
            "type": "Font",
            "firstPartyCookies": {},
            "firstPartyCookiesSent": {},
            "exampleSites": [
                "anthonysgoods.com",
                "fultonfishmarket.com",
                "mightyskins.com",
                "tilley.com",
                "transitionbikes.com",
                "www.autoworldstore.com",
                "www.dollardays.com",
                "www.elitefts.com",
                "www.microingredients.com",
                "www.newair.com"
            ]
        }
    ],
    "categories": [],
    "performance": {},
    "cookies": 0,
    "topInitiators": [
        {
            "domain": "first party",
            "prevalence": 0.9032258064516129
        },
        {
            "domain": "rkdms.com",
            "prevalence": 0.03225806451612903
        },
        {
            "domain": "d5zu2f4xvqanl.cloudfront.net",
            "prevalence": 0.03225806451612903
        },
        {
            "domain": "shopifyorderlimits.s3.amazonaws.com",
            "prevalence": 0.03225806451612903
        }
    ],
    "types": {
        "Script": 11,
        "XHR": 11,
        "Font": 10
    },
    "nameservers": [
        "ns68.domaincontrol.com",
        "ns67.domaincontrol.com"
    ]
}