{
    "domain": "histi.co",
    "owner": {},
    "source": [
        "DuckDuckGo-US"
    ],
    "prevalence": 0.000504,
    "sites": 74,
    "subdomains": [
        "eu"
    ],
    "cnames": [],
    "fingerprinting": 0,
    "resources": [
        {
            "rule": "histi\\.co\\/nty\\/metrics\\/save\\.img",
            "cookies": 0,
            "fingerprinting": 0,
            "subdomains": [
                "eu"
            ],
            "apis": {},
            "sites": 69,
            "prevalence": 0.00047,
            "cnames": [],
            "responseHashes": [
                "cbe5dd373db45efc0f0407bc63fd9f65931ee16080a1c371e0b866e1b91feefc",
                "63c2fbbb3249bd97da0549acaa63616c588d0351918ac127802fa6b99619b1db",
                "3928dedaf53bd43195f739b4e07b852474b8b4b0b57994608d99200620905e4d",
                "7630ac507ee7efda0916874498ecabf23b24bf691e9be08ab295e60b95c9d47d",
                "d4c219bcceafae00c9667becd9d6bbae48d8d1232f0d961a7c94e2d2c8c13eac",
                "87cce379b161bf4f0545afe0bdbda372c520efa51c5684101ba37a4d6da6a6d1",
                "1fae1400d86109a0c3041f27109f16409003c46e90d77854cd9144b5645d21ae",
                "8cfb6bba49762cbe68b02623d809a7b91835242e9b087141ac7f91439f5f960e",
                "f17a4b1f83da666ef65132cd6b07834b242075ebeb627ebf8918cfdac60d803c",
                "4a4b133e423cd61fc06308f285ed004b8789083f32821d0d4c58186bbc3edf49",
                "2ffdb9b58fb6a4b8f3fbc3a3bb4097470ffb0ad457560f4c1d78c8697ad23b73",
                "cc63060f8f2e7295fdae5c8835aff3014baabc252756c883b3a63826d2260feb",
                "60f2bfb9ddfcd00c851d846edc18afaa9d000e91876d82e44e1082c4981650d0",
                "793f8d5103ccb90f60c6013fcf829df720d449c0223c303a3497a47f447399e7",
                "641820fe69a968de17ef6166f4629d041a7cbf14fd4e0671f099785bb618b813",
                "0dd7a3deb4ccce61a9f1f905512206587c4155836cf22ad6610e923a372fda5e",
                "7c24e7a98109792855507682f910adfb01c22a2c2d82892616c9582c812f0b60",
                "06d8558ddf871953546f7e1c143b42a3c03ae45a2f37d437bbe51e3f5966519f",
                "a15eaf35a1e72beba71ed29f8e67b05af97d179f41a9e9a941ae2be235cf4330",
                "6d1a3249d43234cf19c83ace5f86073875923cda29742767953eff93ace02dec",
                "4c0415e910d162497c4dac6409af0d5dbcc69a8628ab9d3cc0b6508d7ea7c663",
                "212ab49ac19d8bd3cfbab40235d09263b50b518f48a5083a159bfd8aea40a434",
                "760012f4ceda3d67439fd63be9d0d67faa7649226255b18ce9ab2c65c193e6fb"
            ],
            "type": "Image",
            "firstPartyCookies": {},
            "firstPartyCookiesSent": {
                "_ym_d": 0.000006812035504329049
            },
            "exampleSites": [
                "ilikecomix.com",
                "mydesi.top",
                "fsiblog.blog",
                "naked.chiks.org",
                "nude1.com",
                "pornougar.net",
                "bokepbaru.cc",
                "www.percolmekan.site",
                "komikseru.lol",
                "beautyteennaked.xyz",
                "sexxxplanet.net",
                "javsecrets.com",
                "pornbimbo.com",
                "nudistgirls.eu",
                "boombo.biz",
                "xnxx93.com",
                "photochki.pro",
                "pornosub.net",
                "me.giperporno.com",
                "porn555.com"
            ]
        }
    ],
    "categories": [],
    "performance": {},
    "cookies": 0,
    "topInitiators": [
        {
            "domain": "bddc935c97.com",
            "prevalence": 0.375
        },
        {
            "domain": "first party",
            "prevalence": 0.325
        },
        {
            "domain": "592749d456.com",
            "prevalence": 0.2375
        },
        {
            "domain": "wpushsdk.com",
            "prevalence": 0.05
        },
        {
            "domain": "nv7s.com",
            "prevalence": 0.0125
        }
    ],
    "types": {
        "Image": 69
    },
    "nameservers": [
        "ns-263.awsdns-32.com",
        "ns-999.awsdns-60.net",
        "ns-1915.awsdns-47.co.uk",
        "ns-1206.awsdns-22.org"
    ]
}