{
    "domain": "honorable-score.com",
    "owner": {},
    "source": [
        "DuckDuckGo-US"
    ],
    "prevalence": 0.000218,
    "sites": 32,
    "subdomains": [],
    "cnames": [],
    "fingerprinting": 3,
    "resources": [
        {
            "rule": "honorable-score\\.com\\/b\\.XcVCs-dkGSlh0\\/YlW\\/dYiwYxWa5WukZuXqIe\\/YeGmI9QucZAUhlHksPKTxQu4POTTQQq4\\/NNDNUbtFN_DmgV5\\/NKDhgB0TNPgW",
            "cookies": 0.000129,
            "fingerprinting": 1,
            "subdomains": [],
            "apis": {
                "Date.prototype.getTime": 19,
                "Navigator.prototype.userAgent": 19,
                "Document.cookie setter": 18,
                "Document.cookie getter": 18
            },
            "sites": 19,
            "prevalence": 0.000129,
            "cnames": [],
            "responseHashes": [
                "875c6d3bc900782bad781636aebe62dd8518319636f064b85bd1ff899e3e518a",
                "f1d49130734cf524da9d1580eb2c7231216e7627cc052ec13b90e6932baea676",
                "3fa4957eca598fe5e4ff217fad6812b323fa8910715e4e9cea50ac062e345e29",
                "53aafa810f23c47616d22651e4a8668b26aaa258cbc6fbb779104f1451dd390f",
                "761b240b1bf143e44b3ee3d8159586ba7596f6f9c69cec0ae07e91148173a0c5",
                "82f223432564c5b8938d5ac124dea1dc6584c46b599e5699365eb0f005abadf0",
                "3721186d6d474c18fa346d8b726dd26a4350f8efa64d60db3446d62166db0100",
                "2c217c11c1bc4c87603e376af35f802ece3dac0e84a4256ac901e02991fd07c9",
                "6c90b0f72c0e25c3e4ec9a89a8a2a13b11e6c51a37e88f973036dc76b665f288",
                "34ce1db7e6d70c8e9084597ab7aa0f8f33ae758896ffa94179094c280452dd5a",
                "dff18b5bb79ed3e0c591c7aaf6a43bd9cdf4d351a7abf48d158c1e91e8aac320",
                "6ccbdcb80426926018b8debdb8db89c8cb67ba4bac66dd0a90e826675788dd19",
                "22543d3bf2c500d854acc9859ef45a64929aea656bb70c989ee03e2a247e60da",
                "4e3b0d8c2bb4cbd7e5d88662899125a0798971c826286eeb0188ecf1bfd76404",
                "22a567505a9a2a5d47b5856ee1189ee30e8c6b7e8cf56b698785d340cbddedec",
                "65556454d4c8af54cf100c821cb79e85b4ffd9e0bcd1eec4eb3fd53f055041c8",
                "61f7c8643f18d51b93cfe1b8f97255b8e2d574960d7d8b17b4bb357cfef6b68f",
                "131ba71f3d88eab3d928ee5063ef33bfa44e263ac8799fb18ecbff9cf0b3a710"
            ],
            "type": "Script",
            "firstPartyCookies": {
                "cookietest": {
                    "ttl": -1698873291,
                    "length": 1,
                    "prevalence": 0.00012261663907792289,
                    "uniqueness": 0.05555555555555555
                }
            },
            "firstPartyCookiesSent": {},
            "exampleSites": [
                "albumgirls.com",
                "albumnude.com",
                "albumporn.com",
                "fapgirl.com",
                "fappedia.com",
                "fappinghd.com",
                "fappingxxx.com",
                "girlxplus.com",
                "jihadcelebs.com",
                "leakfap.com",
                "leakshemale.com",
                "nudeexpress.com",
                "sexy.center",
                "thegirlgirl.com",
                "thepornpic.com",
                "thepornstory.com",
                "thesexscene.com",
                "xbabez.com",
                "yespornpic.com"
            ]
        },
        {
            "rule": "honorable-score\\.com\\/cKDT9n6\\.bv2B5sl\\/ShWtQt9zN_DOQ\\/ytNozFAmz\\/NVyl0s0_NnDlII3\\/M-DQMG4x",
            "cookies": 0.000116,
            "fingerprinting": 3,
            "subdomains": [],
            "apis": {
                "Date.prototype.getTime": 17,
                "Navigator.prototype.userAgent": 17,
                "Document.cookie setter": 17,
                "Document.cookie getter": 17,
                "window.localStorage": 17,
                "window.name": 17,
                "window.innerWidth": 17,
                "window.innerHeight": 17,
                "window.screenX": 17,
                "window.screenY": 17,
                "window.outerWidth": 17,
                "window.outerHeight": 17,
                "window.devicePixelRatio": 17,
                "window.screenLeft": 17,
                "window.screenTop": 17,
                "window.indexedDB": 17,
                "window.sessionStorage": 17
            },
            "sites": 17,
            "prevalence": 0.000116,
            "cnames": [],
            "responseHashes": [
                "a5b8d998b6e5f4b9a34fdbdb7870e7c9e02faffa05788877bf1a6f3967c550a7",
                "efb3c3c475fb13b1393cc3fe7cf32f0572aea7b2fe2b532b817582c3b9675d22",
                "66209bc3a1955b91fa21c562d8549a716b511624f19d06c9ba1cdf34427586c8",
                "149223f66b391cb578b89c7e988119d0b321928cbfef457d800b195c9d956738",
                "dca6e1f2217fd1170c141a822eae0edd50e5988df12bce6d3a93680570f31170",
                "eb09181e1640c8c5b52e5f87ef22b9c107c238b74ff724d86e9704ccb804c765",
                "50692291fa8014e7d5b6b358212b6114994aeb54deec5a05bf9439dd5c3b1263",
                "f2bbb3dd13627e732c609d68f7b1933ea0ae22de91a8d7b7e2430d7c53b439b2",
                "563bde32693fa4f0c92534b701470d8ae202c065e6e64264488e186e7adaa532",
                "da557bfc71448112513972ffdd3422a41cb6fe6b7cf70ceb0b4bd9ce912f35e3",
                "8eaadcc9419e32e483e447a51a3d6c19f40101d2691a16477a125f6934ccc49a",
                "b1f98ec89ee1c97a90378ef1bd60ff260b43e047d7010145c429d8f5d97a9c32",
                "63c8e2ff2b8daacbc70304697b5f65415ffaab7b068891fcc7f117c68737c448",
                "cb321bf7cb6cb53a97fa4c40d9b7c1798a5c53f7347f5024fd11f4957cbfdd4a",
                "b5d191d5b0506804216ca273b4848cdb884af8bdfd53baf3a8653fb91ac1faf1",
                "595feaaecd5557b59fabefc73b01e9e61783f92634b15f95be0c23316b592312"
            ],
            "type": "Script",
            "firstPartyCookies": {
                "cookietest": {
                    "ttl": -1698841617,
                    "length": 1,
                    "prevalence": 0.00011580460357359382,
                    "uniqueness": 0.058823529411764705
                }
            },
            "firstPartyCookiesSent": {},
            "exampleSites": [
                "albumgirls.com",
                "albumnude.com",
                "albumporn.com",
                "fapgirl.com",
                "fappedia.com",
                "fappingxxx.com",
                "girlxplus.com",
                "jihadcelebs.com",
                "leakfap.com",
                "leakshemale.com",
                "nudeexpress.com",
                "sexy.center",
                "thegirlgirl.com",
                "thepornpic.com",
                "thepornstory.com",
                "thesexscene.com",
                "xbabez.com"
            ]
        }
    ],
    "categories": [],
    "performance": {},
    "cookies": 0.000218,
    "topInitiators": [
        {
            "domain": "adsxyz.com",
            "prevalence": 1
        }
    ],
    "types": {
        "Script": 36
    },
    "nameservers": [
        "ns61.constellix.net",
        "ns41.constellix.net",
        "ns51.constellix.net",
        "ns31.constellix.com",
        "ns11.constellix.com",
        "ns21.constellix.com"
    ]
}