{
    "domain": "hqq.tv",
    "owner": {},
    "source": [
        "DuckDuckGo-US"
    ],
    "prevalence": 0.000102,
    "sites": 15,
    "subdomains": [],
    "cnames": [],
    "fingerprinting": 3,
    "resources": [
        {
            "rule": "hqq\\.tv\\/available",
            "cookies": 0,
            "fingerprinting": 0,
            "subdomains": [],
            "apis": {},
            "sites": 9,
            "prevalence": 0.0000613,
            "cnames": [],
            "responseHashes": [
                "e3b0c44298fc1c149afbf4c8996fb92427ae41e4649b934ca495991b7852b855"
            ],
            "type": "XHR",
            "firstPartyCookies": {},
            "firstPartyCookiesSent": {},
            "exampleSites": [
                "castingporntube.com",
                "gayvids.tube",
                "hdporn92.net",
                "italianvidxxx.com",
                "qosvideos.com",
                "sexmotarjam.com",
                "w5.putlocker.to",
                "www.erotikfilmizlehd.com",
                "www.holedk.com"
            ]
        },
        {
            "rule": "hqq\\.tv\\/player\\/embed_player\\.php",
            "cookies": 0,
            "fingerprinting": 2,
            "subdomains": [],
            "apis": {
                "Navigator.prototype.userAgent": 11,
                "window.innerHeight": 9,
                "window.innerWidth": 11,
                "Element.prototype.getClientRects": 9,
                "window.outerWidth": 8,
                "window.devicePixelRatio": 8
            },
            "sites": 11,
            "prevalence": 0.0000749,
            "cnames": [],
            "responseHashes": [
                "f5f59c5a6909e2cef5a72f8a382cbc13df4aeb114702a9262f77e3023a66e74b",
                "a74ebeef0ced285145e58513e737c3dd3b095764b7ca0a4484ade9c4d73fcdfe",
                "f7e9247689baf14ef39a1135fd65db940c9decefbfb1d6c646500d8c6687e9b4",
                "30593dcf8ed281601ea79fa9793d7bfc930c6f7357339bc03a21bbdd35f86905",
                "98d08cc2e70c7e3213810b57a450e73f3ab9bbab103391a627251b8784c3a934",
                "97bc930af97e651fc2fb36840f35609fa334626b340b6021f436c5bc1770bc0d",
                "fa7499a658c8e2b373dbe91c5fa892fe0872b7a2fc60e207da75897814da9a38",
                "ce5bae50118367889236ffb630b48b0f787a19d0064465757f82b43fbc04c9fd",
                "32ac06e5519e1753ebf14eb3dd0084cd092c82356132550424a246d7b0cd4d08"
            ],
            "type": "Document",
            "firstPartyCookies": {},
            "firstPartyCookiesSent": {},
            "exampleSites": [
                "castingporntube.com",
                "hdporn92.net",
                "italianvidxxx.com",
                "ivfree.asia",
                "qosvideos.com",
                "sexmotarjam.com",
                "shemalepower.xyz",
                "vezionline.net",
                "www.erotikfilmizlehd.com",
                "www.holedk.com",
                "xxvideoss.org"
            ]
        },
        {
            "rule": "hqq\\.tv\\/js\\/websocket_ip\\.min\\.js",
            "cookies": 0,
            "fingerprinting": 2,
            "subdomains": [],
            "apis": {
                "RTCPeerConnection.prototype.constructor": 7,
                "RTCPeerConnectionIceEvent.prototype.candidate": 8
            },
            "sites": 11,
            "prevalence": 0.0000749,
            "cnames": [],
            "responseHashes": [
                "419b600e2a3d2523ed458633a946a9a07fcf046077f0ea79f3e435f154f04ee7"
            ],
            "type": "Script",
            "firstPartyCookies": {},
            "firstPartyCookiesSent": {},
            "exampleSites": [
                "castingporntube.com",
                "hdporn92.net",
                "italianvidxxx.com",
                "ivfree.asia",
                "qosvideos.com",
                "sexmotarjam.com",
                "shemalepower.xyz",
                "vezionline.net",
                "www.erotikfilmizlehd.com",
                "www.holedk.com",
                "xxvideoss.org"
            ]
        },
        {
            "rule": "hqq\\.tv\\/styles\\/global\\/embed_player\\.3\\.css",
            "cookies": 0,
            "fingerprinting": 0,
            "subdomains": [],
            "apis": {},
            "sites": 11,
            "prevalence": 0.0000749,
            "cnames": [],
            "responseHashes": [
                "e2f1967bd0ff37182a4c0d4af0ae9cb04cdcbd189cec906bc2e2d9e0a36209e7"
            ],
            "type": "Stylesheet",
            "firstPartyCookies": {},
            "firstPartyCookiesSent": {},
            "exampleSites": [
                "castingporntube.com",
                "hdporn92.net",
                "italianvidxxx.com",
                "ivfree.asia",
                "qosvideos.com",
                "sexmotarjam.com",
                "shemalepower.xyz",
                "vezionline.net",
                "www.erotikfilmizlehd.com",
                "www.holedk.com",
                "xxvideoss.org"
            ]
        },
        {
            "rule": "hqq\\.tv\\/js\\/video\\.jquery_plugs\\/modernizr\\.js",
            "cookies": 0,
            "fingerprinting": 1,
            "subdomains": [],
            "apis": {
                "window.localStorage": 7
            },
            "sites": 11,
            "prevalence": 0.0000749,
            "cnames": [],
            "responseHashes": [
                "458cc3be215bef898d5e6a41e25f0c022e6d5d5e61add13f13c01898bb53b9bc"
            ],
            "type": "Script",
            "firstPartyCookies": {},
            "firstPartyCookiesSent": {},
            "exampleSites": [
                "castingporntube.com",
                "hdporn92.net",
                "italianvidxxx.com",
                "ivfree.asia",
                "qosvideos.com",
                "sexmotarjam.com",
                "shemalepower.xyz",
                "vezionline.net",
                "www.erotikfilmizlehd.com",
                "www.holedk.com",
                "xxvideoss.org"
            ]
        },
        {
            "rule": "hqq\\.tv\\/js\\/d_check\\.js",
            "cookies": 0,
            "fingerprinting": 1,
            "subdomains": [],
            "apis": {
                "Navigator.prototype.userAgent": 9,
                "window.innerHeight": 8,
                "window.innerWidth": 8
            },
            "sites": 11,
            "prevalence": 0.0000749,
            "cnames": [],
            "responseHashes": [
                "88e33d38aa577708d4cb0230edfddbbc348ed7dd6af3224797bee28eae0f2c7a"
            ],
            "type": "Script",
            "firstPartyCookies": {},
            "firstPartyCookiesSent": {},
            "exampleSites": [
                "castingporntube.com",
                "hdporn92.net",
                "italianvidxxx.com",
                "ivfree.asia",
                "qosvideos.com",
                "sexmotarjam.com",
                "shemalepower.xyz",
                "vezionline.net",
                "www.erotikfilmizlehd.com",
                "www.holedk.com",
                "xxvideoss.org"
            ]
        },
        {
            "rule": "hqq\\.tv\\/js\\/embed\\.229\\.js",
            "cookies": 0,
            "fingerprinting": 2,
            "subdomains": [],
            "apis": {
                "Navigator.prototype.userAgent": 9,
                "WebGLRenderingContext.prototype.getExtension": 9,
                "WebGLRenderingContext.prototype.getParameter": 9,
                "Screen.prototype.width": 9,
                "Screen.prototype.height": 9,
                "Navigator.prototype.mimeTypes": 9,
                "Navigator.prototype.appVersion": 9,
                "Navigator.prototype.appName": 9,
                "window.localStorage": 11,
                "Date.prototype.getTime": 11,
                "window.sessionStorage": 9,
                "Navigator.prototype.maxTouchPoints": 9,