{
    "domain": "iloptrex.com",
    "owner": {},
    "source": [
        "DuckDuckGo-US"
    ],
    "prevalence": 0.000245,
    "sites": 36,
    "subdomains": [],
    "cnames": [],
    "fingerprinting": 0,
    "resources": [
        {
            "rule": "iloptrex\\.com\\/in\\/multy",
            "cookies": 0,
            "fingerprinting": 0,
            "subdomains": [],
            "apis": {},
            "sites": 21,
            "prevalence": 0.000143,
            "cnames": [],
            "responseHashes": [
                "387226eb3bb88d8f7e0e15319b1dca6fa037505e18fabcc61e005b38513b42ff",
                "e909b66a7c096f037317be5b2da21f3dc4734d68a0b2a21f4424dec9f3668990",
                "e06ddaf8b08af99391f7dfa3adad59343ad59edfac2c7b4c0a85da8844aa5018",
                "8a302f55555ea16b340f2eb2748bf437035209066f3e8e4b50090994a2096e02",
                "e3b0c44298fc1c149afbf4c8996fb92427ae41e4649b934ca495991b7852b855",
                "c472f22d5282a6773d8da7880686e049282e4e992ea8c0096662d04d4e088d7e",
                "a5b29d63f26417c0cd624629df6043a5988924b3412a376790962db20477ce9c",
                "4ef062a69584602133a2e65fa4d8b5d5432ca40c3d326d3a8b744228eb4d05f2",
                "b8a5c4a6ceedee5b933124c3decb1a7e4df47ac9580b0f13c9e888ab8b0f1a8b",
                "57bcd52a92992edde99c866cf0933978e8ab6963f6eed606c8733cb7561048d6",
                "a8c9758973c2798df6c086512832247c2916e95ce52cf66268771193048593d5",
                "de6ec8a1a6ee5d9165addc86f1d50ae2220f0d02af1c8005a35e2ad954a75581",
                "7137559e8108a05682817150791a1a597f675f99c221304d32b08c0b8e1ae8de",
                "1ade95833b80dfa465feef2bc56824a8e66b3ae5ce6be73718f6a9b305e14006",
                "04fcdd8b847622ba7bc4b2324c1e895b9801d76a3136e94330d4e2a76af387d1",
                "2791d94595d52ae749cafb97e8c553e46707c9531161d3f932233d13c7984bd4",
                "ca9d4ca616a70f3eb8afb46ca036eb5e606b813563f6372a2d15bd616fcdcd4a",
                "f80934fdea4234bb158df6166f2385c41f638230a3e62f0e267e70e3b8a768c7",
                "69e66c5cae2b506cff2c73478178a40b67b33bfa6281538ed103318707669713",
                "1a16e90a36c0eb9d8016ace2de601cbcd8bd97ed88b94c49b3b1cc7cc2a6995a"
            ],
            "type": "XHR",
            "firstPartyCookies": {},
            "firstPartyCookiesSent": {},
            "exampleSites": [
                "voyeurhit.tube",
                "porn555.com",
                "thegay.com",
                "pornzog.com",
                "txxx.tube",
                "m.porn555.com",
                "m.pornl.com",
                "hclips.com",
                "odir.org",
                "gaytxxx.com",
                "hadesex.com",
                "hdzog.com",
                "vjav.com",
                "tubepornclassic.com",
                "txxx.com",
                "upornia.com",
                "shemalez.com",
                "hotmovs.com",
                "javdaddy.com",
                "javsecrets.com"
            ]
        },
        {
            "rule": "iloptrex\\.com\\/in\\/multy",
            "cookies": 0,
            "fingerprinting": 0,
            "subdomains": [],
            "apis": {},
            "sites": 21,
            "prevalence": 0.000143,
            "cnames": [],
            "responseHashes": [],
            "type": "Preflight",
            "firstPartyCookies": {},
            "firstPartyCookiesSent": {},
            "exampleSites": [
                "upornia.com",
                "voyeurhit.tube",
                "voyeurhit.com",
                "txxx.tube",
                "thegay.com",
                "porn555.com",
                "gaytxxx.com",
                "hclips.com",
                "hadesex.com",
                "tubepornclassic.com",
                "m.pornl.com",
                "txxx.com",
                "hdzog.com",
                "odir.org",
                "m.porn555.com",
                "pornzog.com",
                "javsecrets.com",
                "vjav.com",
                "javdaddy.com",
                "shemalez.com"
            ]
        },
        {
            "rule": "iloptrex\\.com\\/in\\/show\\/",
            "cookies": 0,
            "fingerprinting": 0,
            "subdomains": [],
            "apis": {},
            "sites": 20,
            "prevalence": 0.000136,
            "cnames": [],
            "responseHashes": [
                "e3b0c44298fc1c149afbf4c8996fb92427ae41e4649b934ca495991b7852b855"
            ],
            "type": "Image",
            "firstPartyCookies": {},
            "firstPartyCookiesSent": {
                "_ym_d": 0.00004087221302597429
            },
            "exampleSites": [
                "gaytxxx.com",
                "hadesex.com",
                "hclips.com",
                "hdzog.com",
                "hotmovs.com",
                "javsecrets.com",
                "m.porn555.com",
                "m.pornl.com",
                "odir.org",
                "porn555.com",
                "pornzog.com",
                "shemalez.com",
                "thegay.com",
                "tubepornclassic.com",
                "txxx.com",
                "txxx.tube",
                "upornia.com",
                "vjav.com",
                "voyeurhit.com",
                "voyeurhit.tube"
            ]
        }
    ],
    "categories": [],
    "performance": {},
    "cookies": 0,
    "topInitiators": [
        {
            "domain": "first party",
            "prevalence": 0.8846153846153846
        },
        {
            "domain": "nv7s.com",
            "prevalence": 0.08653846153846154
        },
        {
            "domain": "hdzog.com",
            "prevalence": 0.028846153846153848
        }
    ],
    "types": {
        "XHR": 21,
        "Preflight": 21,
        "Image": 20
    },
    "nameservers": [
        "ns2.digitalocean.com",
        "ns3.digitalocean.com",
        "ns1.digitalocean.com"
    ]
}