{
    "domain": "imdserve.com",
    "owner": {},
    "source": [
        "DuckDuckGo-US"
    ],
    "prevalence": 0.0000613,
    "sites": 9,
    "subdomains": [
        "related-content-production.headless"
    ],
    "cnames": [],
    "fingerprinting": 0,
    "resources": [
        {
            "rule": "imdserve\\.com\\/",
            "cookies": 0,
            "fingerprinting": 0,
            "subdomains": [
                "related-content-production.headless"
            ],
            "apis": {},
            "sites": 10,
            "prevalence": 0.0000681,
            "cnames": [],
            "responseHashes": [
                "6d48bc7c90e734a7f3d96d2b9fc5fd56d4a304c308cb5d022763baebeef09a48",
                "6fe2fcfa9749f92128351b314bc5c8f90c91961155cb26196df303e137486b1a",
                "6af6727ef712c78e1302c31c99b64d46c0e24443868a18278b20ec0e2f40ee39",
                "833419861295e89ccf22ba744360ca57400a5dbdd16810911ec4c7d6a7293776",
                "dc7f27100fdc1d2a94924e364cce6a9e79154aaa91a332e362943051c62e6951",
                "1be878e99dd4a762072b96e7fa6d966047a15219b57ab7b78d2ef8ece2412fa0",
                "c60777e1bcfcdfc9017cdfa0a90527240c198a026367be62d2e07cc4539a61ed",
                "58cee9a2297a143d54cfa2b5e571da7665548a5f2f30bf10c17229b49c5d59e7",
                "f540c12242d2c9c6d57dea46d20dac10e9b35e15888adbf8fcf4a70d715ed0d0"
            ],
            "type": "Fetch",
            "firstPartyCookies": {},
            "firstPartyCookiesSent": {},
            "exampleSites": [
                "bbcgoodfood.com",
                "www.bbcgoodfood.com",
                "www.bikeradar.com",
                "www.classical-music.com",
                "www.gardenersworld.com",
                "www.gathered.how",
                "www.historyextra.com",
                "www.madeformums.com",
                "www.olivemagazine.com",
                "www.radiotimes.com"
            ]
        }
    ],
    "categories": [],
    "performance": {},
    "cookies": 0,
    "topInitiators": [
        {
            "domain": "first party",
            "prevalence": 1
        }
    ],
    "types": {
        "Fetch": 10
    },
    "nameservers": [
        "ns1.imdserve.com",
        "ns2.imdserve.com",
        "ns3.imdserve.com",
        "ns4.imdserve.com",
        "ns5.imdserve.com",
        "ns6.imdserve.com"
    ]
}