{
    "domain": "imlive.com",
    "owner": {},
    "source": [
        "DuckDuckGo-US"
    ],
    "prevalence": 0.000232,
    "sites": 34,
    "subdomains": [
        "i0"
    ],
    "cnames": [],
    "fingerprinting": 0,
    "resources": [
        {
            "rule": "imlive\\.com\\/imagesrv\\/imp_getimage",
            "cookies": 0,
            "fingerprinting": 0,
            "subdomains": [
                "i0"
            ],
            "apis": {},
            "sites": 35,
            "prevalence": 0.000238,
            "cnames": [],
            "responseHashes": [
                "e6213c5c5c48862b3246f8886a0aa4fbb6e82358c07e0f2461b90032aaecae9e",
                "532ebc972e482cf4693b7c48aae9c5b8402f11375dd265c320529bb261f372cc",
                "bec2d1871a1e2032f379af5adb094d6db91d061b519b5e8966fa93ecfd9e60c6",
                "358c11c4205a2e6dd56ab5ddc07f5d60ad1995da9ed2ba2b5864ccc149d627f9",
                "fa596befc417a4eeb7143fee734edca4cbd6ecd75b011e9a60bdfe24e62097d2",
                "b60025813246855c8dfb9137d7b25ab3910fd3aa0f45d9a59e33dc5c3c643ee8",
                "9dd08f9b5d91af57fd31312a8d30289ab35a8d65fb177c7e641e3aaaf6c5fce3",
                "e364b79a6535d5502d1c8f264cfce4aac325729b86fd1ab58bd28728aff84bbb",
                "b07fd67dbf8a70283f80f9b19d1ec2f3d2f304abd98e6334c589c73432937157",
                "3d6709116961f8f6d2015ed00a757cec5d12505823f3051b5282c4f0e8991c92",
                "a70cc8a7ee2d9fce833aa4aeb23d5b2ef7b3afedcb73b5751155dd0b00064efb",
                "60ccb4538fbec8d889a8896409d0120b5a449b4e4e8291068cbfb970dae2cefb",
                "66ace20857356e622671d57956c7dd17adb1383a15aacfbde1be0ceb7f421a78",
                "75728807d0462e5692db2ea731696c7ff318f9fa389ab28828dbdc21e72ce8e4",
                "a102e77d9b6e41840b737511d112372a43eace872aabec87aeff2adde3305e44",
                "e8607a014ba280dc787865a4f06bf489628e7bb1aebf6bff43bfcc1e42fda3f0",
                "e9f13c516a7f0e227522964eec8e644fc18ae5bd4134a67e63efd3652d105d08",
                "ee604d2d1181af58bf433d2dcf0f7b61bd7f01813e37e3c71250d00a49d45c28",
                "d12aa1c179e57f3f848b09249939c9f814bf9a2d2b412eb10ab3a6aa6fb0d055",
                "a87bb9593b3a445ec0d16ca1d339955dadc38563d6141a359a6dab9823cc00ae",
                "13c96f5939382e047f22a154c5db0004210cf13a23264b218684644aa4b5ac9d",
                "8166cf76dbe280a94bcb19650cf25eb267da7ec29c23dc92c03390d627983a78",
                "1581d5efe39089969e965911ac41d2d8c7b7e60db084d802e5f78ac21c9061af",
                "0c186f2fca2e8e4487ee4500c9d82c01f4da97868b26f238768411bc3a18cff8"
            ],
            "type": "Image",
            "firstPartyCookies": {},
            "firstPartyCookiesSent": {},
            "exampleSites": [
                "bo.skokka.com",
                "cagliari.bakecaincontrii.com",
                "trento.bakecaincontrii.com",
                "roma.bakecaincontrii.com",
                "treviso.bakecaincontrii.com",
                "varese.bakecaincontrii.com",
                "mx.skokka.com",
                "venezia.bakecaincontrii.com",
                "palermo.bakecaincontrii.com",
                "milano.bakecaincontrii.com",
                "cr.skokka.com",
                "salerno.bakecaincontrii.com",
                "uk.skokka.com",
                "perugia.bakecaincontrii.com",
                "pe.skokka.com",
                "brescia.bakecaincontrii.com",
                "modena.bakecaincontrii.com",
                "parma.bakecaincontrii.com",
                "torino.bakecaincontrii.com",
                "skokka.com"
            ]
        }
    ],
    "categories": [],
    "performance": {},
    "cookies": 0,
    "topInitiators": [
        {
            "domain": "first party",
            "prevalence": 1
        }
    ],
    "types": {
        "Image": 35
    },
    "nameservers": [
        "ns-266.awsdns-33.com",
        "ns-1040.awsdns-02.org",
        "ns-685.awsdns-21.net",
        "ns-1966.awsdns-53.co.uk"
    ]
}