{
    "domain": "incubate.dev",
    "owner": {},
    "source": [
        "DuckDuckGo-US"
    ],
    "prevalence": 0.000204,
    "sites": 30,
    "subdomains": [
        "video-background",
        "shipping-rates-calculator",
        "collections-add-to-cart",
        "cool-image-magnifier",
        "viewed-products-assistant"
    ],
    "cnames": [],
    "fingerprinting": 1,
    "resources": [
        {
            "rule": "incubate\\.dev\\/json\\/preferences\\.json",
            "cookies": 0,
            "fingerprinting": 0,
            "subdomains": [
                "video-background",
                "shipping-rates-calculator",
                "collections-add-to-cart"
            ],
            "apis": {},
            "sites": 18,
            "prevalence": 0.000123,
            "cnames": [],
            "responseHashes": [
                "ba510de76088d375d12617439573e85eace46cb791fc80f7ed17a144aafb3a6c",
                "d4097b474aa2b8a9de153b1d3b9f67b135ed89d89486b4df82897486eaebda03",
                "1db2769480807fc6a07f659fe47de0471cb3056cfa31096c50b173c992cf8b67",
                "377ed7e807d7ca5b75d351654627da5bc982af63c7c2ff9fd4d38aceaeecf6ce",
                "550389f903da698b97709f04528fe6e88f9df8058d72d44dd00669961f66bfc7",
                "d4b506c72297cef804135076b9919bc064c49617ba72e9a81c80e88f88cc9c07",
                "802c7fbeafcfd504d1de9d241c5fe73d627304365c06576ada8c7fa37c533c7e",
                "b8e877d67164e025f856b4aeb98043fbea9352d6e38ade96c7c0db8e17b6e287",
                "393044979eda4257b633821c6e9221f62b2de709c03b93387524a4584a67472e",
                "b2d801ed39f85b494f11bf27e5d477b7bd91660c9cd26a703159bf6a35335dda",
                "3306f65a2e14b828de17e6ed0119cba80ae77c55d6b7850d10aff753c0faddaf",
                "20decb7af46590f158503ff5ee475c274abaabfa30f7874ea893ad7e39c43cb3",
                "2b9f8ff894707a29a6a3993794b07f9994a7c53a81f8bb4798ec187ca758fc99",
                "b96c5ea6c1d03e3ce0a382ed5231c08e7b26cbccb0d5cf94863dc00e2ea4f762",
                "be3f72a2b4f7f272bd7c1ad4047752fc929046ef5e4afc1f2c0ede0cf3ce412d",
                "f2505e920193b73838c2f12480bd072c4f766b82600dbad8c2e57d00b4f69fff",
                "08c0effa944de728dd6c6b80be43a66acb3e78aea9bec6bad6e8adb63603632d"
            ],
            "type": "XHR",
            "firstPartyCookies": {},
            "firstPartyCookiesSent": {},
            "exampleSites": [
                "arcade1up.com",
                "buildasoil.com",
                "designeroptics.com",
                "franksboots.com",
                "hancockseed.com",
                "tableclothsfactory.com",
                "thedildohub.com",
                "velo-orange.com",
                "www.galenleather.com",
                "www.mytarp.com",
                "www.oemwheelshop.com",
                "www.peltzshoes.com",
                "www.penboutique.com",
                "www.ranchogordo.com",
                "www.shopbmwmotorcycle.com",
                "www.strutmasters.com",
                "www.vbeltguys.com",
                "www.yoshimura-rd.com"
            ]
        },
        {
            "rule": "incubate\\.dev\\/js\\/core\\/main\\.min\\.js",
            "cookies": 0,
            "fingerprinting": 1,
            "subdomains": [
                "shipping-rates-calculator",
                "collections-add-to-cart",
                "video-background",
                "cool-image-magnifier",
                "viewed-products-assistant"
            ],
            "apis": {
                "Navigator.prototype.userAgent": 17,
                "Navigator.prototype.maxTouchPoints": 16,
                "Date.prototype.getTime": 12,
                "Event.prototype.timeStamp": 12,
                "Element.prototype.getClientRects": 1
            },
            "sites": 21,
            "prevalence": 0.000143,
            "cnames": [],
            "responseHashes": [
                "0449e116a72e89bd09de2b3c9628ffa893ae182d40fecc2c3979cbbfff255785",
                "6012fb237fd13519be3d17c0bac6b3dd3c62f520f000160bae121bd85d7788f5",
                "88aaf4812fb51bfdc87f66b7990d9683aa70fc973cebf3f781b8dfbf8e831074",
                "cadbc92d9cf2736432658c57c247640bfdf51d46f9cbd00d7e3f8cd432b47591",
                "8952d6bf3bc8d5c4dd64f0f89cdb49c4a3e669e5cda4aa095626fb112b836aa3"
            ],
            "type": "Script",
            "firstPartyCookies": {},
            "firstPartyCookiesSent": {},
            "exampleSites": [
                "built.com",
                "thedildohub.com",
                "www.ranchogordo.com",
                "www.penboutique.com",
                "www.yoshimura-rd.com",
                "velo-orange.com",
                "franksboots.com",
                "globalseafoods.com",
                "www.strutmasters.com",
                "www.shopbmwmotorcycle.com",
                "tableclothsfactory.com",
                "www.mytarp.com",
                "www.eightvape.com",
                "hancockseed.com",
                "www.oemwheelshop.com",
                "www.vbeltguys.com",
                "designeroptics.com",
                "gowesty.com",
                "buildasoil.com",
                "www.galenleather.com"
            ]
        }
    ],
    "categories": [],
    "performance": {},
    "cookies": 0,
    "topInitiators": [
        {
            "domain": "first party",
            "prevalence": 1
        }
    ],
    "types": {
        "XHR": 18,
        "Script": 21
    },
    "nameservers": [
        "eleanor.ns.cloudflare.com",
        "leonidas.ns.cloudflare.com"
    ]
}