{
    "domain": "infinity-tracking.net",
    "owner": {},
    "source": [
        "DuckDuckGo-US"
    ],
    "prevalence": 0.000361,
    "sites": 53,
    "subdomains": [
        "ict",
        "nas.lon"
    ],
    "cnames": [],
    "fingerprinting": 1,
    "resources": [
        {
            "rule": "infinity-tracking\\.net\\/dcm",
            "cookies": 0,
            "fingerprinting": 0,
            "subdomains": [
                "ict"
            ],
            "apis": {},
            "sites": 7,
            "prevalence": 0.0000477,
            "cnames": [],
            "responseHashes": [
                "2b22d40bf6740bb57bd96e0c8df6e72e0b0f6177aa6a361f25b00c24b778f312",
                "70733d39e32663473086bd2390a8f506e151532ce4c9c1f8fa6f49c8ee6b030c",
                "98c9be3eeba22d388e5fd1fff705bca57cd33ce7592fda83f0dfa40ab3513bc1",
                "0a6bc2805c89ed5e704c9a43d335874ccedcce30f49ac86e31f4ab2eaeba17ac",
                "a150e7b330092274ff7b32a10c6608ee4ec7ded37a4029092440c4f3f9ea98d3",
                "bedf81405e52f1af204c969d4659b29a97ad956db490fde0d91ee5fc435b4b18"
            ],
            "type": "Script",
            "firstPartyCookies": {},
            "firstPartyCookiesSent": {
                "ictf_dcm_gid": 0.000006812035504329049
            },
            "exampleSites": [
                "brinkshome.com",
                "www.circlehealthgroup.co.uk",
                "www.hillarys.co.uk",
                "www.lincolntech.edu",
                "www.thebreakers.com",
                "www.vitality.co.uk",
                "www.waldenu.edu"
            ]
        },
        {
            "rule": "infinity-tracking\\.net\\/track",
            "cookies": 0,
            "fingerprinting": 0,
            "subdomains": [
                "ict"
            ],
            "apis": {},
            "sites": 34,
            "prevalence": 0.000232,
            "cnames": [],
            "responseHashes": [
                "b92b9e3f1c9687f033fa648262bc28fc91c8f01214f8e34de87637cb06573916",
                "ddeda516d1c790334aec360485c89d6a35beec53c453e5744e843be88a8c18ad",
                "5eff044083ce71758e0d3b23674ea972b07c0545f91d614b0ec8d454cb6ab9d5",
                "42d63a6b6c0938ef6a758d807516aca6d0a6b771129c9bca65d4c25b3053bcef",
                "3c4ab14be8ac18fd99d7394937af017572b956a0a0f0b30de1a76ca628488e14",
                "d043e01e93d12876d60031b77c7b1394512c35ab4a8c39b6c03a7e48198b2345",
                "bbe619a5bb625f5a5576bf1a35f8396291af42c1f8fdcb92ee7fbb8db2f0a4f4",
                "2390de175b66c26b2c3210d191e3a0515ec55b2cf94b1c8029de1981769e84d4",
                "adcfe0091272c86f686bbb3a53f812b6830e1f1d23e95b02494c924935030ebf",
                "f852557183895b049ae05331728895f1cdde44d88178b49a139ed7e166e81832",
                "3545b306807236fe60c83927e84176efb0785e748e617e7714615ec749f6dc76",
                "70279f262033653cb88b1d52d02047705c3f86cf3ff551410e0ef4a70cf2e4f6",
                "8a8e70409916d2a9fa75d428540be469f3365112c6b739e838f12843eadbb521",
                "6f45cd1161fe9a5cbb5e133526e4c5a75367cfaf0f9f9e1a2436549a0a26fd44",
                "4cbe083210244dc718f1bf05db6717f506fe46d3787e94cb6a3b85801e06ac1f",
                "1f68c5e52b21d4c92550a01e784ac58166eb7e6e0752f3c61bc087b603cb7b36",
                "8130c8350a4c1a60e01aba84410afc7a8df209ef2ca35e79b0e1b0c287e0b172",
                "c74a0437b97aecdf11c7859e3d3f81e056c9145ef54d75db6a31042a1766b180",
                "1c4ed6427006897a4b51835a24924ad30d0a0a9aae403c30eae182c4b96baf22",
                "feab58f0ae3cc0fb83fb61f56a5da2b263d67e540d16c20334b10ae2c68cc2f3",
                "183fa36f70ce8d18ac283251914e7d18daa8abbc4f27f86faf5c3899cfb9ee70",
                "0fd03774aed7e809dbe78c2d3f95527597a894d14743759c3b9317ee0158759e",
                "99906bdf38a7ad134142ea17051891b6434b3688da66acc8c9c601c497e46cba",
                "2ad1f5d749ea9cfb097ec9f9a5ec951c21ebacab908bb8f418d3643cfeaedb48",
                "2aec7653a6587c86dcde61fd0eb43370c792c72b215f1f74202cb9facfd39a58",
                "46cebec80ce5eb275075e1c341bdadacbb9e9b25cdb08b99e5210702972efec1",
                "f828940a9c0dd85ecc91c8317298c9aecf2d0da147d3c10f6f1c8ed9966b4411",
                "7d38d9552fabf5ebeaaf5d0ece25fd0101770009deab9ca38958cf07d85ab9c7",
                "bd555211deb61e93b21d68a94d50a5c1e12565b6c68e7252023b87606befcaec",
                "3c525d3aaef7ab4fdbc377c47aaee40f242b6840a1b94e315850aa52f8fb2fe1",
                "fa1110aede3603603eaa95bd439281a315825d9af5fa342899dcfb1d6a9aa1b4",
                "4bcec62b60aba9eab7ac095ba58ea72d44f57d4b0b3c548d6efc50d8e3a3b42a",
                "fb4743a70cfd78725f89bb9ff82b26b20ac75b70d2ce7a6af902c8ded7588f45"
            ],
            "type": "Fetch",
            "firstPartyCookies": {},
            "firstPartyCookiesSent": {
                "_ga": 0.0002588573491645038,
                "_its.6689.vid": 0.000006812035504329049,
                "ajs_anonymous_id": 0.000013624071008658098,
                "_fbp": 0.000020436106512987146,
                "_wt.source": 0.000006812035504329049,
                "_its.238.vid": 0.000006812035504329049,
                "_its.238.landingUrl": 0.000006812035504329049
            },
            "exampleSites": [
                "quickbooks.intuit.com",
                "www.ferrari.com",
                "www.blinds-2go.co.uk",
                "www.thebreakers.com",
                "www.domesticandgeneral.com",
                "www.abercrombiekent.com",
                "www.macsadventure.com",
                "www.melia.com",
                "www.travelrepublic.co.uk",
                "www.protyre.co.uk",
                "www.scenicusa.com",
                "www.calor.co.uk",
                "www.circlehealthgroup.co.uk",
                "www.group1auto.co.uk",
                "proconnect.intuit.com",
                "www.dignityfunerals.co.uk",
                "travel.saga.co.uk",
                "www.rentokil.co.uk",
                "brinkshome.com",
                "www.saintleo.edu"
            ]
        },
        {
            "rule": "infinity-tracking\\.net\\/js\\/nas\\.v1\\.min\\.js",
            "cookies": 0.0000886,
            "fingerprinting": 1,
            "subdomains": [
                "ict"
            ],
            "apis": {
                "window.localStorage": 13,
                "Document.cookie setter": 13,
                "Document.cookie getter": 13,
                "Screen.prototype.width": 13,
                "Screen.prototype.height": 13,
                "Navigator.prototype.userAgent": 13,
                "Date.prototype.getTime": 13
            },
            "sites": 13,
            "prevalence": 0.0000886,
            "cnames": [],
            "responseHashes": [
                "b47c7d7ba73cc7ff595e8610a50d308fceec5a1d1d94e63e6020ee9d538140cf"
            ],
            "type": "Script",
            "firstPartyCookies": {
                "testinfinitycookie": {
                    "ttl": -1698872742,
                    "length": 1,
                    "prevalence": 0.00008855646155627764,
                    "uniqueness": 0.07692307692307693
                },
                "ictf_master": {
                    "ttl": 5,
                    "length": 65,
                    "prevalence": 0.00008855646155627764,
                    "uniqueness": 1
                },
                "ictf_il3345": {
                    "ttl": 6,
                    "length": 67,
                    "prevalence": 0.000013624071008658098,
                    "uniqueness": 1
                },
                "ictf_in3345": {
                    "ttl": 6,
                    "length": 67,
                    "prevalence": 0.000013624071008658098,
                    "uniqueness": 1
                },
                "ictf_il5798": {
                    "ttl": 11,
                    "length": 67,
                    "prevalence": 0.000006812035504329049,