{
    "domain": "influ2.com",
    "owner": {},
    "source": [
        "DuckDuckGo-US"
    ],
    "prevalence": 0.000184,
    "sites": 27,
    "subdomains": [
        "www",
        "t"
    ],
    "cnames": [],
    "fingerprinting": 0,
    "resources": [
        {
            "rule": "influ2\\.com\\/tracker",
            "cookies": 0,
            "fingerprinting": 0,
            "subdomains": [
                "www"
            ],
            "apis": {},
            "sites": 18,
            "prevalence": 0.000123,
            "cnames": [],
            "responseHashes": [
                "e312eb0922ce51912bd11bb93965908a0da2029245bc2e602dab5a210113d4ef",
                "9ebc4d7d3562c35614b73fc9766cd1de5d15143f38c39aaa9e24e73638243c49",
                "e3b0c44298fc1c149afbf4c8996fb92427ae41e4649b934ca495991b7852b855",
                "10baa99bdac784e772682a1ea60a8361c5b3ede71b52072677646908a8b1d960",
                "90c1bd75c179eaafcb0bb51e2c797f4aa52eea38afecf2ab881f70f02716d639",
                "ee24840142e50b0491e2e09616b971de1183851993107659a2ed4baa850f647d",
                "bec16bc90c2c79db18029bc0f657d424e0d60a89efceddf5fdc5c2f50fd53b52",
                "3568c17b71962a557c1d8e112824a12c322a125ff3c6402c744be8ea257f32b7",
                "9884d09f1a36bbeefc64dfe4f358bc5d8a5f3d3697f742941f869867fde10b03",
                "551026b8663a45999b1ee223c0e829e879af5ac0cb1647548479fd7eacd1542b",
                "1e44c76a0215a6eb591f9ff0948714052257c028bcfa64d768fdff30594514e8",
                "79120f5ae4add24ea62b867e4767548af8caa6fac7c2df66e24a7dc4a699ef30",
                "2a68fbd967878c26ea7e17353aa37c93ae42dffb589ade27e55b5b93dddcc82e",
                "0f295e45821f43dc93680a04c2d89a5a00fed58df5c0dd84fd74a62635cb7232",
                "daf92d5e94a6d67f7f2977c74cb3acb39d259a5ec4a0335f0c3f058cb5fd95ba"
            ],
            "type": "Script",
            "firstPartyCookies": {},
            "firstPartyCookiesSent": {},
            "exampleSites": [
                "perficient.com",
                "community.cloudera.com",
                "community.snowflake.com",
                "cribl.io",
                "guidehouse.com",
                "network.nvidia.com",
                "www.akingump.com",
                "www.datadoghq.com",
                "www.dynatrace.com",
                "www.infosys.com",
                "www.lightspeedhq.com",
                "www.mathcad.com",
                "www.nvidia.com",
                "www.paulhastings.com",
                "www.ptc.com",
                "www.rittal.com",
                "www.servicetitan.com",
                "www.sumologic.com"
            ]
        },
        {
            "rule": "influ2\\.com\\/u\\/",
            "cookies": 0.000109,
            "fingerprinting": 0,
            "subdomains": [
                "t"
            ],
            "apis": {},
            "sites": 16,
            "prevalence": 0.000109,
            "cnames": [],
            "responseHashes": [
                "c411652da91c132c372f20b8720b98c53c37b8878bad5389a777add5cdaa4bb0",
                "2026c620c6e8a2ddbee45b049c4e2f376b8c992209b26dd7b2999d2a295dbe45",
                "15acd8499a73c77586604a5f713bf455af6ee77fe65bdf219830001c298b9a36",
                "0262bdfd9f3690972bf45afda8e4dd057275a5bd10459a8ac7e93dd860a9119f",
                "d60ba0a69f4fad6ece9f5b61a716094c6d17a95a5280eb9e7498f985a42d0286",
                "c51f36d4e59722a3804930580b695e6add1a199ac9a24746d958c79291a31db3",
                "6834ba9e1a42bed605aeabc9c6c8e56316f1ec986f36f36f1f99c8b1f4da263d",
                "977f307d770170d2465068f8323c5d45e4a610e501bd0b5c12a27f2171f26c8e",
                "dd1caad9344eb285af927308d40bbd76c84c0b84533ee8c8495c5a00a57432ed",
                "744eeda239976494bd3dd7c3a1e7269f788e2f853186d25a634c15cb8f8187f6",
                "103f1bf3b9e826719ea5e88fb5372e94e5419efd5295336cf0b6f4950246bb09",
                "5358db97aeba7536295a9402b78bb44e4519bfd487d8f66e2fbcdcd2784a0eba",
                "00dc3f01ca907fba49eb8174b13a3d607f38ab321bb0f3da59caf813a9a3741f",
                "6ffc31243b6c5cfaeda2a07c073e6559a594df92a165b29a113550198f108ec2",
                "89e247fb3f42a3121895bac0601229a0c61930d2e5d29bb086388581c7e42c34"
            ],
            "type": "XHR",
            "firstPartyCookies": {},
            "firstPartyCookiesSent": {},
            "exampleSites": [
                "perficient.com",
                "community.cloudera.com",
                "cribl.io",
                "network.nvidia.com",
                "www.akingump.com",
                "www.datadoghq.com",
                "www.dynatrace.com",
                "www.infosys.com",
                "www.lightspeedhq.com",
                "www.mathcad.com",
                "www.nvidia.com",
                "www.paulhastings.com",
                "www.ptc.com",
                "www.rittal.com",
                "www.servicetitan.com",
                "www.sumologic.com"
            ]
        }
    ],
    "categories": [],
    "performance": {},
    "cookies": 0.000163,
    "topInitiators": [
        {
            "domain": "first party",
            "prevalence": 0.5208333333333334
        },
        {
            "domain": "googletagmanager.com",
            "prevalence": 0.3541666666666667
        },
        {
            "domain": "adobedtm.com",
            "prevalence": 0.08333333333333333
        },
        {
            "domain": "datadoghq-browser-agent.com",
            "prevalence": 0.020833333333333332
        },
        {
            "domain": "bizible.com",
            "prevalence": 0.020833333333333332
        }
    ],
    "types": {
        "Script": 18,
        "XHR": 16
    },
    "nameservers": [
        "dns2.registrar-servers.com",
        "dns1.registrar-servers.com"
    ]
}