{
    "domain": "innity.com",
    "owner": {},
    "source": [
        "DuckDuckGo-US"
    ],
    "prevalence": 0.000327,
    "sites": 48,
    "subdomains": [
        "as",
        "avd",
        "optimize",
        "ps"
    ],
    "cnames": [],
    "fingerprinting": 0,
    "resources": [
        {
            "rule": "innity\\.com\\/synd\\/",
            "cookies": 0.0000817,
            "fingerprinting": 0,
            "subdomains": [
                "as"
            ],
            "apis": {},
            "sites": 15,
            "prevalence": 0.000102,
            "cnames": [],
            "responseHashes": [
                "44136fa355b3678a1146ad16f7e8649e94fb4fc21fe77e8310c060f61caaff8a"
            ],
            "type": "XHR",
            "firstPartyCookies": {},
            "firstPartyCookiesSent": {
                "lotame_domain_check": 0.000027248142017316195
            },
            "exampleSites": [
                "grid.id",
                "hai.grid.id",
                "lirik.kapanlagi.com",
                "m.kapanlagi.com",
                "news.abs-cbn.com",
                "nova.grid.id",
                "plus.kapanlagi.com",
                "pop.grid.id",
                "video.grid.id",
                "www.bola.com",
                "www.fimela.com",
                "www.grid.id",
                "www.kapanlagi.com",
                "www.liputan6.com",
                "www.sanook.com"
            ]
        },
        {
            "rule": "innity\\.com\\/synd\\/",
            "cookies": 0.0000749,
            "fingerprinting": 0,
            "subdomains": [
                "as"
            ],
            "apis": {},
            "sites": 16,
            "prevalence": 0.000109,
            "cnames": [],
            "responseHashes": [
                "a74928635ba77b92296be9375c02ea21d8ab502af68dd20847afc56f65516bbc",
                "5b11e8f291cc7a41d1077c7f5ae5a7211acdb01db109173a43368c9e2c93a8b9",
                "71f70e14c10a767d40cb7ed3c446367ec2c491048318eb4caeacc551e6d13753",
                "afcc37f9a565d611fc583ccaa2d42afea6fb80a7d920b2710b9e8bdc7b0bd3a4",
                "37ec54b01d902bac68026a685d9780381ba3df97c7fff886eb05d8f50b499809",
                "7b823705026fe9836ed31e9d633bbc14005115f9ece04922e4c5e28d965ddac7",
                "94401d2f2d63380fedf983bd70fb177a5e5950aa9cab60f0fb248469767c7426",
                "18cd488606a97044df4aecbd880631bc2a482209da3c662376eb87291ff4ea18",
                "edd4d0462d1c8d9ad02e28b5ecb9d8a6730fdefd178d8ecef7d13d479a0d82c6",
                "be21a7830793be644fb23dc725e59400d4d16eaeeecad88f48758b8b7fd2565a",
                "e533efa577162ae78e1b80c894e06fa1ab53aaafea1f396eae1a66403b9e2855"
            ],
            "type": "Script",
            "firstPartyCookies": {},
            "firstPartyCookiesSent": {
                "lotame_domain_check": 0.00004087221302597429,
                "_li_dcdm_c": 0.000006812035504329049
            },
            "exampleSites": [
                "hellodoktor.com",
                "hellodoctor.com.ph",
                "mojok.co",
                "soyacincau.com",
                "worldofbuzz.com",
                "www.ayobandung.com",
                "www.clickthecity.com",
                "www.cnnphilippines.com",
                "www.dailysia.com",
                "www.hottg.com",
                "www.lottopcso.com",
                "www.orami.co.id",
                "www.sewaktu.com",
                "www.spot.ph",
                "www.tg-me.com",
                "www.yummy.ph"
            ]
        },
        {
            "rule": "innity\\.com\\/synd\\/",
            "cookies": 0.0000204,
            "fingerprinting": 0,
            "subdomains": [
                "as"
            ],
            "apis": {},
            "sites": 3,
            "prevalence": 0.0000204,
            "cnames": [],
            "responseHashes": [
                "44136fa355b3678a1146ad16f7e8649e94fb4fc21fe77e8310c060f61caaff8a"
            ],
            "type": "Fetch",
            "firstPartyCookies": {},
            "firstPartyCookiesSent": {},
            "exampleSites": [
                "bola.net",
                "m.bola.net",
                "www.bola.net"
            ]
        },
        {
            "rule": "innity\\.com\\/dc\\/cb\\/",
            "cookies": 0.0000681,
            "fingerprinting": 0,
            "subdomains": [
                "avd"
            ],
            "apis": {},
            "sites": 11,
            "prevalence": 0.0000749,
            "cnames": [],
            "responseHashes": [
                "b6fadac1f01057f8aa0d9f884adc8927dd7b9499562c7936d322c0559fa0c1ba",
                "2a84d009e5caa5480375ca9eacac67d7532df11c82fd33bbe298a2bd3393d643",
                "8e48d044f592697ae3583d6148ba8607b19c165bd66dea70a9ac093ac5c38c1f",
                "68affd4d113afd67ba1887bd06c33d05f47eedc96fe4ddb515eed6ca16477103",
                "edd9590c9b172d0a51b726f561d2868c50c130c2dc4748ba714f62a3d25123f8",
                "d7eed1c8cf8876b2bc9ba9cd97568a8febe9fba1d0ec08f0ce71840c137e547f",
                "7f869f065c37472a2178517541e5ac3ef3d0a8dd704fe43814898701f87215a6",
                "62d3663ee9d5de7d6630e1559189c71a101e7638c424fec282832bda0ac55903",
                "206dfbe846fa94a9ee0e2f91d5f9780decb88e88a356bfb0e39916ee8e458548",
                "a4c0a94272063ff6f3a413baeacf21aca5bb51ed609f0c058e5ae6dfcdd3d3fc"
            ],
            "type": "Script",
            "firstPartyCookies": {},
            "firstPartyCookiesSent": {},
            "exampleSites": [
                "malaysiakini.com",
                "newsinfo.inquirer.net",
                "pantip.com",
                "usa.inquirer.net",
                "worldofbuzz.com",
                "www.cnnphilippines.com",
                "www.globe.com.ph",
                "www.hkexpress.com",
                "www.inquirer.net",
                "www.lottopcso.com",
                "www.sanook.com"
            ]
        },
        {
            "rule": "innity\\.com\\/dc\\/",
            "cookies": 0.0000409,
            "fingerprinting": 0,
            "subdomains": [
                "avd"
            ],
            "apis": {},
            "sites": 11,
            "prevalence": 0.0000749,
            "cnames": [],
            "responseHashes": [
                "e3b0c44298fc1c149afbf4c8996fb92427ae41e4649b934ca495991b7852b855",
                "e963e7196beb9123059ec3534b042ebcd1ef0a470fa568bfbebfeab2f33c4fda"
            ],
            "type": "Image",
            "firstPartyCookies": {},
            "firstPartyCookiesSent": {
                "iUUID": 0.00007493239054761953,
                "innity.dmp.6.sess.id": 0.000006812035504329049,
                "innity.dmp.0.sess.id": 0.000027248142017316195,
                "lotame_domain_check": 0.00003406017752164524,
                "innity.dmp.254.sess.id": 0.000006812035504329049,
                "innity.dmp.206.sess.id": 0.000006812035504329049,
                "innity.dmp.1.sess.id": 0.000006812035504329049,
                "innity.dmp.126.sess.id": 0.000006812035504329049,
                "innity.dmp.68.sess.id": 0.000006812035504329049,
                "innity.dmp.225.sess.id": 0.000006812035504329049
            },
            "exampleSites": [
                "malaysiakini.com",
                "newsinfo.inquirer.net",
                "pantip.com",
                "usa.inquirer.net",
                "worldofbuzz.com",
                "www.cnnphilippines.com",
                "www.globe.com.ph",
                "www.hkexpress.com",
                "www.inquirer.net",
                "www.lottopcso.com",
                "www.sanook.com"
            ]
        },
        {
            "rule": "innity\\.com\\/sync\\/",
            "cookies": 0,
            "fingerprinting": 0,
            "subdomains": [
                "avd"
            ],
            "apis": {},
            "sites": 11,