{
    "domain": "itoris.com",
    "owner": {},
    "source": [
        "DuckDuckGo-US"
    ],
    "prevalence": 0.000143,
    "sites": 21,
    "subdomains": [
        "node1"
    ],
    "cnames": [],
    "fingerprinting": 0,
    "resources": [
        {
            "rule": "itoris\\.com\\/dpo\\/storefront\\/include\\.js",
            "cookies": 0,
            "fingerprinting": 0,
            "subdomains": [
                "node1"
            ],
            "apis": {},
            "sites": 15,
            "prevalence": 0.000102,
            "cnames": [],
            "responseHashes": [
                "dffa3ad63630b876755b12c95bad96650286e9c9da6cfcb90a68c0af8c2164fa",
                "4ebc1cd30fa1f94ca661c5b22d1da1938ed93b65c47f585db0517b29576b8c30",
                "1782a3e60de64b45bee9ab0ccc8c85d4bcd6a771cfb1c9a9eca2b8dd5cde2f6c",
                "5709207641a6fa11f3e407e485427221a5aa93ccc39de6d8495405a2925f8df6",
                "968f3b5d0a93599f62dc70e4e687c1d122899dc87b670f4f81a67958f50a10a6",
                "9326cd34ceff06582262bc2552bdc95e99fc8938d032c3f295f3afe37a1b5e8f",
                "8528fc4aad336dfe29c445fbc047a206260d6a2ca9518e6dee78501be3db1570",
                "8e9cdf21c05796a96d41b89fc5b749836fe396483b2965a3ec61ae7046d71f3f",
                "d85217d41010f74beb9463b3304623ef6a73c95d5699fc21cfe07d174af05ffc",
                "8ac8b1aa255d9a20e254383ab8a421ebf51530d2147abd9879093cdfe471eacf",
                "79c6b4ddda761ea04af2999124115e6b95aab1f18804668b46895cbbeb8d7c64",
                "5efb48beeae221206e0fa421d250f954ef3feb7837b9ba8680667319970bdee9",
                "ac83398c8ead0a0418632eacd726578a5be4eeb01c5119cdf813c9b0c1aed8d7",
                "e11590cc98731fb1fdc541981457778919f69f46ce751f3f642c853ea72dee92"
            ],
            "type": "Script",
            "firstPartyCookies": {},
            "firstPartyCookiesSent": {},
            "exampleSites": [
                "blade-tech.com",
                "gofastcampers.com",
                "growerssolution.com",
                "mediamarkt.pt",
                "realcraft.com",
                "store.lightorama.com",
                "superiorsaunas.com",
                "thetrailerpartsoutlet.com",
                "windowhardwaredirect.com",
                "www.bootstrapfarmer.com",
                "www.casparionline.com",
                "www.gungoddess.com",
                "www.playcornhole.org",
                "www.rockfordchimneysupply.com",
                "zzperformance.com"
            ]
        }
    ],
    "categories": [],
    "performance": {},
    "cookies": 0,
    "topInitiators": [
        {
            "domain": "first party",
            "prevalence": 1
        }
    ],
    "types": {
        "Script": 15
    },
    "nameservers": [
        "ns43.domaincontrol.com",
        "ns44.domaincontrol.com"
    ]
}