{
    "domain": "joinsherpa.io",
    "owner": {},
    "source": [
        "DuckDuckGo-US"
    ],
    "prevalence": 0.0000681,
    "sites": 10,
    "subdomains": [
        "sdk",
        "api",
        "apps"
    ],
    "cnames": [],
    "fingerprinting": 2,
    "resources": [
        {
            "rule": "joinsherpa\\.io\\/widget\\.js",
            "cookies": 0,
            "fingerprinting": 1,
            "subdomains": [
                "sdk"
            ],
            "apis": {
                "Navigator.prototype.userAgent": 9,
                "Navigator.prototype.product": 9
            },
            "sites": 10,
            "prevalence": 0.0000681,
            "cnames": [],
            "responseHashes": [
                "0b8cc895b8d6fa45a2209fab48da69b59e23f42ae9be3935ee17ab72dec93b50",
                "f6518ed28c3acc410bf7198b59015be97f0122af081377dfcd4ddc72aff244d2",
                "bb15f6148c6ac3ce1ad4dc3a73ff7a34ce7a0c9f35c8da75bade221ef6da5984",
                "46d73b2a54706671b0fdc8469a1c551b393ddab6dd2fddd9fdcb0f8e3954068c",
                "821dbde1ed0a639b50518d134c386b5f852a27681019d2559d8cf5b46c2b0f41",
                "12f4328c89b168b26303bb5ac513ad560391939065fa565855c627d309201f2b",
                "6c9599598ee43efeb3feae9ae6158511d38588379d84053a2fcbe4dd80b42701",
                "1df17ce8559b3c08506a1bfd0d70a56636aa49c1ca98669e02a464c4e49dffd7"
            ],
            "type": "Script",
            "firstPartyCookies": {},
            "firstPartyCookiesSent": {},
            "exampleSites": [
                "aerlingus.com",
                "www.aerlingus.com",
                "www.aireuropa.com",
                "www.caribbean-airlines.com",
                "www.flightcentre.com.au",
                "www.jetblue.com",
                "www.skyteam.com",
                "www.trafalgar.com",
                "www.tuifly.be",
                "www.tui.be"
            ]
        },
        {
            "rule": "joinsherpa\\.io\\/amplitude",
            "cookies": 0,
            "fingerprinting": 0,
            "subdomains": [
                "api"
            ],
            "apis": {},
            "sites": 2,
            "prevalence": 0.0000136,
            "cnames": [],
            "responseHashes": [
                "aee408847d35e44e99430f0979c3357b85fe8dbb4535a494301198adbee85f27"
            ],
            "type": "XHR",
            "firstPartyCookies": {},
            "firstPartyCookiesSent": {},
            "exampleSites": [
                "skyteam.com",
                "www.skyteam.com"
            ]
        },
        {
            "rule": "joinsherpa\\.io\\/assets\\/i18n\\/en-US\\/trip\\.json",
            "cookies": 0,
            "fingerprinting": 0,
            "subdomains": [
                "apps"
            ],
            "apis": {},
            "sites": 2,
            "prevalence": 0.0000136,
            "cnames": [],
            "responseHashes": [
                "a230269c05a5c5c74936b5052681b4393dabcbecadb16aae5b5d2ff2ff0d7004"
            ],
            "type": "XHR",
            "firstPartyCookies": {},
            "firstPartyCookiesSent": {},
            "exampleSites": [
                "skyteam.com",
                "www.skyteam.com"
            ]
        },
        {
            "rule": "joinsherpa\\.io\\/assets\\/i18n\\/en-US\\/sherpa-uix\\.json",
            "cookies": 0,
            "fingerprinting": 0,
            "subdomains": [
                "apps"
            ],
            "apis": {},
            "sites": 2,
            "prevalence": 0.0000136,
            "cnames": [],
            "responseHashes": [
                "6189c3a64db4da44cb1973fc72beb3fcecbd6174b43430fa8471382984a15412"
            ],
            "type": "XHR",
            "firstPartyCookies": {},
            "firstPartyCookiesSent": {},
            "exampleSites": [
                "skyteam.com",
                "www.skyteam.com"
            ]
        }
    ],
    "categories": [],
    "performance": {},
    "cookies": 0.00000681,
    "topInitiators": [
        {
            "domain": "first party",
            "prevalence": 1
        }
    ],
    "types": {
        "Script": 10,
        "XHR": 6
    },
    "nameservers": [
        "ns-cloud-e2.googledomains.com",
        "ns-cloud-e4.googledomains.com",
        "ns-cloud-e3.googledomains.com",
        "ns-cloud-e1.googledomains.com"
    ]
}