{
    "domain": "kaiu-marketing.com",
    "owner": {},
    "source": [
        "DuckDuckGo-US"
    ],
    "prevalence": 0.0000477,
    "sites": 7,
    "subdomains": [
        "api"
    ],
    "cnames": [],
    "fingerprinting": 1,
    "resources": [
        {
            "rule": "kaiu-marketing\\.com\\/visitor\\/script\\.js",
            "cookies": 0.0000204,
            "fingerprinting": 1,
            "subdomains": [
                "api"
            ],
            "apis": {
                "Document.cookie getter": 6,
                "Navigator.prototype.userAgent": 6,
                "window.sessionStorage": 3,
                "Date.prototype.getTime": 3,
                "Document.cookie setter": 3,
                "window.localStorage": 3
            },
            "sites": 7,
            "prevalence": 0.0000477,
            "cnames": [],
            "responseHashes": [
                "a50020239329b5e114508c6833905db803d13fbc339d884675e4ee4bc3ce2efd",
                "91ba85968facae058cc329cec4d70abc626cc7d8fd9c89b60d00e8669281d3d1",
                "a68ba739858159b1db5d0cfd67b9c850442656010d338efa12a87b4014542ddc",
                "881a637ecae1c9d6460ba7a71397c9e918074b20b36d467d0746876dba96ba74"
            ],
            "type": "Script",
            "firstPartyCookies": {
                "__cv_tech__uuid": {
                    "ttl": 2592011,
                    "length": 32,
                    "prevalence": 0.000020436106512987146,
                    "uniqueness": 1
                },
                "__cv_tech__session_id_17411e1ffba7482abdd8a3681139f5bf": {
                    "ttl": null,
                    "length": 32,
                    "prevalence": 0.000006812035504329049,
                    "uniqueness": 1
                },
                "__cv_tech__session_id_504c38d328044543ab6204fd961ae254": {
                    "ttl": null,
                    "length": 32,
                    "prevalence": 0.000006812035504329049,
                    "uniqueness": 1
                },
                "__cv_tech__session_id_4553a7e1e5d74ec1b2bd0a1de7ecb6bb": {
                    "ttl": null,
                    "length": 32,
                    "prevalence": 0.000006812035504329049,
                    "uniqueness": 1
                }
            },
            "firstPartyCookiesSent": {},
            "exampleSites": [
                "gentosha-go.com",
                "mobareco.jp",
                "simchange.jp",
                "web-camp.io",
                "www.able.co.jp",
                "www.chintai.net",
                "www.topvalu.net"
            ]
        },
        {
            "rule": "kaiu-marketing\\.com\\/assets\\/stylesheets\\/modal\\.css",
            "cookies": 0,
            "fingerprinting": 0,
            "subdomains": [
                "api"
            ],
            "apis": {},
            "sites": 4,
            "prevalence": 0.0000272,
            "cnames": [],
            "responseHashes": [
                "e0b7b16accb2b086f54a7e2fed7ae837975e021eaf21c0c42e0fb6e9cb4c0a90"
            ],
            "type": "Stylesheet",
            "firstPartyCookies": {},
            "firstPartyCookiesSent": {},
            "exampleSites": [
                "able.co.jp",
                "www.able.co.jp",
                "www.chintai.net",
                "www.topvalu.net"
            ]
        },
        {
            "rule": "kaiu-marketing\\.com\\/assets\\/stylesheets\\/fancybox\\/jquery\\.fancybox\\.css",
            "cookies": 0,
            "fingerprinting": 0,
            "subdomains": [
                "api"
            ],
            "apis": {},
            "sites": 4,
            "prevalence": 0.0000272,
            "cnames": [],
            "responseHashes": [
                "c1541c0c245d09e4dbb4fe729b20ec000f7d001ff527e2fac00790998e8d7dd7"
            ],
            "type": "Stylesheet",
            "firstPartyCookies": {},
            "firstPartyCookiesSent": {},
            "exampleSites": [
                "able.co.jp",
                "www.able.co.jp",
                "www.chintai.net",
                "www.topvalu.net"
            ]
        },
        {
            "rule": "kaiu-marketing\\.com\\/assets\\/javascripts\\/jquery\\/jquery_321\\.min\\.js",
            "cookies": 0,
            "fingerprinting": 1,
            "subdomains": [
                "api"
            ],
            "apis": {
                "Event.prototype.timeStamp": 1
            },
            "sites": 4,
            "prevalence": 0.0000272,
            "cnames": [],
            "responseHashes": [
                "9c8f1c7754edabdd94b786cfa827876b9a84736b93a5c885ddb0be2ef38739be"
            ],
            "type": "Script",
            "firstPartyCookies": {},
            "firstPartyCookiesSent": {},
            "exampleSites": [
                "able.co.jp",
                "www.able.co.jp",
                "www.chintai.net",
                "www.topvalu.net"
            ]
        },
        {
            "rule": "kaiu-marketing\\.com\\/assets\\/javascripts\\/fancybox\\/jquery\\.fancybox\\.js",
            "cookies": 0,
            "fingerprinting": 1,
            "subdomains": [
                "api"
            ],
            "apis": {
                "Navigator.prototype.userAgent": 3
            },
            "sites": 3,
            "prevalence": 0.0000204,
            "cnames": [],
            "responseHashes": [
                "cbac50669686b66444a958826e94a308949aae45395ef692b530423c44cdb071"
            ],
            "type": "Script",
            "firstPartyCookies": {},
            "firstPartyCookiesSent": {},
            "exampleSites": [
                "able.co.jp",
                "www.chintai.net",
                "www.topvalu.net"
            ]
        },
        {
            "rule": "kaiu-marketing\\.com\\/assets\\/javascripts\\/fancybox\\/jquery\\.fancybox-transitions\\.js",
            "cookies": 0,
            "fingerprinting": 0,
            "subdomains": [
                "api"
            ],
            "apis": {},
            "sites": 3,
            "prevalence": 0.0000204,
            "cnames": [],
            "responseHashes": [
                "c4eeed96783107ea62ec5e2c616b263170692aa2355332a65815489c3686bee1"
            ],
            "type": "Script",
            "firstPartyCookies": {},
            "firstPartyCookiesSent": {},
            "exampleSites": [
                "able.co.jp",
                "www.chintai.net",
                "www.topvalu.net"
            ]
        },
        {
            "rule": "kaiu-marketing\\.com\\/visitor\\/syncdata",
            "cookies": 0,
            "fingerprinting": 0,
            "subdomains": [
                "api"
            ],
            "apis": {},
            "sites": 3,
            "prevalence": 0.0000204,
            "cnames": [],
            "responseHashes": [
                "c934f5c35a7181bf7506e0f7b20bb7b56c0b0561ced4bae9dc3215d618405e5d",
                "92567e836e0398cffcef4b114011a0bbf62c390d24eaeb143d381b9b53404036"
            ],
            "type": "Document",
            "firstPartyCookies": {},
            "firstPartyCookiesSent": {},
            "exampleSites": [
                "able.co.jp",
                "www.chintai.net",
                "www.topvalu.net"
            ]
        },
        {
            "rule": "kaiu-marketing\\.com\\/visitor\\/sync\\.js",
            "cookies": 0.0000204,
            "fingerprinting": 1,
            "subdomains": [
                "api"
            ],
            "apis": {
                "Document.cookie getter": 3,
                "Date.prototype.getTime": 3,
                "Document.cookie setter": 3,
                "Navigator.prototype.userAgent": 3,
                "window.localStorage": 3
            },
            "sites": 3,
            "prevalence": 0.0000204,
            "cnames": [],