{
    "domain": "karoon.xyz",
    "owner": {},
    "source": [
        "DuckDuckGo-US"
    ],
    "prevalence": 0.000116,
    "sites": 17,
    "subdomains": [
        "eu",
        "us"
    ],
    "cnames": [],
    "fingerprinting": 0,
    "resources": [
        {
            "rule": "karoon\\.xyz\\/nty\\/metrics\\/save\\.img",
            "cookies": 0,
            "fingerprinting": 0,
            "subdomains": [
                "eu",
                "us"
            ],
            "apis": {},
            "sites": 17,
            "prevalence": 0.000116,
            "cnames": [],
            "responseHashes": [
                "7c24e7a98109792855507682f910adfb01c22a2c2d82892616c9582c812f0b60",
                "01f849daea6bf4a3535851afacfbcdd28fd7b13eb80d9550389f490c9f356e99",
                "204327a3aa9b17cc764dfe6d549540f9785580db712c4d9d4d5f0c444924556f",
                "7630ac507ee7efda0916874498ecabf23b24bf691e9be08ab295e60b95c9d47d",
                "641820fe69a968de17ef6166f4629d041a7cbf14fd4e0671f099785bb618b813",
                "0dd7a3deb4ccce61a9f1f905512206587c4155836cf22ad6610e923a372fda5e",
                "ed3d9345897159517c99b4d8fd64a5cd9243555b604cde475baccb198399f569",
                "6d1a3249d43234cf19c83ace5f86073875923cda29742767953eff93ace02dec"
            ],
            "type": "Image",
            "firstPartyCookies": {},
            "firstPartyCookiesSent": {
                "_ym_d": 0.000006812035504329049
            },
            "exampleSites": [
                "zero.id",
                "boombo.biz",
                "chaturflix.cam",
                "darknaija.com",
                "hdzog.com",
                "homeporno.biz",
                "hotmovs.com",
                "hqpornero.com",
                "javhihi.world",
                "naked.chiks.org",
                "naked.titis.org",
                "photochki.pro",
                "pornbimbo.com",
                "pornpervert.com",
                "recurbate.net",
                "shemalez.com",
                "xnxx93.com"
            ]
        }
    ],
    "categories": [],
    "performance": {},
    "cookies": 0,
    "topInitiators": [
        {
            "domain": "first party",
            "prevalence": 0.38461538461538464
        },
        {
            "domain": "bddc935c97.com",
            "prevalence": 0.38461538461538464
        },
        {
            "domain": "wpushsdk.com",
            "prevalence": 0.15384615384615385
        },
        {
            "domain": "592749d456.com",
            "prevalence": 0.07692307692307693
        }
    ],
    "types": {
        "Image": 17
    },
    "nameservers": [
        "ns-999.awsdns-60.net",
        "ns-263.awsdns-32.com",
        "ns-1915.awsdns-47.co.uk",
        "ns-1206.awsdns-22.org"
    ]
}