{
    "domain": "karte-edge.io",
    "owner": {},
    "source": [
        "DuckDuckGo-US"
    ],
    "prevalence": 0.0000613,
    "sites": 9,
    "subdomains": [
        "ktid"
    ],
    "cnames": [],
    "fingerprinting": 1,
    "resources": [
        {
            "rule": "karte-edge\\.io\\/",
            "cookies": 0.0000409,
            "fingerprinting": 1,
            "subdomains": [
                "ktid"
            ],
            "apis": {
                "Document.cookie getter": 4
            },
            "sites": 9,
            "prevalence": 0.0000613,
            "cnames": [],
            "responseHashes": [
                "1975949c4cdb6848404aa8b673fb212bcd4893622c79ed4c30d9fc66794482b6",
                "7e2f0b542fff6789f29a52e08f428ccbf154372714e749635e7020c876f8ec4e",
                "f2e0381cd69b8f0d61e45e7714194f01677c4a09302036dbbe30ced6d6551a70",
                "c19634e358bc8431de5ddd0b3a5196a4aae75780cce1200491b6145f2a4ebafa",
                "2c696d349c3297d243653180bf14dc2653896bad071f67c752b42e1ebab6e208",
                "8f54637e72a2af495f38334247cb821982d6167b34edb5b66b8a213027a5216d",
                "cd1850e1bc6189d22b32651935708ad5a05b28d18cc6bf68571bc1e61d69b4b9"
            ],
            "type": "Document",
            "firstPartyCookies": {},
            "firstPartyCookiesSent": {},
            "exampleSites": [
                "ntt-east.co.jp",
                "faq.sbisec.co.jp",
                "haisha-yoyaku.jp",
                "network.mobile.rakuten.co.jp",
                "rurubu.jp",
                "www.honda.co.jp",
                "www.mizuhobank.co.jp",
                "www.sbisec.co.jp",
                "www.ymobile.jp"
            ]
        }
    ],
    "categories": [],
    "performance": {},
    "cookies": 0.0000409,
    "topInitiators": [
        {
            "domain": "karte.io",
            "prevalence": 0.8888888888888888
        },
        {
            "domain": "adlightning.com",
            "prevalence": 0.1111111111111111
        }
    ],
    "types": {
        "Document": 9
    },
    "nameservers": [
        "arnold.ns.cloudflare.com",
        "dolly.ns.cloudflare.com"
    ]
}