{
    "domain": "kataweb.it",
    "owner": {},
    "source": [
        "DuckDuckGo-US"
    ],
    "prevalence": 0.000123,
    "sites": 18,
    "subdomains": [
        "oasjs",
        "scripts",
        "login"
    ],
    "cnames": [],
    "fingerprinting": 1,
    "resources": [
        {
            "rule": "kataweb\\.it\\/adsetup_cmp\\.js",
            "cookies": 0.0000272,
            "fingerprinting": 1,
            "subdomains": [
                "oasjs"
            ],
            "apis": {
                "Navigator.prototype.userAgent": 4,
                "Document.cookie getter": 4,
                "Date.prototype.getTime": 4,
                "Document.cookie setter": 4,
                "window.sessionStorage": 4,
                "window.localStorage": 4
            },
            "sites": 4,
            "prevalence": 0.0000272,
            "cnames": [],
            "responseHashes": [
                "a57f47213a59101b3bad2b4c3d00f00ce4e2e05cf6bb100846bb8b264fab9ee5",
                "5baa5ed5f3fe7d144e8d777487eb37f158868c5ce416d0d57922b04dd9b4f513",
                "8725313f531f7b59c63cea01299b518dbe32d5ef1bbaa178c1a71ce48f153525"
            ],
            "type": "Script",
            "firstPartyCookies": {
                "kw_1pc_enableds": {
                    "ttl": 311040001,
                    "length": 4,
                    "prevalence": 0.000027248142017316195,
                    "uniqueness": 0.25
                },
                "kw_dllimio_logdebugger": {
                    "ttl": null,
                    "length": 4,
                    "prevalence": 0.000027248142017316195,
                    "uniqueness": 0.25
                },
                "kw_prevUsrSts": {
                    "ttl": 31536001,
                    "length": 5,
                    "prevalence": 0.000027248142017316195,
                    "uniqueness": 0.25
                },
                "kw_repubblica_lpv_ls": {
                    "ttl": 481,
                    "length": 103,
                    "prevalence": 0.000006812035504329049,
                    "uniqueness": 1
                },
                "kw_pwlrt": {
                    "ttl": 86404,
                    "length": 1,
                    "prevalence": 0.000013624071008658098,
                    "uniqueness": 0.5
                },
                "kw_qr_dc": {
                    "ttl": 604812,
                    "length": 148,
                    "prevalence": 0.000006812035504329049,
                    "uniqueness": 1
                },
                "froomle-frm-internal-abtest": {
                    "ttl": 86401,
                    "length": 7,
                    "prevalence": 0.000006812035504329049,
                    "uniqueness": 1
                }
            },
            "firstPartyCookiesSent": {},
            "exampleSites": [
                "repubblica.it",
                "milano.repubblica.it",
                "roma.repubblica.it",
                "www.repubblica.it"
            ]
        },
        {
            "rule": "kataweb\\.it\\/wt\\/wt\\.js",
            "cookies": 0,
            "fingerprinting": 0,
            "subdomains": [
                "scripts"
            ],
            "apis": {},
            "sites": 17,
            "prevalence": 0.000116,
            "cnames": [],
            "responseHashes": [
                "24398a92c0388736aad77ee490fa886d3a67bad695d96507c44b8f0ac83402ce",
                "05a1ece007a48af8532155e8687e9d24f1130926ef28c8786061596ddaaa9a69",
                "cf0022bcfb7cd3d6d8b85d4b0f1a7d353d58b9a8ba691ba644c50826c667a448",
                "3fcea58fc84994b7427b8c0450ed08f8e7437228de7c2027faa67480f1db58e2",
                "6bae5871bc7c7147e099e7ece718c0a8519a41d1d61bd73aa8d3af0d9a050e9a",
                "fda10c332c3999cb089314aa589f88f0e56a5e8731269862f8a8faee62f6f101",
                "4a75380595fcf17ee71c720d5651cb6cb387cad53a7980203ecba477855f3cab",
                "82eb8a67cfd4354d2d75d78ce5a63aa5e59b2f6497fe41d880af7bbe752158dd",
                "9e58599f5dd7a1e85a3e1d7bec1203e08d6aa12f04c9ff9b8ce891588d3b2064",
                "272f3b60c2ca66ecf23b6d1b4c410f42125ebed700031b207032cb1735ca3df0",
                "15febc4819ad059b1713a7c6f5a3dcf6130b242148a5d5eb89f4dc146a259c20",
                "89b550f1d4b0e0472e4207d9dfb61975da7da4400db4e24c9c99f08f10041fa7",
                "7865b392be562f22fe4879370eaeb423c8875a64c0f05ee2fa1a6c864cc61e6f",
                "3625cb2ebf497f3644529e4664b015c25a151c3c8fefa21723b0ec81a744d91a",
                "4ac94d60ef185176d7ad5cb2944296f1b5f2ab823d1b31f51a397bd65c001674",
                "b635594e2438fbdcc89031a26a7d6f04623a32f72c647c9059ab1b76bf788186"
            ],
            "type": "Script",
            "firstPartyCookies": {},
            "firstPartyCookiesSent": {
                "kw_testata": 0.00003406017752164524
            },
            "exampleSites": [
                "repubblica.it",
                "forum.alfemminile.com",
                "ilpiccolo.gelocal.it",
                "mattinopadova.gelocal.it",
                "messaggeroveneto.gelocal.it",
                "milano.repubblica.it",
                "nuovavenezia.gelocal.it",
                "roma.repubblica.it",
                "www.alfemminile.com",
                "www.deejay.it",
                "www.formulapassion.it",
                "www.huffingtonpost.it",
                "www.ilsecoloxix.it",
                "www.lastampa.it",
                "www.limesonline.com",
                "www.mymovies.it",
                "www.repubblica.it"
            ]
        },
        {
            "rule": "kataweb\\.it\\/adsetup\\.real\\.js",
            "cookies": 0,
            "fingerprinting": 1,
            "subdomains": [
                "oasjs"
            ],
            "apis": {
                "Navigator.prototype.userAgent": 1,
                "window.localStorage": 1
            },
            "sites": 5,
            "prevalence": 0.0000341,
            "cnames": [],
            "responseHashes": [
                "3ff921678458382b96e1e372200b845c82f460eab8d43e5f42fe2ea99e768fa2",
                "730302b19a4132e10d463518a51cf472d79918a89a87fc9aac469effa26bbc0b",
                "9525ce13adaae33dc7388f5a424cf9c05522299a0dae5e755c175db01b2b5159",
                "8f5f074e8db00ccbd8682e5d4bec650d7a42e3e2dde7232406917cfe1b37871d"
            ],
            "type": "Script",
            "firstPartyCookies": {},
            "firstPartyCookiesSent": {},
            "exampleSites": [
                "gelocal.it",
                "mattinopadova.gelocal.it",
                "messaggeroveneto.gelocal.it",
                "nuovavenezia.gelocal.it",
                "www.alfemminile.com"
            ]
        },
        {
            "rule": "kataweb\\.it\\/registrazione\\/newsletterwidget_cx\\/launcher\\.html",
            "cookies": 0,
            "fingerprinting": 0,
            "subdomains": [
                "login"
            ],
            "apis": {},
            "sites": 7,
            "prevalence": 0.0000477,
            "cnames": [],
            "responseHashes": [
                "fbbd259dcf610597b18d7256cc17f3ccc7075ff3c754aa93e43f6a8324675e30"
            ],
            "type": "Document",
            "firstPartyCookies": {},
            "firstPartyCookiesSent": {
                "kw_testata": 0.00004087221302597429
            },
            "exampleSites": [
                "gelocal.it",
                "ilpiccolo.gelocal.it",
                "mattinopadova.gelocal.it",
                "messaggeroveneto.gelocal.it",
                "nuovavenezia.gelocal.it",
                "roma.repubblica.it",
                "www.ilsecoloxix.it"
            ]
        },
        {
            "rule": "kataweb\\.it\\/registrazione\\/UnloggedWidgetNewsletterManagerCx",
            "cookies": 0,
            "fingerprinting": 0,
            "subdomains": [
                "login"
            ],