{
    "domain": "kenect.com",
    "owner": {},
    "source": [
        "DuckDuckGo-US"
    ],
    "prevalence": 0.000204,
    "sites": 30,
    "subdomains": [
        "location",
        "resource"
    ],
    "cnames": [],
    "fingerprinting": 1,
    "resources": [
        {
            "rule": "kenect\\.com\\/api\\/v1\\/location\\/by-widget",
            "cookies": 0,
            "fingerprinting": 0,
            "subdomains": [
                "location"
            ],
            "apis": {},
            "sites": 13,
            "prevalence": 0.0000886,
            "cnames": [],
            "responseHashes": [
                "e0822c116dede561752740c9fa85250cda23531a3450c7767a8b3398a6e05dbc",
                "87dcd05000248658c926f8e52e68abdef3cbee30481972d11cbd3bdebaf6b8df",
                "d2afa8263b325340c110365a0450d997608a9f3915589e1c51f61073374a2b5d",
                "0d1893f703b36f4ab911c8e193a903ea5fbe4bbd04afd71b065f8e3f3c3b4f36",
                "cc12d945551066ef8c36328c6720e4161f2ab65ea47a56c5050e14918482fe55",
                "05babf8a8d222c4dad30800206e92d89743fcc80340ebf76d9f907336966bc54",
                "f8a93fdaa47a826083da91de8a901865ce05ad775e00fe055545e13923e6ccb2",
                "4aefb6143fab6818d37f43084cf1b1bd268d5522dd9787a290700614075a1751",
                "86a6987167e218a67cb7d4b53603b629e85af3ff0f46e57f6a2700f1b1c55dc4",
                "7ddd82bed55a7bd3a36c1c9568e0b470845a23af5913b7bc3f46ff09dc37fa8a",
                "4e2040972351a6af678913dd730ed56edd16df42668f46eee6a3894c573044f3"
            ],
            "type": "XHR",
            "firstPartyCookies": {},
            "firstPartyCookiesSent": {},
            "exampleSites": [
                "russopower.com",
                "shop.kubotausa.com",
                "www.benningtonmarine.com",
                "www.bishs.com",
                "www.bluecompassrv.com",
                "www.bluedogrv.com",
                "www.exploreusa.com",
                "www.hragripower.com",
                "www.pleasurelandrv.com",
                "www.pplmotorhomes.com",
                "www.rvcountry.com",
                "www.tomscamperland.com",
                "www.whitesfarmsupply.com"
            ]
        },
        {
            "rule": "kenect\\.com\\/api\\/v1\\/location\\/by-widget",
            "cookies": 0,
            "fingerprinting": 0,
            "subdomains": [
                "location"
            ],
            "apis": {},
            "sites": 13,
            "prevalence": 0.0000886,
            "cnames": [],
            "responseHashes": [],
            "type": "Preflight",
            "firstPartyCookies": {},
            "firstPartyCookiesSent": {},
            "exampleSites": [
                "russopower.com",
                "shop.kubotausa.com",
                "www.benningtonmarine.com",
                "www.bishs.com",
                "www.bluecompassrv.com",
                "www.bluedogrv.com",
                "www.exploreusa.com",
                "www.hragripower.com",
                "www.pleasurelandrv.com",
                "www.pplmotorhomes.com",
                "www.rvcountry.com",
                "www.tomscamperland.com",
                "www.whitesfarmsupply.com"
            ]
        },
        {
            "rule": "kenect\\.com\\/api\\/v1\\/widget\\/client-data\\/ixcFP1uamH6oVeqTLBBbZU",
            "cookies": 0,
            "fingerprinting": 0,
            "subdomains": [
                "resource"
            ],
            "apis": {},
            "sites": 2,
            "prevalence": 0.0000136,
            "cnames": [],
            "responseHashes": [
                "937fbdbcb29cca7def0489277e166083da66da2822fa3d0e3035c913ffaa366b"
            ],
            "type": "Script",
            "firstPartyCookies": {},
            "firstPartyCookiesSent": {},
            "exampleSites": [
                "kubotausa.com",
                "shop.kubotausa.com"
            ]
        },
        {
            "rule": "kenect\\.com\\/api\\/v1\\/widget\\/client-data\\/ks5byXRwHlFPJ0Vt6BNOyM",
            "cookies": 0,
            "fingerprinting": 0,
            "subdomains": [
                "resource"
            ],
            "apis": {},
            "sites": 2,
            "prevalence": 0.0000136,
            "cnames": [],
            "responseHashes": [
                "5393a0dfdaa181af416adec499b742cbcdc9903f8699ba431d3543fb6abe4fe9"
            ],
            "type": "Script",
            "firstPartyCookies": {},
            "firstPartyCookiesSent": {},
            "exampleSites": [
                "bishs.com",
                "www.bishs.com"
            ]
        },
        {
            "rule": "kenect\\.com\\/api\\/v1\\/widget\\/client-data\\/xf66pRmQq4Q4HFmfVNaQ6P",
            "cookies": 0,
            "fingerprinting": 0,
            "subdomains": [
                "resource"
            ],
            "apis": {},
            "sites": 2,
            "prevalence": 0.0000136,
            "cnames": [],
            "responseHashes": [
                "1350eeae2c98aa3a86560a815b8253aa174d510eeb05c00d01329bf4d89cabe1"
            ],
            "type": "Script",
            "firstPartyCookies": {},
            "firstPartyCookiesSent": {},
            "exampleSites": [
                "bluecompassrv.com",
                "www.bluecompassrv.com"
            ]
        },
        {
            "rule": "kenect\\.com\\/api\\/v1\\/widget\\/client-data\\/xXcJG8c3rDUhSbS8qgFe",
            "cookies": 0,
            "fingerprinting": 0,
            "subdomains": [
                "resource"
            ],
            "apis": {},
            "sites": 2,
            "prevalence": 0.0000136,
            "cnames": [],
            "responseHashes": [
                "ed033d12085ddaa8148a503060149811c6355658f24c115c0dab9bcabc0a2fa9"
            ],
            "type": "Script",
            "firstPartyCookies": {},
            "firstPartyCookiesSent": {},
            "exampleSites": [
                "cyclepartsnation.com",
                "www.hondapartsnation.com"
            ]
        },
        {
            "rule": "kenect\\.com\\/api\\/v1\\/widget\\/client-data\\/WP8jSQyTG2xIFW6UaCTvpa",
            "cookies": 0,
            "fingerprinting": 0,
            "subdomains": [
                "resource"
            ],
            "apis": {},
            "sites": 2,
            "prevalence": 0.0000136,
            "cnames": [],
            "responseHashes": [
                "c5243a343fc7542eb8e83ff28030a2990d2dc22b2279fcd54a99064018185deb"
            ],
            "type": "Script",
            "firstPartyCookies": {},
            "firstPartyCookiesSent": {},
            "exampleSites": [
                "pplmotorhomes.com",
                "www.pplmotorhomes.com"
            ]
        },
        {
            "rule": "kenect\\.com\\/api\\/v1\\/widget\\/client-data\\/GAJcDmJAP37TXXG4LwxzIR",
            "cookies": 0,
            "fingerprinting": 0,
            "subdomains": [
                "resource"
            ],
            "apis": {},
            "sites": 2,
            "prevalence": 0.0000136,
            "cnames": [],
            "responseHashes": [
                "f107ba285e3434c195a321d407631399b93e8eef7d961d6e7fefa1a060d798d0"
            ],
            "type": "Script",
            "firstPartyCookies": {},
            "firstPartyCookiesSent": {},
            "exampleSites": [
                "whitesfarmsupply.com",
                "www.whitesfarmsupply.com"
            ]
        }
    ],
    "categories": [],
    "performance": {},
    "cookies": 0,
    "topInitiators": [
        {
            "domain": "first party",
            "prevalence": 0.54
        },
        {
            "domain": "storage.googleapis.com",
            "prevalence": 0.38
        },
        {
            "domain": "cookielaw.org",
            "prevalence": 0.04
        },
        {
            "domain": "googletagmanager.com",