{
    "domain": "kiosked.com",
    "owner": {},
    "source": [
        "DuckDuckGo-US"
    ],
    "prevalence": 0.000422,
    "sites": 62,
    "subdomains": [
        "scripts",
        "events"
    ],
    "cnames": [],
    "fingerprinting": 2,
    "resources": [
        {
            "rule": "kiosked\\.com\\/loader\\/kiosked-loader\\.js",
            "cookies": 0.000191,
            "fingerprinting": 2,
            "subdomains": [
                "scripts"
            ],
            "apis": {
                "window.localStorage": 47,
                "window.sessionStorage": 47,
                "Navigator.prototype.appName": 47,
                "Navigator.prototype.userAgent": 47,
                "Date.prototype.getTime": 47,
                "Document.cookie getter": 47,
                "window.innerWidth": 37,
                "window.innerHeight": 36,
                "Navigator.prototype.platform": 36,
                "Navigator.prototype.cookieEnabled": 28,
                "Document.cookie setter": 28,
                "Navigator.prototype.doNotTrack": 28,
                "Navigator.prototype.language": 28,
                "Screen.prototype.width": 27,
                "Screen.prototype.height": 27,
                "Navigator.prototype.appVersion": 27,
                "Screen.prototype.orientation": 1
            },
            "sites": 48,
            "prevalence": 0.000327,
            "cnames": [],
            "responseHashes": [
                "05fdd1876ce240f3075ca8c3e125387bebfdeca53ea8920e7a7be819d775ea39",
                "9813987016a7513890092d968569b9b111c8bb5730bebe4ec80ce939e6cae9d3",
                "1cf1e258362ba3aa1cb8f156400b84bb4e4aba282853238eb7f8dcd3fc9bc453",
                "72e8da2592b1daeed1475052949edede309beedec5fd4ac853ef21ffeec62773",
                "edc6a9f7ce46d255b4dee225463be9c9d7775918961f278601991223ea7cde6e",
                "12534cb18039ed5f94e1cb9eb56a66899dcb614d36764d9fdfe0c73a8c31d059",
                "94a7a91128d0518ae91e27b91b960eae1439cec34f737bda4c6e0c90fd772978",
                "5cb38799c05af5a9d6a39be82abac14bd1a7bda8acc130bbf9e07a19c0e559e5",
                "9c251f97770580f5786dd12274e9bd9b08f4f39ae5ae5efb60b6d24e87a3886e",
                "bf97ca3110468e3399fd53e0a26e880599640cf7d76a848730f30e1e577c4e4c",
                "50b9a6094f02bd2cc2327ff97f944d50350c8f6b16876158b6e85db16640594c",
                "bd669ce2432421ddbe981c9498776014821560eb7fdba52ea71566218b362468",
                "1a17c19e1f0285fb93c8f2e6d0df2cde3495d6d4f4b7304fcbdabcd80a8ca517",
                "7d361d9f38369c1b8aa443610f344015e763f284de55b28e57bb27bb1400c56a",
                "629f2862954a23b761de9969cf5cb97b89c66a0a718e29e210a6c072ba8b666a",
                "ffabc4779e7d17a077c739500a9b87ca74149d9fff0a2e6458651c9bbcb95ead",
                "d2f7fe70c0a2f44808abacc171d53e86adc0bdd4df28ae7828f1e7bbc4d24db9",
                "e4c46d4e85834a7f36c2c33b1857868b21f82780f289ff44cb8a73a4ad104c55",
                "44bb93aa36e8f5e78f9d0a75a004cdd7e4a1b9350580708af82eb3071f25ffe7",
                "8ae80bedb7a6896f83aac44729307a26f8f913a46dc881f592d162446b06e4df",
                "2cc95c3f85f9a65b7b7303206e0f6d8f02c161796a48314924d87e0ee936b9ec",
                "f62450b4dd60256dd29bfe828a04120e388c16a5a6cb67db54cc586cb448c54c",
                "b93098b14685f26682160bc2e8f4a1a189d543fa1ba556e98127d618fbae3798",
                "ad385da194d86e3a6f3d4bbb094f56acbd9c08b9455508702da6b5f71e5772a5",
                "4f2f2567dc5ab2a2fdbaddd923d5d4296267d70af71932689e5d6a8cac4d5870",
                "506c799d36f0e7c3dc613122909eacba2e61eaf95b5315050318c0b2e87178ad",
                "08137eda33d2aab58214c13b4d7c75b0230beb85291c68f39c9cdd0149369ae6",
                "c5990c18da1e38702818a30afad037e3bf04d47ba4b661a93e5965c48221c780",
                "0b035a19d12661bfee4aab6ae48738261d90bad6c582a644f7590dec7eb85f95",
                "9b98f4bfc31e1a22d556a9dd06c443c1f6a9f8023bfdbe052384ae368e36d917",
                "ec9c45032d684bf75827ffcc38177c964d9b600ef2c1f1301f18c14aa3da31fd",
                "7d0d45876341ff38324baf6b4aa492e57c912f605fd8c7aa76732ff107f5454b",
                "ea99a86e8971b9e6c086e417cb31086b8763e98f66482a8769c45df1e35b1f21",
                "f37a56018aec899d81cb3781d346909af1be1e331ee798d1c56f47cb6ab6287b",
                "1bd009deae92198344a9f544a34820869b736d8fa729f8da0886ffa4c0cfd455",
                "9eed1ca5d8987ff942a9b7d231234856e5a85f78e01956670450b14fb6a48563",
                "11c6a572b78297fcf81295f1e08eecd95326a43c72ec60daa09d72014bee732e",
                "6247507cd3d5f3a6d880c34871e7c4fa13d2609bf7208447fd887c4518e56925",
                "40f77a41e63e7092fe5754a982fedbf86d4909577242d0241620f9da1d2e9682",
                "e9c88cde3454125e8f268629455721ab42055f1069debe1c0b0bf7706f2dbf9e",
                "69e07c7c8cac76301e092fa3f18a777842bd45c4f596e50a746f1c48022ea190",
                "eeab099783d54f7a4527500c8a99d141475aa1855e9420037a50a3b5d53442c0"
            ],
            "type": "Script",
            "firstPartyCookies": {
                "_pbjs_userid_consent_data": {
                    "ttl": 2592004,
                    "length": 16,
                    "prevalence": 0.00019073699412121335,
                    "uniqueness": 0.07142857142857142
                },
                "_sharedID": {
                    "ttl": 2592004,
                    "length": 36,
                    "prevalence": 0.00019073699412121335,
                    "uniqueness": 1
                }
            },
            "firstPartyCookiesSent": {},
            "exampleSites": [
                "www.fordfe.com",
                "www.milliyet.com.tr",
                "www.canuckaudiomart.com",
                "www.cnnturk.com",
                "www.audiworld.com",
                "chevroletforum.com",
                "www.mrfood.com",
                "www.bodyandsoul.com.au",
                "bigpara.hurriyet.com.tr",
                "www.ushistory.org",
                "www.neoseeker.com",
                "www.usaudiomart.com",
                "vetsbenefits.net",
                "www.allfreesewing.com",
                "honda-tech.com",
                "strategywiki.org",
                "nerdist.com",
                "olhardigital.com.br",
                "www.sunstar.com.ph",
                "www.animenewsnetwork.com"
            ]
        },
        {
            "rule": "kiosked\\.com\\/loader\\/kiosked-ad\\.js",
            "cookies": 0,
            "fingerprinting": 2,
            "subdomains": [
                "scripts"
            ],
            "apis": {
                "window.localStorage": 2,
                "window.sessionStorage": 2,
                "Navigator.prototype.appName": 2,
                "Navigator.prototype.userAgent": 2,
                "Date.prototype.getTime": 2,
                "Navigator.prototype.platform": 2,
                "window.innerWidth": 2,
                "window.innerHeight": 2
            },
            "sites": 2,
            "prevalence": 0.0000136,
            "cnames": [],
            "responseHashes": [
                "9eb5152f84c866dbeae4d28a7c8a2d7cefaa31402a3cee7bd9b8f1a89db3b106"
            ],
            "type": "Script",
            "firstPartyCookies": {},
            "firstPartyCookiesSent": {},
            "exampleSites": [
                "animanch.com",
                "cartermatt.com"
            ]
        },
        {
            "rule": "kiosked\\.com\\/u",
            "cookies": 0,
            "fingerprinting": 0,
            "subdomains": [
                "events"
            ],
            "apis": {},
            "sites": 3,
            "prevalence": 0.0000204,
            "cnames": [],
            "responseHashes": [
                "ac554a4ea8b34bbb80db013e14be195ebc986f82f24e5b18b0ea9032ef561f57"
            ],
            "type": "XHR",
            "firstPartyCookies": {},
            "firstPartyCookiesSent": {},