{
    "domain": "kiyala.uno",
    "owner": {},
    "source": [
        "DuckDuckGo-US"
    ],
    "prevalence": 0.000143,
    "sites": 21,
    "subdomains": [
        "cdn"
    ],
    "cnames": [],
    "fingerprinting": 2,
    "resources": [
        {
            "rule": "kiyala\\.uno\\/sdk\\/push_web\\/",
            "cookies": 0.0000954,
            "fingerprinting": 2,
            "subdomains": [
                "cdn"
            ],
            "apis": {
                "Navigator.prototype.userAgent": 14,
                "Intl.DateTimeFormat.prototype.resolvedOptions": 14,
                "Date.prototype.getTimezoneOffset": 14,
                "Document.cookie getter": 14,
                "Date.prototype.getTime": 14,
                "Document.cookie setter": 14,
                "window.innerHeight": 14,
                "window.innerWidth": 14,
                "window.devicePixelRatio": 14,
                "Navigator.prototype.appName": 14
            },
            "sites": 14,
            "prevalence": 0.0000954,
            "cnames": [],
            "responseHashes": [
                "e24037d21e6d28891bff61d7522b26f247898b278bf2e32f4286e2fea3643dcb",
                "b37be796b7be44a1671fd5f60dc10acebd3cef0e63f09908d97ee777e4efd13a"
            ],
            "type": "Script",
            "firstPartyCookies": {
                "rvt_inlpush_cnt_4715": {
                    "ttl": 86403,
                    "length": 1,
                    "prevalence": 0.00004768424853030334,
                    "uniqueness": 0.2857142857142857
                },
                "rvt_inlpush_max_4715": {
                    "ttl": 86402,
                    "length": 3,
                    "prevalence": 0.00004768424853030334,
                    "uniqueness": 0.14285714285714285
                },
                "rvt_inlpush_cnt_6239": {
                    "ttl": 86404,
                    "length": 1,
                    "prevalence": 0.00004087221302597429,
                    "uniqueness": 0.3333333333333333
                },
                "rvt_inlpush_max_6239": {
                    "ttl": 86403,
                    "length": 3,
                    "prevalence": 0.00004087221302597429,
                    "uniqueness": 0.16666666666666666
                },
                "rvt_inlpush_shown_6239": {
                    "ttl": 86404,
                    "length": 1,
                    "prevalence": 0.00003406017752164524,
                    "uniqueness": 0.4
                },
                "rvt_inlpush_shown_4715": {
                    "ttl": 86406,
                    "length": 1,
                    "prevalence": 0.000013624071008658098,
                    "uniqueness": 0.5
                }
            },
            "firstPartyCookiesSent": {},
            "exampleSites": [
                "bestialitysextaboo.net",
                "d0g.dog",
                "hamsterzoo.com",
                "videosdex.net",
                "www.bestialitygirls.com",
                "www.bestialitysextaboo.net",
                "www.myzoowife.com",
                "www.z00.world",
                "www.zoofilialovers.com",
                "www.zoofiliavids.com",
                "www.zooskoolvideos.com",
                "zoo.zone",
                "zoobeeg.net",
                "zoobonus.club"
            ]
        }
    ],
    "categories": [],
    "performance": {},
    "cookies": 0.000143,
    "topInitiators": [
        {
            "domain": "first party",
            "prevalence": 0.9523809523809523
        },
        {
            "domain": "zoo.zone",
            "prevalence": 0.047619047619047616
        }
    ],
    "types": {
        "Script": 14
    },
    "nameservers": [
        "dell.ns.cloudflare.com",
        "ray.ns.cloudflare.com"
    ]
}