{
    "domain": "klarnaservices.com",
    "owner": {
        "name": "Klarna Bank AB",
        "displayName": "Klarna Bank"
    },
    "source": [
        "DuckDuckGo-US"
    ],
    "prevalence": 0.00385,
    "sites": 565,
    "subdomains": [
        "eu-library",
        "na-library",
        "osm",
        "oc-library",
        "na-library.playground",
        "us-library",
        "eu-library.playground",
        "evt-na",
        "evt-eu",
        "osm-na"
    ],
    "cnames": [],
    "fingerprinting": 1,
    "resources": [
        {
            "rule": "klarnaservices\\.com\\/lib\\.js",
            "cookies": 0.00235,
            "fingerprinting": 1,
            "subdomains": [
                "eu-library",
                "na-library",
                "osm",
                "oc-library",
                "na-library.playground",
                "us-library",
                "eu-library.playground"
            ],
            "apis": {
                "Document.cookie setter": 345,
                "window.localStorage": 87,
                "Date.prototype.getTime": 6
            },
            "sites": 401,
            "prevalence": 0.00273,
            "cnames": [],
            "responseHashes": [
                "914d0464eec82afb8f6b5795727e69d0c58e5d122c6eaf27f0372e25daeff373",
                "6b11456ec6df093e72669d7fd83b201762302d2f7763d5e0fd22db9e5b9c1d3c",
                "64fbb0a50a0a6759f9d163c68c035d58ca856d27b8f66d0d213b8d34d12cff25",
                "f529dc6fe7b53722c7ba02c5a955404ea816392c1987b171382c327fe24dd000",
                "d73ec1088b926f3f956237625912a12c1c6c80bfb4056a444cf7cff79a3f522a",
                "13a7e1de6b1dd5d4869556b908e90c6b9777631eba4edb9ff42a4f8d53855a06",
                "2a39ae34b21209e8b2494077139fc03ac986b39ce62456aa8a3ecce36737eb8f",
                "b8f7a711de735ef38f5a686f1604c56db09006a05415d09d7343fb6e01c48b15",
                "d0aa824e34d5deea767d47b09df060f39c039a069985a262c5cfe184786e17ab",
                "eb93f812612413dd328c2116bc5cd160ea959e2fc0606c77a6d75d4c2eff21b5"
            ],
            "type": "Script",
            "firstPartyCookies": {},
            "firstPartyCookiesSent": {},
            "exampleSites": [
                "macys.com",
                "riflepaperco.com",
                "www.specialized.com",
                "getfreewrite.com",
                "us.amazfit.com",
                "www.electrolux.com",
                "www.goldbelly.com",
                "www.competitivecyclist.com",
                "help.corsair.com",
                "www.inov-8.com",
                "www.haertle.de",
                "ooni.com",
                "www.brooksbrothers.com",
                "www.witchery.com.au",
                "www.elon.se",
                "www.cobragolf.com",
                "www.office.co.uk",
                "www.robotshop.com",
                "www.loake.com",
                "www.accessorize.com"
            ]
        },
        {
            "rule": "klarnaservices\\.com\\/v1\\/osm-client-script\\/2\\.49\\.12\\/b",
            "cookies": 0,
            "fingerprinting": 0,
            "subdomains": [
                "evt-na",
                "evt-eu"
            ],
            "apis": {},
            "sites": 4,
            "prevalence": 0.0000272,
            "cnames": [],
            "responseHashes": [
                "e3b0c44298fc1c149afbf4c8996fb92427ae41e4649b934ca495991b7852b855"
            ],
            "type": "Ping",
            "firstPartyCookies": {},
            "firstPartyCookiesSent": {},
            "exampleSites": [
                "cheryls.com",
                "www.converse.com",
                "www.iittala.com",
                "www.rightchannelradios.com"
            ]
        },
        {
            "rule": "klarnaservices\\.com\\/v1\\/osm-client-script\\/2\\.49\\.12\\/aggr_b",
            "cookies": 0,
            "fingerprinting": 0,
            "subdomains": [
                "evt-na",
                "evt-eu"
            ],
            "apis": {},
            "sites": 4,
            "prevalence": 0.0000272,
            "cnames": [],
            "responseHashes": [
                "e3b0c44298fc1c149afbf4c8996fb92427ae41e4649b934ca495991b7852b855"
            ],
            "type": "Ping",
            "firstPartyCookies": {},
            "firstPartyCookiesSent": {},
            "exampleSites": [
                "cheryls.com",
                "www.converse.com",
                "www.iittala.com",
                "www.rightchannelradios.com"
            ]
        },
        {
            "rule": "klarnaservices\\.com\\/merchant\\.js",
            "cookies": 0,
            "fingerprinting": 1,
            "subdomains": [
                "us-library",
                "na-library"
            ],
            "apis": {
                "Date.prototype.getTime": 1
            },
            "sites": 9,
            "prevalence": 0.0000613,
            "cnames": [],
            "responseHashes": [
                "06eba50811b2666580670c2ee447b650eedd1b50134dcac4cfe641c104011959",
                "2cb940571e9dc1da46dee0aefd71889e5ebed4c03c936b2b650027380d3459d7",
                "9051f8d8605098ee0b9cde728a331cec35b06cf9b92cb4f82b4b781348938cc2"
            ],
            "type": "Script",
            "firstPartyCookies": {},
            "firstPartyCookiesSent": {},
            "exampleSites": [
                "fiddlershop.com",
                "mysaunaworld.com",
                "onewheel.com",
                "readymaderesources.com",
                "standardandstrange.com",
                "www.apc-us.com",
                "www.ironheartamerica.com",
                "www.performance-pcs.com",
                "www.stormykromer.com"
            ]
        },
        {
            "rule": "klarnaservices\\.com\\/v1\\/osm-client-script\\/2\\.49\\.8\\/b",
            "cookies": 0,
            "fingerprinting": 0,
            "subdomains": [
                "evt-eu",
                "evt-na"
            ],
            "apis": {},
            "sites": 2,
            "prevalence": 0.0000136,
            "cnames": [],
            "responseHashes": [
                "e3b0c44298fc1c149afbf4c8996fb92427ae41e4649b934ca495991b7852b855"
            ],
            "type": "Ping",
            "firstPartyCookies": {},
            "firstPartyCookiesSent": {},
            "exampleSites": [
                "ultralightoutdoorgear.co.uk",
                "www.neutrogena.com"
            ]
        },
        {
            "rule": "klarnaservices\\.com\\/v1\\/osm-client-script\\/2\\.49\\.8\\/aggr_b",
            "cookies": 0,
            "fingerprinting": 0,
            "subdomains": [
                "evt-eu",
                "evt-na"
            ],
            "apis": {},
            "sites": 2,
            "prevalence": 0.0000136,
            "cnames": [],
            "responseHashes": [
                "e3b0c44298fc1c149afbf4c8996fb92427ae41e4649b934ca495991b7852b855"
            ],
            "type": "Ping",
            "firstPartyCookies": {},
            "firstPartyCookiesSent": {},
            "exampleSites": [
                "ultralightoutdoorgear.co.uk",
                "www.neutrogena.com"
            ]
        },
        {
            "rule": "klarnaservices\\.com\\/v1\\/osm-client-script\\/2\\.49\\.7\\/b",
            "cookies": 0,
            "fingerprinting": 0,
            "subdomains": [
                "evt-eu",
                "evt-na"
            ],
            "apis": {},
            "sites": 2,
            "prevalence": 0.0000136,
            "cnames": [],
            "responseHashes": [
                "e3b0c44298fc1c149afbf4c8996fb92427ae41e4649b934ca495991b7852b855"
            ],
            "type": "Ping",
            "firstPartyCookies": {},
            "firstPartyCookiesSent": {},