{
    "domain": "korfo.org",
    "owner": {},
    "source": [
        "DuckDuckGo-US"
    ],
    "prevalence": 0.000123,
    "sites": 18,
    "subdomains": [],
    "cnames": [],
    "fingerprinting": 0,
    "resources": [
        {
            "rule": "korfo\\.org\\/vu\\/us\\/",
            "cookies": 0,
            "fingerprinting": 0,
            "subdomains": [],
            "apis": {},
            "sites": 14,
            "prevalence": 0.0000954,
            "cnames": [],
            "responseHashes": [
                "e69258f62724b0f539bdb5a44fff63d77eb46ed8d84ffba2ab2b28127f331e4d",
                "12fdc27edd409de12cd1802e6935e8acccbf4250d84703107d02c5ff9d7f71ff",
                "619e1d89bdfac01afa0373b7af712cd6fd5fd4ce9a7f9a070ef9ab222a384312",
                "ed39b0f972994ed41cc003981ab02e310c81515958e17e515c01e79ec64884ac",
                "f7db0ea4efe696ac1497d5974806f51002d6c230f51e813e87b5d0456d221bb2",
                "c981f5ebfe583d54368bcf9766218c4be7f839ada40e42f35b12073f95ca625b",
                "33b8e8f6fe97c00b08ed8b0f40213dcfd6e5bd69abee411fe02bf1a7f100fd1d",
                "4702b95ea26fcd9b9b61456c82fff559cb4bd42fc98242951545668050054aa6",
                "f8e489e0450196d27aa7fe85422588871c3b3666dad9b1ec336a696104b7fc1c",
                "50f406aed2470c481cdee894391c2cfe8e66f3e1075fe1ad6731b5e5ee16c24a",
                "8e403ae474b22373f8d5d7a992c0db580fa734d86ea0de91a4ebe8d073d4ba37",
                "b2429d07fd3d8e74fe41d7dec591dd13bc942fd00a84425fd127aa2a458f177a",
                "3c8102f00fda512db3edf2a69519bd806626b0db6e1698f6a212b8d65aa5886a"
            ],
            "type": "Document",
            "firstPartyCookies": {},
            "firstPartyCookiesSent": {},
            "exampleSites": [
                "bartleylawoffice.com",
                "ewn.co.za",
                "luun.ru",
                "me.ign.com",
                "newsable.asianetnews.com",
                "photogallery.indiatimes.com",
                "teliahelp.com",
                "www.cnnphilippines.com",
                "www.gumtree.co.za",
                "www.nigella.com",
                "www.noise11.com",
                "www.thesouthafrican.com",
                "www.todayonline.com",
                "xcelebs.ru"
            ]
        },
        {
            "rule": "korfo\\.org\\/vu\\/krug\\.gif",
            "cookies": 0,
            "fingerprinting": 0,
            "subdomains": [],
            "apis": {},
            "sites": 2,
            "prevalence": 0.0000136,
            "cnames": [],
            "responseHashes": [
                "6d4cef7842ef19f15ba1256fb848e649af2e32ef9ffa066ba29d4373f5ece8d8"
            ],
            "type": "Image",
            "firstPartyCookies": {},
            "firstPartyCookiesSent": {},
            "exampleSites": [
                "indiatimes.com",
                "www.noise11.com"
            ]
        }
    ],
    "categories": [],
    "performance": {},
    "cookies": 0,
    "topInitiators": [
        {
            "domain": "a11ybar.com",
            "prevalence": 0.8
        },
        {
            "domain": "geoedge.be",
            "prevalence": 0.15
        },
        {
            "domain": "first party",
            "prevalence": 0.05
        }
    ],
    "types": {
        "Document": 14,
        "Image": 2
    },
    "nameservers": [
        "dns2.yandex.net",
        "dns1.yandex.net"
    ]
}