{
    "domain": "leadoo.com",
    "owner": {},
    "source": [
        "DuckDuckGo-US"
    ],
    "prevalence": 0.0000681,
    "sites": 10,
    "subdomains": [
        "bot",
        "v1.bot",
        "anl",
        "res"
    ],
    "cnames": [],
    "fingerprinting": 2,
    "resources": [
        {
            "rule": "leadoo\\.com\\/i\\/al\\/lanlt\\.js",
            "cookies": 0,
            "fingerprinting": 2,
            "subdomains": [
                "bot",
                "v1.bot"
            ],
            "apis": {
                "window.localStorage": 10,
                "Date.prototype.getTime": 10,
                "window.sessionStorage": 9,
                "Navigator.prototype.userAgent": 4,
                "Navigator.prototype.vendor": 4,
                "Navigator.prototype.platform": 4,
                "Navigator.prototype.product": 4,
                "Navigator.prototype.language": 4,
                "Navigator.prototype.plugins": 4,
                "Navigator.prototype.cookieEnabled": 4,
                "Screen.prototype.height": 4,
                "Screen.prototype.width": 4,
                "window.devicePixelRatio": 4
            },
            "sites": 10,
            "prevalence": 0.0000681,
            "cnames": [],
            "responseHashes": [
                "024e07754a0c244f2374f03cafbe14a3b6fbddf42b3ebe8ba110e9a86afa528d",
                "8a87126525818a0f230333a97b93b68f2505b92c0bd0923e72dc0aae9e2a0f89",
                "123e1283f2131bcb715c3fb76da9622dc1c045ba7d4fdc7f7b5cb7acfa183b47",
                "62f880404b81f8417095d7a57275186d6264df9b59c22760b167ee70cd11a05a",
                "b8004d6209cba0f8895a90218d5ba627904bde55c94d76c3f48b9bd6de9dc220",
                "158f3e7aaf9c4e0eb38c2ab8c25fb97318c9cee334c7e2cf68968eb9e30485b4",
                "ede923dc5c087287c9350181662e736fd005b0fda326936922954d63deeec378",
                "74348f249da910b5474476adcc7d312441b783c1e4a0ff1529a46de33923e35a",
                "1ec4d64e57c6d3a89429a60facfbac9bdc4f0e1ef427ed1340119021011e1a8c"
            ],
            "type": "Script",
            "firstPartyCookies": {},
            "firstPartyCookiesSent": {},
            "exampleSites": [
                "bmigroup.com",
                "www.buildium.com",
                "www.familjensjurist.se",
                "www.hsl.fi",
                "www.sgs.com",
                "www.tuontitukku.fi",
                "www.universal-robots.com",
                "www.valamis.com",
                "www.valmet.com",
                "www.verifone.com"
            ]
        },
        {
            "rule": "leadoo\\.com\\/bot\\/dynamic\\/chat\\.js",
            "cookies": 0,
            "fingerprinting": 1,
            "subdomains": [
                "bot",
                "v1.bot"
            ],
            "apis": {
                "window.localStorage": 5,
                "Navigator.prototype.userAgent": 5
            },
            "sites": 6,
            "prevalence": 0.0000409,
            "cnames": [],
            "responseHashes": [
                "43a8cdd630486ff6723aa2dc4ea0f29958be6abc23688bec93a514527b61b958"
            ],
            "type": "Script",
            "firstPartyCookies": {},
            "firstPartyCookiesSent": {},
            "exampleSites": [
                "bmigroup.com",
                "www.bmigroup.com",
                "www.familjensjurist.se",
                "www.sgs.com",
                "www.tuontitukku.fi",
                "www.valmet.com"
            ]
        },
        {
            "rule": "leadoo\\.com\\/bot\\/dynamic\\.js",
            "cookies": 0,
            "fingerprinting": 1,
            "subdomains": [
                "v1.bot",
                "bot"
            ],
            "apis": {
                "window.localStorage": 4,
                "Navigator.prototype.userAgent": 4
            },
            "sites": 9,
            "prevalence": 0.0000613,
            "cnames": [],
            "responseHashes": [
                "90f5c1388484e859a0ba320f0fb9d9bbde6b156d55cbff4d000e70b2bfc36c7c",
                "701f3959c39ef2495aa91bf85bb02f0422b2ee8649bfaa11d74fbc1e694afb4a",
                "43a8cdd630486ff6723aa2dc4ea0f29958be6abc23688bec93a514527b61b958",
                "dea4eb9468f8cf2480a7c326a371169cdc0a55b109cdefd858f5a02b56613a70",
                "e8cee525e0608c6681157e556c4faa0cacbf0f9382a8c17a942dfad7002f1080",
                "fc9555e04832732dae19ee10288e9296bbc0503e55a0a17eb987e52ad1f82834"
            ],
            "type": "Script",
            "firstPartyCookies": {},
            "firstPartyCookiesSent": {},
            "exampleSites": [
                "bmigroup.com",
                "www.buildium.com",
                "www.familjensjurist.se",
                "www.hsl.fi",
                "www.sgs.com",
                "www.tuontitukku.fi",
                "www.universal-robots.com",
                "www.valamis.com",
                "www.valmet.com"
            ]
        },
        {
            "rule": "leadoo\\.com\\/idn\\/company\\/",
            "cookies": 0,
            "fingerprinting": 0,
            "subdomains": [
                "anl"
            ],
            "apis": {},
            "sites": 5,
            "prevalence": 0.0000341,
            "cnames": [],
            "responseHashes": [
                "3d23d39a30bb7323f8ccfd64c52cf286138fba4f83e78f7edcf66703b7c23aaa"
            ],
            "type": "XHR",
            "firstPartyCookies": {},
            "firstPartyCookiesSent": {},
            "exampleSites": [
                "bmigroup.com",
                "www.buildium.com",
                "www.familjensjurist.se",
                "www.universal-robots.com",
                "www.valamis.com"
            ]
        },
        {
            "rule": "leadoo\\.com\\/bot\\/dynamic\\/resolve",
            "cookies": 0,
            "fingerprinting": 0,
            "subdomains": [
                "v1.bot"
            ],
            "apis": {},
            "sites": 9,
            "prevalence": 0.0000613,
            "cnames": [],
            "responseHashes": [
                "5021e624e752b001ce3e3846e8f158ed4aeb93a4c9a72fdb35a0c5b14a0eea84",
                "952505616d8c0fffd5fd3df97f691a9f0a963d95549228d3e57cac65b6f6341a",
                "2bbf25bee012ebd8f10951b2210353f61cacd453ba95099d20cc6a1e02d6b4e0",
                "fa01073ab67bec4dc9d7f3e159d4c3512fab5ca845995b5cfc991335edba0daa",
                "be74a480d721ac90c33630104778360c5f426c140a07328370ac6de34e483430"
            ],
            "type": "XHR",
            "firstPartyCookies": {},
            "firstPartyCookiesSent": {},
            "exampleSites": [
                "bmigroup.com",
                "www.buildium.com",
                "www.familjensjurist.se",
                "www.hsl.fi",
                "www.sgs.com",
                "www.tuontitukku.fi",
                "www.universal-robots.com",
                "www.valamis.com",
                "www.valmet.com"
            ]
        },
        {
            "rule": "leadoo\\.com\\/bot\\/dynamic\\/resolve",
            "cookies": 0,
            "fingerprinting": 0,
            "subdomains": [
                "v1.bot"
            ],
            "apis": {},
            "sites": 9,
            "prevalence": 0.0000613,
            "cnames": [],
            "responseHashes": [],
            "type": "Preflight",
            "firstPartyCookies": {},
            "firstPartyCookiesSent": {},
            "exampleSites": [
                "bmigroup.com",
                "www.buildium.com",
                "www.familjensjurist.se",
                "www.hsl.fi",
                "www.sgs.com",
                "www.tuontitukku.fi",
                "www.universal-robots.com",
                "www.valamis.com",
                "www.valmet.com"
            ]
        },
        {
            "rule": "leadoo\\.com\\/idn\\/",
            "cookies": 0,
            "fingerprinting": 0,