{
    "domain": "leadintel.io",
    "owner": {},
    "source": [
        "DuckDuckGo-US"
    ],
    "prevalence": 0.000204,
    "sites": 30,
    "subdomains": [],
    "cnames": [],
    "fingerprinting": 1,
    "resources": [
        {
            "rule": "leadintel\\.io\\/login-check",
            "cookies": 0,
            "fingerprinting": 1,
            "subdomains": [],
            "apis": {
                "Document.cookie getter": 3
            },
            "sites": 19,
            "prevalence": 0.000129,
            "cnames": [],
            "responseHashes": [
                "2beb9f379e472ae38eaa6ff3715d1e8bedd9dcf00e7cf40f88c88e03cf38c022",
                "d600dd343d523908392205243c52f8cf2b09e75995a58aa265ee8009a7238506",
                "710b379ace0dc08700ba0f35e7f201218a8cb279fb2b24c1ab2bc4655be92130",
                "92405b708e5bb0164e5423c763a1739964d8ac9ee51da38d2e45c389d4d9698b",
                "6050860e23f678b12cafdb6d965cf465828197fbc095e4b114aa375aa7bf202c",
                "599e09a7b07d32059a3ad5c68fcf86171a253e1aa3a5faefa4f75fa7cdf553a6",
                "457a2bdd9e69ee6667648e07f861a9db2c1c2a339b917e4006a7126292ab8c81",
                "f0a81026cce579dd5a249ac446a7e560e9e8a9cac6fc763f313f77301fa8f939",
                "30ec2f25aae0e5269138015b64b7c6e152ded02410bde93bdc21290ed024e89b",
                "47952436c13b5872c8840a88a829029da048aeea01588390f3a88d71a63197f2"
            ],
            "type": "Script",
            "firstPartyCookies": {},
            "firstPartyCookiesSent": {
                "cookies.js_dtest": 0.00007493239054761953,
                "parsely_uuid": 0.00007493239054761953,
                "dnsDisplayed": 0.00004087221302597429,
                "signedLspa": 0.00004087221302597429
            },
            "exampleSites": [
                "horseandhound.co.uk",
                "forums.horseandhound.co.uk",
                "forums.ybw.com",
                "www.avnetwork.com",
                "www.countrylife.co.uk",
                "www.decanter.com",
                "www.homebuilding.co.uk",
                "www.horseandhound.co.uk",
                "www.mbr.co.uk",
                "www.mby.com",
                "www.mixonline.com",
                "www.nexttv.com",
                "www.pbo.co.uk",
                "www.rugbyworld.com",
                "www.techlearning.com",
                "www.tvtechnology.com",
                "www.whathifi.com",
                "www.yachtingmonthly.com",
                "www.yachtingworld.com"
            ]
        },
        {
            "rule": "leadintel\\.io\\/track",
            "cookies": 0.000129,
            "fingerprinting": 0,
            "subdomains": [],
            "apis": {},
            "sites": 19,
            "prevalence": 0.000129,
            "cnames": [],
            "responseHashes": [
                "990f264e7d3fc7c7b0bce7fb089d618d055008e6f05b0e0900a67a1ba95771a5",
                "5417fd1166774df88ff0c92a55bc8fe1edb1a34a350799a0c6a01138a90f832e",
                "d50cadb94e6aec08a9e5273765e2000dededd77585651936ca73f6c17789803a",
                "65cd1971f8d02983c372bcd74cd5de887122279600c0bad949ca576f8756054f",
                "6d0aae6e80f64179967ee8dc04443dc317d7e3582fddba0718b351082e50211d",
                "d70b025f47ca3f4c3ddf2d8efb908408d86ec3cffd7080fe08444609c057f350",
                "4c495c6f01ae8563de574e17b587d5a4ed1d1cbaacf84a7e46c24ab70a743aad",
                "de5d3d6d4e02e0e1db5031b3bd2f5a310069fdbccb0c60016f0627458249bbfc",
                "db350f1cb5d31cccef9e4120a6e651cb225fcfd7c63cd8c0d140b22346757e81",
                "cd82050d7d02ff4a715f1a6648818b487904b32538f9da3660e3027f1d7926ed",
                "8031b8c4efebc4ed8d5647221a21568a670b5c4d04383bd62095f4b4899430c7",
                "a10f83197b44d0e8b79dd96789d1483854e914ece5d86a9bb3e83416f0a65d0c",
                "7ac07aaa54e7937859979056ad0f36a6bbeb134716e55c615e7858e7d36bf04a",
                "3f2184864e13c55007318cd611c508c21b61b74812076cc3b0ab54e19ff1d04e",
                "a6d74761f7dff73e102fcba8f7ffe1046de06287f84d3660b3587d401a326a8d",
                "82d64de20edc737456d98bdde38a186cc2fad09fe44644073654ad2d0d3670ad",
                "d7270ad874b0ac752857705411e760eecd91e46de4fb11c3d2178491ad2f97e6",
                "cb2ffe8f367ea514fe2f0abfa042563e1b1c22f39aa78ba6bffe4aa61221b26b"
            ],
            "type": "Script",
            "firstPartyCookies": {},
            "firstPartyCookiesSent": {
                "cookies.js_dtest": 0.00007493239054761953,
                "parsely_uuid": 0.00007493239054761953,
                "dnsDisplayed": 0.00004087221302597429,
                "signedLspa": 0.00004087221302597429,
                "__pid": 0.000013624071008658098,
                "_li_dcdm_c": 0.000013624071008658098,
                "_cats": 0.000006812035504329049
            },
            "exampleSites": [
                "horseandhound.co.uk",
                "forums.horseandhound.co.uk",
                "forums.ybw.com",
                "www.avnetwork.com",
                "www.countrylife.co.uk",
                "www.decanter.com",
                "www.homebuilding.co.uk",
                "www.horseandhound.co.uk",
                "www.mbr.co.uk",
                "www.mby.com",
                "www.mixonline.com",
                "www.nexttv.com",
                "www.pbo.co.uk",
                "www.rugbyworld.com",
                "www.techlearning.com",
                "www.tvtechnology.com",
                "www.whathifi.com",
                "www.yachtingmonthly.com",
                "www.yachtingworld.com"
            ]
        },
        {
            "rule": "leadintel\\.io\\/li\\/event",
            "cookies": 0,
            "fingerprinting": 0,
            "subdomains": [],
            "apis": {},
            "sites": 2,
            "prevalence": 0.0000136,
            "cnames": [],
            "responseHashes": [
                "1866961a029c65376fefb7f2ba1e6187e09ff50ea58d97dedfd72c197947d002"
            ],
            "type": "Image",
            "firstPartyCookies": {},
            "firstPartyCookiesSent": {
                "cookies.js_dtest": 0.000006812035504329049,
                "parsely_uuid": 0.000006812035504329049
            },
            "exampleSites": [
                "countrylife.co.uk",
                "www.countrylife.co.uk"
            ]
        }
    ],
    "categories": [],
    "performance": {},
    "cookies": 0.000204,
    "topInitiators": [
        {
            "domain": "d39ion77s0ucuz.cloudfront.net",
            "prevalence": 0.8461538461538461
        },
        {
            "domain": "d4el4parm0zb3.cloudfront.net",
            "prevalence": 0.12307692307692308
        },
        {
            "domain": "script.ac",
            "prevalence": 0.03076923076923077
        }
    ],
    "types": {
        "Script": 38,
        "Image": 2
    },
    "nameservers": [
        "ns-1841.awsdns-38.co.uk",
        "ns-1508.awsdns-60.org",
        "ns-887.awsdns-46.net",
        "ns-31.awsdns-03.com"
    ]
}