{
    "domain": "lebuxe.xyz",
    "owner": {},
    "source": [
        "DuckDuckGo-US"
    ],
    "prevalence": 0.0000477,
    "sites": 7,
    "subdomains": [
        "cdn"
    ],
    "cnames": [],
    "fingerprinting": 2,
    "resources": [
        {
            "rule": "lebuxe\\.xyz\\/sdk\\/push_web\\/",
            "cookies": 0.0000477,
            "fingerprinting": 2,
            "subdomains": [
                "cdn"
            ],
            "apis": {
                "Navigator.prototype.userAgent": 7,
                "Intl.DateTimeFormat.prototype.resolvedOptions": 7,
                "Date.prototype.getTimezoneOffset": 7,
                "Document.cookie getter": 7,
                "Date.prototype.getTime": 7,
                "Document.cookie setter": 7,
                "window.innerHeight": 5,
                "window.innerWidth": 5,
                "window.devicePixelRatio": 5,
                "Navigator.prototype.appName": 7
            },
            "sites": 7,
            "prevalence": 0.0000477,
            "cnames": [],
            "responseHashes": [
                "cbdf4be8978719c28f6eda02689f4711dd000c16c44473eacc4e6052515c7aa9",
                "7395788b0cde776327e67548742da83091880f9ff10bd838e13967f107147f0b",
                "f6a292fe6e4e4350132afdeedf31cb537027285be01e2b00112dd8210b35580e",
                "e5c5955df664bde8ff0e483ae03b69875c82b45e3a0fee4e590635b85f9fca7d",
                "129bfeb23937b04b248c947ce5bfba35061044e7e38fd2d4ef5f5469b01a0d2f"
            ],
            "type": "Script",
            "firstPartyCookies": {
                "rvt_inlpush_cnt_4607": {
                    "ttl": 86403,
                    "length": 1,
                    "prevalence": 0.000006812035504329049,
                    "uniqueness": 1
                },
                "rvt_inlpush_max_4607": {
                    "ttl": 86402,
                    "length": 2,
                    "prevalence": 0.000006812035504329049,
                    "uniqueness": 1
                },
                "rvt_inlpush_shown_4607": {
                    "ttl": 86404,
                    "length": 1,
                    "prevalence": 0.000006812035504329049,
                    "uniqueness": 1
                },
                "rvt_inlpush_cnt_5079": {
                    "ttl": 86404,
                    "length": 1,
                    "prevalence": 0.000006812035504329049,
                    "uniqueness": 1
                },
                "rvt_inlpush_max_5079": {
                    "ttl": 86404,
                    "length": 3,
                    "prevalence": 0.000006812035504329049,
                    "uniqueness": 1
                },
                "rvt_inlpush_shown_5079": {
                    "ttl": 86406,
                    "length": 1,
                    "prevalence": 0.000006812035504329049,
                    "uniqueness": 1
                },
                "rvt_inlpush_cnt_4846": {
                    "ttl": 86403,
                    "length": 1,
                    "prevalence": 0.000006812035504329049,
                    "uniqueness": 1
                },
                "rvt_inlpush_max_4846": {
                    "ttl": 86403,
                    "length": 3,
                    "prevalence": 0.000006812035504329049,
                    "uniqueness": 1
                },
                "rvt_inlpush_shown_4846": {
                    "ttl": 86405,
                    "length": 1,
                    "prevalence": 0.000006812035504329049,
                    "uniqueness": 1
                },
                "rvt_inlpush_cnt_5040": {
                    "ttl": 86402,
                    "length": 1,
                    "prevalence": 0.000006812035504329049,
                    "uniqueness": 1
                },
                "rvt_inlpush_max_5040": {
                    "ttl": 86401,
                    "length": 3,
                    "prevalence": 0.000006812035504329049,
                    "uniqueness": 1
                },
                "rvt_inlpush_shown_5040": {
                    "ttl": 86404,
                    "length": 1,
                    "prevalence": 0.000006812035504329049,
                    "uniqueness": 1
                },
                "rvt_inlpush_cnt_5045": {
                    "ttl": 86406,
                    "length": 1,
                    "prevalence": 0.000013624071008658098,
                    "uniqueness": 0.5
                },
                "rvt_inlpush_shown_5045": {
                    "ttl": 86407,
                    "length": 1,
                    "prevalence": 0.000013624071008658098,
                    "uniqueness": 0.5
                },
                "rvt_inlpush_cnt_6606": {
                    "ttl": 86405,
                    "length": 1,
                    "prevalence": 0.000006812035504329049,
                    "uniqueness": 1
                },
                "rvt_inlpush_max_6606": {
                    "ttl": 86404,
                    "length": 3,
                    "prevalence": 0.000006812035504329049,
                    "uniqueness": 1
                },
                "rvt_inlpush_shown_6606": {
                    "ttl": 86405,
                    "length": 1,
                    "prevalence": 0.000006812035504329049,
                    "uniqueness": 1
                }
            },
            "firstPartyCookiesSent": {},
            "exampleSites": [
                "bhabhixxx.pro",
                "desi-xxx.pro",
                "the-moms.com",
                "tubepornyoung.com",
                "x-n-x-x.pro",
                "x-xx.pro",
                "xnxx-xxx.pro"
            ]
        }
    ],
    "categories": [],
    "performance": {},
    "cookies": 0.0000477,
    "topInitiators": [
        {
            "domain": "first party",
            "prevalence": 1
        }
    ],
    "types": {
        "Script": 7
    },
    "nameservers": [
        "ray.ns.cloudflare.com",
        "dell.ns.cloudflare.com"
    ]
}