{
    "domain": "likeshop.me",
    "owner": {},
    "source": [
        "DuckDuckGo-US"
    ],
    "prevalence": 0.000143,
    "sites": 21,
    "subdomains": [
        "api"
    ],
    "cnames": [],
    "fingerprinting": 0,
    "resources": [
        {
            "rule": "likeshop\\.me\\/gallery-more",
            "cookies": 0,
            "fingerprinting": 0,
            "subdomains": [
                "api"
            ],
            "apis": {},
            "sites": 17,
            "prevalence": 0.000116,
            "cnames": [],
            "responseHashes": [
                "636171e39b4285da86dd46bd3374c5573e2329e69476b1d22977142dc0e0217a",
                "70dc51a5dca27dee2c59eb1d215c735866a7330fd0ff1a650e24e3f00afa2d39",
                "170dd4700a30289c48bef6db1e1d8f7ee60a42fa73db136ac6504f0cab887fbb",
                "1d13319d00b6f18cd754043d9063d9cf3b60a553eec31775048ee7dca840b664",
                "746832287354063ae6ef7e226ee74add143508c05cfacf83ebdde1820e11b117",
                "e5d65d023402766bbd5d7c1cd6d14a170b269c3bf44a250cbf1a73220ebfbeca",
                "95ce925a12070faf565b1065eaa91089b6c8d8ce9d09fe3be5d013372321ea0f",
                "bcd8d80ce65f8bce02bfdf5f5f18fa73cd1379f0e9ec5b4fc1c6c6ea0863d7b7",
                "19d1455c861c51c86f57fac9eefdfd1e105b518a6453436e3e7ba6d577e85a5e",
                "71899ffbdcd18bf5bcecd905aa650986fc318593107603a4a71265433efc2f6a",
                "e40c5880881004a6f93a18365362717ab3618c988b74ae96a55db4899eab12a4",
                "035b9567f75b4b0260e0dbf92e16d8110143ef5d022c7525ce0310fa5898bc36",
                "44ad2ca884357e9b330253b2f152811ada5673033fadc250655c0e48b1be5a8a",
                "d13b7bdffd62b62df8952245417982f7d5f5cd466a773447cfb101a675698f14",
                "e2abaf8db64cac087c1a0c11003dc6f0dba0ac565ccdf14ae344f27d22ea26ba"
            ],
            "type": "XHR",
            "firstPartyCookies": {},
            "firstPartyCookiesSent": {},
            "exampleSites": [
                "cottonon.com",
                "fahertybrand.com",
                "fleurdumal.com",
                "patricianashdesigns.com",
                "soldejaneiro.com",
                "starkcarpet.com",
                "us.davines.com",
                "victoriassecret.com",
                "www.bareminerals.com",
                "www.bellacanvas.com",
                "www.jcrew.com",
                "www.lauramercier.com",
                "www.luluandgeorgia.com",
                "www.nowfoods.com",
                "www.thibautdesign.com",
                "www.vicicollection.com",
                "www.victoriassecret.com"
            ]
        },
        {
            "rule": "likeshop\\.me\\/static\\/img\\/previous\\.png",
            "cookies": 0,
            "fingerprinting": 0,
            "subdomains": [],
            "apis": {},
            "sites": 14,
            "prevalence": 0.0000954,
            "cnames": [],
            "responseHashes": [
                "e8235390796d01f5f7a4aadaee912774f4321335280303e5d264380c68cf158e"
            ],
            "type": "Image",
            "firstPartyCookies": {},
            "firstPartyCookiesSent": {},
            "exampleSites": [
                "cottonon.com",
                "fleurdumal.com",
                "patricianashdesigns.com",
                "soldejaneiro.com",
                "starkcarpet.com",
                "us.davines.com",
                "victoriassecret.com",
                "www.bareminerals.com",
                "www.brilliantearth.com",
                "www.jcrew.com",
                "www.lauramercier.com",
                "www.luluandgeorgia.com",
                "www.thibautdesign.com",
                "www.victoriassecret.com"
            ]
        },
        {
            "rule": "likeshop\\.me\\/static\\/img\\/loading\\.gif",
            "cookies": 0,
            "fingerprinting": 0,
            "subdomains": [],
            "apis": {},
            "sites": 17,
            "prevalence": 0.000116,
            "cnames": [],
            "responseHashes": [
                "efff2e04103445d18167838a811b8422d9d673a065beafe04a17fcade0e0543c"
            ],
            "type": "Image",
            "firstPartyCookies": {},
            "firstPartyCookiesSent": {},
            "exampleSites": [
                "cottonon.com",
                "fahertybrand.com",
                "fleurdumal.com",
                "patricianashdesigns.com",
                "soldejaneiro.com",
                "starkcarpet.com",
                "us.davines.com",
                "victoriassecret.com",
                "www.bareminerals.com",
                "www.bellacanvas.com",
                "www.brilliantearth.com",
                "www.jcrew.com",
                "www.lauramercier.com",
                "www.luluandgeorgia.com",
                "www.thibautdesign.com",
                "www.vicicollection.com",
                "www.victoriassecret.com"
            ]
        },
        {
            "rule": "likeshop\\.me\\/static\\/img\\/next\\.png",
            "cookies": 0,
            "fingerprinting": 0,
            "subdomains": [],
            "apis": {},
            "sites": 14,
            "prevalence": 0.0000954,
            "cnames": [],
            "responseHashes": [
                "5135e6b5a7c2e47965a43494e1520efb560d05f3d7cc2815027f4f1c4c53bb27"
            ],
            "type": "Image",
            "firstPartyCookies": {},
            "firstPartyCookiesSent": {},
            "exampleSites": [
                "cottonon.com",
                "fleurdumal.com",
                "patricianashdesigns.com",
                "soldejaneiro.com",
                "starkcarpet.com",
                "us.davines.com",
                "victoriassecret.com",
                "www.bareminerals.com",
                "www.brilliantearth.com",
                "www.jcrew.com",
                "www.lauramercier.com",
                "www.luluandgeorgia.com",
                "www.thibautdesign.com",
                "www.victoriassecret.com"
            ]
        },
        {
            "rule": "likeshop\\.me\\/static\\/img\\/video\\.svg",
            "cookies": 0,
            "fingerprinting": 0,
            "subdomains": [],
            "apis": {},
            "sites": 16,
            "prevalence": 0.000109,
            "cnames": [],
            "responseHashes": [
                "e3504c807f51686b43bb03510c35d9b884410ec42ff6f7f8107f11776b896643"
            ],
            "type": "Image",
            "firstPartyCookies": {},
            "firstPartyCookiesSent": {},
            "exampleSites": [
                "cottonon.com",
                "fahertybrand.com",
                "fleurdumal.com",
                "patricianashdesigns.com",
                "shopthemint.com",
                "soldejaneiro.com",
                "starkcarpet.com",
                "us.davines.com",
                "victoriassecret.com",
                "www.bareminerals.com",
                "www.bellacanvas.com",
                "www.brilliantearth.com",
                "www.jcrew.com",
                "www.lauramercier.com",
                "www.primalkitchen.com",
                "www.victoriassecret.com"
            ]
        },
        {
            "rule": "likeshop\\.me\\/likeshop-more",
            "cookies": 0,
            "fingerprinting": 0,
            "subdomains": [
                "api"
            ],
            "apis": {},
            "sites": 3,
            "prevalence": 0.0000204,
            "cnames": [],
            "responseHashes": [
                "169dd0866953a30092c8453ca0ee837b816e60a7674738361e67b51ce93abe25",
                "04a95cb37239dff2eba670a796ca33b0d079353ab15ffd5535d7e0466037ab6b"
            ],
            "type": "XHR",
            "firstPartyCookies": {},
            "firstPartyCookiesSent": {},