{
    "domain": "listtrac.com",
    "owner": {},
    "source": [
        "DuckDuckGo-US"
    ],
    "prevalence": 0.0000954,
    "sites": 14,
    "subdomains": [
        "code"
    ],
    "cnames": [],
    "fingerprinting": 1,
    "resources": [
        {
            "rule": "listtrac\\.com\\/monitor\\.ashx",
            "cookies": 0.0000681,
            "fingerprinting": 1,
            "subdomains": [
                "code"
            ],
            "apis": {
                "Date.prototype.getTime": 8,
                "Navigator.prototype.userAgent": 2
            },
            "sites": 10,
            "prevalence": 0.0000681,
            "cnames": [],
            "responseHashes": [
                "7a609ca31ba3932abdf64aa4dff870ea46473a02569a26c9191d226b3422f806",
                "2164c590b4efebe4690bae67989eff1501bfdd8deea7590345bfc765b0579c24",
                "7f81ebe4dd66d74bc5d72ab6500e21407c4320e94977fe8b08e076414e63a9cd",
                "b182f71a1cad20dad374c42b309efac658e2ed0963b7a4ad9d7f853e3732c211",
                "3589116c8748027f71b9bc8e934c37449a72d4cba4c24d0928dc8e271523c540",
                "adb0b9acc559904523ac80dec8c6ea80b3ed79ccf8c09317f3306b555f2ccad4",
                "a5efdd8e87c2a9255ae70b6b85ad07feb0d1a79f3185a258d094739712418cc2",
                "d793981510e56164b3ee84b338f212dddf6a18344cc84011f71ac44c4cb3f592",
                "9e8de69ca663290e23febb81d407329a3aae89375e4c579fec45cde6d53a1657"
            ],
            "type": "Script",
            "firstPartyCookies": {},
            "firstPartyCookiesSent": {},
            "exampleSites": [
                "century21.com",
                "commercial.century21.com",
                "propertylistings.ft.com",
                "www.century21.com",
                "www.christiesrealestate.com",
                "www.corcoran.com",
                "www.georgiamls.com",
                "www.lakehomes.com",
                "www.sothebysrealty.com",
                "www.weichert.com"
            ]
        },
        {
            "rule": "listtrac\\.com\\/",
            "cookies": 0,
            "fingerprinting": 0,
            "subdomains": [
                "code"
            ],
            "apis": {},
            "sites": 2,
            "prevalence": 0.0000136,
            "cnames": [],
            "responseHashes": [
                "12ae32cb1ec02d01eda3581b127c1fee3b0dc53572ed6baf239721a03d82e126"
            ],
            "type": "XHR",
            "firstPartyCookies": {},
            "firstPartyCookiesSent": {},
            "exampleSites": [
                "corcoran.com",
                "www.weichert.com"
            ]
        }
    ],
    "categories": [],
    "performance": {},
    "cookies": 0.0000954,
    "topInitiators": [
        {
            "domain": "googletagmanager.com",
            "prevalence": 0.5333333333333333
        },
        {
            "domain": "first party",
            "prevalence": 0.3333333333333333
        },
        {
            "domain": "gtsstatic.net",
            "prevalence": 0.13333333333333333
        }
    ],
    "types": {
        "Script": 10,
        "XHR": 2
    },
    "nameservers": [
        "ns3-02.azure-dns.org",
        "ns2-02.azure-dns.net",
        "ns4-02.azure-dns.info",
        "ns1-02.azure-dns.com"
    ]
}