{
    "domain": "listhub.net",
    "owner": {
        "name": "Listhub",
        "displayName": "Listhub"
    },
    "source": [
        "DuckDuckGo-US"
    ],
    "prevalence": 0.000157,
    "sites": 23,
    "subdomains": [
        "tracking"
    ],
    "cnames": [],
    "fingerprinting": 1,
    "resources": [
        {
            "rule": "listhub\\.net\\/scripts\\/la\\.js",
            "cookies": 0.0000272,
            "fingerprinting": 1,
            "subdomains": [
                "tracking"
            ],
            "apis": {
                "Date.prototype.getTime": 1
            },
            "sites": 4,
            "prevalence": 0.0000272,
            "cnames": [],
            "responseHashes": [
                "86c0cd34a775383e1ce4bbf9969258a029d148659a4c2d59cf92ef0602fc5715",
                "f2341f2cb1c770f40555896b2e44861d7ff8b2507279295f345522aa8b279eeb",
                "f380f9baeb68539ee9edbf7efb781ea706d8cd4a23f7e89df37641d4e3a776c7"
            ],
            "type": "Script",
            "firstPartyCookies": {},
            "firstPartyCookiesSent": {},
            "exampleSites": [
                "century21.com",
                "commercial.century21.com",
                "www.century21.com",
                "www.har.com"
            ]
        },
        {
            "rule": "listhub\\.net\\/la\\.min\\.js",
            "cookies": 0.0000749,
            "fingerprinting": 1,
            "subdomains": [
                "tracking"
            ],
            "apis": {
                "Date.prototype.getTime": 3
            },
            "sites": 11,
            "prevalence": 0.0000749,
            "cnames": [],
            "responseHashes": [
                "26a1462cc1c9143430892a121fb10827798e4d1dcf7cb3d52b6a1908e80cc82d",
                "b427d48a38fcfb22688f2923d7c424098f5c7c08d6227e6a8eeda1b019f9530a",
                "1084a3037d887151215f123afe993fe168c154b572327509f1c8d2299c2c099b",
                "64b73a8e6c5cfbc74beb664bc0f0547324b4ee7a22d88e55d6c6606f09ecac31",
                "09ccf0852f893baef363a08961b08cb4b288fb1584b81e92a3aa0f043d7e6a95",
                "b80729def3a59e292d53417407cc0d8f32f9110e7ae29fec83e9bc3bb7851aab",
                "fa96cef4ab46b14c5ee2518832f3e607d71b73db8bcab66b487c176594bf1b17",
                "bb2eaf3d226f7d24d6a87f2368a865efe346f710fe0f74ea560da4ae3006c236",
                "553ccf94a9d95cc9349e6c0918f763245544fe01473c07c7db0a74af5d03e695",
                "911fff788a38646ffb86a461c11c494b4ef7dab972a8b64d87e5050e1742d703"
            ],
            "type": "Script",
            "firstPartyCookies": {},
            "firstPartyCookiesSent": {},
            "exampleSites": [
                "homefinder.com",
                "homepath.fanniemae.com",
                "uphomes.com",
                "www.cabinhomes.com",
                "www.homesandland.com",
                "www.landandfarm.com",
                "www.land.com",
                "www.landwatch.com",
                "www.properstar.com",
                "www.properstar.de",
                "www.realestatebook.com"
            ]
        },
        {
            "rule": "listhub\\.net\\/tracker",
            "cookies": 0.0000272,
            "fingerprinting": 0,
            "subdomains": [
                "tracking"
            ],
            "apis": {},
            "sites": 4,
            "prevalence": 0.0000272,
            "cnames": [],
            "responseHashes": [
                "77b1d2c0857d4e95d4c2ae7aa0abc5aaafa6bd4581b31203d1592759c26f5c44"
            ],
            "type": "Image",
            "firstPartyCookies": {},
            "firstPartyCookiesSent": {},
            "exampleSites": [
                "uphomes.com",
                "www.har.com",
                "www.landsearch.com",
                "www.landwatch.com"
            ]
        }
    ],
    "categories": [],
    "performance": {},
    "cookies": 0.000157,
    "topInitiators": [
        {
            "domain": "first party",
            "prevalence": 0.9142857142857143
        },
        {
            "domain": "googletagmanager.com",
            "prevalence": 0.07142857142857142
        },
        {
            "domain": "d26tqmt1mjuqkn.cloudfront.net",
            "prevalence": 0.014285714285714285
        }
    ],
    "types": {
        "Script": 15,
        "Image": 4
    },
    "nameservers": [
        "ns-563.awsdns-06.net",
        "ns-1995.awsdns-57.co.uk",
        "ns-244.awsdns-30.com",
        "ns-1307.awsdns-35.org"
    ]
}