{
    "domain": "livemarketshoppers.com",
    "owner": {},
    "source": [
        "DuckDuckGo-US"
    ],
    "prevalence": 0.000368,
    "sites": 54,
    "subdomains": [
        "app",
        "hits3"
    ],
    "cnames": [],
    "fingerprinting": 1,
    "resources": [
        {
            "rule": "livemarketshoppers\\.com\\/fullthrottlelims\\.js",
            "cookies": 0.0000613,
            "fingerprinting": 1,
            "subdomains": [
                "app"
            ],
            "apis": {
                "Document.cookie getter": 8,
                "Date.prototype.getTime": 9,
                "Document.cookie setter": 8,
                "Navigator.prototype.userAgent": 9,
                "Navigator.prototype.language": 9,
                "Date.prototype.getTimezoneOffset": 9
            },
            "sites": 23,
            "prevalence": 0.000157,
            "cnames": [],
            "responseHashes": [
                "122e1476f013b35060748fcd0f0268ab5f566a97f3bb866f5655387b74f518dd",
                "f7436b857493faa8bb9173b7cba25212c1e1fb83545d02681d9389370eca85e2",
                "104ec88f0bd148fd5dc7e45f9832a2ca7f6c2077ad6c97da018ffc17989f112f",
                "b88306ba1f9ae199e506772e8c195bb35a2f3dd821fd1e42807c78eb124357bf",
                "4ef0af1882e739a2ab274ee290925a3d011c3c72179cf5bf188d73d4ad755148",
                "10af606d117fc17f3fc27709b3c8cf3b05d131d5413282adfd0ea7c08eaebd29",
                "5ea94fba13f008ce6ccb6a183b8094b8d70ea6ef2d3b888b2b06c6802cb44b39",
                "4fae94688955299001f0a0b0fa718d618a1be8871d1610c43c30cc14a08c5c01",
                "fd406754a9ffe75605bad8c0e054bb1f9b8e3ef4faf67bf25fbe30c02dd76725",
                "1cf9013b19977b9ea998c3e08b435984be0720091abffc18943aecab325ccce0"
            ],
            "type": "Script",
            "firstPartyCookies": {
                "fullthrottlelims_t2": {
                    "ttl": 630720005,
                    "length": 10,
                    "prevalence": 0.00005449628403463239,
                    "uniqueness": 1
                },
                "r": {
                    "ttl": 7205,
                    "length": 1,
                    "prevalence": 0.00005449628403463239,
                    "uniqueness": 0.125
                }
            },
            "firstPartyCookiesSent": {},
            "exampleSites": [
                "store.vioc.com",
                "www.mitsubishicars.com",
                "www.hughesfcu.org",
                "www.windownation.com",
                "www.aisd.net",
                "alpakagear.com",
                "www.lonestar.edu",
                "www.members1st.org",
                "shop.advanceautoparts.com",
                "www.tuacahn.org",
                "mhsrv.com",
                "www.americanfreight.com",
                "www.woodstockoutlet.com",
                "insinkerator.emerson.com",
                "www.myncu.com",
                "www.vioc.com",
                "verticalchimney.com",
                "www.bedrosians.com",
                "support.insinkerator.com",
                "www.misaves.com"
            ]
        },
        {
            "rule": "livemarketshoppers\\.com\\/fullthrottlelims_pxl\\.gif",
            "cookies": 0,
            "fingerprinting": 0,
            "subdomains": [
                "hits3"
            ],
            "apis": {},
            "sites": 25,
            "prevalence": 0.00017,
            "cnames": [],
            "responseHashes": [
                "f4eef8263281c0b26486637831251059757bc3fdc4c3a48045a8ef8646b36e8f"
            ],
            "type": "Image",
            "firstPartyCookies": {},
            "firstPartyCookiesSent": {
                "fullthrottlelims_t2": 0.00016348885210389717,
                "calltrk_landing": 0.000020436106512987146,
                "_li_dcdm_c": 0.000013624071008658098,
                "IR_gbd": 0.000006812035504329049,
                "lotame_domain_check": 0.000013624071008658098
            },
            "exampleSites": [
                "www.greencars.com",
                "www.visitpensacola.com",
                "emerson.com",
                "www.misaves.com",
                "www.asbestos.com",
                "www.myncu.com",
                "www.alaskarailroad.com",
                "www.woodstockoutlet.com",
                "mattresswarehouse.com",
                "insinkerator.emerson.com",
                "www.bigtextrailers.com",
                "www.bigtextrailerworld.com",
                "www.lithia.com",
                "www.5starford.com",
                "www.coronacigar.com",
                "www.grandappliance.com",
                "www.annuity.org",
                "www.mitsubishicars.com",
                "pjtrailers.com",
                "www.kaaltv.com"
            ]
        }
    ],
    "categories": [],
    "performance": {},
    "cookies": 0.0000886,
    "topInitiators": [
        {
            "domain": "1pdata.app",
            "prevalence": 0.3508771929824561
        },
        {
            "domain": "ftlaunchpad.ai",
            "prevalence": 0.3157894736842105
        },
        {
            "domain": "googletagmanager.com",
            "prevalence": 0.22807017543859648
        },
        {
            "domain": "first party",
            "prevalence": 0.07017543859649122
        },
        {
            "domain": "osano.com",
            "prevalence": 0.03508771929824561
        }
    ],
    "types": {
        "Script": 23,
        "Image": 25
    },
    "nameservers": [
        "ns-432.awsdns-54.com",
        "ns-945.awsdns-54.net",
        "ns-1996.awsdns-57.co.uk",
        "ns-1172.awsdns-18.org"
    ]
}