{
    "domain": "lsapp.eu",
    "owner": {},
    "source": [
        "DuckDuckGo-US"
    ],
    "prevalence": 0.0000477,
    "sites": 7,
    "subdomains": [
        "400.ds",
        "401.ds",
        "21.ds",
        "3.ds",
        "9.ds",
        "7.ds",
        "403.ds"
    ],
    "cnames": [],
    "fingerprinting": 0,
    "resources": [
        {
            "rule": "lsapp\\.eu\\/pq_graphql",
            "cookies": 0,
            "fingerprinting": 0,
            "subdomains": [
                "400.ds",
                "401.ds",
                "21.ds",
                "3.ds",
                "9.ds",
                "7.ds",
                "403.ds"
            ],
            "apis": {},
            "sites": 8,
            "prevalence": 0.0000545,
            "cnames": [],
            "responseHashes": [
                "dc8ad8d13445789c6777cbf8f22995c1f3f06887437c924419f204c07b31f7f1",
                "2820438d6cf932ebcc7292f613628774982aeb3744548b529d179ca80a0cbe7a",
                "63083b8ef7d4263c29429c898c344facdfe4d2a99f11cdb1a6a04f2dcc33d6d8",
                "406a635f4e7b974bae5b8fef8763df67d6f6c7262bfddf401d94d79e272c48d0",
                "4879d7eb36db2d4184e10556c32b6c12b2312932c6c0dfb79d221c02a3f73fa4",
                "1075e72854ca9bc3911d7e18ed02c1d78ed09a23e05245d975ff5ec53fddb776",
                "ee07c2bc4f5ed8e75507189f7b7e5170a5ea6cefd55cf850d653722096e833fa"
            ],
            "type": "Fetch",
            "firstPartyCookies": {},
            "firstPartyCookiesSent": {},
            "exampleSites": [
                "diretta.it",
                "www.diretta.it",
                "www.flashscore.com.br",
                "www.flashscore.nl",
                "www.flashscore.pl",
                "www.flashscore.ro",
                "www.flashscore.sk",
                "www.liveticker.com"
            ]
        }
    ],
    "categories": [],
    "performance": {},
    "cookies": 0,
    "topInitiators": [
        {
            "domain": "flashscore.com",
            "prevalence": 1
        }
    ],
    "types": {
        "Fetch": 8
    },
    "nameservers": [
        "ns1.edrive-hosting.cz",
        "ns3.edrive.cz",
        "ns2.edrive-hosting.cz"
    ]
}