{
    "domain": "luxcdn.com",
    "owner": {},
    "source": [
        "DuckDuckGo-US"
    ],
    "prevalence": 0.000157,
    "sites": 23,
    "subdomains": [
        "s"
    ],
    "cnames": [],
    "fingerprinting": 2,
    "resources": [
        {
            "rule": "luxcdn\\.com\\/t\\/222800\\/360_light\\.js",
            "cookies": 0,
            "fingerprinting": 2,
            "subdomains": [
                "s"
            ],
            "apis": {
                "Navigator.prototype.userAgent": 5,
                "Date.prototype.getTime": 5,
                "window.localStorage": 5,
                "Document.cookie getter": 5,
                "Navigator.prototype.connection": 5,
                "window.innerWidth": 5,
                "window.innerHeight": 5,
                "Navigator.prototype.language": 5,
                "Navigator.prototype.cookieEnabled": 5,
                "window.sessionStorage": 5,
                "Element.prototype.getClientRects": 5
            },
            "sites": 5,
            "prevalence": 0.0000341,
            "cnames": [],
            "responseHashes": [
                "f3a564a12e54f352c5ce9111b58ef1d8e81c86f06ba3ae8361754bce5c2c831d",
                "70daa686df699adc05563393324c2412fd50e1675321276716c244c1b9331ed9",
                "155a46ae536cd22b212b670f29176a14013d989411753b3045ea6583bab3d9aa"
            ],
            "type": "Script",
            "firstPartyCookies": {},
            "firstPartyCookiesSent": {},
            "exampleSites": [
                "abcdef.wiki",
                "es.abcdef.wiki",
                "fr.abcdef.wiki",
                "it.abcdef.wiki",
                "nl.abcdef.wiki"
            ]
        },
        {
            "rule": "luxcdn\\.com\\/hbadx\\/",
            "cookies": 0,
            "fingerprinting": 0,
            "subdomains": [],
            "apis": {},
            "sites": 21,
            "prevalence": 0.000143,
            "cnames": [],
            "responseHashes": [
                "ee05bf4c01c93a6a95ff5c49a0c7376a3a825a953db8bd1e7531411870c4f05e",
                "7b48c96b1eb2f2748cb20f24c8bfa4812366c9f45fa0d61a3a3cfd91ce06354a",
                "3940cf990de3c743a8a47e4284b57ed0901ce42cd2ed8489805806d5efa9110d",
                "48a4dcee9183c4f92274af107ebe32a0fe9aa0b071b90874925e30122e0c8c49",
                "515f9bc2f7d15e38b17e838e6162cf5f16296b721b17e3eced074547f3cef456",
                "5fd58fac4f274ef8c50e31d48d53a66d5c8d1add53b86712d1b729429ebe0919",
                "ab87f4684249dfbe7a2e81d37f88e6da3334a874121e7d5ab7ea26d1642b6520",
                "035dd5e5cf38edde08e7739094040f0b821876613552108cf6e4c6b3c3995a10",
                "ad4d3081f4ec5ffc81463dfff75057ecf0459ea29ea2caf9db6bada6860105f9",
                "82f8886f2e84c28396692300e99ebbcc4201d08a491553be2a90bd39f6f33b6e",
                "8f956f02898de7bcf6e46befc44801fce60466830222ab9ef2b998a7950f26fc",
                "a54553c891ff5d3e82b02eff93bf96ac8224966940818301b76ad5a978e9a950",
                "4c1265ed58746f7472c1cd2c05521d035f3ae33838fc9e553ed2f421662e0111",
                "7052424cb113d795b99559d68e63dd82d1335677d93604b381f712fdb0d38f3c",
                "f228ff7bd8563a9fbd9f20e71831b53deba928b7ffb1c5152e1dff8f843fb337",
                "7fe8d41134cca3c28a49d345b1f920b7c9297760f08e69a2c015c87c71d84fc0",
                "173ca92129581bf0300e381b9295e5e042b54e083a1430d7ebaa21ecc094a551",
                "e96a72037015fbe8d6abd6efef229b9c80be0aaf37f9cf528f5a09ea60f9366c",
                "427596ba21e12a7beaae7565a5a04ec2ebe9f9f439e21c62d67cbd65bd98c3aa",
                "5bea81ff118ae8fc2ceaf1f717d218fd280eba8fcec2de48d0caa7a81cafe2ef"
            ],
            "type": "Script",
            "firstPartyCookies": {},
            "firstPartyCookiesSent": {},
            "exampleSites": [
                "es.abcdef.wiki",
                "www.megacritic.ru",
                "kakpishem.ru",
                "deti-online.com",
                "it.abcdef.wiki",
                "style.rbc.ru",
                "kartaslov.ru",
                "ppt.ru",
                "www.calend.ru",
                "studopedia.ru",
                "realty.rbc.ru",
                "nl.abcdef.wiki",
                "fr.abcdef.wiki",
                "kogda-vykhodit.ru",
                "www.rbc.ru",
                "abcdef.wiki",
                "magya-online.ru",
                "www.tourister.ru",
                "sinonim.org",
                "www.astromeridian.ru"
            ]
        },
        {
            "rule": "luxcdn\\.com\\/luxuptag_log\\/",
            "cookies": 0,
            "fingerprinting": 0,
            "subdomains": [],
            "apis": {},
            "sites": 22,
            "prevalence": 0.00015,
            "cnames": [],
            "responseHashes": [
                "a656b0e20d137102d99fe832be1b287d8ab6a45b8c67037b2158a4c8827fdf49",
                "bfb145120c6cba7e8db21aee690b4499d7e5d0812b3d8822e0f53188654ed3dc",
                "71f05a35a18dffbf8b5eab1bfe7558793333becb5dc89fc44138b2ee6edf0c0d",
                "da72885f15d5bdc55605b5ee762015c49015ebe615c2af8d96b3c357eeda700b",
                "115b86da88a9a7324814e553b1007daeaf88018779746580d42e27d361b07b88",
                "acb33b7ccfa17d136a985d475b09854cde4d20f393d930067b6258bfce439dba",
                "d7e238a64f2fc115dfe744bbab8ab2c48f427c768c773b6d436c297a9fb5d866",
                "b3c6ef07762b9197cf0a3981e6f9977ad2c40c533444cee79fd66765ac89ad81",
                "bc7f0bcbc178bce47458889f274c36ab2ad58a1f2c11a1bc42ce67cf7be52711",
                "81a2aeac25d355f5ea228c4d4052eaaa671e50de9e69fe1a05107cd161ce046e",
                "f2c3464ff17703237cf79f965f2f6894f0f2eace4d27c01d824ed17391c70749",
                "24d5021652a35b551cf9dd80f812cb86bcafead85ad01bcecf1fd23cb1d29cde",
                "4af8ae237d8ef97b37ea6eb602966833ba11184bd9235deb0a8b2523246033c7",
                "3a2d8a562f2a42bd2b45ef0b42196c8fa106cc24c055b9eb3324463012877eef",
                "65c46297c93547cb48a8b41f5e34c7c90099febbc582df4f0eaf451b1607a67a",
                "58f0c04579c0b5a0de92d94334fbd934aba51dd88f5cdec65e3a1ef536e2164c",
                "6afdac61f4cc3590e6cb3f9d81cae7411707852c48e65ef274ab2f2aded2db17",
                "cef1fc6f0dc96aa81c6ecf2770e26786ab42f10b861b3e784269e878dc39aced",
                "0c13bc21b202a36ac2042a546c2a1226f2a44f1c88fcdc197e8dd95f3d16a96f",
                "d137151adb4d76d9008ef65ea4f255e9a6b672f213dfa734adf05fd0b0e86b12",
                "c28052d2916ef3a8154feae93a8145f982614acf11877468c7cae87145750c1e"
            ],
            "type": "Script",
            "firstPartyCookies": {},
            "firstPartyCookiesSent": {},
            "exampleSites": [
                "nl.abcdef.wiki",
                "realty.rbc.ru",
                "www.megacritic.ru",
                "www.autonews.ru",
                "www.tourister.ru",
                "kakpishem.ru",
                "fr.abcdef.wiki",
                "es.abcdef.wiki",
                "www.rbc.ru",
                "www.calend.ru",
                "kogda-vykhodit.ru",
                "sinonim.org",
                "deti-online.com",
                "abcdef.wiki",
                "it.abcdef.wiki",
                "magya-online.ru",
                "www.astromeridian.ru",
                "studopedia.ru",
                "style.rbc.ru",
                "kartaslov.ru"
            ]
        },
        {
            "rule": "luxcdn\\.com\\/utr\\/adsbc\\/",
            "cookies": 0,
            "fingerprinting": 0,
            "subdomains": [],
            "apis": {},
            "sites": 5,
            "prevalence": 0.0000341,
            "cnames": [],
            "responseHashes": [
                "1866961a029c65376fefb7f2ba1e6187e09ff50ea58d97dedfd72c197947d002"
            ],
            "type": "Image",
            "firstPartyCookies": {},
            "firstPartyCookiesSent": {},