{
    "domain": "mcpuwpsh.com",
    "owner": {},
    "source": [
        "DuckDuckGo-US"
    ],
    "prevalence": 0.000981,
    "sites": 144,
    "subdomains": [],
    "cnames": [],
    "fingerprinting": 0,
    "resources": [
        {
            "rule": "mcpuwpsh\\.com\\/get\\/",
            "cookies": 0,
            "fingerprinting": 0,
            "subdomains": [],
            "apis": {},
            "sites": 96,
            "prevalence": 0.000654,
            "cnames": [],
            "responseHashes": [
                "39017096e02830d6f6d94cf4d0c629b363408677f5b2a196801a09d453d4589a",
                "dadefc9089416350e1c0ca90628fe6f82e2137b75077981c4d65d984ea9fb051",
                "4d0647bf950941019745a4069979fb20403864fc3595aaa565739a4f232bbd45",
                "9fa973c0440eceb53091f39ca7f81103fbe5f782abe5dde43c9255814b89ce06",
                "beaec024c4f9ea069bb90b14457cf84f83b7dc572b0f176210d157fb8b8d183b",
                "a3084be1a6297faf57462833085f69349f59e55e88618c96232a41d4c9d930c3",
                "3bbdbe01efaf307bfc9de9065617e3e8bf7e23c0e94e29658e5a54e62820b991",
                "edc5f7dd4580c774a78e1f86fd2eede45da0cc6272fcf8271ad78f2220c3da14",
                "abffb266128b9317f08f73615fb54ff9511cc4e981236b44d45f9e95ce933445",
                "ce8a23a6f31e311d1316591b69745729c7fd4c52547c29af1a11c904a05260af",
                "cdd128922df22941eaaf861d69b97ae864ffbcd46a889be89ae4fbabef8ed301",
                "b9bd8a50b43b1fc82f7e982e0357ecfbc15028b9b615838e118fb87396122f1f",
                "ae5cb8c778e6cd19896b6a65582667a3e93fde9c8cbfae642a46244926dae1b4",
                "12c4f1555d511f0de5ea5091c7da6926f6d67d15d4180d1dc510fcd078b7303a",
                "7f82a833d9888f7cb6ccfdf6dd02f56e93be5f40568a7e271a9d2bd15df1b04c",
                "7cc502e99d666a0b0a47c09cf48e2775e618ac70bc720a1e2615424a8d7dd153",
                "df7b28be975005c88b7300564f05122223ec9aedc5242c06faa9e977b75c8133",
                "3fd91a0d1b580c4151179baf96e7c69e18de909a8beddfbd4fca22a8e4b3ed88",
                "7c3080e0c6693b2aff02776d4110d5fc2a44ecd47df7958711c41f8e3bfdb431",
                "385dd48d3bb900e320b284b4679cb2d61b326e1f9a977077b05993de5a126f1b",
                "b79172fff962814af7b4f6e2d31b1e2c438c917387c1d0da8928f38a4c730084",
                "de6e8c218c2997cbebedd521183c0a708bda498db74c1c62d07523784a0f7440",
                "99862a1bc3d7b8e8e8f037cd4bb105a97efdbbbb0704687910716ec397e568ff",
                "caccf28a5aa7a63558885234c97b2e134932f9d813d1a4a5aadcaf83a7952b78",
                "5614230bf24d8e7f1cedc9f157570fbb398b6981fdcc02427b35f75b91bf2298",
                "3a63f23487f21a83c142f1a95423406ec82097f4cb8226cb5fabc8770800dd70",
                "f46eb478ab569c80f1629cf0f1247df585ae4043879b053f40064c8c0185f4c4",
                "dcc8860182351e4dcb83d997547e5abb3bc0c7baa8ae2d0151b26e181a44057d",
                "b0a3529a4a80ac5e24f0c0cf7d7fc420e40bf7cf252da2233a8d1ea93052f56f",
                "bbcf2f3ec0cb1668ce10d686b4cb6c3f613509988940b8a7f7c3957549dc1eb3",
                "2b5c2bfcee5e56e10abf40d481a335c2cf6bbd47703094ca722329bf63278d65",
                "61b7d263fd3ef343f0662a99688c12043481daa5e4c0309e58d545ffa05f4b07",
                "ac5120275d9099fdac8c5b77e5c37023bba72eaf641df7ddc9eb12f8ea55ae4b",
                "4eb14f4c6d38f535444cfe2ec194ca3f5240649d5c40d79c4199b5ef4c9d993e",
                "ce1074ec41ee062c891ac77bac0a0f1c92a82424a633f17931a667665d1bbc7f",
                "c90a472c186ed7ca7e8ec9766f7aec0467e270f65ec441a1e70bf1f05e663c3a",
                "f5e4bc5b337fc9046628edea3e1396a132281f94acf790e57e4177949b0e8e40",
                "8a267fbcfd6412455cbb3dc4ae872e048631518492719190cbe4515461d42803",
                "1192fdc190eef4b91e65cf03300e93c9613bc70830ed896615b35011393b88da",
                "fcc5a0b8053ebac0bd260bd5b8721b19f157935e825e61c1302e1a7ca0caf1b9",
                "4201290ca2f09a53069aa77ca420b7039c7354d03e30e929c3200fa5b729abc5",
                "ab5e2d8763cd913c3e5f2707b78414b18fa06ba1c437182a080f7fdd02f32bcb",
                "325a7faa4af5a22030d4fb00ae815709fdb2f03db8bdf6a8b224c260f638099e",
                "4aba5613b02e09c2bd25daade7a3d0435fedd9fe6985a7eea5dd88986c09930a",
                "acd6d891763de958dc03275a44a07f2cf69ba605d6c91aedf3aaef8dff0aa00c",
                "4003c722f6d8688bd5508bf8f12030309bd6edb05a266e50055391a929642a59",
                "bb97efdf567e7219f86f22be09cb135c51dd121d309f6a5dfd2f3adbb5c1312b",
                "50d36f3369456cfab897287e395cab9758bf0ee4723694dd68ee6cb102bd28a0",
                "8e6b5f90f3c8a3898799ab345bf4f61718bcd15bb93061842e58db95f9b861d2",
                "327e362fd00541973e339f383caaa4b0b5684f18d0c7e037d489b6080dd030dc",
                "90dabe3c8a65a11d8c929752bc6a0ed349f411d3575cef063eea35b0c28e9d67",
                "996cc800916a5c7edbdbdb250285037c4e3dc49209c1db011f4685865e9ba4ca",
                "8fe47acf0c28702918b0968a597c65bc56fb48921dc77bba2dabefec26a830be",
                "e1a1759214e4adabf31ab70765be79380ae182039e78e7cb4451c87d1a14cfc3",
                "53b65de478a7a4b2093b84543f6adc2519c794bfd7c28c0f820a3eedfe4308cf",
                "ec9e33ffdf2f71a8a9c91bd55155e4e3102d45bbc96db757d28a8c9fbc4d3d54",
                "bc4babcf761db59163a1076b346febb468f5856707b954a20ac054642ab35991",
                "83722eff7490720c221a46a539b3a285fee322699bbb04da9ccc988c3fa4513e",
                "0097661ba24e321343492e44812e0f359260106665982860e539ebc88e73fd02",
                "5c6f4b564bc69219f281edb05f6e407cec2ac1899a9d3c4f95cb95241337dae3",
                "71eae02387976648f767cd9aac8ad669af3d32f50415da6655a5a2337615590a",
                "d5efd611a4ca1238bd36cdc735f288e5730f6020e85efb730aab49d592cf272b",
                "e9d59c91de90d79e2ce4dae86a349bc1dc6c033aeb0845ec58b3073ea92dff55",
                "ebedbb20e06c08c258597b556947b36a2e38d9995475de3e617cea3c4527489c",
                "0acc506bf73d1149ccbaecd4a8556edc4875ac9564fe63db36602828e90a343f",
                "afbab88866078e3eff02c0ccd8d25aad58f47d77d89abb5ae9928600eb8e7e1f",
                "6b254966b22e4af84102d93f05053ff4f233ee765de10c9f03a766866a565d66",
                "7fe6738abe05f8721ba4feda4aa29b9365f2d77dcdc9a5fe1103c129565bdb89",
                "af2cf019b2ac0d0a2c2acc72ea2146c15a8fddac873dc6d10f75463c1b5261d0",
                "cf7e054c04a9095f75fb7369a0ccade7ea33bf7d50e6dabf2a968cc9dfbe91f0",
                "fc508ae7e53d44d176ac46baba86bdd4a93fc8d9f2f98ded7c68b71960a4c0c8",
                "9931202194b3228800ef6613f8cfa0f226bc7d57826042579fa0a508109a1ac3",
                "4dbf8ba62405d67b04efdced6a90e87a7b0032c0ac901af90803344046ee9b80",
                "117681118f8749535083730945827933bc0eca8158131351b7addf2c71286653",
                "9563111b894bd74830e72045d619f58ea5e1c65ab2dbd462873612f9b4e713ef",
                "931b5dc4f0e95430e1b9949e3e20eec8d56d522fde25a782892ce02eb6af8ca3",
                "7e372e7112459ec8c1c0ba7c68940c4e54c4715322f64f7f312df290117f8203",
                "eec937fd6a1ff01fd750b54194641755882e9a4e969481f9422dce4189b2fbf0",
                "0edb5c3c3e2ff02a3cb16ab91d46a2e520a1bc77a623ab5b653947dd231d7c62",
                "72ca510756dc32b60e6107b1b0b5cd6ca303ed3871fd57e551511711d5a15954",
                "4ea9bf07a2255b0c2050a47b6c2a1567c8348cabfc5a5514f67f2afabff2ec57",
                "b422472eaeeafee03aed41070b46e551849f7101963f22ee9c15f8342a14f618",
                "fd9af8330264a4c71c05c050487a3a6ec1ea8ab50c0f0c4d60cb9cb56037635d",
                "86bc09481b5584e4a15ca82b212c6b43379984351677e215dda837db17f5fcc1",
                "704a5dd77750a8903fb19cde3e5aa8969f85ac74ad58409b665b2a8c8308ab34",
                "1e07e46d51265855a89ade850b493fb0a996ffbbafec26ba6df7e2894421145d",
                "447b26877e9ffb595ca4901127b5c1e6095892677285c17bdc88bc1b23556626",
                "3bf82996e7a7a73a201410f6e2e110eb67695b89c08b2a250010bb96f8ee98e9",
                "92fda1ab2df2bc633dcc672ca7f568588720b418acf44d7343e9211cfc9593f4",
