{
    "domain": "mediaweaver.jp",
    "owner": {
        "name": "Japan Business Press Co.,Ltd.",
        "displayName": "Japan Business Press"
    },
    "source": [
        "DuckDuckGo-US"
    ],
    "prevalence": 0.0000409,
    "sites": 6,
    "subdomains": [],
    "cnames": [],
    "fingerprinting": 1,
    "resources": [
        {
            "rule": "mediaweaver\\.jp\\/oo\\/uu\\/ua\\.cgi",
            "cookies": 0.0000409,
            "fingerprinting": 1,
            "subdomains": [],
            "apis": {
                "Date.prototype.getTime": 6,
                "Document.cookie setter": 6
            },
            "sites": 6,
            "prevalence": 0.0000409,
            "cnames": [],
            "responseHashes": [
                "a88ea9787c0ce6301aff6b766ab6da0c5f1dd8702a64e4bd29be03d7edc5b91f",
                "d9f8e433e1c1becb3279ede8b1f3df4738d4ecd559fdaf873f05b54ffdcc9088",
                "3f74c63184b6a3fe79e87389701546197d7dce8bd7b45e3cf9b4cfed5280ebfc",
                "744d91b56c5ae41fa16297a3268df11ef551e101d6b6490c5f54eab3facda513",
                "51662a54257a5fc8b505df5180648f12949b77ff4a407c8a371b1b3e9b6e65f9"
            ],
            "type": "Script",
            "firstPartyCookies": {
                "ismua": {
                    "ttl": 63072006,
                    "length": 36,
                    "prevalence": 0.00004087221302597429,
                    "uniqueness": 1
                }
            },
            "firstPartyCookiesSent": {},
            "exampleSites": [
                "bunshun.jp",
                "gendai.media",
                "jbpress.ismedia.jp",
                "president.jp",
                "toyokeizai.net",
                "www.jprime.jp"
            ]
        },
        {
            "rule": "mediaweaver\\.jp\\/oo\\/uu\\/cl\\.cgi",
            "cookies": 0,
            "fingerprinting": 0,
            "subdomains": [],
            "apis": {},
            "sites": 6,
            "prevalence": 0.0000409,
            "cnames": [],
            "responseHashes": [
                "55ca4adc083b3892210b35e8cc143ee0f759d579cc0af364e3e284a268056052",
                "7ba7f7b2bbf2d0a853a06c816439e64e723f70d89d12a4e55e99f602a30344bd",
                "267932361b2658ed2b7733f911a4872a6ee5f6c81ef4facf81c6c81d14c4ebf1",
                "a622c7202ef07c45bef9cd5705836fb2c91602184c0aff068d10d048dce56712",
                "24dad41d8a1eae56ddbbbdb50a8ece699bd01e41416736a645f0079df913e5c1"
            ],
            "type": "Script",
            "firstPartyCookies": {},
            "firstPartyCookiesSent": {},
            "exampleSites": [
                "bunshun.jp",
                "gendai.media",
                "jbpress.ismedia.jp",
                "president.jp",
                "toyokeizai.net",
                "www.jprime.jp"
            ]
        }
    ],
    "categories": [],
    "performance": {},
    "cookies": 0.0000409,
    "topInitiators": [
        {
            "domain": "first party",
            "prevalence": 1
        }
    ],
    "types": {
        "Script": 12
    },
    "nameservers": [
        "ns001-j2i4709tos6e4lah.j.d-53.jp",
        "ns001-j2i4709tos6e4lah.j.d-53.info",
        "ns001-j2i4709tos6e4lah.j.d-53.net"
    ]
}