{
    "domain": "metabet.io",
    "owner": {},
    "source": [
        "DuckDuckGo-US"
    ],
    "prevalence": 0.000838,
    "sites": 123,
    "subdomains": [
        "go",
        "sportingnews.hosted"
    ],
    "cnames": [],
    "fingerprinting": 1,
    "resources": [
        {
            "rule": "metabet\\.io\\/js\\/global\\.js",
            "cookies": 0,
            "fingerprinting": 1,
            "subdomains": [
                "go"
            ],
            "apis": {
                "window.localStorage": 72,
                "Date.prototype.getTime": 68
            },
            "sites": 76,
            "prevalence": 0.000518,
            "cnames": [],
            "responseHashes": [
                "49cd53e23228a9e7f67a059b99cb3debdc1c769c7ca6cd16706f0b466afbb533",
                "fef1f6966f5a8187c999889ae5aabae880fdd4514e700b8834c581c73528ae0f",
                "33283da1f328c6b88f5c6cea0a52e316fa72efa6e2189f7481e65c88168cefbc",
                "8fa4abc974cf96daf8be44e19d5d3c721df265e8e8aaed59ce24a3f3f41fb880",
                "eb72b4185a489369722447d718305a5e8456849ac2eeb69ea320bfe639db1897",
                "33b8b1ec5fb871eca843d3f524678c2ff0e0d0ac7a4fe51df47ef91f1fa78675",
                "f56ea28d127439ed0169f03400e025d411e54469327a0e5b715fda5337f0f191",
                "e0ea724080a32e2781a2b8d48256446d7978a71834a0b446201a2dbf78a815a0",
                "9d520c250dfb3126b19a2e44030c4497f31ab3fd3185135acd8b84614d6e6a2f",
                "8e0fa6b02904fb42b2c73e147b25d45f39f6603a2c6fff2534406f473da32aff",
                "e01112c22fed7d3be1a83e143f3aa57e22471f7f7ad612dc9ac91ae560b6151a",
                "93f0e8a8641ee24d3668cb0083fec12530785ef49109f9bddc119fe3221ea611",
                "e9cdd2acbc497a716c9b6d003b2aaa4d6cf1e72130efcdfb305ecda95f84f392",
                "8a9fa924bda26d5bd0af67b65f8aaa7f5e60d1b6753f4b4853314314186bdd14",
                "55fb729f8be0bf96e52805971b80b1353c19d4c1a23dab7355db7b7b2848c395",
                "33911440d68c870bc038cf1a61938512643dd1b732574cb0e5c32794f72ead5a",
                "a1f39b24f3c51c037e8311b1a0848b7c78874900d8f2e4838d019ae119fc6eb3",
                "f0ce43b887439791055e06395450f187310590eceba8c9c286e5dc335cae89ed",
                "af951f0eb606a5361cb95e5975249bae0217fc11d180d336eddff2994f43c676",
                "ccf8a555b9b9c8932de3e3703dff3db3209c68a85de1248b5e7222307ee535a2",
                "6a6b38bb0f4ca807657e0eaad3437f5bcb5e46424756ddc4accc5e9b58640ce2",
                "e4014a15b1a80398d40bf7c57f8a2fd87c68cfdbd708f2f29fa3f226a2a4cf58",
                "da05a44f34d4781a7a98a94e5c8e60fdf97b00634dde6ff09707164a90bc4d58",
                "cccc542270cacc1e8f15c356b2f3c50b769ede7f0e4e0c5499e8e45fc6939b6e",
                "04fe6fe1bcae67021c2a10223e2955f217dafc972012d8e88f9b39fe4726e8f0",
                "a75fe7aa47f1e6071eed1a40a632ba9038e0d52da13776997eb6c819db87d853",
                "b7e2dc632b5cb77aecca835d91ccbd9198f4966e9091485b85492a828d4e614f",
                "ed7b8c2271267724f9066955b38cffe9a6ab164d28774412cab2b6935005c807",
                "f75ce6c3b5b1637623f8b901b12cd8cdc7d24a22c2c725591c67c89d6239a0fb",
                "1a86c48c3acae1c597aed4dcf1a77c4734cad84f39216d980e277e5093745aaa",
                "58fc17fd67ef66d7a3e3e9d44b7ed10f073bedd89d423cc087b0008db17e1d30",
                "397d380393e2bedfb2705cc8cf201245b747760a3056b78d0d19584a02204094",
                "43a60444340633111007d3aa6738ab48e948b5acd6adbfc91657b590afb47438",
                "a68bee48a4aee2bb67356d84dee516061a4c39dda0927ccea2c20f3a7917e0a5",
                "193f1310bfe78125cc2d61473f16ddcf44257c7696e12b331bd8675faa8a798b",
                "42ebde9f899046410e4854f89031879ae9777971ccb51938c27d7c9fbe1bf064",
                "02db0c88dc460ec82248ac6dcbac6d8acea074720136cb0eb33476b52c7670f0",
                "91a3a21c5ee6b904fbe750227c3d0c9e447590c91eb9fbc145eabaa564ff8b2d",
                "262a0cd3b161ea877cd0e1772d5c172d2af9028ce6fdf58ad3ae6e906e9c5957",
                "6e59cb9242e68d335df1a37d157436082ea6c9035c36c5cb6890a031256317ce",
                "20d3eeb1645b7ee49b32f94733e51e8d3e275252bd926d4deb5824546f2f6b7c",
                "2b1f34f97bf8eb40261f9dfb86c5f90e71a3666254693898196debe6e34dc1f5",
                "dced54aaccc27b5e76e26905a8cfe69aff614bf4da8c681ea336de6f2d75aa39",
                "2fb72a8b9dd2fca53724cde65d7dc4d395e68c1cc95922bf32185307076507ca",
                "dddc9989a29229798a2c795e1421765b9d0fdc07059be9f5e3c0b8c35c639923",
                "ad321a196f81efe28881e27540086381c2508cd967f97d9149c3095051d1b18d",
                "a1897ee74461bae2b3bd05c8a91bd0fd9adf102aeeab6f057c71273cf11d9fed",
                "52b513bb15046aac1bde240934a46a09d1e3f703a7338c315296cbb56c885e8d",
                "4210174f183d95398984571a2ac80f440c468b834823317df4ff123bff9b585e",
                "104965a06c55abbd111c3050391a63227f47b68542586eeaafcfbf16115a4887",
                "e9cd4b036a8fee410e22ff8a9be87f99ba67fd257eb3bd2c3e94e4eb13bcdad1",
                "325f9b64fe5f46164207b4f8b62e9dfedb248302f2ef9c345a90d8046c711465",
                "2edfab92d47cdbc2195ecccced5bcad88a3b5db0ae19eda524c3cc5f867352a1",
                "7a3441763cbaeb2e0a4b1d3c280647993d8489e096e3218db1e1f8edddfecd30",
                "5abf65b07d77674ba2aa81f7b3c65b75bf6a5095ed025160f67b99d95a0bcf85",
                "71e80cfff55ece5be4a591c1446d085b7403efcbc97e0dbf634903bb465995c4",
                "7e19ed3138ed38af348840a0cfb45de877bedd765b6c0546e03b9e2d514dd1ae",
                "d5b6c5972e04685ef3b2e94b948d21cd54ee5c8abe382f2d847743569d92d5b9",
                "58f1715d504fcc56356902a24d8bc972b29b81b3427f23da0137233f21a7b338",
                "a5817d868ebb47ad5d20409ba470fa3d3098688cb7591a6d49a561331b52c81c",
                "d0321ce0ac96a87e1d834d7403421dd56c8665a424c0730f16a39f0be6b1b701",
                "c1d9ebd4a4e91e4a4edc67f43313839a1312315697a8e68f0aa8278bfe13cfd6",
                "b00ba2ddc2c1420d86b2bbdea193a941d30e4d7ce8790a23e96103e5c04ab031",
                "4333fb8b9cbaa8159bb036f486fbe7a3f3239b5b1d26dd08da7b8acc16ba8d88",
                "a0495c7fce7be666a546d2f317ea8949b0f9bdefb86472835860a62e8c612fd2",
                "c4d19cfe54e69ca27daeb4f59ee92e1c5f3b456ca6ec7744e6725373ef9e1b10",
                "57af0c039e811122c62b9a9ab643239464e25f318dcea29a1ebc2e87f2aedcd7",
                "a18e38581b6e8d12bfdbad6c95523c755ff3cbb70d860ae6c57c971d3b5835da",
                "bd1624cec5837905b4ed49e0c51e3f4e4bb8421665c4aea97b2541f065b826dc"
            ],
            "type": "Script",
            "firstPartyCookies": {},
            "firstPartyCookiesSent": {},
            "exampleSites": [
                "www.blackshoediaries.com",
                "www.mccoveychronicles.com",
                "www.blackheartgoldpants.com",
                "www.poundingtherock.com",
                "www.bloggingtheboys.com",
                "www.buffalorumblings.com",
                "www.cagesideseats.com",
                "www.vivaelbirdos.com",
                "www.pensburgh.com",
                "www.bleedinggreennation.com",
                "www.thefalcoholic.com",
                "www.boltsfromtheblue.com",
                "www.sportingnews.com",
                "www.theuconnblog.com",
                "www.turfshowtimes.com",
                "www.celticsblog.com",
                "www.blazersedge.com",
                "www.outsports.com",
                "www.azsnakepit.com",
                "www.goldenstateofmind.com"
            ]
        },
        {
            "rule": "metabet\\.io\\/css\\/main\\.css",
            "cookies": 0,
            "fingerprinting": 0,
            "subdomains": [
                "go"
            ],
            "apis": {},
            "sites": 76,
            "prevalence": 0.000518,
            "cnames": [],