{
    "domain": "midas-network.com",
    "owner": {},
    "source": [
        "DuckDuckGo-US"
    ],
    "prevalence": 0.0000954,
    "sites": 14,
    "subdomains": [
        "cdn",
        "cdn2",
        "www",
        "images1"
    ],
    "cnames": [],
    "fingerprinting": 1,
    "resources": [
        {
            "rule": "midas-network\\.com\\/Common\\/GetUAV1Async",
            "cookies": 0,
            "fingerprinting": 0,
            "subdomains": [
                "cdn"
            ],
            "apis": {},
            "sites": 10,
            "prevalence": 0.0000681,
            "cnames": [],
            "responseHashes": [
                "4f53cda18c2baa0c0354bb5f9a3ecbe5ed12ab4d8e11ba873c2f11161202b945"
            ],
            "type": "Fetch",
            "firstPartyCookies": {},
            "firstPartyCookiesSent": {},
            "exampleSites": [
                "mondo.rs",
                "narod.hr",
                "www.arz.hr",
                "www.b92.net",
                "www.glasistre.hr",
                "www.kurir.rs",
                "www.logicno.com",
                "www.republika.rs",
                "www.telegraf.rs",
                "www.zurnal24.si"
            ]
        },
        {
            "rule": "midas-network\\.com\\/api\\/widget\\/getHtml",
            "cookies": 0,
            "fingerprinting": 0,
            "subdomains": [
                "cdn2"
            ],
            "apis": {},
            "sites": 10,
            "prevalence": 0.0000681,
            "cnames": [],
            "responseHashes": [
                "8a66f7819db3b2d87a84661b66d6005e6a28e6d5125e32f929fadf0e63e9e5cd",
                "9e71cddc3dbd948289086d9f831518959cedbfb08c93a867decb375d6a73aa46",
                "c3ea943a23b0e57224e38a7816afa7110a13144070ebbf004c9705cec8c10b11",
                "15f6086b74598af1b0bd80e99ee1b0e0fa37a356690cc029148a6db24f420cb7",
                "4c8c3de7d3b9c0081f538ff532436731e1e47689911314999fd1accc8ee1786c",
                "71e807e36e4188cd13a9905baf799017ea75a03fa6ed8087b2ac4564bc68616f",
                "2f7ec3872c2374b8a7b41e0211a61bdead96e8dd71b7419bfb5650b495810249",
                "d85fdeedf91fb65f2fe396826ab2f2365176757bbbf556cdf92e70b7ef9d1bbe",
                "8039fa399cf209646816501f2d05e82cd7b49823df1ccd8c91fd0c18ded2f9dd"
            ],
            "type": "Fetch",
            "firstPartyCookies": {},
            "firstPartyCookiesSent": {},
            "exampleSites": [
                "mondo.rs",
                "narod.hr",
                "www.arz.hr",
                "www.b92.net",
                "www.glasistre.hr",
                "www.kurir.rs",
                "www.logicno.com",
                "www.republika.rs",
                "www.telegraf.rs",
                "www.zurnal24.si"
            ]
        },
        {
            "rule": "midas-network\\.com\\/images\\/default\\/midasCrownV3\\.png",
            "cookies": 0,
            "fingerprinting": 0,
            "subdomains": [
                "www"
            ],
            "apis": {},
            "sites": 10,
            "prevalence": 0.0000681,
            "cnames": [],
            "responseHashes": [
                "db3388e8628488b5e7e6db413537736bb4e001630f1de4b8e49638c15ac8caf3"
            ],
            "type": "Image",
            "firstPartyCookies": {},
            "firstPartyCookiesSent": {},
            "exampleSites": [
                "mondo.rs",
                "narod.hr",
                "www.arz.hr",
                "www.b92.net",
                "www.glasistre.hr",
                "www.kurir.rs",
                "www.logicno.com",
                "www.republika.rs",
                "www.telegraf.rs",
                "www.zurnal24.si"
            ]
        },
        {
            "rule": "midas-network\\.com\\/images\\/4dv3rt153r5\\/2220\\/4dv3rt5\\/uovhimqrjj3wkfjt020izl\\.jpg",
            "cookies": 0,
            "fingerprinting": 0,
            "subdomains": [
                "images1"
            ],
            "apis": {},
            "sites": 8,
            "prevalence": 0.0000545,
            "cnames": [],
            "responseHashes": [
                "e4986b00fb9959efc1c256f4af993f68d15d9037ececb3df1593145e1c102bb8"
            ],
            "type": "Image",
            "firstPartyCookies": {},
            "firstPartyCookiesSent": {},
            "exampleSites": [
                "mondo.rs",
                "narod.hr",
                "www.b92.net",
                "www.glasistre.hr",
                "www.kurir.rs",
                "www.logicno.com",
                "www.republika.rs",
                "www.zurnal24.si"
            ]
        },
        {
            "rule": "midas-network\\.com\\/images\\/portals\\/1661\\/articles\\/kg2nztjxcid0kntmkrkcve\\.jpg",
            "cookies": 0,
            "fingerprinting": 0,
            "subdomains": [
                "images1"
            ],
            "apis": {},
            "sites": 2,
            "prevalence": 0.0000136,
            "cnames": [],
            "responseHashes": [
                "357a2fc1aad602b101a831d7b6a5d4094ce48cf8a8e246c4102d0289e12b0d49"
            ],
            "type": "Image",
            "firstPartyCookies": {},
            "firstPartyCookiesSent": {},
            "exampleSites": [
                "mondo.rs",
                "www.kurir.rs"
            ]
        },
        {
            "rule": "midas-network\\.com\\/images\\/portals\\/1661\\/articles\\/rtyv5iqkkmd5ech1vpbz3t\\.jpg",
            "cookies": 0,
            "fingerprinting": 0,
            "subdomains": [
                "images1"
            ],
            "apis": {},
            "sites": 2,
            "prevalence": 0.0000136,
            "cnames": [],
            "responseHashes": [
                "1dd13c38f8d815b9c1ff07164dfe4dd36c369cc2f5fe7615758660e85ea9eec8"
            ],
            "type": "Image",
            "firstPartyCookies": {},
            "firstPartyCookiesSent": {},
            "exampleSites": [
                "mondo.rs",
                "www.kurir.rs"
            ]
        },
        {
            "rule": "midas-network\\.com\\/images\\/portals\\/77\\/articles\\/dn5u2qcj3adyulybukagow\\.jpg",
            "cookies": 0,
            "fingerprinting": 0,
            "subdomains": [
                "images1"
            ],
            "apis": {},
            "sites": 2,
            "prevalence": 0.0000136,
            "cnames": [],
            "responseHashes": [
                "0e3c8e5561613c2de370c6834634ef11d4899457bcbab80cae49e3c74fa6de23"
            ],
            "type": "Image",
            "firstPartyCookies": {},
            "firstPartyCookiesSent": {},
            "exampleSites": [
                "mondo.rs",
                "www.alo.rs"
            ]
        },
        {
            "rule": "midas-network\\.com\\/Common\\/GetUserIdAsync\\/769",
            "cookies": 0,
            "fingerprinting": 0,
            "subdomains": [
                "cdn"
            ],
            "apis": {},
            "sites": 2,
            "prevalence": 0.0000136,
            "cnames": [],
            "responseHashes": [],
            "type": "Script",
            "firstPartyCookies": {},
            "firstPartyCookiesSent": {},
            "exampleSites": [
                "24sata.hr",
                "www.24sata.hr"
            ]
        },
        {
            "rule": "midas-network\\.com\\/images\\/default\\/sm\\.svg",
            "cookies": 0,
            "fingerprinting": 0,
            "subdomains": [
                "www"
            ],
            "apis": {},
            "sites": 2,
            "prevalence": 0.0000136,
            "cnames": [],
            "responseHashes": [
                "349cde67b222f5cf3bc45cb3bf4f7b1fb6bbd5d4308c0688996360f4d9c4688d"
            ],
            "type": "Image",
            "firstPartyCookies": {},
            "firstPartyCookiesSent": {},