{
    "domain": "miqcommerce.com",
    "owner": {},
    "source": [
        "DuckDuckGo-US"
    ],
    "prevalence": 0.0000954,
    "sites": 14,
    "subdomains": [
        "ws",
        "cbdp"
    ],
    "cnames": [],
    "fingerprinting": 1,
    "resources": [
        {
            "rule": "miqcommerce\\.com\\/getcode\\.js",
            "cookies": 0.0000545,
            "fingerprinting": 1,
            "subdomains": [
                "ws"
            ],
            "apis": {
                "Navigator.prototype.userAgent": 8,
                "Date.prototype.getTime": 3
            },
            "sites": 8,
            "prevalence": 0.0000545,
            "cnames": [],
            "responseHashes": [
                "63aa142df91fd8ae1c7e7b683ecf78ac9203082554bc914f3abda0e77ee83adb",
                "0d0843334d9e1909182ce33bb2d22c5c2f190a41229b463fb31cc30e124b17f3",
                "8aa555d7a63fa04d92c1edff8b7a2e5811a209a0b8aa289e9052d0bcb221d66e",
                "51d2ba46800e9dc1aa4946c0b309a1d7a41951548087b13c251e82d4b093b89b",
                "cd892c2519a9afeed03999cc222ded2f973cc7ffea425be3b92d86e0f36eb078",
                "8d15cbd85e10758df82d6a8429e0bf4ff8f7234cb2dda95d5adaa22527054dab",
                "b6826201735f33e56eb350a0690d3548d89eb107cf079ca7901b2ccf216c28af"
            ],
            "type": "Script",
            "firstPartyCookies": {},
            "firstPartyCookiesSent": {
                "IR_gbd": 0.000013624071008658098
            },
            "exampleSites": [
                "guideposts.org",
                "pcrichard.com",
                "www.corcoran.com",
                "www.cubesmart.com",
                "www.keenfootwear.com",
                "www.pcrichard.com",
                "www.tnvacation.com",
                "www.valspar.com"
            ]
        },
        {
            "rule": "miqcommerce\\.com\\/wsrule",
            "cookies": 0,
            "fingerprinting": 0,
            "subdomains": [
                "cbdp"
            ],
            "apis": {},
            "sites": 8,
            "prevalence": 0.0000545,
            "cnames": [],
            "responseHashes": [
                "7fa29a3ce8e0c363e323a9ca8e92665c18c7a718ebdc657e09a3c9c1d168b7ff",
                "40e1ad9485b24d48a7458e1b797a89004ff3fedb6cc3fecc7a3bc7ed57ec9354",
                "7381f87ecae0034476957759c6e3a204ec576359c2bd11617bb17edc5fb7026d",
                "d5645f6708ed9371ca640760d60f68d8f4e9ff58356989a62aad2ec5c7929e22",
                "ea56b49f8a01264050d29bc8d72c771e168a582ecda72b782c5d1c8d5bab7a33",
                "059821b10e5e0a82a868548f2be6f0e18faba88c9b351cee884916574784d2cd"
            ],
            "type": "XHR",
            "firstPartyCookies": {},
            "firstPartyCookiesSent": {},
            "exampleSites": [
                "guideposts.org",
                "pcrichard.com",
                "www.corcoran.com",
                "www.cubesmart.com",
                "www.keenfootwear.com",
                "www.pcrichard.com",
                "www.tnvacation.com",
                "www.valspar.com"
            ]
        }
    ],
    "categories": [],
    "performance": {},
    "cookies": 0.0000954,
    "topInitiators": [
        {
            "domain": "googletagmanager.com",
            "prevalence": 0.7222222222222222
        },
        {
            "domain": "first party",
            "prevalence": 0.1111111111111111
        },
        {
            "domain": "ensighten.com",
            "prevalence": 0.1111111111111111
        },
        {
            "domain": "datadoghq-browser-agent.com",
            "prevalence": 0.05555555555555555
        }
    ],
    "types": {
        "Script": 8,
        "XHR": 8
    },
    "nameservers": [
        "ns-259.awsdns-32.com",
        "ns-920.awsdns-51.net",
        "ns-1138.awsdns-14.org",
        "ns-1762.awsdns-28.co.uk"
    ]
}