{
    "domain": "mmapiws.com",
    "owner": {},
    "source": [
        "DuckDuckGo-US"
    ],
    "prevalence": 0.00181,
    "sites": 265,
    "subdomains": [
        "d-ipv6"
    ],
    "cnames": [],
    "fingerprinting": 0,
    "resources": [
        {
            "rule": "mmapiws\\.com\\/ant_squire",
            "cookies": 0,
            "fingerprinting": 0,
            "subdomains": [
                "d-ipv6"
            ],
            "apis": {},
            "sites": 186,
            "prevalence": 0.00127,
            "cnames": [],
            "responseHashes": [
                "c68a47ec1655d1a723a082f9e047c86dd033d1b291537b0bece700bcf54c58bb",
                "3f1df73d9073656553b4c0652f2ec61b0bd11560933069e3f4c7c94d93bda8e8",
                "566275e0fd1da5b624ac40fb8aa249b13ad7b14992bf5f554f02e877ba8f29db",
                "63aa7ee89c6f57eb883ffa4980131eedf942edf235d565dc50748547261a50fc",
                "7a1dafe0f1369a74107e6d74f7369ddfd594335b5d466ddd73b0a82f9b54edc4",
                "0397c46cac3951592aa49f1a8b63d0d592cc264a3ea35912723b6d5e7acf0650",
                "63e384f1b7b5be0032695259b6a30c26589a1d61ec6f8d97ff8a1c05ebf04c92",
                "83acb39d447b9dd1272d534731cc73f4c10b2dbb93df5f90e1d580c6a55b5ee2",
                "3e0c07fa4a3c14a6e301ac580a15a9ea60c059b41c2943ddb80eed80f21f9484",
                "4ed50b77bfd882e2d44d6f2ca171733557f1fefc0ccd6672f491271ebea26f59",
                "791bbba9ad380a39371b5052ce97d8881dc99385eac9ff3e10765d6ec311a772",
                "c85951d109e9b8fc76bbe969dad5928f9aef56fcb52a919576a71cf21c83d96d",
                "72f8ec03d4dce8f3546331b885a7ec21cd71a3e19d64d22d3e21e9cbc30adbb0",
                "1140118cc178e4d90906b45599c5d3d800868f761ba68de83ef529d46844104c",
                "81913b52b7d064551aa5ef962e6b8e2a892bcddd0a79587b1aa53184edc61c2a",
                "55592d3129022ec6092aeca61c27bf4c7f36e99275636edb537cb3d282460f9a",
                "41c228ae78c3fbdc8dfb43915395aedb9f91298fc19c523676bd71aed1154550",
                "047a661ceb4b5ed3aed062357ac243a86df030145017be2355a511f057169a3c",
                "f7a6bc8ec0909dc92d685d26054fd052c60282ecb573c3c841e135886bac4002",
                "f7f64c6212bdb92b31f2cb2ae12790c35d73e6a3edbbf1c1b43807300de54dec",
                "50720ee0341eefaedcf297555eb0c65d5d55e0a1f8289ab15e84b282e6d26bd7",
                "163e92f76fc2df368df732c33fe532bee7134713b4e988d73df2aacad5247dae",
                "b1db64e9573b978748ac66f0c4f6d75878cde89640632dca0eb0202121aeae78",
                "4e219fd2cd0b255f586a0cdef7583486db5069572463078cbb606eb9727d78a2",
                "f624d3a681d70f9f4cb6e114ba07eb5914a8da7e914f4ca8da74c4547a14a34c",
                "94a5d081eed74ef11e22d256d3b0ddb6b84e8f5c0bf89c09f0ca6455fc9ab088",
                "ed9e36249d3ce3b71be4bacd4df9cf4d1630514a256f7917074bf00c339def2e",
                "dd9fe68f1302273a6c84c3f88f0fc4ceaa8f444b191c2c6acf944e0ef7b1b6e4",
                "e175b1495a781d5f3830fea0220fea9c56c69b1a4e59ca601a96e3f1a904d035",
                "9c312cc68cffe9aa9a2708cc2a95834ecd8bd905275d7154e15d4d2c0f732072",
                "d441d584f86058a8a45e1d0485e154d8a145626ed9efe3d6f21ad16dcb9656b7",
                "e8410fe3a1c0d49cb797e3b9ed2a75d24ea7b458b3fc4fd305ba7ebf5f1c373a",
                "ca45571e57084316cd25e1ad4c7ed7ada81e9f4049824839e957454b0d05dde5",
                "2f5de049035ffeca15acf8cf346bc203224595aa9284b64c0f087f86dff7fcdc",
                "d2825a5cfd0dc8e28a21b10b4c46e30bcaf53e3da22d21f0295b9eaeb239e880",
                "61b44aaeb4cca1ca1a559ec13eadead06c3ab7238e3c97cd548b3ab51be2dd54",
                "e57d0178947fac0abbbbe10711d9a66ebecb05625dd8bb5a9cc78744ff480bc7",
                "05b4de7d5d13226bc589e32488981c6e29103bc7e35cabc8e6f8ca73fe542f57",
                "5922430d3e8bc8b7d0effe23ecb744853fc8cadacdf4928fedba4ba16b771fca",
                "e03afea9430cd9e2248b32ba3be1c99b97a9d58dc49b9697d4a138a71c41fc8e",
                "d6f32a3fa4b89bbfab77047cafd418c28a1dbdcbd3d485eb864582311c5165b4",
                "33ac4272d6d5f2dd592691bff4839c9458f20aebaca5bd544f482ad0bd414bbd",
                "d4e111d0158e21e0539ac3d193dd13e2b11dccdf43de8d6711f01bb22be3a143",
                "b180f459b65272344baf047b9458deb386fa7183e2f631c497dd3ed56824e7f5",
                "fe1394342d37d2a92359bb6302f1dbb569b4fcf236f21a4888373acd7f9d98d2",
                "06b99f2fa13ffead09f9d15832d0a1b09ccd058ef0d0069d23aa1bdb80349a89",
                "e04319ebafeecc44229c4ca076abfea02527b4b6c94902415b5077ef925a80c3",
                "222dae2b16cb14d7d97d4046fa58392eede188afeb024762a279bac4ea46915d",
                "414c35ea9f28253c7a439bd0c20622697c8b99311e5d6c6e15b8382ea2e5b07d",
                "da44615f3aeba251c42ccf5aa06b87bb0f55d21ca7d4b4f325c9e51dd08404e7",
                "b472ac7278fe259b332d270e9d57c4fb532263932f6d635db5cc021c19e9c2de",
                "758d11dae2b06157df692ea42e14de716943bcbfd533bd6fa395f0c2785e64e2",
                "fab884b5608176a78eb9df82d2530f5cd55dc8fab995c99eec26ef908fd7e160",
                "508100f95e4996861c501a81833211e32166db869dfee09dd0f794869df8c064",
                "862a082640566a302bcf82797fb2fdf01320865f8d812a9ddc05f388f849269e",
                "e7919e82aa4d3e1564d7d4c5cb1213f40c365bd7dec5c6a3429adac0590d24bd",
                "fd261c1d4ccac68ec5a3674e36def65c1e929ac3d75458859de72e75289b2b25",
                "e70165bc872cde5b62f1135ff27a8e733ae13825dfb702f2e199220716a55321",
                "9ed70aa2400fd5deea09e0c9b01a92c3c45446cded0f0e65bcdd79d4f2e6febe",
                "7728b5abd37cab27c5f44e5c6bee8c217e7a8f4295bbcec037488a09aefadfd0",
                "111a8dccedbe87014de4d71cab574afdae7d429908160ebe343428e6460a58e4",
                "378b10c3a07813bb8ea2140f13c5e237c40e04933a7ebd3d8e4ec2eb98bba5ba",
                "adcefc2b38482f5617d9ec46051b523dec0bb53ac7ac13b3e25e7915d82cc2d4",
                "40186188f76acfe7f8da26be15849a8dc8748eae2f408ed180321f68505c7f8f",
                "88efc863bec658cf987d75d063ea473590b67b1806de9c9b6a65281bd646d03b",
                "876d820f64b7c9d689e4a7dd51a09d7d072109ab38700ed30ccacc3281bfbc88",
                "dd1ed173920bce2b6f4a97da9f64f1f1d338835874eca6a57b5515ff2123d5a9",
                "c94c24d41581c643654a34a1efa1de066ec6323ea5f6e6358ca853a77cf19551",
                "e486204425923f244f8db2b64ef268dbd25d32af017c8dc5267b9c2b4fb11d14",
                "42cce68936aff9239deaaab2f405000a612be3cd1e81d992ab0da668a221fecd",
                "8e9def51251fe7f35da76fedd6e9232bc1f8f50ffa4f4e2b0a74e1d3c1030ec3",
                "31b932ddfbf9daa5c54f9841c2050de95fd7fa86a17db1e39b7174cdaaacce91",
                "be0edfc095eda72b5d02ea2dcc2dfd1fbcbca85813faeb02da8b7ec8cc71573a",
                "5b81225a50944ea34afcd8886fb21fa40fc7745099f30a5b1a0f91890da736f5",
                "2ed23d945d5f1f024a58127f2af1490178407d143960fa01c834268ef34c4bcd",
                "b2cf12725567b6aaed18508c5143d98fc46ed5b25565e183ee61b936f3b9567a",
                "97e94de077b34f6829dc4989fe18a634e424df1c232c50e169b86c0c07972efe",
                "233252fc610b0a55020e12f89ee7f92eb9590acdb6e880b9f0e8815362954bd6",
                "fa1ae0f0c5a99d806d195ed67e10d31398c9a37171a561d0533815e54d95ff00",
                "c6fcb8c9a4e1fd241e2e34018d172c1aa830c22b93330edb05877ab1d26594c8",
                "f4227488497bf1340b3eaf0edc741e5bb5491fd3f82b6814594717cba6255e64",
                "3710fbcea0d966015fb823752a3bf22d9869e18f51ce7b8434feffea4044d645",
                "b69188ea2dac3fd89f868c29bc02ee4657df6e343e25dd369334536f80353d22",
                "64d6b22703bd1e88dbb1745de96a3f9dad8bb97a7b21177b69f23dcb458fa72c",
                "ea9d61c4b690a1079d342bec414e84998e017ae64b3174e1d6f57b3df793cefb",
                "40bc42eee583eace161a08c9900a4be95dbcaefe3ca795fdec728f27040a817d",
                "5d8777e29ad62eea28048f1f3e7c84cb68644e5d0b76f2cfa14b5c3694dacd6f",
                "2c8ed505985af31157dc55bb19e72c6399d54b314aa93380d7ac87b37b98b996",
