{
    "domain": "mobylog.jp",
    "owner": {},
    "source": [
        "DuckDuckGo-US"
    ],
    "prevalence": 0.0000272,
    "sites": 4,
    "subdomains": [
        "log1"
    ],
    "cnames": [],
    "fingerprinting": 1,
    "resources": [
        {
            "rule": "mobylog\\.jp\\/_tag_mobylog\\.js",
            "cookies": 0.0000136,
            "fingerprinting": 1,
            "subdomains": [
                "log1"
            ],
            "apis": {
                "Document.cookie getter": 3,
                "window.localStorage": 3,
                "Date.prototype.getTime": 2,
                "Document.cookie setter": 2
            },
            "sites": 3,
            "prevalence": 0.0000204,
            "cnames": [],
            "responseHashes": [
                "38dc89af49acb6da098700209be4f3d9ee91e2a305d56668b44be121289b67eb"
            ],
            "type": "Script",
            "firstPartyCookies": {
                "MOBYLOGTracking_Params_u_500575": {
                    "ttl": 157680012,
                    "length": 40,
                    "prevalence": 0.000006812035504329049,
                    "uniqueness": 1
                },
                "MOBYLOGTracking_Params_t_500575": {
                    "ttl": 1812,
                    "length": 40,
                    "prevalence": 0.000006812035504329049,
                    "uniqueness": 1
                },
                "MOBYLOG_ra_500575": {
                    "ttl": 157680012,
                    "length": 1,
                    "prevalence": 0.000006812035504329049,
                    "uniqueness": 1
                },
                "MOBYLOG_sv_500575": {
                    "ttl": null,
                    "length": 16,
                    "prevalence": 0.000006812035504329049,
                    "uniqueness": 1
                },
                "MOBYLOGTracking_Params_u_500738": {
                    "ttl": 157680007,
                    "length": 40,
                    "prevalence": 0.000006812035504329049,
                    "uniqueness": 1
                },
                "MOBYLOGTracking_Params_t_500738": {
                    "ttl": 1807,
                    "length": 40,
                    "prevalence": 0.000006812035504329049,
                    "uniqueness": 1
                },
                "MOBYLOG_ra_500738": {
                    "ttl": 157680007,
                    "length": 1,
                    "prevalence": 0.000006812035504329049,
                    "uniqueness": 1
                },
                "MOBYLOG_sv_500738": {
                    "ttl": null,
                    "length": 16,
                    "prevalence": 0.000006812035504329049,
                    "uniqueness": 1
                }
            },
            "firstPartyCookiesSent": {},
            "exampleSites": [
                "rekordbox.com",
                "www.bellemaison.jp",
                "www.digimart.net"
            ]
        },
        {
            "rule": "mobylog\\.jp\\/xd_plugin\\.js",
            "cookies": 0,
            "fingerprinting": 0,
            "subdomains": [
                "log1"
            ],
            "apis": {},
            "sites": 3,
            "prevalence": 0.0000204,
            "cnames": [],
            "responseHashes": [
                "4e1488b19c8d0171b04df424d4d001d285105acfcca1be665d3c356a4d55ac5e"
            ],
            "type": "Script",
            "firstPartyCookies": {},
            "firstPartyCookiesSent": {},
            "exampleSites": [
                "rekordbox.com",
                "www.bellemaison.jp",
                "www.digimart.net"
            ]
        },
        {
            "rule": "mobylog\\.jp\\/msb\\.php",
            "cookies": 0,
            "fingerprinting": 0,
            "subdomains": [
                "log1"
            ],
            "apis": {},
            "sites": 2,
            "prevalence": 0.0000136,
            "cnames": [],
            "responseHashes": [
                "b03b01de72c051e471d9843666de61c624d1e3187949e3f00fe69b04fd713de8"
            ],
            "type": "Script",
            "firstPartyCookies": {},
            "firstPartyCookiesSent": {},
            "exampleSites": [
                "rekordbox.com",
                "www.digimart.net"
            ]
        },
        {
            "rule": "mobylog\\.jp\\/dot\\.php",
            "cookies": 0.0000136,
            "fingerprinting": 0,
            "subdomains": [
                "log1"
            ],
            "apis": {},
            "sites": 2,
            "prevalence": 0.0000136,
            "cnames": [],
            "responseHashes": [
                "25479a250fbceb448aa566218c2098a0c371bc72d8bb65023b4a019a6a0b04c1"
            ],
            "type": "Image",
            "firstPartyCookies": {},
            "firstPartyCookiesSent": {},
            "exampleSites": [
                "rekordbox.com",
                "www.digimart.net"
            ]
        }
    ],
    "categories": [],
    "performance": {},
    "cookies": 0.0000204,
    "topInitiators": [
        {
            "domain": "first party",
            "prevalence": 0.5
        },
        {
            "domain": "yjtag.jp",
            "prevalence": 0.25
        },
        {
            "domain": "googletagmanager.com",
            "prevalence": 0.25
        }
    ],
    "types": {
        "Script": 8,
        "Image": 2
    },
    "nameservers": [
        "dns2.directorz.jp",
        "dns1.directorz.jp"
    ]
}