{
    "domain": "monadplug.com",
    "owner": {},
    "source": [
        "DuckDuckGo-US"
    ],
    "prevalence": 0.0000681,
    "sites": 10,
    "subdomains": [
        "cdn",
        "native-3"
    ],
    "cnames": [],
    "fingerprinting": 1,
    "resources": [
        {
            "rule": "monadplug\\.com\\/format\\/native\\/js\\/hood\\.js",
            "cookies": 0,
            "fingerprinting": 1,
            "subdomains": [
                "cdn"
            ],
            "apis": {
                "Navigator.prototype.userAgent": 9
            },
            "sites": 9,
            "prevalence": 0.0000613,
            "cnames": [],
            "responseHashes": [
                "79b3674c9bfbb5b86a57ab37eccd8ae2348f05e4785587245853099d4bc480d4"
            ],
            "type": "Script",
            "firstPartyCookies": {},
            "firstPartyCookiesSent": {},
            "exampleSites": [
                "nova24tv.si",
                "nultatacka.rs",
                "slobodnadalmacija.hr",
                "srbin.info",
                "www.b92.net",
                "www.dnevno.hr",
                "www.jutarnji.hr",
                "www.oslobodjenje.ba",
                "www.pravda.rs"
            ]
        },
        {
            "rule": "monadplug\\.com\\/",
            "cookies": 0,
            "fingerprinting": 0,
            "subdomains": [
                "native-3"
            ],
            "apis": {},
            "sites": 9,
            "prevalence": 0.0000613,
            "cnames": [],
            "responseHashes": [
                "9aaa6942f3997f895118eb841b1f063e3e49094594a642cfc36c32233b4f61e2",
                "1d73130ceb7db868b553cf52f3dd8a0c2f322599ce9a103a412dc952101425c4",
                "79c036e1a2b4bd57a025397877963800d65ce961e9ff4fb80f2ce619590e0c7c",
                "dd3f13c406b08ec8c8895f56987cf170f704fe6d51e831358e939f2e9b8948e6",
                "661a2f75384a88c9db779c820287571997eb8e31d0b65ce58d01a01b00d50eb5",
                "b4071649143c9ac981c2ab0281d9e061756b1cc779dde105c5e5488d165f1b52",
                "d3627cea227cd940556ea3e24e3986c5e3f6412f0cd121bc20285dba8d433436",
                "8f162dcf3cfffca6ff1832d427ce803ef165ca71a308a5be3d67a46b96aa4e70"
            ],
            "type": "Fetch",
            "firstPartyCookies": {},
            "firstPartyCookiesSent": {},
            "exampleSites": [
                "nova24tv.si",
                "nultatacka.rs",
                "slobodnadalmacija.hr",
                "srbin.info",
                "www.b92.net",
                "www.dnevno.hr",
                "www.jutarnji.hr",
                "www.oslobodjenje.ba",
                "www.pravda.rs"
            ]
        },
        {
            "rule": "monadplug\\.com\\/format\\/native\\/images\\/robot-no-eyes\\.png",
            "cookies": 0,
            "fingerprinting": 0,
            "subdomains": [
                "cdn"
            ],
            "apis": {},
            "sites": 9,
            "prevalence": 0.0000613,
            "cnames": [],
            "responseHashes": [
                "35aa77d5db965f008df867547a8bb9d711b136fffffb2d7dc5645c14e53fa749"
            ],
            "type": "Image",
            "firstPartyCookies": {},
            "firstPartyCookiesSent": {},
            "exampleSites": [
                "nova24tv.si",
                "nultatacka.rs",
                "slobodnadalmacija.hr",
                "srbin.info",
                "www.b92.net",
                "www.dnevno.hr",
                "www.jutarnji.hr",
                "www.oslobodjenje.ba",
                "www.pravda.rs"
            ]
        },
        {
            "rule": "monadplug\\.com\\/images\\/logo-black\\.svg",
            "cookies": 0,
            "fingerprinting": 0,
            "subdomains": [
                "cdn"
            ],
            "apis": {},
            "sites": 9,
            "prevalence": 0.0000613,
            "cnames": [],
            "responseHashes": [
                "7fa5589c65bb638dcad5c917ba3294811a32eebc08685981310de22bb18fb3ba"
            ],
            "type": "Image",
            "firstPartyCookies": {},
            "firstPartyCookiesSent": {},
            "exampleSites": [
                "nova24tv.si",
                "nultatacka.rs",
                "slobodnadalmacija.hr",
                "srbin.info",
                "www.b92.net",
                "www.dnevno.hr",
                "www.jutarnji.hr",
                "www.oslobodjenje.ba",
                "www.pravda.rs"
            ]
        },
        {
            "rule": "monadplug\\.com\\/format\\/native\\/images\\/native\\.png",
            "cookies": 0,
            "fingerprinting": 0,
            "subdomains": [
                "cdn"
            ],
            "apis": {},
            "sites": 9,
            "prevalence": 0.0000613,
            "cnames": [],
            "responseHashes": [
                "23330fd60c4abdd45724320be97aea5eb61cb2b5a21e782c6fc580014200cc5a"
            ],
            "type": "Image",
            "firstPartyCookies": {},
            "firstPartyCookiesSent": {},
            "exampleSites": [
                "nova24tv.si",
                "nultatacka.rs",
                "slobodnadalmacija.hr",
                "srbin.info",
                "www.b92.net",
                "www.dnevno.hr",
                "www.jutarnji.hr",
                "www.oslobodjenje.ba",
                "www.pravda.rs"
            ]
        },
        {
            "rule": "monadplug\\.com\\/format\\/native\\/images\\/push\\.png",
            "cookies": 0,
            "fingerprinting": 0,
            "subdomains": [
                "cdn"
            ],
            "apis": {},
            "sites": 9,
            "prevalence": 0.0000613,
            "cnames": [],
            "responseHashes": [
                "ba89d9614011ffd853da140d2d039aac4420676079418c36d60f58f97de4fb4d"
            ],
            "type": "Image",
            "firstPartyCookies": {},
            "firstPartyCookiesSent": {},
            "exampleSites": [
                "nova24tv.si",
                "nultatacka.rs",
                "slobodnadalmacija.hr",
                "srbin.info",
                "www.b92.net",
                "www.dnevno.hr",
                "www.jutarnji.hr",
                "www.oslobodjenje.ba",
                "www.pravda.rs"
            ]
        },
        {
            "rule": "monadplug\\.com\\/format\\/native\\/images\\/inpagepush\\.png",
            "cookies": 0,
            "fingerprinting": 0,
            "subdomains": [
                "cdn"
            ],
            "apis": {},
            "sites": 9,
            "prevalence": 0.0000613,
            "cnames": [],
            "responseHashes": [
                "5a1d03d33ef52e6cefd3e33f6207382ad386e1a2e1b497b725ce355ff0bb9b3a"
            ],
            "type": "Image",
            "firstPartyCookies": {},
            "firstPartyCookiesSent": {},
            "exampleSites": [
                "nova24tv.si",
                "nultatacka.rs",
                "slobodnadalmacija.hr",
                "srbin.info",
                "www.b92.net",
                "www.dnevno.hr",
                "www.jutarnji.hr",
                "www.oslobodjenje.ba",
                "www.pravda.rs"
            ]
        },
        {
            "rule": "monadplug\\.com\\/format\\/native\\/images\\/pop-under\\.png",
            "cookies": 0,
            "fingerprinting": 0,
            "subdomains": [
                "cdn"
            ],
            "apis": {},
            "sites": 9,
            "prevalence": 0.0000613,
            "cnames": [],
            "responseHashes": [
                "051cead550194723ee5ac475f491b0bca04ff00ad60e230c5ece4d4e397b96f0"
            ],
            "type": "Image",
            "firstPartyCookies": {},
            "firstPartyCookiesSent": {},