{
    "domain": "moviead55.ru",
    "owner": {},
    "source": [
        "DuckDuckGo-US"
    ],
    "prevalence": 0.000123,
    "sites": 18,
    "subdomains": [
        "code",
        "logger",
        "static"
    ],
    "cnames": [],
    "fingerprinting": 3,
    "resources": [
        {
            "rule": "moviead55\\.ru\\/madstyle\\.css",
            "cookies": 0,
            "fingerprinting": 0,
            "subdomains": [
                "code"
            ],
            "apis": {},
            "sites": 14,
            "prevalence": 0.0000954,
            "cnames": [],
            "responseHashes": [
                "f80e9a247ecad2331bcac93372517f8f82b8c6012a8f7486fa85287bf7c9a993",
                "e3e8207b3443d41f8cf3df952050a6521241804e06427f40e773cd964825e25f",
                "cf64c42ac8ba878c8f8ad1e3a5260b119f70ea07ceb44c5898f80d8f19f00ee4",
                "fce95fbf3cdba4e5c1341fc2b80bc95212d4a2d7b55a87d83bba9936ed6bbb34",
                "286045333671239f74009cdd132918b544337d871e010803747e8e5f23a089ce",
                "20f3e41c9ac1a2fee77c9de9f22bb2554cf6c87d83aa209ab1c3e7d6669aec51",
                "6b7b962db83a78992c8a16957acc9407895a22db00580b28f2858ef608cd9abb",
                "3158570a97d74aab426e0c8a9c3be505f6f1aca4642de35a7579dd25706b386f",
                "7b6efe5ceaf6ed547dfde11c31f10df1524e9160cdbc7dd99382c5bf4d38ed82",
                "320bc0b94a0e68082c1f2029f0f478b014d7ed6577ce2b70b1b07501cbacc1c4",
                "23acc2358fe179bc53ce2838efce7e40faca37d4c8523ad74c26f2dbbfc353b3",
                "b2175ac4ee0792819b2c095513617b20c4991beb24a1f161822c0900bbd15b9e",
                "3501cef89301e346d88d9e6ea4301b46a9a2b1682d798d5b8e513e41dad6c391"
            ],
            "type": "Stylesheet",
            "firstPartyCookies": {},
            "firstPartyCookiesSent": {},
            "exampleSites": [
                "11klasov.net",
                "hd-rezka.biz",
                "jut-su.me",
                "kinogoo.zone",
                "kinozal.tv",
                "new-rutor.org",
                "onlinemultfilmy.ru",
                "reproduktor.net",
                "rutor.info",
                "serialry.online",
                "turkru.guru",
                "vkino.lafa.site",
                "vse-4asti-filmov.online",
                "www.rutor.info"
            ]
        },
        {
            "rule": "moviead55\\.ru\\/logger\\.php",
            "cookies": 0,
            "fingerprinting": 0,
            "subdomains": [
                "logger"
            ],
            "apis": {},
            "sites": 14,
            "prevalence": 0.0000954,
            "cnames": [],
            "responseHashes": [
                "389d4abf83fdf0701b0e481fa43847b95201e1dc590e7f669283f421ddf13c3d"
            ],
            "type": "Image",
            "firstPartyCookies": {},
            "firstPartyCookiesSent": {},
            "exampleSites": [
                "11klasov.net",
                "hd-rezka.biz",
                "jut-su.me",
                "kinogoo.zone",
                "kinozal.tv",
                "new-rutor.org",
                "onlinemultfilmy.ru",
                "reproduktor.net",
                "rutor.info",
                "serialry.online",
                "turkru.guru",
                "vkino.lafa.site",
                "vse-4asti-filmov.online",
                "www.rutor.info"
            ]
        },
        {
            "rule": "moviead55\\.ru\\/go\\/bmap",
            "cookies": 0,
            "fingerprinting": 1,
            "subdomains": [
                "code"
            ],
            "apis": {
                "window.localStorage": 13,
                "Date.prototype.getTime": 13
            },
            "sites": 14,
            "prevalence": 0.0000954,
            "cnames": [],
            "responseHashes": [
                "8abf96a3d7ba0cfa8bb9820f924b3225af1bdd19730ee7af35ef457db2b5350b",
                "2d6f88d4249f47604d63ebe5c5f78d9e3aaed3963317d6aed7a29cd4c4352b82",
                "2bd912a6155911d512707b2b831b20a517c21f75277362d200467fc84cf03efd",
                "2d9b3ea12beb87053b713e1a8b3c787718c3dd5566795c5c4562956f36e1acdd",
                "d1005040525a3e22182c9ac27cc1e658bf83adb09ed71fd3af18ca036515d3d8",
                "9f00af650b8ce1c9675646ba4be8e0693bbfecd5a2bb411d68c6c0d8fa45c98c",
                "5f19bafd220b2994c5319b100df681f4b2f22a3a04e7a879701583eab7f6b6d9",
                "28c99bc698db19f88edf23e8d3ad8082eca177dbca6334af86b7432db0840262",
                "08255fe8143267082efcd5c19049b6a36e36859a4aad96b77c5acefcbce89bc5",
                "2e9dae4cfa3db3321894d9d09034bf65fa57018d6f5aa7f079f0be39e76a6000",
                "d1397fc9e929b415b0a5faf64ffd86ad30e4715f9a00f0298425aa513a1e2ca5",
                "0db02342c69e6a591085e028a097f9bee3584c3ba0e2c9a78f673383fd290193"
            ],
            "type": "Script",
            "firstPartyCookies": {},
            "firstPartyCookiesSent": {},
            "exampleSites": [
                "11klasov.net",
                "hd-rezka.biz",
                "jut-su.me",
                "kinogoo.zone",
                "kinozal.tv",
                "new-rutor.org",
                "onlinemultfilmy.ru",
                "reproduktor.net",
                "rutor.info",
                "serialry.online",
                "turkru.guru",
                "vkino.lafa.site",
                "vse-4asti-filmov.online",
                "www.rutor.info"
            ]
        },
        {
            "rule": "moviead55\\.ru\\/mp_dist\\/mstream2\\.js",
            "cookies": 0,
            "fingerprinting": 3,
            "subdomains": [
                "static"
            ],
            "apis": {
                "Navigator.prototype.userAgent": 13,
                "Navigator.prototype.platform": 13,
                "Navigator.prototype.connection": 13,
                "Date.prototype.getTime": 13,
                "Navigator.prototype.appVersion": 13,
                "window.outerWidth": 13,
                "window.outerHeight": 13,
                "window.innerWidth": 13,
                "window.innerHeight": 13,
                "Navigator.prototype.plugins": 13,
                "Navigator.prototype.productSub": 13,
                "Navigator.prototype.mimeTypes": 13,
                "WebGLRenderingContext.prototype.getParameter": 13,
                "Navigator.prototype.webdriver": 13,
                "Navigator.prototype.language": 13,
                "Navigator.prototype.languages": 13,
                "Navigator.prototype.vendor": 13,
                "Navigator.prototype.permissions": 13,
                "Navigator.prototype.hardwareConcurrency": 13,
                "URL.createObjectURL": 13,
                "Notification.permission": 13,
                "Screen.prototype.width": 1,
                "Screen.prototype.height": 1,
                "Screen.prototype.orientation": 1,
                "window.devicePixelRatio": 1
            },
            "sites": 13,
            "prevalence": 0.0000886,
            "cnames": [],
            "responseHashes": [
                "a95d4de81a2bff5c41b023164fb88d1cd03245f2e475a2b8c516a86b94fecdb6"
            ],
            "type": "Script",
            "firstPartyCookies": {},
            "firstPartyCookiesSent": {},
            "exampleSites": [
                "11klasov.net",
                "jut-su.me",
                "kinogoo.zone",
                "kinozal.tv",
                "new-rutor.org",
                "onlinemultfilmy.ru",
                "reproduktor.net",
                "rutor.info",
                "serialry.online",
                "turkru.guru",
                "vkino.lafa.site",
                "vse-4asti-filmov.online",
                "www.rutor.info"
            ]
        },
        {
            "rule": "moviead55\\.ru\\/go\\/cinit",
            "cookies": 0.0000886,
            "fingerprinting": 0,