{
    "domain": "myregistry.com",
    "owner": {
        "name": "My Life Registry LLC",
        "displayName": "My Life Registry"
    },
    "source": [
        "DuckDuckGo-US"
    ],
    "prevalence": 0.000259,
    "sites": 38,
    "subdomains": [
        "www"
    ],
    "cnames": [],
    "fingerprinting": 1,
    "resources": [
        {
            "rule": "myregistry\\.com\\/ScriptPlatform\\/Shopify\\/AddToMrButton\\.js",
            "cookies": 0.0000681,
            "fingerprinting": 1,
            "subdomains": [
                "www"
            ],
            "apis": {
                "Navigator.prototype.userAgent": 5
            },
            "sites": 10,
            "prevalence": 0.0000681,
            "cnames": [],
            "responseHashes": [
                "c9c208aa032ce1297914e6873f0848dd3b696d6225466efb065ce2bceca7c12d",
                "2d104b91830b1d4da42a72df6bdae91970afba68a2233eec3b51485c1add37e1",
                "2b88e167e03479847b0d704ce811ae31328255e40d6fbbf95277298fa0b30c44",
                "b295b56ee84673f0309c2ec8eefb0e3fb3473f3d6c4498a48096be2959741070",
                "768b1a18d7cacec37a38789b1f379d5ffa897e295a3d8b8db233e9a0fc630dd2",
                "1dbaa7a66e793eeb0d61de610de0973d773f1887f8da318350cec32b03973f9d",
                "111ce1a09c52a79bfd080cd6613220daab67e325865247485b5b26d50c49be0b",
                "854907f006b875902331c6964ffd9fd3e7fde505f58a21929bc603e45b769787",
                "a807a27f2c1e93c73ee3d27be249c59534d5155ef3dd7370596a25698b82aee3"
            ],
            "type": "Script",
            "firstPartyCookies": {},
            "firstPartyCookiesSent": {},
            "exampleSites": [
                "fiestafactorydirect.com",
                "love-lust-latex.myshopify.com",
                "us.eufy.com",
                "www.fitzandfloyd.com",
                "www.happiestbaby.com",
                "www.mcgeeandco.com",
                "www.mikasa.com",
                "www.nestbedding.com",
                "www.pfaltzgraff.com",
                "www.vietri.com"
            ]
        },
        {
            "rule": "myregistry\\.com\\/WidgetScriptSet\\/MerchantWidgetButtonScript\\.js",
            "cookies": 0.000109,
            "fingerprinting": 1,
            "subdomains": [
                "www"
            ],
            "apis": {
                "Document.cookie getter": 15,
                "Date.prototype.getTime": 16,
                "Document.cookie setter": 15
            },
            "sites": 16,
            "prevalence": 0.000109,
            "cnames": [],
            "responseHashes": [
                "6dd564526c3ade738d122651fab04cdbb0949b7e95aff9f54bc98a3e806d047a",
                "1673b97c08bd8eadccffd543a80db90cb6129cdb86c2887a73575cdb22f79c7b",
                "9927b15bf5b571ba91e064c652157a7307e26defb4a2a0c7dc1baa77abc79ac5",
                "a7fdb4aaddc5faacd808c31e998f99728ad20f3ea933ba41cc45bea61da94f21",
                "0f8c8d454e46de2959dddea73ecf8afe3ec5ee6dd3a7c42277ffd8cb1b32ac8d",
                "842893e7fdf5db60d3a8d452b6869e78d3ffacf36ec0d2f9aea0c7f0c2d23142",
                "6a1f2b31a3b03f76b96f8c163834dbcbedd8970fd95d36d57fb709baa53d03cf",
                "b8fbbfe5b202a015462c8c623218a1707a77d295da4d5990779ccd540add4920",
                "ab6c8b2c4d48565421eaf226c1f07bf89338d52a8e62a171853bc2acaa52180a",
                "d38c2da17f429ae612ca04544da9e3a4a8656f1af70836bdbb91a110068f46db",
                "f653fa632c992062bb24e25827ff8c54fdf71720e94e7df92859e2ea514f2375",
                "ea56bf3d90b543c113fea52ed9d6cf031f7d7690ce062f3b76031af5d46c9639",
                "378619e7cc18c3ca88a920b56bb6256cdb720616ace91f4b17e1998328ea36a2",
                "c3fc7016e670e10f6a89331aad4280622de0f64b3ee2ec5b6b522b718927464f",
                "165c78b6ca2ed08bcb5be36d1eead4893b9e0aa247985658b67d64f50a4d7a88"
            ],
            "type": "Script",
            "firstPartyCookies": {
                "MrSoftwareSettings": {
                    "ttl": 3606,
                    "length": 38,
                    "prevalence": 0.00010218053256493573,
                    "uniqueness": 0.06666666666666667
                }
            },
            "firstPartyCookiesSent": {},
            "exampleSites": [
                "fiestafactorydirect.com",
                "love-lust-latex.myshopify.com",
                "noritakechina.com",
                "us.eufy.com",
                "www.burtsbeesbaby.com",
                "www.everythingkitchens.com",
                "www.fatbraintoys.com",
                "www.fitzandfloyd.com",
                "www.happiestbaby.com",
                "www.mackenzie-childs.com",
                "www.mcgeeandco.com",
                "www.mikasa.com",
                "www.natori.com",
                "www.nestbedding.com",
                "www.pfaltzgraff.com",
                "www.vietri.com"
            ]
        },
        {
            "rule": "myregistry\\.com\\/Images\\/Logos\\/widget-mrlogo\\.png",
            "cookies": 0,
            "fingerprinting": 0,
            "subdomains": [
                "www"
            ],
            "apis": {},
            "sites": 4,
            "prevalence": 0.0000272,
            "cnames": [],
            "responseHashes": [
                "b36987b1d35aa8ffa5eece23149275d340ed8a046c27af52f994301027153c37"
            ],
            "type": "Image",
            "firstPartyCookies": {},
            "firstPartyCookiesSent": {},
            "exampleSites": [
                "fiestafactorydirect.com",
                "noritakechina.com",
                "www.mikasa.com",
                "www.pfaltzgraff.com"
            ]
        },
        {
            "rule": "myregistry\\.com\\/ScriptPlatform\\/Common\\/SoftwareSettings\\.js",
            "cookies": 0,
            "fingerprinting": 0,
            "subdomains": [
                "www"
            ],
            "apis": {},
            "sites": 16,
            "prevalence": 0.000109,
            "cnames": [],
            "responseHashes": [
                "defa13d3a34bde7f47c4164aa894640a46c82b98aebb534052d94902b357dadf"
            ],
            "type": "Script",
            "firstPartyCookies": {},
            "firstPartyCookiesSent": {},
            "exampleSites": [
                "fiestafactorydirect.com",
                "love-lust-latex.myshopify.com",
                "noritakechina.com",
                "us.eufy.com",
                "www.burtsbeesbaby.com",
                "www.everythingkitchens.com",
                "www.fatbraintoys.com",
                "www.fitzandfloyd.com",
                "www.happiestbaby.com",
                "www.mackenzie-childs.com",
                "www.mcgeeandco.com",
                "www.mikasa.com",
                "www.natori.com",
                "www.nestbedding.com",
                "www.pfaltzgraff.com",
                "www.vietri.com"
            ]
        },
        {
            "rule": "myregistry\\.com\\/ScriptPlatform\\/Magento\\/AddToMrButton\\.js",
            "cookies": 0.0000204,
            "fingerprinting": 0,
            "subdomains": [
                "www"
            ],
            "apis": {},
            "sites": 3,
            "prevalence": 0.0000204,
            "cnames": [],
            "responseHashes": [
                "baa7c4a50e4cd3136849efe49c0bc316b12384f4ae5497e654e1e992e2852556",
                "fbdf8cadafdbfa0fb9f81c990a26722d61ffcb82a6e1194239d99369843d2ad4"
            ],
            "type": "Script",
            "firstPartyCookies": {},
            "firstPartyCookiesSent": {},
            "exampleSites": [
                "noritakechina.com",
                "www.burtsbeesbaby.com",
                "www.everythingkitchens.com"
            ]
        },
        {
            "rule": "myregistry\\.com\\/ScriptPlatform\\/API\\/AddButtonSDK\\.js",
            "cookies": 0.0000545,
            "fingerprinting": 0,