{
    "domain": "mysimplestore.com",
    "owner": {},
    "source": [
        "DuckDuckGo-US"
    ],
    "prevalence": 0.0000341,
    "sites": 5,
    "subdomains": [
        "580cb395-e6a5-4779-9e88-15a0da589a97",
        "e4a6735c-aafa-4125-85d2-38e598671215",
        "1ee04df7-358c-412d-a6c5-589dc37baf4a",
        "5edaeaaa-d66d-44ae-97fc-e7ae0629e69e"
    ],
    "cnames": [],
    "fingerprinting": 0,
    "resources": [
        {
            "rule": "mysimplestore\\.com\\/api\\/v3\\/config",
            "cookies": 0.0000272,
            "fingerprinting": 0,
            "subdomains": [
                "580cb395-e6a5-4779-9e88-15a0da589a97",
                "e4a6735c-aafa-4125-85d2-38e598671215",
                "1ee04df7-358c-412d-a6c5-589dc37baf4a",
                "5edaeaaa-d66d-44ae-97fc-e7ae0629e69e"
            ],
            "apis": {},
            "sites": 4,
            "prevalence": 0.0000272,
            "cnames": [],
            "responseHashes": [
                "cdf0e9d26ccd6e39359a68782f92103632b1c9f47395af20bfd3e7ac3ffa259e",
                "de556d9c17e468e7478d9ac4bbad83993e6ab77e1dd82412724aa4f986b43c2b",
                "c75e4fa41311d554352dd7ce4063c9bbad232750bd1c8ff8da5c2b4c02d66b5d"
            ],
            "type": "XHR",
            "firstPartyCookies": {},
            "firstPartyCookiesSent": {},
            "exampleSites": [
                "bayoubrassandammo.com",
                "chameleonantenna.com",
                "oxballs.com",
                "wendyradio.com"
            ]
        }
    ],
    "categories": [],
    "performance": {},
    "cookies": 0.0000341,
    "topInitiators": [
        {
            "domain": "wsimg.com",
            "prevalence": 0.9166666666666666
        },
        {
            "domain": "first party",
            "prevalence": 0.08333333333333333
        }
    ],
    "types": {
        "XHR": 4
    },
    "nameservers": [
        "cns1.secureserver.net",
        "cns2.secureserver.net"
    ]
}