{
    "domain": "nativendo.de",
    "owner": {},
    "source": [
        "DuckDuckGo-US"
    ],
    "prevalence": 0.000177,
    "sites": 26,
    "subdomains": [
        "b",
        "d",
        "c",
        "n",
        "dmp",
        "t2",
        "img"
    ],
    "cnames": [],
    "fingerprinting": 1,
    "resources": [
        {
            "rule": "nativendo\\.de\\/cds\\/rtb\\/bid",
            "cookies": 0.0000204,
            "fingerprinting": 0,
            "subdomains": [
                "b"
            ],
            "apis": {},
            "sites": 4,
            "prevalence": 0.0000272,
            "cnames": [],
            "responseHashes": [
                "b4c45c1288011a965d56093259690feb1db233944b20f457109f24d34482f0b0",
                "e3b0c44298fc1c149afbf4c8996fb92427ae41e4649b934ca495991b7852b855"
            ],
            "type": "XHR",
            "firstPartyCookies": {},
            "firstPartyCookiesSent": {},
            "exampleSites": [
                "mixed.de",
                "ratgeber.immowelt.de",
                "www.dcode.fr",
                "www.thestudentroom.co.uk"
            ]
        },
        {
            "rule": "nativendo\\.de\\/cds\\/delivery\\/init",
            "cookies": 0,
            "fingerprinting": 0,
            "subdomains": [
                "d"
            ],
            "apis": {},
            "sites": 19,
            "prevalence": 0.000129,
            "cnames": [],
            "responseHashes": [
                "1ab5a604115c45e6b1b859481a5888730b0108e2aab778913a5218a82b2bfa1b",
                "38b649d12e07b485e8d5859d166f6883b31b5b99e78f0e5b7211cb3362faa974",
                "4636184bb7eda1ed6584789e59b0d68d80642060e704f480441384f5d8690394",
                "553dd8358ec8fc774a67d833894597d66b58fa3bcb0f6c74e87bc757d6e4bb59",
                "50cb7eb3930a6b6f9ab651bfe8fd1b57e2baab58e53936dfe524da66d0c1d3fb",
                "e6b0535e38d94d67f6f755e454f6ea19bfc910042a1bf0296aadae3f37ce9715",
                "15a6c317183911647ad019cb0203a8745e527a698a24b38bb195f004da3931ce"
            ],
            "type": "Script",
            "firstPartyCookies": {},
            "firstPartyCookiesSent": {},
            "exampleSites": [
                "osthessen-news.de",
                "www.allgaeuer-zeitung.de",
                "www.emotion.de",
                "www.esslinger-zeitung.de",
                "www.frankenpost.de",
                "www.idowa.de",
                "www.insuedthueringen.de",
                "www.kurier.de",
                "www.pz-news.de",
                "www.schwarzwaelder-bote.de",
                "www.stuttgarter-nachrichten.de",
                "www.stuttgarter-zeitung.de",
                "www.tag24.de",
                "www.tagblatt.de",
                "www.testedich.de",
                "www.tiervermittlung.de",
                "www.yasni.de",
                "www.zeitjung.de",
                "www.zvw.de"
            ]
        },
        {
            "rule": "nativendo\\.de\\/cdn\\/asset\\/js\\/init\\.js",
            "cookies": 0,
            "fingerprinting": 0,
            "subdomains": [
                "c"
            ],
            "apis": {},
            "sites": 19,
            "prevalence": 0.000129,
            "cnames": [],
            "responseHashes": [
                "b297ec93ef512bc8899565f28e25263a73c997bda75adc4da9580b1a5496badd"
            ],
            "type": "Script",
            "firstPartyCookies": {},
            "firstPartyCookiesSent": {},
            "exampleSites": [
                "osthessen-news.de",
                "www.allgaeuer-zeitung.de",
                "www.emotion.de",
                "www.esslinger-zeitung.de",
                "www.frankenpost.de",
                "www.idowa.de",
                "www.insuedthueringen.de",
                "www.kurier.de",
                "www.pz-news.de",
                "www.schwarzwaelder-bote.de",
                "www.stuttgarter-nachrichten.de",
                "www.stuttgarter-zeitung.de",
                "www.tag24.de",
                "www.tagblatt.de",
                "www.testedich.de",
                "www.tiervermittlung.de",
                "www.yasni.de",
                "www.zeitjung.de",
                "www.zvw.de"
            ]
        },
        {
            "rule": "nativendo\\.de\\/cds\\/delivery\\/init\\/gdpr\\/0\\/gdpr_consent\\/",
            "cookies": 0.0000341,
            "fingerprinting": 1,
            "subdomains": [
                "d"
            ],
            "apis": {
                "window.localStorage": 4
            },
            "sites": 5,
            "prevalence": 0.0000341,
            "cnames": [],
            "responseHashes": [
                "3f2f0df2d5095c037b9dc942effb5960721caabdb1ba728c19358f18db593935",
                "3b95ceaac3576f40f8fe55d537d76f056baae3fab21c4611924818359eb85677",
                "9fa47d5e6675424ded00ac10822edae0c1cb5790a76c364d6a34b4e54d2d3a96"
            ],
            "type": "Script",
            "firstPartyCookies": {},
            "firstPartyCookiesSent": {},
            "exampleSites": [
                "osthessen-news.de",
                "www.idowa.de",
                "www.pz-news.de",
                "www.tag24.de",
                "www.testedich.de"
            ]
        },
        {
            "rule": "nativendo\\.de\\/cdn\\/asset\\/js\\/loader\\.js",
            "cookies": 0,
            "fingerprinting": 1,
            "subdomains": [
                "c"
            ],
            "apis": {
                "Navigator.prototype.userAgent": 8,
                "Document.cookie getter": 8,
                "Date.prototype.getTime": 2
            },
            "sites": 8,
            "prevalence": 0.0000545,
            "cnames": [],
            "responseHashes": [
                "96904c5706226cff35871c5f0e053a109c84af4c5ab9c6d39e6ab6996e61426a"
            ],
            "type": "Script",
            "firstPartyCookies": {},
            "firstPartyCookiesSent": {},
            "exampleSites": [
                "osthessen-news.de",
                "www.allgaeuer-zeitung.de",
                "www.idowa.de",
                "www.pz-news.de",
                "www.tag24.de",
                "www.tiervermittlung.de",
                "www.yasni.de",
                "www.zeitjung.de"
            ]
        },
        {
            "rule": "nativendo\\.de\\/cdn\\/asset\\/css\\/nativendo\\.css",
            "cookies": 0,
            "fingerprinting": 0,
            "subdomains": [
                "c"
            ],
            "apis": {},
            "sites": 8,
            "prevalence": 0.0000545,
            "cnames": [],
            "responseHashes": [
                "aaa70720fa14ec3355710f0cd0779b8d37d59eb006064b122b86a255ee488860"
            ],
            "type": "Stylesheet",
            "firstPartyCookies": {},
            "firstPartyCookiesSent": {},
            "exampleSites": [
                "osthessen-news.de",
                "www.allgaeuer-zeitung.de",
                "www.idowa.de",
                "www.pz-news.de",
                "www.tag24.de",
                "www.tiervermittlung.de",
                "www.yasni.de",
                "www.zeitjung.de"
            ]
        },
        {
            "rule": "nativendo\\.de\\/cds\\/delivery\\/get\\/",
            "cookies": 0.0000341,
            "fingerprinting": 0,
            "subdomains": [
                "d"
            ],
            "apis": {},
            "sites": 8,
            "prevalence": 0.0000545,
            "cnames": [],