{
    "domain": "nationalworld.com",
    "owner": {},
    "source": [
        "DuckDuckGo-US"
    ],
    "prevalence": 0.000102,
    "sites": 15,
    "subdomains": [
        "id"
    ],
    "cnames": [],
    "fingerprinting": 0,
    "resources": [
        {
            "rule": "nationalworld\\.com\\/id\\/api\\/v1\\/identity\\/token\\/verify",
            "cookies": 0.0000886,
            "fingerprinting": 0,
            "subdomains": [
                "id"
            ],
            "apis": {},
            "sites": 13,
            "prevalence": 0.0000886,
            "cnames": [],
            "responseHashes": [
                "9f3eb77bf287c130f1eefc1bab55fcba25d380739607eb4a77ec5d08126d837c",
                "0bfd52d215a3b06fdbed1906c3514611bdb126432911894236694b97c95d4c5e",
                "f7d67a499578b53132f27ef541d94f5cdd3b61f10b24255b5b267d9b04f7c36f",
                "9524cbee100c0d9b2ed809eace8dd127b5a78d4ecbb12c6f4107c527743d914d",
                "bdf967a004a91259140738604ba2bb956721d5b9821952b9db6d693b127b45ef",
                "acacd3e6411ae35318692de4eda49d01bf54bf260b383afd3a435c1b40ae0a07",
                "3c9f229359f4751630815ab5ab49a680f3bff6d47d6224e8c95ea77c2040ae08",
                "2e5306d69e67658b3ebd5e95fcee0f0ac5f131b49e6332dae374c60501d493ea",
                "40a484702a1b16c2497c11db4228a6d80d48761f2f8f5168fe0737408b112755",
                "69e6d448b0e31709be824658905b0506538ab8d5a652d16eafbd54c848ef2cf5",
                "6d37672ea657693de62c94ce295fa872e8082266a5c921c0908cd8321a39dc06",
                "104a0b423b8a95e37fa3161f485c2d55fb31f29b04a140a30121429005631f97"
            ],
            "type": "Script",
            "firstPartyCookies": {},
            "firstPartyCookiesSent": {
                "lotame_domain_check": 0.00008855646155627764,
                "__pid": 0.00007493239054761953,
                "cX_P": 0.00008855646155627764
            },
            "exampleSites": [
                "derbyshiretimes.co.uk",
                "www.edinburghnews.scotsman.com",
                "www.lep.co.uk",
                "www.newsletter.co.uk",
                "www.northamptonchron.co.uk",
                "www.peterboroughtoday.co.uk",
                "www.portsmouth.co.uk",
                "www.scotsman.com",
                "www.sunderlandecho.com",
                "www.sussexexpress.co.uk",
                "www.thestar.co.uk",
                "www.yorkshireeveningpost.co.uk",
                "www.yorkshirepost.co.uk"
            ]
        }
    ],
    "categories": [],
    "performance": {},
    "cookies": 0.000102,
    "topInitiators": [
        {
            "domain": "tinypass.com",
            "prevalence": 1
        }
    ],
    "types": {
        "Script": 13
    },
    "nameservers": [
        "ns2.nationalworld.com",
        "ns1.nationalworld.com"
    ]
}