{
    "domain": "nativery.com",
    "owner": {},
    "source": [
        "DuckDuckGo-US"
    ],
    "prevalence": 0.0000749,
    "sites": 11,
    "subdomains": [
        "cdn",
        "w",
        "cdnimg"
    ],
    "cnames": [],
    "fingerprinting": 2,
    "resources": [
        {
            "rule": "nativery\\.com\\/widget\\/js\\/nat\\.js",
            "cookies": 0,
            "fingerprinting": 1,
            "subdomains": [
                "cdn"
            ],
            "apis": {
                "Navigator.prototype.userAgent": 11
            },
            "sites": 11,
            "prevalence": 0.0000749,
            "cnames": [],
            "responseHashes": [
                "df150557612d5b860a9001f6bd31486f5007884ffc6d04a27412d6ae5915583c"
            ],
            "type": "Script",
            "firstPartyCookies": {},
            "firstPartyCookiesSent": {},
            "exampleSites": [
                "sportando.basketball",
                "www.cognomix.it",
                "www.divinacocina.es",
                "www.hogarmania.com",
                "www.ideegreen.it",
                "www.ilparagone.it",
                "www.ilturista.info",
                "www.maurizioblondet.it",
                "www.oroscopissimi.it",
                "www.targatocn.it",
                "www.teamworld.it"
            ]
        },
        {
            "rule": "nativery\\.com\\/delivery",
            "cookies": 0,
            "fingerprinting": 0,
            "subdomains": [
                "w"
            ],
            "apis": {},
            "sites": 11,
            "prevalence": 0.0000749,
            "cnames": [],
            "responseHashes": [
                "dd348dfba338c1ff705ca765c442f3e839950ee8dc22cb4581e6e5fb54d8f551",
                "4b3ccd80e8cc6ea1ef02d26dfb8ca7cc8fc161da04b5f918928f812922fce4f4",
                "ea2485e8f1c3aa4f46f8318ff4464dcd4136de6676d25cb4ed8071e3deab525b",
                "b2ba93f82f2dfba14daa5068bb9330d66dfed5f2a3e8ae160b01a6478beae8a9",
                "12493eef794bf246cdae66ace03b5cf02c388ed0b912a2b4351489b7d19c123f",
                "e26cae8bb7cb24a4931c8d3cefec422f187804af84f0e478eff701cc628b6bb0",
                "c1dde83983424856f282f801f6fa279f48586090e440d511ecbe274487bd7866",
                "2e5fd66d839a1d44c05b79b362c1d85064709d9b9c2136b399763a77c5da8fd8",
                "46485d175ef881bb1078c078c2bd6cab1e1547b297cb2a93bf650a6996930e05",
                "9c327821bc7f520b45c97ebcbcbf47bba010b3f78cf6a4315b0b63b7fa597eb6"
            ],
            "type": "Fetch",
            "firstPartyCookies": {},
            "firstPartyCookiesSent": {
                "lotame_domain_check": 0.00003406017752164524
            },
            "exampleSites": [
                "sportando.basketball",
                "www.cognomix.it",
                "www.divinacocina.es",
                "www.hogarmania.com",
                "www.ideegreen.it",
                "www.ilparagone.it",
                "www.ilturista.info",
                "www.maurizioblondet.it",
                "www.oroscopissimi.it",
                "www.targatocn.it",
                "www.teamworld.it"
            ]
        },
        {
            "rule": "nativery\\.com\\/widget\\/js\\/prebid\\.js",
            "cookies": 0,
            "fingerprinting": 2,
            "subdomains": [
                "cdn"
            ],
            "apis": {
                "window.sessionStorage": 7,
                "Date.prototype.getTime": 6,
                "window.innerWidth": 6,
                "window.innerHeight": 6,
                "Navigator.prototype.doNotTrack": 6,
                "Navigator.prototype.userAgent": 6,
                "Navigator.prototype.language": 6,
                "Navigator.prototype.cookieEnabled": 6
            },
            "sites": 7,
            "prevalence": 0.0000477,
            "cnames": [],
            "responseHashes": [
                "fa0c7a0598540bc0f3f9b32a460fb5a4d0a37e9c181348d73f4075abcdc47794"
            ],
            "type": "Script",
            "firstPartyCookies": {},
            "firstPartyCookiesSent": {},
            "exampleSites": [
                "cognomix.it",
                "www.ilparagone.it",
                "www.ilturista.info",
                "www.maurizioblondet.it",
                "www.oroscopissimi.it",
                "www.targatocn.it",
                "www.teamworld.it"
            ]
        },
        {
            "rule": "nativery\\.com\\/prebid",
            "cookies": 0,
            "fingerprinting": 0,
            "subdomains": [
                "w"
            ],
            "apis": {},
            "sites": 6,
            "prevalence": 0.0000409,
            "cnames": [],
            "responseHashes": [
                "f41218b58b3576006be20ec410a9c8e31b17dbb9251e637339f17a8f70e877a3",
                "72092459e1e699fb3a614eb98ba5d59bef796ec7b0564d0f47e74bad1c33840a",
                "6e48344beca3fa9ffd429f803703a8bdf65e847fe8d11f3dbf0aa9d17ab81e1b",
                "cf41deee01ddd755fc46584fa4ac68e2404e18c3485692e97eee5ab4c78c380d",
                "fd75b2cafead0255f7ba966b086a5fba1d5fa6f1ba49a85ec25e5513daf544e1"
            ],
            "type": "XHR",
            "firstPartyCookies": {},
            "firstPartyCookiesSent": {},
            "exampleSites": [
                "cognomix.it",
                "www.ilparagone.it",
                "www.ilturista.info",
                "www.maurizioblondet.it",
                "www.targatocn.it",
                "www.teamworld.it"
            ]
        },
        {
            "rule": "nativery\\.com\\/r",
            "cookies": 0,
            "fingerprinting": 0,
            "subdomains": [
                "w"
            ],
            "apis": {},
            "sites": 10,
            "prevalence": 0.0000681,
            "cnames": [],
            "responseHashes": [
                "f4eef8263281c0b26486637831251059757bc3fdc4c3a48045a8ef8646b36e8f"
            ],
            "type": "Fetch",
            "firstPartyCookies": {},
            "firstPartyCookiesSent": {
                "lotame_domain_check": 0.00003406017752164524
            },
            "exampleSites": [
                "cognomix.it",
                "www.divinacocina.es",
                "www.hogarmania.com",
                "www.ideegreen.it",
                "www.ilparagone.it",
                "www.ilturista.info",
                "www.maurizioblondet.it",
                "www.oroscopissimi.it",
                "www.targatocn.it",
                "www.teamworld.it"
            ]
        },
        {
            "rule": "nativery\\.com\\/images\\/logo\\.png",
            "cookies": 0,
            "fingerprinting": 0,
            "subdomains": [
                "cdnimg"
            ],
            "apis": {},
            "sites": 9,
            "prevalence": 0.0000613,
            "cnames": [],
            "responseHashes": [
                "c1afc7f0615b3bb3fb670ab7443c40f89f85b433c21bee156e2b2aa75cff0491"
            ],
            "type": "Image",
            "firstPartyCookies": {},
            "firstPartyCookiesSent": {},
            "exampleSites": [
                "cognomix.it",
                "www.divinacocina.es",
                "www.hogarmania.com",
                "www.ilparagone.it",
                "www.ilturista.info",
                "www.maurizioblondet.it",
                "www.oroscopissimi.it",
                "www.targatocn.it",
                "www.teamworld.it"
            ]
        },
        {
            "rule": "nativery\\.com\\/natprx",
            "cookies": 0.0000204,
            "fingerprinting": 0,
            "subdomains": [
                "w"
            ],
            "apis": {},
            "sites": 3,
            "prevalence": 0.0000204,
            "cnames": [],
            "responseHashes": [
                "25b4ecfd3a740f29d76fe930a4cec9d41afa0cfd2bafa70ca4051bd3d5395d74"
            ],
            "type": "Fetch",