{
    "domain": "needle.com",
    "owner": {},
    "source": [
        "DuckDuckGo-US"
    ],
    "prevalence": 0.000143,
    "sites": 21,
    "subdomains": [
        "turtlebeach",
        "pyramydair",
        "barenecessities",
        "bushnell",
        "cdw",
        "footjoy",
        "gigaparts",
        "herroom",
        "integrativenutrition",
        "stuartweitzman",
        "titleist"
    ],
    "cnames": [],
    "fingerprinting": 1,
    "resources": [
        {
            "rule": "needle\\.com\\/needle_service\\.js",
            "cookies": 0.0000817,
            "fingerprinting": 1,
            "subdomains": [
                "turtlebeach",
                "pyramydair",
                "barenecessities",
                "bushnell",
                "cdw",
                "footjoy",
                "gigaparts",
                "herroom",
                "integrativenutrition",
                "stuartweitzman",
                "titleist"
            ],
            "apis": {
                "Date.prototype.getTime": 13,
                "window.localStorage": 13,
                "window.sessionStorage": 13,
                "Document.cookie getter": 12,
                "Document.cookie setter": 12,
                "window.name": 12
            },
            "sites": 13,
            "prevalence": 0.0000886,
            "cnames": [],
            "responseHashes": [
                "63657affe002a9ae9ef2e0da01c0e5f410c0d285e15e92b2162c7ced9b589e42",
                "0f631307d8aed6957f8a1e7e649d30da72c7d3f3f4f0ccb807a616afd552bd54",
                "1e0a87e172c1d8ab9e1701238a06e6c885365b25e2b121d5b657ec1db82986e3",
                "42846b43c262938b7521d65ba787d927a77d6d7e7308d8c21eda8465c58994d5",
                "971224024190e0869a982fd73a9f1366dd0a5ef1fb1d5d7170aede59662390c8",
                "72bc2c8a123ddb61c7afbc014b325676c8603a627470bbeafe2002600948304e",
                "1eb177cebd78719130b423218d8ce0a4f8d2f6139665151c423c3531ba10c4b1",
                "780cdca12e63ac496266d7b1fed5b256d9d941c27b58622dff25dadebeb172e4",
                "c6c944b08d3cdc3cb99d221dd4d3b0ff31eb8af1ff94981fd82bbae4dc5f3852",
                "f0a7447ea4b4ca238184fff23c009974ee9fc1a92f1955af64061fee68e8e551",
                "c691dc37187b0c0d7d0a8c45b5271e46ee40011ec5bda016af063e29d4cef0de"
            ],
            "type": "Script",
            "firstPartyCookies": {
                "needlepin": {
                    "ttl": 15552004,
                    "length": 97,
                    "prevalence": 0.00008174442605194859,
                    "uniqueness": 1
                }
            },
            "firstPartyCookiesSent": {},
            "exampleSites": [
                "turtlebeach.com",
                "blog.turtlebeach.com",
                "www.airgundepot.com",
                "www.barenecessities.com",
                "www.bushnellgolf.com",
                "www.cdw.com",
                "www.footjoy.com",
                "www.gigaparts.com",
                "www.herroom.com",
                "www.integrativenutrition.com",
                "www.stuartweitzman.com",
                "www.titleist.com",
                "www.turtlebeach.com"
            ]
        },
        {
            "rule": "needle\\.com\\/pageload",
            "cookies": 0,
            "fingerprinting": 0,
            "subdomains": [
                "turtlebeach",
                "pyramydair",
                "barenecessities",
                "bushnell",
                "cdw",
                "footjoy",
                "gigaparts",
                "integrativenutrition",
                "stuartweitzman",
                "titleist"
            ],
            "apis": {},
            "sites": 12,
            "prevalence": 0.0000817,
            "cnames": [],
            "responseHashes": [
                "93ad7277ac81278bd24e24ebc0b1f4243c9aaaf6a345647798bddd3ba23d2b51",
                "a90c7a8dcc7e9cf887b11de0cc00f01913003e4aa018fc45f7c71224c9fa13e7",
                "814486f5d41376b5ee8f1f517e119303c44aa1ee414d31a870a5f79cb7f1e515",
                "9adf61f52fff7cb1a1e8d487e984f9696d7297d706c5a85d3aa10550aa8ceb65",
                "61eee1bb6270305f9ed7ece87ba613f9e598cedc6699fcc454e802f38fd52eb1",
                "a29eb7e4cc118adc08ad90720df7fb7ad99bab708cdcacca8b67f847a38f83dc",
                "68ba358452b75aa072cc284450b779004ab6245b87bde33bfa05d5eda244a9c4",
                "95113d9cfa38604d832c4eacaefa690c5010380eea8ede407cc399ba927c1a03",
                "a4727ae7acf40d5f0b64bd86ffc790157dc716996dac8f857acdbfa63b224a70",
                "11cc1c8c3671e0ac8698265d6ba1c18db242a82d39f64bbc46e3442d7b310353",
                "b12624aa4d487967a9c35f5207fd3d50e4ef91dbca393e45235d1623112a76d0"
            ],
            "type": "Script",
            "firstPartyCookies": {},
            "firstPartyCookiesSent": {
                "_li_dcdm_c": 0.000006812035504329049
            },
            "exampleSites": [
                "turtlebeach.com",
                "blog.turtlebeach.com",
                "www.airgundepot.com",
                "www.barenecessities.com",
                "www.bushnellgolf.com",
                "www.cdw.com",
                "www.footjoy.com",
                "www.gigaparts.com",
                "www.integrativenutrition.com",
                "www.stuartweitzman.com",
                "www.titleist.com",
                "www.turtlebeach.com"
            ]
        },
        {
            "rule": "needle\\.com\\/pageupdate",
            "cookies": 0,
            "fingerprinting": 0,
            "subdomains": [
                "barenecessities",
                "bushnell",
                "footjoy",
                "turtlebeach"
            ],
            "apis": {},
            "sites": 5,
            "prevalence": 0.0000341,
            "cnames": [],
            "responseHashes": [
                "8c8b964fe4d9dd815120116c8d980d22915380a3062de63bc86182e500eb9839",
                "25fd45fe351446ab6d8275101f6c121048ec9469ca745efecb446ba20a89c06c",
                "c99cbca00c3990fd3643e81e29a1f99cd9d32cb1afffcfc5418c2436526f10ea",
                "f274e25aeee9b8969fa09873eee75eab00f1c7065bc335964d3fc2fd41532820"
            ],
            "type": "Script",
            "firstPartyCookies": {},
            "firstPartyCookiesSent": {},
            "exampleSites": [
                "barenecessities.com",
                "www.barenecessities.com",
                "www.bushnellgolf.com",
                "www.footjoy.com",
                "www.turtlebeach.com"
            ]
        }
    ],
    "categories": [],
    "performance": {},
    "cookies": 0.000136,
    "topInitiators": [
        {
            "domain": "first party",
            "prevalence": 0.4166666666666667
        },
        {
            "domain": "googletagmanager.com",
            "prevalence": 0.25
        },
        {
            "domain": "yottaa.com",
            "prevalence": 0.19444444444444445
        },
        {
            "domain": "trackjs.com",
            "prevalence": 0.1388888888888889
        }
    ],
    "types": {
        "Script": 30
    },
    "nameservers": [
        "ns-893.awsdns-47.net",
        "ns-1253.awsdns-28.org",
        "ns-27.awsdns-03.com",
        "ns-1969.awsdns-54.co.uk"
    ]
}