{
    "domain": "nexx360.io",
    "owner": {},
    "source": [
        "DuckDuckGo-US"
    ],
    "prevalence": 0.000191,
    "sites": 28,
    "subdomains": [
        "fast",
        "cdn"
    ],
    "cnames": [],
    "fingerprinting": 1,
    "resources": [
        {
            "rule": "nexx360\\.io\\/booster",
            "cookies": 0.0000681,
            "fingerprinting": 0,
            "subdomains": [
                "fast"
            ],
            "apis": {},
            "sites": 10,
            "prevalence": 0.0000681,
            "cnames": [],
            "responseHashes": [
                "bbac09e535e2286ab29b11fe335217afc75900877bad69575a4440dbad070c43",
                "ce4ab320c127091424bf2284b315ff33f945aff9c6749f38ec7f9737322578e3",
                "e3b0c44298fc1c149afbf4c8996fb92427ae41e4649b934ca495991b7852b855",
                "67606f1a01076ac2b20201855c86d09773a3b8b9c0e1d2390790490b57a8f832",
                "dc7485ccc2a0ffde19b3ae22d482e44ebe4ad4a2a1fdd824eb9d5d5b7584f282",
                "c2166655f02e42bf90bbf56e056656d473856609cd930fb29a5e9dab8e64fe32",
                "80087379879552e6e9bfb1699b7608b0f2b75df5f0556486b9287a13df623dcf"
            ],
            "type": "Fetch",
            "firstPartyCookies": {},
            "firstPartyCookiesSent": {},
            "exampleSites": [
                "calcuworld.com",
                "es.calcuworld.com",
                "forvo.com",
                "ipadizate.com",
                "www.autoblog.nl",
                "www.elmundo.es",
                "www.expansion.com",
                "www.lifeder.com",
                "www.planet.fr",
                "www.telva.com"
            ]
        },
        {
            "rule": "nexx360\\.io\\/setuid",
            "cookies": 0.0000545,
            "fingerprinting": 0,
            "subdomains": [
                "fast"
            ],
            "apis": {},
            "sites": 9,
            "prevalence": 0.0000613,
            "cnames": [],
            "responseHashes": [
                "e3b0c44298fc1c149afbf4c8996fb92427ae41e4649b934ca495991b7852b855"
            ],
            "type": "Image",
            "firstPartyCookies": {},
            "firstPartyCookiesSent": {},
            "exampleSites": [
                "calcuworld.com",
                "es.calcuworld.com",
                "forvo.com",
                "www.cinoche.com",
                "www.decolar.com",
                "www.elmundo.es",
                "www.expansion.com",
                "www.lifeder.com",
                "www.supersoluce.com"
            ]
        },
        {
            "rule": "nexx360\\.io\\/booster",
            "cookies": 0.0000409,
            "fingerprinting": 0,
            "subdomains": [
                "fast"
            ],
            "apis": {},
            "sites": 8,
            "prevalence": 0.0000545,
            "cnames": [],
            "responseHashes": [
                "e3b0c44298fc1c149afbf4c8996fb92427ae41e4649b934ca495991b7852b855",
                "902f252133ce230cd44661f70fde5421d9e1568ed59d4aefc7767542f8225ba1",
                "13e69477acf40e2219aec35d09723d61062b52d70bfe4d1a19162618e340c9e4",
                "886fa9bc27839811d79277dcc40470ae8071238ebf128b9f64f7f96c50317fdc",
                "43993a09c8fac9ba4d2254e68fa6c5c8d22592596277e5fb846d54bc120eda17"
            ],
            "type": "XHR",
            "firstPartyCookies": {},
            "firstPartyCookiesSent": {},
            "exampleSites": [
                "macg.co",
                "forums.macg.co",
                "www.actugaming.net",
                "www.canalturf.com",
                "www.cinoche.com",
                "www.quizz.biz",
                "www.royallepage.ca",
                "www.systemed.fr"
            ]
        },
        {
            "rule": "nexx360\\.io\\/glxm\\.js",
            "cookies": 0,
            "fingerprinting": 1,
            "subdomains": [
                "cdn"
            ],
            "apis": {
                "Navigator.prototype.userAgent": 6,
                "window.innerWidth": 2
            },
            "sites": 6,
            "prevalence": 0.0000409,
            "cnames": [],
            "responseHashes": [
                "00044b3e030ab4d1426a45c1488fb2174ee1bcc93d68bd39af727960e12248a4"
            ],
            "type": "Script",
            "firstPartyCookies": {},
            "firstPartyCookiesSent": {},
            "exampleSites": [
                "techradar.com",
                "hitek.fr",
                "www.generation-nt.com",
                "www.papergeek.fr",
                "www.tomsguide.fr",
                "www.tomshardware.fr"
            ]
        },
        {
            "rule": "nexx360\\.io\\/loader\\.js",
            "cookies": 0,
            "fingerprinting": 1,
            "subdomains": [
                "cdn"
            ],
            "apis": {
                "Screen.prototype.width": 7,
                "window.innerHeight": 6,
                "window.localStorage": 3,
                "Navigator.prototype.connection": 3,
                "Document.cookie getter": 3,
                "Navigator.prototype.userAgent": 2
            },
            "sites": 7,
            "prevalence": 0.0000477,
            "cnames": [],
            "responseHashes": [
                "55d748ace7f729c56c1a59a13bd09fafa95c7b88d92163fa481067ff87558dd4"
            ],
            "type": "Script",
            "firstPartyCookies": {},
            "firstPartyCookiesSent": {},
            "exampleSites": [
                "techradar.com",
                "hitek.fr",
                "pros.lacentrale.fr",
                "www.generation-nt.com",
                "www.papergeek.fr",
                "www.tomsguide.fr",
                "www.tomshardware.fr"
            ]
        },
        {
            "rule": "nexx360\\.io\\/requests",
            "cookies": 0.0000204,
            "fingerprinting": 0,
            "subdomains": [
                "fast"
            ],
            "apis": {},
            "sites": 3,
            "prevalence": 0.0000204,
            "cnames": [],
            "responseHashes": [
                "0640011f304d6ecc2e05d49bfc0eb278328ee3d1baa70a4789015fa12e68a885",
                "fca4c91c7e4e4ed4b5781140b07733ee705de5501fbd2f368cbf443a39f513d8"
            ],
            "type": "XHR",
            "firstPartyCookies": {},
            "firstPartyCookiesSent": {},
            "exampleSites": [
                "lacentrale.fr",
                "www.tomsguide.fr",
                "www.tomshardware.fr"
            ]
        },
        {
            "rule": "nexx360\\.io\\/creative\\.js",
            "cookies": 0,
            "fingerprinting": 0,
            "subdomains": [
                "cdn"
            ],
            "apis": {},
            "sites": 2,
            "prevalence": 0.0000136,
            "cnames": [],
            "responseHashes": [
                "15fb9510516db1c5a73f8a4b4cc99e4778b8bb767d8bd3c650e3bc81ba4d7ede"
            ],
            "type": "Script",
            "firstPartyCookies": {},
            "firstPartyCookiesSent": {},
            "exampleSites": [
                "tomsguide.fr",
                "www.tomsguide.fr"
            ]
        }
    ],
    "categories": [],
    "performance": {},
    "cookies": 0.000157,
    "topInitiators": [
        {
            "domain": "first party",
            "prevalence": 0.30158730158730157
        },
        {
            "domain": "uecdn.es",
            "prevalence": 0.15873015873015872
        },
        {
            "domain": "beop.io",
            "prevalence": 0.12698412698412698
        },
        {
            "domain": "galaxiemedia.fr",
            "prevalence": 0.09523809523809523
        },
        {
            "domain": "smartadserver.com",
            "prevalence": 0.09523809523809523
        },
        {
            "domain": "ssm.codes",