{
    "domain": "nmgplatform.com",
    "owner": {},
    "source": [
        "DuckDuckGo-US"
    ],
    "prevalence": 0.000572,
    "sites": 84,
    "subdomains": [
        "jdl",
        "evnt",
        "di",
        "ibp"
    ],
    "cnames": [],
    "fingerprinting": 0,
    "resources": [
        {
            "rule": "nmgplatform\\.com\\/data",
            "cookies": 0,
            "fingerprinting": 0,
            "subdomains": [
                "jdl"
            ],
            "apis": {},
            "sites": 57,
            "prevalence": 0.000388,
            "cnames": [],
            "responseHashes": [
                "fc2d992c0ae3e684451a0229c16247f3f59d4669fb53439956fb6bf0abc08a20",
                "29e14ae63ee1e33f9e4c1cde7d7af24ada88ea6f68f04957824a80f17d9e4aef",
                "6a551b871530fcddcdf6be0dc5d4f103e0503e8e6bea23d91d38b8f96563a76e",
                "a6c4a3c2e1d00d0e2b493eb43ef908172655093abaa5d84bb9a650a94f0d251a",
                "9bd1a35154b7c80813c3f40fd5bb3e1542b6b5e2cefcf104d26144c43eabf9ee",
                "926fbaaad1224b37b5f30bb7fee417e7905d8464bf7c4b0774055653fd3cdc5f",
                "94ab0b0ea654b469bc4f6e2bc0bf5d92743acf089d62a8fdaee33d927eab14d2",
                "b408fb6c08a080bc533ffdfb31fe1c7c15dbcf527af0ccc4ef08ad93d5da9fce",
                "e7a4f106b99174d03f4d287735d6421257a83cfc968a4eeb751f4b34456b0ac9",
                "b9382d832b3f5fa2a801ebc20688925204bea0acbd65463a85280cf92ef73c73",
                "34fc111759e862180dfb948ce80bc39f56d8015b01a1ee032483182539401fac",
                "fbac93a3019d49e7f9189b96b9980f1b6adee3bfa84e12dd8a29d61f2df99fe1",
                "620a4b94a2e09d2f30fc51fff3a47ab857538997b94f7300eefde5735c91b895",
                "17f5289e7aa067f8c861d974c6451d2b48547ac596ae8d09750421613cc977fa",
                "0509c041348d4263e1dc07b5f4b00072c4fe0fad039f5d5a8c91dc90dddd42dc",
                "eaa0e2e94a5b0bced177939bfac57f01f9394f14b92d50276038db1e36f27251",
                "72938aba6506947547096fce67ec551e359c61b433443c39513b39070abeeb2b",
                "c5e8049d0a524e0914dbbdd5555bbe343fc4ba5ec90117fde379044ddd43ea86",
                "3fae3d9036ff442cd67bf19da3c1dd38912a1595a419d17bdce473e6c3e14abc",
                "ac54daadf1b97131b71690ec04bdfb1e354942b152773baffbcafaff49d590b8",
                "87f789bcfa8f8e3b09ed0514486a7a88b604d45cd5efff66b2b59ed75fe6968a",
                "cfc2befdcfb586b84a908a76aa85a4fd77b9aebc26041a0f8ac34b6afcfb5931",
                "a77be00cc7c8f8a9e0204fb757933c54f45475aff335ff604eedfcfd850d32d4",
                "9a31f6f647c6f50b57eefe28fa891da32ff532203779762f5370bd9bfba193be",
                "cd7ed5a83894ed515ca3aa73d2ad6bca70fc0c87ec11c498e565d90faad0e024",
                "20d8fdb72e36296dd71c632df4a2d34ce0e9e3e28aadb45ccfb657b9e4eae7c5",
                "243aa869531812bdecbae410190544e71b41963dbe6c72e5fbf734dc748bebf3",
                "b0dc21b47eca73075f2a3bdb9bcfd159287aea2647f04e732be42433eef22701",
                "4ef5bcc2e7eaaed1602e9b7f7f9eb8858d5a75dd652fd661fae97d7ba4e4d380",
                "038e820e7a868dd65669a18fcd83d482e1537d534df32e4b6b3eab1efbddcaa1",
                "0e0a623f9c22e5f358d7eff5bbd90fa1c3b7d228041e865f25ce58b0703a1a6c",
                "a05e66931a6508a0f4f225089ac1bb1900b72ad1f01b2a540697b62512d7379d",
                "9ddd62ee6320b6489de66460784dd4a6411b3e1a47f94b1034eb3a2020412850",
                "8b9d576a21f3cd8eae2906fd012802aad20ba85cd5f470064ce8c8e55ac12615",
                "263bc9b6c32b561209b05a4bccde17dfb54b714337c0dfd9a0132a4c76215068",
                "949ca34d35f52a2c230ec19b6ea411cfebd203fada184bec6d6a55f6f8a6043b",
                "4a02855b74a7d8164f6ffc19439776dc510ddbc880660b537eea92f57af29e30",
                "80a1eb7d57c139c70aeaa7713b7973c01ff6c027363726924112949bf716f96a",
                "a41f11697c073973c9c59dbccb436f451ad378d8c0262dfa398ae86095b86d8c",
                "2cf29112fa7e6daccf1d13f2f6214ba777a71a12f3dee7f1724ec9f4967e9ac5",
                "ba33de9efd6b2857ce64719d8b5af000e6c08c3131336086383d83c9dab00a4c",
                "18f5ce7690cec107ee9a0b7d97e82eee217a0e67600c90653cf867b4845b2f0d",
                "d1c67656366333ea8a4f52c0a8faec9d5e9fcd316b732da5a1855baf5ffacd1b",
                "fc066d43d6c5efc443385fc0e775e741134ce377140ba3970c96ed4505ccc956",
                "fdaa5a0adcb95d53a038a64de27a40245b52102e6841fac829890385115a6249",
                "460aefdd520faa8a6f73101f23de47fda87e8c20868c54195d75b9a15c26e7e1",
                "df7dbaadcd4d88cdc8f2e6b7baca61e1ca726bdc4e97f642c3946de44d4be0c2"
            ],
            "type": "Fetch",
            "firstPartyCookies": {},
            "firstPartyCookiesSent": {},
            "exampleSites": [
                "cabelas.com",
                "www.stories.com",
                "ideas.hallmark.com",
                "ulta.com",
                "www.fergusonshowrooms.com",
                "www.wards.com",
                "www.1800contacts.com",
                "build.com",
                "neimanmarcus.com",
                "www.dfs.co.uk",
                "www.jcpenney.com",
                "www.indigo.ca",
                "www.monki.com",
                "www.harborfreight.com",
                "josbank.com",
                "www.scosche.com",
                "www.seventhavenue.com",
                "www.ariat.com",
                "www.weekday.com",
                "victoriassecret.com"
            ]
        },
        {
            "rule": "nmgplatform\\.com\\/data",
            "cookies": 0,
            "fingerprinting": 0,
            "subdomains": [
                "jdl"
            ],
            "apis": {},
            "sites": 54,
            "prevalence": 0.000368,
            "cnames": [],
            "responseHashes": [],
            "type": "Preflight",
            "firstPartyCookies": {},
            "firstPartyCookiesSent": {},
            "exampleSites": [
                "cabelas.com",
                "www2.hm.com",
                "www.vermontcountrystore.com",
                "www.weekday.com",
                "ideas.hallmark.com",
                "www.stories.com",
                "www.esurance.com",
                "www.seventhavenue.com",
                "sportsmans.com",
                "stores.neimanmarcus.com",
                "www.countrydoor.com",
                "www.wards.com",
                "advanceautoparts.com",
                "stores.hallmark.com",
                "www.skagen.com",
                "www.fossil.com",
                "www.ashleystewart.com",
                "josbank.com",
                "www.jdwilliams.co.uk",
                "www.scosche.com"
            ]
        },
        {
            "rule": "nmgplatform\\.com\\/data",
            "cookies": 0,
            "fingerprinting": 0,
            "subdomains": [
                "jdl"
            ],
            "apis": {},
            "sites": 4,
            "prevalence": 0.0000272,
            "cnames": [],
            "responseHashes": [],
            "type": "Other",
            "firstPartyCookies": {},
            "firstPartyCookiesSent": {},
            "exampleSites": [
                "neimanmarcus.com",
                "www.monki.com",
                "www.schuh.co.uk",
                "www.vermontcountrystore.com"
            ]
        },
        {
            "rule": "nmgplatform\\.com\\/ibp\\/eventsgw\\/api\\/event\\/send",
            "cookies": 0,
            "fingerprinting": 0,
            "subdomains": [
                "evnt"
            ],
            "apis": {},
            "sites": 5,
            "prevalence": 0.0000341,
            "cnames": [],
            "responseHashes": [
                "1866961a029c65376fefb7f2ba1e6187e09ff50ea58d97dedfd72c197947d002"
            ],
            "type": "Fetch",
            "firstPartyCookies": {},
            "firstPartyCookiesSent": {},