{
    "domain": "noembed.com",
    "owner": {},
    "source": [
        "DuckDuckGo-US"
    ],
    "prevalence": 0.000443,
    "sites": 65,
    "subdomains": [],
    "cnames": [],
    "fingerprinting": 0,
    "resources": [
        {
            "rule": "noembed\\.com\\/embed",
            "cookies": 0,
            "fingerprinting": 0,
            "subdomains": [],
            "apis": {},
            "sites": 45,
            "prevalence": 0.000307,
            "cnames": [],
            "responseHashes": [
                "721338aadf3b76db425687f7dbf8125c27a9890bb679463eca5b8aebbd75d8fb",
                "aaacb470ec4eeea1151640bac5fa9e870915cdb5b65e9f3184a732edb81cc2d4",
                "3e96339e486058aeaae9b38a5acf76d72cc7548eb4ef56aa5ae8227f75c9d8a1",
                "d6f43440324946d7da4c34935da51f6e0695821d9d6fae9786e42d40bc0b4907",
                "fe14f323c801f98e7ec602004150f263bfcdc1e8c3873569d9091ae12611499d",
                "8894048a062338a428232217c31e3c24b87045d7c044fe99e9f1bb2147f44a9e",
                "b45fca313b95f58e76bb22caf19c18e510fd0547ee1abd1c088949756d49ed60",
                "4a4fdc14b0e5a0d0bfe32837ea53eb97768ce41846166c9ac05fd75a6d1c62d5",
                "7d4241319837e0190d01a76f9516dfa885cf028c99ee667f3f90ac8b0301bed7",
                "5f63c5e09f2cb95bf8d29af706af73a1a95fba7a87b7435ee2b6e68829e44bca",
                "9b9311a8f2e14d69437cc81fb56a52cf564d3783d0905cd5e7033c766212c0fd",
                "19a6c966821768d4420280ef7f1e2b407b10584247b1201e80d6b0554d87b5a6",
                "61a5bcf630ee8b5ed2810c6b3f19156484c4baa6c00645a31a9a1847654ba9c0",
                "4045a8660b9de365db1d2b99d1b84863bd9ada57f091493fdfcdf6cd8a9db86e",
                "7279dccba559bfe2b0e9fdaa4529402f254ba941efdc1b7bc27bc784ec22f5c2",
                "2c294a6b0c7bfe11c6f8323f293010655b7166b161a7ef724a5d603909ddd4e5",
                "2320ab42dbcf17d13aed32b41e68787dd485c744f5024fa63f426c869cd954f0",
                "bc31d2f25ca46293e2ff9161e3c71fbe12cea7248239b97d9d5f114edb476337",
                "cd2d606bbd01481ed55377fa00314121d0b41ffc0ce9c24dc3516461c68fe516",
                "1089a11b1b3528a3531cd75a80e1b2f5fbd8d90c6507ba79c8cdc2e67b6d9fca",
                "1413a388a684df15717df3352709164b2a34460e806693c47f9c84cb16c61642",
                "e6c6d3288f9c9059e0aa0fd5468fe113d6c427f6e528226952b578f6cc1f1b68",
                "8ae03d30c9207566b4bb66d70566a65d205c38e1c8c0d5e2482a090f6eb10559",
                "6f7424826a113401f07ca84c9fb6f24d9de9cd3f58814a9ec7461b5a31858acc",
                "77021a8f1c4de297c9c8d51d82481c11edff55631218aa2301b7404271528148",
                "e7c7d008206364d577729147e6e1d43b0dd6a0905570c45288a205ce16bd34d6",
                "bd3a84eadec8f638a03ec2b2431e959dd65a433b9e9ecba38f5a62b010705641",
                "cdecc16a8c5f7f847dd1b76bc1218a0f44824e22fc91f49993bf6dad7eff42cc",
                "09b8d603b509f55f066526515d2ae97368e821983e98a89400cb3fc9a7d18c66",
                "52b3606e359b581a0c3140f291cffae46cf3a38c39a2c64ec238ac9a0f675c6d",
                "ea3b6612da84eed79e6a1a22d54f480dd046c3d0d834c543dc65cd87bbdc08c2",
                "c1d0241649dcda132ab71491d76c7df65538e498bcb2a84e22fdb3f61a38859f",
                "00ad404dd01adefaeff5635e12ea7673573643549183dd9877ebf38bf3e3167f",
                "f223ae3e7afdf13b89b3e5ccd083adbeb78289adc1022d167aab93fe8adb260c",
                "47f6d0b21638a83fc14af9224c1a8bdb3a359446cbaf0b30ea09b368ae9fc407",
                "52c66ce9d414b4610d66c453301e9f97e7890f97bece9ce7c9edd5db5ef61a4e",
                "44a854fc19c48d6b3c16b55b817e50acb67c671cff7510aba568915ccc821ab2",
                "9adeb225639d1c24a01db184d0ce456d3b5d0df4f33862f7fb9a7d4b947411ce",
                "13b7fa930aa2ac4d424904c4207c242faf686dc533c319d636f5493f493b9c0a",
                "aba33e63cb86520c647415e5325ee5fdcba557963713051b09799afe519c5d90",
                "f2332158c65d6103c5ba713599c580e89d7deb49a7963707236403352ab9fb0e",
                "4344188ae0b24a8644124a25b7d0624303bf2f03ee84d320c3e6a751dd77fa95",
                "016973201010db4674f15e16956c3d7c31ff2d803ebdd4b3195c54bb7359a2cd",
                "97b147d591f52341e7a669072eb3fdf09375a73d2eb13c3acf933d8c1bc427b7"
            ],
            "type": "XHR",
            "firstPartyCookies": {},
            "firstPartyCookiesSent": {},
            "exampleSites": [
                "www.alange-soehne.com",
                "hiddenhybridholsters.com",
                "cronkitenews.azpbs.org",
                "grad.berkeley.edu",
                "lifeexpectancycalculator.com",
                "www.visitestespark.com",
                "northstarbison.com",
                "watchdocumentaries.com",
                "chemocare.com",
                "adventurewagon.com",
                "orangewoodguitars.com",
                "midlandusa.com",
                "www.sainsmart.com",
                "www.billmounce.com",
                "store-jp.nintendo.com",
                "growerssolution.com",
                "www.moergo.com",
                "www.smartgardener.com",
                "uclawsf.edu",
                "www.thermondo.de"
            ]
        },
        {
            "rule": "noembed\\.com\\/embed",
            "cookies": 0,
            "fingerprinting": 0,
            "subdomains": [],
            "apis": {},
            "sites": 8,
            "prevalence": 0.0000545,
            "cnames": [],
            "responseHashes": [
                "0b66fe7f540f8e62145c95090078c0f6a7880e81453efbdafe9d5c85f617a8b1",
                "53757db81210931b8424ca1b22db84075f7dd33a62cac8573731f6a3401dae0c",
                "669de661178c296024cf9d4f1077751927fd216958992fa17400f1b5dc9fd209",
                "36c0e5b72efd9592bcbbec65cdb94415913cfeffeea6459632743b164e00f44f",
                "875ad5777c6229e889b1a45e31ece904797036dbced0770ce4cb6df4701576fc",
                "049fd63a534e891c3af64e4848d05636e0001eee03d86c0656b9ea103fde87a5",
                "9910e6b6ff6ea280c9c849e93ca0ae51c8d78653346af49cbbb2898ba9102182"
            ],
            "type": "Fetch",
            "firstPartyCookies": {},
            "firstPartyCookiesSent": {},
            "exampleSites": [
                "koinly.io",
                "peakrefuel.com",
                "winefolly.com",
                "www.benefits.gov",
                "www.camdenliving.com",
                "www.lucidchart.com",
                "www.matcotools.com",
                "www.utk.edu"
            ]
        },
        {
            "rule": "noembed\\.com\\/embed",
            "cookies": 0,
            "fingerprinting": 0,
            "subdomains": [],
            "apis": {},
            "sites": 10,
            "prevalence": 0.0000681,
            "cnames": [],
            "responseHashes": [
                "c7f9491ca8e9a33ece22ad0530e6b7517a5890cfb0625a7cc6296acb643234c2",
                "eb95ec771972bfd1deb6befb2f92042cd24c747c6cc98268e2e8f0270325d638",
                "ca3aae6619ef1b260a210d96fd934324c3185597c6a52ed8ceb91ec9502129a1",
                "8c55108de6b0481dc79175bc18f5adc6f5bd0e451662ec49edb1e65855eb758a",
                "85a179cd82c89a698e653b06b89435d78ce92c62cfdfebe70d5677f21c4f77ee",
                "0caca27f7853700127c0f799660f64e7a0fada16cded05a79054491bd8a4aee7",
                "e7b4138f4e2d6d7662c872ca76e956cf4c802cb5780a4e659c6d860b8f894b22",
                "b079ee42cbf70655c6ad517f98da4aefc91c806199b4fe0adc6dad207e887f0c",
                "c1b1a925f138dd17d7fd9a4ef720210249a8ba73bc04d3964848ecaa461934ce"
            ],
            "type": "Script",
            "firstPartyCookies": {},
            "firstPartyCookiesSent": {},