{
    "domain": "notebook-check.com",
    "owner": {},
    "source": [
        "DuckDuckGo-US"
    ],
    "prevalence": 0.0000477,
    "sites": 7,
    "subdomains": [
        "dev1"
    ],
    "cnames": [],
    "fingerprinting": 0,
    "resources": [
        {
            "rule": "notebook-check\\.com\\/index\\.php",
            "cookies": 0,
            "fingerprinting": 0,
            "subdomains": [
                "dev1"
            ],
            "apis": {},
            "sites": 6,
            "prevalence": 0.0000409,
            "cnames": [],
            "responseHashes": [
                "b8288d2aa3f88ff40e64f5e793ddea94be89cf2d30df6e0972f64aee2e0f5b1c",
                "8a9bdabff637cf81c1417057a1aba9998952069d45d6acd949e2c2ab990e2a26",
                "faf30927f4df89b58dfae8eadc47505b39d104499f3c43bf3e99b49dceb1d180",
                "eeb61727ff698ea89a02605ff701f0d1b85a4c4b5d2d9b89267af0d35d44e9a0",
                "46504c5bb1009cdc1b3639446b1a4b801a4738c6203021352a77d3b824366442"
            ],
            "type": "XHR",
            "firstPartyCookies": {},
            "firstPartyCookiesSent": {
                "lotame_domain_check": 0.00003406017752164524
            },
            "exampleSites": [
                "notebookcheck.biz",
                "www.notebookcheck.com",
                "www.notebookcheck.it",
                "www.notebookcheck.net",
                "www.notebookcheck.nl",
                "www.notebookcheck.org"
            ]
        },
        {
            "rule": "notebook-check\\.com\\/",
            "cookies": 0.0000341,
            "fingerprinting": 0,
            "subdomains": [
                "dev1"
            ],
            "apis": {},
            "sites": 5,
            "prevalence": 0.0000341,
            "cnames": [],
            "responseHashes": [
                "a514d5d9f64d11ba69f6831cf18f6a88c7c2784ebffc51a90f699e83ba0ce4e6",
                "8efe2eaea330d65e9f8d81aec02d553dd94110f82b9746931d5ab83cb2858188",
                "6ccdeccdf99c6ad0a9ea21f893f80094f04dddb7b143e66399dbb8c39b2aac64",
                "9cc44d0e8d79da5ab770aa7aa16bd6e24509cd29218a84377b3ea3de39a00114"
            ],
            "type": "XHR",
            "firstPartyCookies": {},
            "firstPartyCookiesSent": {},
            "exampleSites": [
                "notebookcheck.biz",
                "www.notebookcheck.com",
                "www.notebookcheck.net",
                "www.notebookcheck.nl",
                "www.notebookcheck.org"
            ]
        }
    ],
    "categories": [],
    "performance": {},
    "cookies": 0.0000341,
    "topInitiators": [
        {
            "domain": "first party",
            "prevalence": 1
        }
    ],
    "types": {
        "XHR": 11
    },
    "nameservers": [
        "jeff.ns.cloudflare.com",
        "ivy.ns.cloudflare.com"
    ]
}