{
    "domain": "nsaudience.pl",
    "owner": {
        "name": "nazwa.pl sp. z o.o.",
        "displayName": "nazwa.pl"
    },
    "source": [
        "DuckDuckGo-US"
    ],
    "prevalence": 0.000266,
    "sites": 39,
    "subdomains": [
        "atm.api.dmp",
        "interia.api.dmp",
        "rmf.api.dmp",
        "gdpr.api.dmp",
        "id"
    ],
    "cnames": [],
    "fingerprinting": 1,
    "resources": [
        {
            "rule": "nsaudience\\.pl\\/atm\\.js",
            "cookies": 0,
            "fingerprinting": 1,
            "subdomains": [
                "atm.api.dmp"
            ],
            "apis": {
                "Document.cookie getter": 16,
                "Navigator.prototype.userAgent": 7,
                "NavigatorUAData.prototype.getHighEntropyValues": 7,
                "NavigatorUAData.prototype.brands": 7
            },
            "sites": 17,
            "prevalence": 0.000116,
            "cnames": [],
            "responseHashes": [
                "1bfeeadeae00562508110fb9c6c656c66d74deccbcad48d4bbcb2a1fc5894455",
                "919567cc56c6204f05861a7eb0d1cec6405556028bdf5d186c604e8acac5c4e0",
                "79ec7d0d781671bf0ed434e0346f7d2076336964c00289d898d7a9568ccf05a8",
                "7667b90b78030bc41a8c81cdd036e4f071511086e66e61098c994cf3d7ac0937",
                "0f2aa9b9f0892d8c0096634873da1a9c704ee6c0822fdd04ac54d486226771ff",
                "833207e862fb381ee634f2301de12b16b9e3399229ee592d9aec2ea8cabf8c44",
                "6e06e5af41a3a796dc298c4b68e6e02346fe377d296e280b81badedd470311b9",
                "e0f76ec6056bc01fb4bfd42e3ea4f76f9cae4b19a9b8622449373be0bc23d1de",
                "da832846c15e5878cb1bf64345d9ac7ad62b781a918c16fd488add3beddf8167",
                "eddf7a1d166c02c9802fcf8e83f2a9450a53dcccff4c222ea6735425a38c5eeb",
                "4ca15c90c3321852aaa58b26c54ff0a6fd96b100d5aa5be29bdc5e3c2c2163b1",
                "4f68365b9fc5bf6d455daddd133450a114458302b62b1806eb357925dd5e2b51",
                "8f8c0200fda5eb30764b633b87176e7fb17fcfe34da204052a934b0c37f28a07",
                "2ca537fc33489387515c13d2a95335e6fe72fe2666d180ec6014867b6cef7ead",
                "5bf9091744916d5d8738cb07e466dbd96cc190ab85a4448ecbd24a4bbfeee29e",
                "0cb2a29fe17a2a24fc227cfec972767010db64412d8d0f0f9bea70661998276b"
            ],
            "type": "Script",
            "firstPartyCookies": {},
            "firstPartyCookiesSent": {},
            "exampleSites": [
                "dziennikbaltycki.pl",
                "dziennikzachodni.pl",
                "echodnia.eu",
                "eszkola.pl",
                "gazetakrakowska.pl",
                "gazetawroclawska.pl",
                "gol24.pl",
                "i.pl",
                "naekranie.pl",
                "pomorska.pl",
                "sprzedajemy.pl",
                "www.b92.net",
                "www.interia.pl",
                "www.pomponik.pl",
                "www.rmf.fm",
                "www.rmf24.pl",
                "wydarzenia.interia.pl"
            ]
        },
        {
            "rule": "nsaudience\\.pl\\/frontend\\/api\\/cookieSync\\.png",
            "cookies": 0.000123,
            "fingerprinting": 0,
            "subdomains": [
                "atm.api.dmp"
            ],
            "apis": {},
            "sites": 18,
            "prevalence": 0.000123,
            "cnames": [],
            "responseHashes": [],
            "type": "Image",
            "firstPartyCookies": {},
            "firstPartyCookiesSent": {},
            "exampleSites": [
                "iphone-tricks.de",
                "mal-alt-werden.de",
                "traum-deutung.de",
                "www.24rhein.de",
                "www.baby-vornamen.de",
                "www.brutto-netto-rechner.info",
                "www.buzzfeed.de",
                "www.fastenergy.de",
                "www.goruma.de",
                "www.hna.de",
                "www.huuto.net",
                "www.paradisi.de",
                "www.promipool.de",
                "www.satindex.de",
                "www.serienjunkies.de",
                "www.soester-anzeiger.de",
                "www.solinger-tageblatt.de",
                "www.wetterprognose-wettervorhersage.de"
            ]
        },
        {
            "rule": "nsaudience\\.pl\\/frontend\\/api\\/matchMainScript\\.js",
            "cookies": 0.0000341,
            "fingerprinting": 1,
            "subdomains": [
                "interia.api.dmp",
                "rmf.api.dmp"
            ],
            "apis": {
                "Date.prototype.getTime": 5,
                "Navigator.prototype.userAgent": 3,
                "Navigator.prototype.appVersion": 2
            },
            "sites": 5,
            "prevalence": 0.0000341,
            "cnames": [],
            "responseHashes": [
                "57a24f924efde35ec8eec58dbb892ee0eee03034a92e5a7c35f3db2130b4cf86"
            ],
            "type": "Script",
            "firstPartyCookies": {},
            "firstPartyCookiesSent": {},
            "exampleSites": [
                "naekranie.pl",
                "www.pomponik.pl",
                "www.rmf.fm",
                "www.rmf24.pl",
                "wydarzenia.interia.pl"
            ]
        },
        {
            "rule": "nsaudience\\.pl\\/frontend\\/api\\/sendData\\.js",
            "cookies": 0.0000341,
            "fingerprinting": 0,
            "subdomains": [
                "interia.api.dmp",
                "rmf.api.dmp"
            ],
            "apis": {},
            "sites": 5,
            "prevalence": 0.0000341,
            "cnames": [],
            "responseHashes": [
                "c0cc463895949c4d382b07ff0e250d06899036aeee3244b790397c4c62924fcb",
                "f4df047b812a7b09e311f7e7b3f2b2499418d7abec59320185c62a1e9c5619d2"
            ],
            "type": "Script",
            "firstPartyCookies": {},
            "firstPartyCookiesSent": {},
            "exampleSites": [
                "naekranie.pl",
                "www.pomponik.pl",
                "www.rmf.fm",
                "www.rmf24.pl",
                "wydarzenia.interia.pl"
            ]
        },
        {
            "rule": "nsaudience\\.pl\\/frontend\\/agreement\\/custom\\.js",
            "cookies": 0.0000136,
            "fingerprinting": 0,
            "subdomains": [
                "gdpr.api.dmp"
            ],
            "apis": {},
            "sites": 2,
            "prevalence": 0.0000136,
            "cnames": [],
            "responseHashes": [
                "7ea141c16c36f99a3659992a1c410031d1b06c2231b8ccfcc40b515e1040e860"
            ],
            "type": "Script",
            "firstPartyCookies": {},
            "firstPartyCookiesSent": {
                "lotame_domain_check": 0.000013624071008658098
            },
            "exampleSites": [
                "domiporta.pl",
                "www.domiporta.pl"
            ]
        },
        {
            "rule": "nsaudience\\.pl\\/getId\\.js",
            "cookies": 0,
            "fingerprinting": 1,
            "subdomains": [
                "id"
            ],
            "apis": {
                "Document.cookie getter": 2,
                "Navigator.prototype.userAgent": 2,
                "NavigatorUAData.prototype.getHighEntropyValues": 2,
                "NavigatorUAData.prototype.brands": 2
            },
            "sites": 2,
            "prevalence": 0.0000136,
            "cnames": [],
            "responseHashes": [
                "059c7f785b722b1dbc86557f163c350d5e7f21d4afbb631b55bf159052775293"
            ],
            "type": "Script",
            "firstPartyCookies": {},
            "firstPartyCookiesSent": {},
            "exampleSites": [
                "msze.info",
                "www.routenplaner-karte.de"
            ]
        }
    ],
    "categories": [],
    "performance": {},
    "cookies": 0.000163,