{
    "domain": "ogdennews.com",
    "owner": {},
    "source": [
        "DuckDuckGo-US"
    ],
    "prevalence": 0.000402,
    "sites": 59,
    "subdomains": [
        "promos"
    ],
    "cnames": [],
    "fingerprinting": 0,
    "resources": [
        {
            "rule": "ogdennews\\.com\\/_custom\\/promos\\/get_promos\\.php",
            "cookies": 0,
            "fingerprinting": 0,
            "subdomains": [
                "promos"
            ],
            "apis": {},
            "sites": 36,
            "prevalence": 0.000245,
            "cnames": [],
            "responseHashes": [
                "46751203a8701c9e95fe9ec803e60f0340fb7b2d1fe644a17bd0014179ff9b5d",
                "559b493e4c66a003a6b509b5728232359dab9cb04516cf4a232ebe27d94b6109",
                "f6db785e88ced4ff820166d67231d4d4a260b0d19d9662cb560aa87ec583a2d8",
                "ceff2c7870180c709103dc0c873487526eaeca8fd2172b6463d43e15edfd3f32",
                "dc8c11d505cd6b6704385f106fce93a1c5dc9be03810e525eb22286c16fdee4a",
                "5591b0e58ba46e0f3058a795f798479a49b7d7f066d0a2695a8d06784bab82e8",
                "42d1c7ce9bd58173413bfff42710393d5cc98e3a3f8b9a1ac8f6fd1013621302",
                "4c3c897f3c19d3c494f7d85bc05f31d56c4558867dcb085f68931dbd9befba99",
                "28f62fc8016b6c8bf6135967255dd60acbe68c365aedc0f7825ed6575924e61b",
                "d32df5fbe0389f37ea06d90d2e04253db0ca9c1e246d64c22e687e86ab5a1c40",
                "404a4d53a86dabedfa242a382c413d52c032a6b44f1cd39c45f0166aea053125",
                "0ceafa417d4a80fb656a76678f41d04ef046c0c123451b65f4af335d4f0960e7",
                "fde931bb033447a57df07bdf53dfb6a37b0508b5b60428e64ffbbd0b78ce0eb5",
                "4e6503195fa45aa9acd5779ed745b4f5cc144268f3b6ba7a3961841d27df13ef",
                "92dd7e00f411ba88069c6337ac209819fef7af6b97960f2e8996576ce16c5e64",
                "c6ad332c53f7dc4001eda6e6ff450448cb7cd2b6d0a4f93cc6498b3490bd5291",
                "d7f198dbc22159f4056c11e2d8e9393c8bbebee05f40869308ac1061f53f8b6c",
                "32484dbea236c22e4266cd41496e1d10877de5898f3a0ea9c7f321bb3f70c2ab",
                "e4b3a4b293fa5b85433702e395b02de2eb3146c24c64543d8925d702c32fc5e0",
                "ecb152c3b4d6c156319b3258d940ba2e83cca177c664816e224dafab644afd3c",
                "ea78853532742c54c6ac4d909e6bb4cb57f476ebae058c0c2dfa6cb87bcd3539",
                "dded9cc91c00dd834f1bb461f26053c52de5c3cbafdc4d4bd8d383bd9f8ff71a",
                "5840f21fe47bbbc53fd9e26973d1078e5e216a608878e4a4bd8fdbc6e6968973"
            ],
            "type": "XHR",
            "firstPartyCookies": {},
            "firstPartyCookiesSent": {},
            "exampleSites": [
                "www.heraldextra.com",
                "adirondackdailyenterprise.com",
                "www.dailypress.net",
                "www.nashuatelegraph.com",
                "www.weirtondailytimes.com",
                "www.altoonamirror.com",
                "www.mininggazette.com",
                "www.nujournal.com",
                "www.minotdailynews.com",
                "www.lewistownsentinel.com",
                "www.theintermountain.com",
                "www.mauinews.com",
                "www.sungazette.com",
                "www.messengernews.net",
                "www.salemnews.net",
                "www.timesobserver.com",
                "www.thealpenanews.com",
                "www.standard.net",
                "www.lockhaven.com",
                "www.tribtoday.com"
            ]
        }
    ],
    "categories": [],
    "performance": {},
    "cookies": 0,
    "topInitiators": [
        {
            "domain": "first party",
            "prevalence": 0.9078947368421053
        },
        {
            "domain": "ajax.googleapis.com",
            "prevalence": 0.05263157894736842
        },
        {
            "domain": "jquery.com",
            "prevalence": 0.039473684210526314
        }
    ],
    "types": {
        "XHR": 36
    },
    "nameservers": [
        "ns-1537.awsdns-00.co.uk",
        "ns-65.awsdns-08.com",
        "ns-1122.awsdns-12.org",
        "ns-937.awsdns-53.net"
    ]
}