{
    "domain": "okasconcepts.com",
    "owner": {},
    "source": [
        "DuckDuckGo-US"
    ],
    "prevalence": 0.000266,
    "sites": 39,
    "subdomains": [
        "open-signin",
        "livesearch"
    ],
    "cnames": [],
    "fingerprinting": 1,
    "resources": [
        {
            "rule": "okasconcepts\\.com\\/js\\/resource\\.js",
            "cookies": 0,
            "fingerprinting": 1,
            "subdomains": [
                "open-signin"
            ],
            "apis": {
                "Navigator.prototype.platform": 15
            },
            "sites": 15,
            "prevalence": 0.000102,
            "cnames": [],
            "responseHashes": [
                "299ba8383e319cba02ccf7466c7f0121c5421238a8fff40e6b8448d4386baa5a"
            ],
            "type": "Script",
            "firstPartyCookies": {},
            "firstPartyCookiesSent": {},
            "exampleSites": [
                "buildasoil.com",
                "easyspirit.com",
                "hosstile.com",
                "ninewest.com",
                "paradisefibers.com",
                "ridge.com",
                "theyamazakihome.com",
                "tomboyx.com",
                "www.100percentpure.com",
                "www.ekster.com",
                "www.ketochow.xyz",
                "www.mrfc.com",
                "www.scentsplit.com",
                "www.tacticaldistributors.com",
                "www.worldwidecyclery.com"
            ]
        },
        {
            "rule": "okasconcepts\\.com\\/popup\\/conf",
            "cookies": 0.000102,
            "fingerprinting": 0,
            "subdomains": [
                "open-signin"
            ],
            "apis": {},
            "sites": 15,
            "prevalence": 0.000102,
            "cnames": [],
            "responseHashes": [
                "6d6a2ec435e189fcae5e37527d820567c2051994c7cca1c72383014a5dd186c7",
                "c0be18c5fa31698f5e83bd7b619fb84a6226b820c5ec31625f18a1af948ab4c7",
                "80c429d2ad03c36d66faa44f8febea36037115a75fb6d32a23cc3a32e091b379",
                "61fad6d0a087782a52db0b2fcb60e27898cf550757ee75c9e906545b8246401c",
                "f4108d6b9283bd7bcff28e897ec29d4c5dff38869d254f5dd4e23ab5dc408874",
                "995f57b1f51ed8200166ba8dc6f7679989f14f3c8dece93ea697d0e7dbd9cde6",
                "b34de700398f48da7e0e9d5d4b1602e3fa45368fc0191d53d473783aee5d8459",
                "a089ad3db9993a3c15ddb0923cbfd904d8b57e7570de6660a3b781e0f473bea5",
                "26f6ad4dd65d820917182441d036f6878c192b11d617a80b440b8f3b419bb846",
                "dc487bbe51100faa5e0e7b6fb890484322970b7028af2f93755cc1a78b85a835",
                "f6762b6a63515199d59ea5d6291b1b9f175ffed05544f178621ca1aa74aded93",
                "147886a69d494b74be401cc98831e546e293fccb81de1435ffe39fc31d0752e1",
                "51a30fabe1c9a9746335166e0748d17bed005f45eb5266a01b5e7a8442646f17",
                "0db5678e8b6bde608e99935fd4ec3f39b542c0689f0329c5bf2d6b5a7e57a924"
            ],
            "type": "Script",
            "firstPartyCookies": {},
            "firstPartyCookiesSent": {},
            "exampleSites": [
                "buildasoil.com",
                "easyspirit.com",
                "hosstile.com",
                "ninewest.com",
                "paradisefibers.com",
                "ridge.com",
                "theyamazakihome.com",
                "tomboyx.com",
                "www.100percentpure.com",
                "www.ekster.com",
                "www.ketochow.xyz",
                "www.mrfc.com",
                "www.scentsplit.com",
                "www.tacticaldistributors.com",
                "www.worldwidecyclery.com"
            ]
        },
        {
            "rule": "okasconcepts\\.com\\/plugins\\/remodal\\/remodal\\.css",
            "cookies": 0,
            "fingerprinting": 0,
            "subdomains": [
                "open-signin"
            ],
            "apis": {},
            "sites": 15,
            "prevalence": 0.000102,
            "cnames": [],
            "responseHashes": [
                "ba104d737e9403cdf2fb94a0d940af744774a0d308016c9a4db0686aba681e91"
            ],
            "type": "Stylesheet",
            "firstPartyCookies": {},
            "firstPartyCookiesSent": {},
            "exampleSites": [
                "buildasoil.com",
                "easyspirit.com",
                "hosstile.com",
                "ninewest.com",
                "paradisefibers.com",
                "ridge.com",
                "theyamazakihome.com",
                "tomboyx.com",
                "www.100percentpure.com",
                "www.ekster.com",
                "www.ketochow.xyz",
                "www.mrfc.com",
                "www.scentsplit.com",
                "www.tacticaldistributors.com",
                "www.worldwidecyclery.com"
            ]
        },
        {
            "rule": "okasconcepts\\.com\\/plugins\\/remodal\\/remodal-default-theme\\.css",
            "cookies": 0,
            "fingerprinting": 0,
            "subdomains": [
                "open-signin"
            ],
            "apis": {},
            "sites": 15,
            "prevalence": 0.000102,
            "cnames": [],
            "responseHashes": [
                "3a117d18b992c315cf97bee99ab44d1e5c43d047a63f84ff4e81ecb8d031230c"
            ],
            "type": "Stylesheet",
            "firstPartyCookies": {},
            "firstPartyCookiesSent": {},
            "exampleSites": [
                "buildasoil.com",
                "easyspirit.com",
                "hosstile.com",
                "ninewest.com",
                "paradisefibers.com",
                "ridge.com",
                "theyamazakihome.com",
                "tomboyx.com",
                "www.100percentpure.com",
                "www.ekster.com",
                "www.ketochow.xyz",
                "www.mrfc.com",
                "www.scentsplit.com",
                "www.tacticaldistributors.com",
                "www.worldwidecyclery.com"
            ]
        },
        {
            "rule": "okasconcepts\\.com\\/js\\/livesearch\\.init\\.min\\.js",
            "cookies": 0,
            "fingerprinting": 0,
            "subdomains": [
                "livesearch"
            ],
            "apis": {},
            "sites": 13,
            "prevalence": 0.0000886,
            "cnames": [],
            "responseHashes": [
                "27c5e625ef9a34219cff79fcf84d8c1c044af8ab774f75ce1f37cb9beac34f67"
            ],
            "type": "Script",
            "firstPartyCookies": {},
            "firstPartyCookiesSent": {},
            "exampleSites": [
                "colemanhvacparts.com",
                "flat6motorsports.com",
                "nassaunationalcable.com",
                "swpea.com",
                "us.kamik.com",
                "www.faribaultmill.com",
                "www.foundryoutdoors.com",
                "www.independenttradingco.com",
                "www.kamik.com",
                "www.lemsshoes.com",
                "www.mountainkhakis.com",
                "www.nationalguntrusts.com",
                "www.vbeltguys.com"
            ]
        },
        {
            "rule": "okasconcepts\\.com\\/js\\/livesearch\\.complete\\.min\\.js",
            "cookies": 0,
            "fingerprinting": 1,
            "subdomains": [
                "livesearch"
            ],
            "apis": {
                "Date.prototype.getTime": 13,
                "window.localStorage": 13,
                "Navigator.prototype.userAgent": 13
            },
            "sites": 13,
            "prevalence": 0.0000886,
            "cnames": [],
            "responseHashes": [
                "35748d704b8f9fe0a2266e1f2bf8d23e5abea453c27719fbb11036d44217d7e3"
            ],
            "type": "Script",
            "firstPartyCookies": {},
            "firstPartyCookiesSent": {},