{
    "domain": "omegacommerce.com",
    "owner": {},
    "source": [
        "DuckDuckGo-US"
    ],
    "prevalence": 0.000218,
    "sites": 32,
    "subdomains": [
        "search-a",
        "search",
        "feed"
    ],
    "cnames": [],
    "fingerprinting": 0,
    "resources": [
        {
            "rule": "omegacommerce\\.com\\/instant\\/initjs",
            "cookies": 0,
            "fingerprinting": 0,
            "subdomains": [
                "search-a",
                "search"
            ],
            "apis": {},
            "sites": 16,
            "prevalence": 0.000109,
            "cnames": [],
            "responseHashes": [
                "9e9bedd7b3a26bca7106e61471775e15e9eb0e222d0c1884ab1ba96196899eaa",
                "2549375aa00f4ffd216152f5cff787c72d672a5e623f34b48db03f498d80de0c",
                "6dbb33c50b31592b4911ca3a1fdc43c83ccc6a92a163513c2ad2ff751a616e7a",
                "cc070b79cbd165beda9b838152b862634ea045249c92cac0487fa258ddca6479",
                "7c138b0bc326028ffae62ccdab09577b7cfaaf9535595106ed99a94847a49a21",
                "4aa774edf481f5c5f18c54a2311fcc50d373344fe9a96b218cfbc2c999d9e51e",
                "c50dfb9d2567d5d3121459dce7f51b6fa51029d8b3ec03a152d5fed22a87362c",
                "e80d7cf89dae459b0e4c1fca07da4b9e059bbf70de1e72f91d39a1d5a659601b",
                "c627c9cf19cec044de2102df0aae175cd447c3c66da514f87873139ff8d79928",
                "9c96bfc95f663c80951c4320e6689def54854bb2c2cd318f7b98ac900d47bbd3",
                "4dde9d59054702a977e845863214736f1b2bca1046cfbe060c045df70613a829",
                "94408a607272140d51e3e5f72ad0d801bbec045472b3f9812aec47ad863d0c6c",
                "37b8998259cab3391da584404c55cd2a9d311fbc79c2bf92b8e60b56b67e17d6",
                "112f18425637ed601c3a7192b09ee7cf768ae266759bd9a4e195ca535e0c1fa6",
                "517a94f355b22a51ce7edc789737641b0a25142bf42261414695eb2577f13641"
            ],
            "type": "Script",
            "firstPartyCookies": {},
            "firstPartyCookiesSent": {},
            "exampleSites": [
                "bigtree-tech.com",
                "goodr.com",
                "humann.com",
                "saris.com",
                "shop.briggsandstratton.com",
                "sockwellusa.com",
                "store.nastypig.com",
                "themowershop.com",
                "www.aquariumcoop.com",
                "www.groovyguygifts.com",
                "www.gungoddess.com",
                "www.holotaco.com",
                "www.jkboots.com",
                "www.mucinex.com",
                "www.sandiaseed.com",
                "www.schiffvitamins.com"
            ]
        },
        {
            "rule": "omegacommerce\\.com\\/js\\/init\\.js",
            "cookies": 0,
            "fingerprinting": 0,
            "subdomains": [
                "feed"
            ],
            "apis": {},
            "sites": 5,
            "prevalence": 0.0000341,
            "cnames": [],
            "responseHashes": [
                "868e8a077e8e80bbb7b42ef0e7791b96b837ed45808744355a42404b96a7886e",
                "bf30c82e93ef4c72dee40eb43e72818071a43c5e40f501313c3d4b697adf17f9",
                "1e7cda11c1125a3b382b3c95a0360664f5f135d15681420f5e44b98b1a281dde",
                "7433f3cb71ac888a2f7ce8fdafa555026b72c4e7f29420a69db0592dd2e681ed"
            ],
            "type": "Script",
            "firstPartyCookies": {},
            "firstPartyCookiesSent": {},
            "exampleSites": [
                "pawsafe.com",
                "theoodie.co.uk",
                "us.nothing.tech",
                "www.deansafe.com",
                "www.warehouse-lighting.com"
            ]
        },
        {
            "rule": "omegacommerce\\.com\\/a\\/0\\/instant\\/a09596ba-6340-4edb-9dfd-2e83ff35d7fd\\/563\\.b44ea5937cc99a34d614\\.min\\.js",
            "cookies": 0,
            "fingerprinting": 0,
            "subdomains": [
                "search-a"
            ],
            "apis": {},
            "sites": 2,
            "prevalence": 0.0000136,
            "cnames": [],
            "responseHashes": [
                "cadf8310b0d63bb66de2f516fd23b27dad050bd5c2e5f6ed9702d48f4551efdf"
            ],
            "type": "Script",
            "firstPartyCookies": {},
            "firstPartyCookiesSent": {},
            "exampleSites": [
                "mucinex.com",
                "www.mucinex.com"
            ]
        },
        {
            "rule": "omegacommerce\\.com\\/a\\/0\\/instant\\/a09596ba-6340-4edb-9dfd-2e83ff35d7fd\\/342\\.755fa9815fae05bae153\\.min\\.js",
            "cookies": 0,
            "fingerprinting": 0,
            "subdomains": [
                "search-a"
            ],
            "apis": {},
            "sites": 2,
            "prevalence": 0.0000136,
            "cnames": [],
            "responseHashes": [
                "6960b2ca3ee619f312c00607e64f5cf32a3a27ee9cca0cc4bc6205c0d06e366f"
            ],
            "type": "Script",
            "firstPartyCookies": {},
            "firstPartyCookiesSent": {},
            "exampleSites": [
                "mucinex.com",
                "www.mucinex.com"
            ]
        },
        {
            "rule": "omegacommerce\\.com\\/a\\/0\\/assets\\/b1feb391ab2a0c7487b9a5d490eccf99_index\\.css",
            "cookies": 0,
            "fingerprinting": 0,
            "subdomains": [
                "search-a"
            ],
            "apis": {},
            "sites": 2,
            "prevalence": 0.0000136,
            "cnames": [],
            "responseHashes": [
                "07a3838bb16ab3581d6c58f1a66c33155aefa09765dc21ee18e39162f31799ce"
            ],
            "type": "XHR",
            "firstPartyCookies": {},
            "firstPartyCookiesSent": {},
            "exampleSites": [
                "mucinex.com",
                "www.mucinex.com"
            ]
        }
    ],
    "categories": [],
    "performance": {},
    "cookies": 0,
    "topInitiators": [
        {
            "domain": "first party",
            "prevalence": 0.918918918918919
        },
        {
            "domain": "yottaa.com",
            "prevalence": 0.05405405405405406
        },
        {
            "domain": "sdiapi.com",
            "prevalence": 0.02702702702702703
        }
    ],
    "types": {
        "Script": 25,
        "XHR": 2
    },
    "nameservers": [
        "ns-457.awsdns-57.com",
        "ns-1195.awsdns-21.org",
        "ns-853.awsdns-42.net",
        "ns-1920.awsdns-48.co.uk"
    ]
}