{
    "domain": "on.aws",
    "owner": {},
    "source": [
        "DuckDuckGo-US"
    ],
    "prevalence": 0.000783,
    "sites": 115,
    "subdomains": [
        "fz3dyeyxmebszwhuiky7vggmsu0rlkoy.lambda-url.us-west-2",
        "4drxnszi2fynwkdn2crsmudscy0mydlb.lambda-url.us-east-1",
        "4hrs6bn6i3lge4lj4ubsp6os6i0tpmvf.lambda-url.us-east-1",
        "um7x4h7jx3lyr6z3c4p764dr4i0igudg.lambda-url.us-east-1",
        "ip7prksb2muxvmmh25t6rxl2te0tfulc.lambda-url.eu-west-1",
        "goyp2hlslhnbdbp2lhch6nvpde0nwbmv.lambda-url.us-east-2",
        "ttactd7g6cndvfhuf6ygs6c7qq0quzyi.lambda-url.us-east-1",
        "tctguyhimcwcyexxgullu3seem0fkhrh.lambda-url.us-west-2",
        "k7hjm37dx6fh5db7l6t5jmygai0gcnxt.lambda-url.us-east-2",
        "2aed6ghjsb4436qtebuqk3gfzq0xeauy.lambda-url.us-east-1"
    ],
    "cnames": [],
    "fingerprinting": 0,
    "resources": [
        {
            "rule": "on\\.aws\\/",
            "cookies": 0.00000681,
            "fingerprinting": 0,
            "subdomains": [
                "fz3dyeyxmebszwhuiky7vggmsu0rlkoy.lambda-url.us-west-2",
                "4drxnszi2fynwkdn2crsmudscy0mydlb.lambda-url.us-east-1",
                "4hrs6bn6i3lge4lj4ubsp6os6i0tpmvf.lambda-url.us-east-1",
                "um7x4h7jx3lyr6z3c4p764dr4i0igudg.lambda-url.us-east-1",
                "ip7prksb2muxvmmh25t6rxl2te0tfulc.lambda-url.eu-west-1",
                "goyp2hlslhnbdbp2lhch6nvpde0nwbmv.lambda-url.us-east-2",
                "ttactd7g6cndvfhuf6ygs6c7qq0quzyi.lambda-url.us-east-1"
            ],
            "apis": {},
            "sites": 46,
            "prevalence": 0.000313,
            "cnames": [],
            "responseHashes": [
                "7a3d66c7d829ecffb8cb2916ebca2e00af156209b8c78096f4b3ded0e4df5d0c",
                "653d7e86aae22a5157ba2195ca993f012903c3e20375841aa471ce9d8df800fa",
                "16d34b5e7bcb341ee6cb3d16495d90e93fbe57c46d3827432613210a24ebca30",
                "2bb3a37917e8bc4879e8d7cd6b7c9dec07757bb7e3b69dbb453754c03a9e6923",
                "6f0bb0e034ef470c078140b92a095fe165484bcd85619762ec6465e91c5e92cc",
                "ede65bc8a3e4b0b8396303cb3aae46e17efd984b509bc3afd488618d8467de38",
                "29a8cc5f8495beba243f847db7d7243270b4f94c0dee62079609a3680aad93f6",
                "c23d699bf1b38f318cf54fa00e7081bb4ba86a2552ded2f1b8de4fad434945f3",
                "aa7fca11fa6e92d7a75f4bb48d6cc856d2e19c29f58fdfa12ec6a6cbc9f5b137",
                "0bcff9107946b29b6ec5236a3b0ac1de24fc7cec6a69dffbf58d1b1514646bee",
                "4f97fe44dc55aca45aa48beeedf5fd9ea6a36b7cb9d61d4dab54a6783e4e0760",
                "0d49c039062379c81aee3090440f135d0819c0072b484431b2cb9c7190bcc585",
                "7822b8778fe2af1457d3d4b383aaa623f7a63aae9df4ca4e6e4e6891059f881e",
                "632e872a8d5fda834f8aaeacddc677669df5a49d85ce92971b998f43ba58e323",
                "b602775bd78acf5f5147e4957fb0002848a22f1ab12624bb69014ce3a769c537",
                "e543cce5e03c6361d031886d0845461a7c20df652778b970f2619e0642b1b91a",
                "ca2f1189a8f464e837dd101d9c2f8734c3708245b5995d7821f7d020c7f5d0e1",
                "de54cc6e0c20c7d2110c8279db5627c2b6198608a87cfb308a40cac76f26013e",
                "50177cc4d3152acf517e465e6e08f0f3c422861b60aea078d784cf4341a3c15f",
                "5d2213d150f1e640778567feef66151e0dfd80e498b8758fb8d8b1f709eb499d",
                "22ac70ed68058c48e3bd9141add798444d1247615a6fa1c342aa0b18be1a8f35",
                "fcc2e467c848b776730e50bf792cf3efec9763fa6c72f408c10f9ea9053396d0",
                "1d1e1548d7bb8f7bf337c87cdffb753ede98ed19b096a3e101100f1c17369990",
                "6b5e5018070e4de37aacd91b751e2aa8c5d3fdf54bca919f7ef66efdb7dcd0d9",
                "2a6e805f045d4ac358e0a7791c6185aa8dd1e330e2f8f13a0c3efc01a167233c",
                "cb9e6f1576497c399b32103670b7667926bde6fd8482b47f1f8add8249a2b7bd",
                "530febe20e0ad1dffa22118e3720fa43cb4d05075129b85cd3cb4c47bbcd6451",
                "482114cf3f18de871aba64f6b258eb7db1fdf0bae1c8e59398d1b25d0c7dd425",
                "1e2f93b31369305ccef54f5e5248d0a3b65dc6690040757b86e84a83e3454f16",
                "b9a05ec9b178a27ccd63680b838b5e49e55012c604e75194d0ba1529a10f68de",
                "be5121bc8a1e485fe7e85a4bdfcdb5041e4dcc7c7c1874e93158eb6218955544",
                "b8fb230513f934bc35d0491ac3164b95b9eab375ab420f09721fd2aa01c4e167",
                "72e5ec0d7d560682f918b89ef44d3e9492f49023f60c5e2635ae0b81ceefefde",
                "bedab5539a1eb36b57636e3c69e2303ebbc8ab6b99ff92de0806abe905ffecb2",
                "ddea66ce06c8ddaf2efd4b3838ff3e302559c988b714995640c15a4f8f871953",
                "a3f0295896e2ab7c2b1506e4fccbe16c5be36750fea72029d8debe40bdb20416",
                "e3b0c44298fc1c149afbf4c8996fb92427ae41e4649b934ca495991b7852b855",
                "5bdb091218508694f549d626ec50c43c89a6032ec8ae20df0af73afaed481473"
            ],
            "type": "Fetch",
            "firstPartyCookies": {},
            "firstPartyCookiesSent": {},
            "exampleSites": [
                "dailycaller.com",
                "www.nfib.com",
                "eventsinamerica.com",
                "dramacute.cyou",
                "samehada.care",
                "toonworld4all.me",
                "id.indodrama.net",
                "www.ladepeche.fr",
                "ride.shimano.com",
                "komikindo.moe",
                "3kh0-mirror-v4.netlify.app",
                "www.blackenterprise.com",
                "softkomik.com",
                "moneywise.com",
                "www.equibase.com",
                "elitetorrent.casa",
                "www.shipsticks.com",
                "ww3.animeonline.ninja",
                "dorama.doramaindo.ai",
                "kisscartoon.info"
            ]
        },
        {
            "rule": "on\\.aws\\/",
            "cookies": 0,
            "fingerprinting": 0,
            "subdomains": [
                "tctguyhimcwcyexxgullu3seem0fkhrh.lambda-url.us-west-2"
            ],
            "apis": {},
            "sites": 20,
            "prevalence": 0.000136,
            "cnames": [],
            "responseHashes": [
                "8503bb1f3969798a88dce37ee7f38979711dfd7495f5b8dafd66a19ff24e2d15"
            ],
            "type": "Stylesheet",
            "firstPartyCookies": {},
            "firstPartyCookiesSent": {},
            "exampleSites": [
                "banjo.com",
                "frameusa.com",
                "learnpython.com",
                "learnsql.com",
                "lluh.org",
                "mitsloan.mit.edu",
                "onlineoutboards.com",
                "sheaconcrete.com",
                "vtlottery.com",
                "www.aeammo.com",
                "www.bimmer-tech.net",
                "www.cookunity.com",
                "www.currentcatalog.com",
                "www.dormeousa.com",
                "www.ewg.org",
                "www.oki.com",
                "www.silencercentral.com",
                "www.tilesdirect.net",
                "www.tvmatchen.nu",
                "www.vacmasterfresh.com"
            ]
        },
        {
            "rule": "on\\.aws\\/",
            "cookies": 0,
            "fingerprinting": 0,
            "subdomains": [
                "4hrs6bn6i3lge4lj4ubsp6os6i0tpmvf.lambda-url.us-east-1",
                "k7hjm37dx6fh5db7l6t5jmygai0gcnxt.lambda-url.us-east-2",
                "ip7prksb2muxvmmh25t6rxl2te0tfulc.lambda-url.eu-west-1"
            ],
            "apis": {},
            "sites": 13,
            "prevalence": 0.0000886,
            "cnames": [],
            "responseHashes": [],
            "type": "Preflight",
            "firstPartyCookies": {},
            "firstPartyCookiesSent": {},