{
    "domain": "onlinechatcenters.com",
    "owner": {},
    "source": [
        "DuckDuckGo-US"
    ],
    "prevalence": 0.0000613,
    "sites": 9,
    "subdomains": [
        "www"
    ],
    "cnames": [],
    "fingerprinting": 1,
    "resources": [
        {
            "rule": "onlinechatcenters\\.com\\/visitor\\/",
            "cookies": 0,
            "fingerprinting": 0,
            "subdomains": [
                "www"
            ],
            "apis": {},
            "sites": 8,
            "prevalence": 0.0000545,
            "cnames": [],
            "responseHashes": [
                "d000f9f6faab4bc494bee7a76662a4d6b84df73fbf3aa0f8bcaafcb117252a24",
                "1c9f4d919f99eba561788da16c15d98d06f7e863204862f8a89b4638ebf9d505",
                "6729683d395de0ebb022a5363b7c34eca0b6e5728c17008d2a5becf31edc5fc9",
                "c685c42c54e42c37cf25fabe0731349fb7eac5e17d8a557604da782f401946b6",
                "6680e31c322361f9604b4d39d7a71c5b23bbb25dc7e7929ae254eab92652d34d",
                "38b7a3d98d4f36ef7f20ce22009c1bf12078cd953e5a4036121b12d7ba4437a7",
                "a949a149ea31d58ef277e2c85ac42ca1937ce1fd60caf83bfab8c8d9d4a8ff77"
            ],
            "type": "Script",
            "firstPartyCookies": {},
            "firstPartyCookiesSent": {},
            "exampleSites": [
                "broshauling.com",
                "www.206tours.com",
                "www.babbittsonline.com",
                "www.genuinepolarisparts.com",
                "www.hondapartshouse.com",
                "www.lcc.edu",
                "www.polarispartshouse.com",
                "www.yamahapartshouse.com"
            ]
        },
        {
            "rule": "onlinechatcenters\\.com\\/code-29945\\.js",
            "cookies": 0.0000136,
            "fingerprinting": 1,
            "subdomains": [
                "www"
            ],
            "apis": {
                "Document.cookie getter": 2,
                "Document.cookie setter": 2
            },
            "sites": 2,
            "prevalence": 0.0000136,
            "cnames": [],
            "responseHashes": [
                "745ff024b790f15509b3b4b8b913f6abf59287c7cd91ab95302de39deb676909"
            ],
            "type": "Script",
            "firstPartyCookies": {
                "OCCSESSID": {
                    "ttl": null,
                    "length": 26,
                    "prevalence": 0.000013624071008658098,
                    "uniqueness": 1
                }
            },
            "firstPartyCookiesSent": {},
            "exampleSites": [
                "babbittsonline.com",
                "www.babbittsonline.com"
            ]
        },
        {
            "rule": "onlinechatcenters\\.com\\/status-29945",
            "cookies": 0,
            "fingerprinting": 0,
            "subdomains": [
                "www"
            ],
            "apis": {},
            "sites": 2,
            "prevalence": 0.0000136,
            "cnames": [],
            "responseHashes": [
                "2df2b4ba6543497f17efaeaa3355b600fa6dbdf6c1e25947f1e916e4b82eabab"
            ],
            "type": "Image",
            "firstPartyCookies": {},
            "firstPartyCookiesSent": {},
            "exampleSites": [
                "babbittsonline.com",
                "www.babbittsonline.com"
            ]
        },
        {
            "rule": "onlinechatcenters\\.com\\/code-29945-69580\\.js",
            "cookies": 0.0000204,
            "fingerprinting": 1,
            "subdomains": [
                "www"
            ],
            "apis": {
                "Document.cookie getter": 3,
                "Document.cookie setter": 3
            },
            "sites": 3,
            "prevalence": 0.0000204,
            "cnames": [],
            "responseHashes": [
                "8b105fb935b150ecec74fa56344e3915434d22c57d2ba0b0d120561270f3863a"
            ],
            "type": "Script",
            "firstPartyCookies": {
                "OCCSESSID": {
                    "ttl": null,
                    "length": 26,
                    "prevalence": 0.000020436106512987146,
                    "uniqueness": 1
                }
            },
            "firstPartyCookiesSent": {},
            "exampleSites": [
                "hondapartshouse.com",
                "www.polarispartshouse.com",
                "www.yamahapartshouse.com"
            ]
        },
        {
            "rule": "onlinechatcenters\\.com\\/status-29945-69580",
            "cookies": 0,
            "fingerprinting": 0,
            "subdomains": [
                "www"
            ],
            "apis": {},
            "sites": 3,
            "prevalence": 0.0000204,
            "cnames": [],
            "responseHashes": [
                "2df2b4ba6543497f17efaeaa3355b600fa6dbdf6c1e25947f1e916e4b82eabab"
            ],
            "type": "Image",
            "firstPartyCookies": {},
            "firstPartyCookiesSent": {},
            "exampleSites": [
                "hondapartshouse.com",
                "www.polarispartshouse.com",
                "www.yamahapartshouse.com"
            ]
        }
    ],
    "categories": [],
    "performance": {},
    "cookies": 0.0000613,
    "topInitiators": [
        {
            "domain": "first party",
            "prevalence": 0.5454545454545454
        },
        {
            "domain": "googletagmanager.com",
            "prevalence": 0.45454545454545453
        }
    ],
    "types": {
        "Script": 13,
        "Image": 5
    },
    "nameservers": [
        "ns-551.awsdns-04.net",
        "ns-259.awsdns-32.com",
        "ns-1211.awsdns-23.org",
        "ns-1944.awsdns-51.co.uk"
    ]
}