{
    "domain": "opentracker.net",
    "owner": {
        "name": "Opentracker",
        "displayName": "Opentracker"
    },
    "source": [
        "DuckDuckGo-US"
    ],
    "prevalence": 0.0000681,
    "sites": 10,
    "subdomains": [
        "script",
        "server1",
        "gm02f",
        "gm02e",
        "log"
    ],
    "cnames": [],
    "fingerprinting": 2,
    "resources": [
        {
            "rule": "opentracker\\.net\\/",
            "cookies": 0.0000545,
            "fingerprinting": 2,
            "subdomains": [
                "script",
                "server1"
            ],
            "apis": {
                "Navigator.prototype.appVersion": 8,
                "Document.cookie getter": 8,
                "Document.cookie setter": 8,
                "Date.prototype.getTime": 8,
                "Screen.prototype.height": 8,
                "Screen.prototype.width": 8,
                "Screen.prototype.pixelDepth": 6,
                "window.localStorage": 2,
                "Screen.prototype.colorDepth": 2
            },
            "sites": 9,
            "prevalence": 0.0000613,
            "cnames": [],
            "responseHashes": [
                "2b46dd4693b7ef0eb62731319c6c9a9d51787b8e892060c273bcdcdac00b05f3",
                "af616949345aa68197d41115cefdd7a708a640be26612ffba65ff692239176d8",
                "e7880c3968542f89f245eeb7f572c27a0a9b600f9ffd87132f267b5f380d2412",
                "cb6ef260f87242f4a613ddcb5a879a7cdee248cbd410d680cfa1d51f74bab3a9",
                "9b4323f9ec3a368bc1c79850208bcbbef6f670ba4f516b039bfea7e60398e325",
                "aea9baf2106de4c43980fe8ddc93afa7693298f4e33c88c622f298e11bcbd38f",
                "121167b0d2267412a99e1f52e53db9005a2186df3546bc6c1fa1ac2946c22345",
                "909894de1bc6aaa225cd3a9da67cc8575b954ff7789de4e17e98e6c69834ee36"
            ],
            "type": "Script",
            "firstPartyCookies": {
                "machine-id": {
                    "ttl": 63158405,
                    "length": 28,
                    "prevalence": 0.00004087221302597429,
                    "uniqueness": 1
                },
                "_ots": {
                    "ttl": 1805,
                    "length": 43,
                    "prevalence": 0.00005449628403463239,
                    "uniqueness": 1
                },
                "_otui": {
                    "ttl": 63158410,
                    "length": 56,
                    "prevalence": 0.00005449628403463239,
                    "uniqueness": 1
                },
                "_otpe": {
                    "ttl": 1805,
                    "length": 69,
                    "prevalence": 0.00005449628403463239,
                    "uniqueness": 1
                }
            },
            "firstPartyCookiesSent": {},
            "exampleSites": [
                "dmvrecords.us.org",
                "forum.inductiveautomation.com",
                "tarisio.com",
                "www.armyrecognition.com",
                "www.camera.org",
                "www.canadianappliance.ca",
                "www.raptorsupplies.com",
                "www.tldm.org",
                "www.trendmicro.com"
            ]
        },
        {
            "rule": "opentracker\\.net\\/collect\\.jsp",
            "cookies": 0,
            "fingerprinting": 0,
            "subdomains": [
                "gm02f",
                "gm02e"
            ],
            "apis": {},
            "sites": 4,
            "prevalence": 0.0000272,
            "cnames": [],
            "responseHashes": [
                "75ea64d17237a31170ffe6d1cef300e68b129eb3a3c1c84ed099400ea3b17f9f"
            ],
            "type": "Image",
            "firstPartyCookies": {},
            "firstPartyCookiesSent": {
                "_otpe": 0.000027248142017316195
            },
            "exampleSites": [
                "inductiveautomation.com",
                "www.armyrecognition.com",
                "www.camera.org",
                "www.tldm.org"
            ]
        },
        {
            "rule": "opentracker\\.net\\/",
            "cookies": 0,
            "fingerprinting": 0,
            "subdomains": [
                "log"
            ],
            "apis": {},
            "sites": 8,
            "prevalence": 0.0000545,
            "cnames": [],
            "responseHashes": [
                "756b8e02f86bc8e739229a1dec26bb1260d104efc531ab55d96cfc75f8349e71"
            ],
            "type": "Image",
            "firstPartyCookies": {},
            "firstPartyCookiesSent": {
                "machine-id": 0.00004087221302597429,
                "_ots": 0.00005449628403463239,
                "_otui": 0.00005449628403463239,
                "_otpe": 0.000013624071008658098
            },
            "exampleSites": [
                "inductiveautomation.com",
                "tarisio.com",
                "www.armyrecognition.com",
                "www.camera.org",
                "www.canadianappliance.ca",
                "www.raptorsupplies.com",
                "www.tldm.org",
                "www.trendmicro.com"
            ]
        }
    ],
    "categories": [],
    "performance": {},
    "cookies": 0.0000613,
    "topInitiators": [
        {
            "domain": "first party",
            "prevalence": 0.8333333333333334
        },
        {
            "domain": "tiqcdn.com",
            "prevalence": 0.16666666666666666
        }
    ],
    "types": {
        "Script": 9,
        "Image": 12
    },
    "nameservers": [
        "ns-398.awsdns-49.com",
        "ns-611.awsdns-12.net",
        "ns-1983.awsdns-55.co.uk",
        "ns-1051.awsdns-03.org"
    ]
}