{
    "domain": "ophoacit.com",
    "owner": {},
    "source": [
        "DuckDuckGo-US"
    ],
    "prevalence": 0.000177,
    "sites": 26,
    "subdomains": [],
    "cnames": [],
    "fingerprinting": 3,
    "resources": [
        {
            "rule": "ophoacit\\.com\\/1",
            "cookies": 0.000157,
            "fingerprinting": 3,
            "subdomains": [],
            "apis": {
                "NavigatorUAData.prototype.getHighEntropyValues": 22,
                "Screen.prototype.height": 22,
                "Navigator.prototype.userAgent": 22,
                "Navigator.prototype.webdriver": 22,
                "Navigator.prototype.plugins": 22,
                "Screen.prototype.width": 22,
                "window.screenY": 22,
                "window.screenX": 22,
                "window.outerWidth": 22,
                "window.outerHeight": 22,
                "window.innerWidth": 22,
                "window.innerHeight": 22,
                "Screen.prototype.availHeight": 22,
                "window.localStorage": 22
            },
            "sites": 23,
            "prevalence": 0.000157,
            "cnames": [],
            "responseHashes": [
                "eb6af7775cf9b1f38e3a39cf81e6cfa3d66a2e3cbc4eac614a5e3a972e047360",
                "520f0e97d710be6417c3a42158d05a2a48a42796995135d5bed50a32709efa20",
                "629e69473276e8477ed18a29d37208655e214da32aa9424f820830fab7ab6d2d",
                "aeaad1037e558b015e9b7015ba063e8bc882d8d4efe578f7f064b62cc58b6699",
                "992094a41901076aa78b0825071828f8f8cc0a6fc7b64fe5b1afcdda5f449a0d",
                "30895b20d62973c593d08bef8509d5bf9ba1483e475a792ba6f7037de7f98694",
                "0d5bcc6e83badf67917a639a9ecc1b164dc3baef57051e7eebb99ac82424f75d",
                "5013330abfd437e24da79eebf25521f01c5b95c36bed0299e54e73943208570f",
                "2975670a574811b1b4ae4db8ef9134f8c842b1b2d282d49edc02b3a142614203",
                "d5b555ae95922cc86d6198c1844350fa4586e216a3ec304788373e89e55e1ae2",
                "ef95f19583507d33917b81b599bffe00a9dfd1a3a30883b4ad79c53aa60bfbe5",
                "f204fb745fec2e415da6e5bff0759cbb01e518935ff719272d702fd64846143a",
                "2d9683a008b8c15cea33e0150b55d49a9086b3aea87364e18b3a46b211ef038a",
                "1f220f9540efb5b9cda5793b47e871378065d3c982f9a246af2c5b694f33b1ad",
                "519e1d7a77c3f8a98b5755ba3238ad4788c3ffe0fed4861fbc44d8e5090f0c96",
                "6cdd32a030931f313a02f841f9f3d2024570087cbbeaa71e7280a60cc47805c5",
                "fe26ac4792fa29795896bab9a558e345817bbfa96b1dc9272007a4bdc97130db",
                "dff5bba5c05b6e189e4811243cf109a6538f42a38df998287b9088f939c5ea74",
                "b86f264b2b9e851a394d4c8cc4683c8456cc495efaedfe5764521861721f64c9",
                "af9769e22af4fcc18900360b821d792695134d3c266f1df5de9f360b67d8e6e4"
            ],
            "type": "Script",
            "firstPartyCookies": {},
            "firstPartyCookiesSent": {},
            "exampleSites": [
                "bimtek.co.id",
                "y2mate.la",
                "telegrupos.com.br",
                "www1.pelisplus.uno",
                "modyolo.com",
                "bloggiaidap.com",
                "cerita.online",
                "baddiehub.fi",
                "mp3.pm",
                "www1.repelis24.uno",
                "www.sarkarisresults.com",
                "m.savefrom.kim",
                "samchanmanga.com",
                "brokensilenze.one",
                "www.todaypk.autos",
                "footyfull.com",
                "bollyflix.autos",
                "www.hdhub4uu.online",
                "spotthelesson.com",
                "best.epub.pub"
            ]
        },
        {
            "rule": "ophoacit\\.com\\/27\\/16252007f3b3918d0da1ccd482c4cb4d",
            "cookies": 0,
            "fingerprinting": 3,
            "subdomains": [],
            "apis": {
                "Navigator.prototype.userAgent": 23,
                "NavigatorUAData.prototype.getHighEntropyValues": 23,
                "Screen.prototype.height": 23,
                "Navigator.prototype.webdriver": 23,
                "Navigator.prototype.plugins": 23,
                "Screen.prototype.width": 23,
                "window.screenY": 23,
                "window.screenX": 23,
                "window.outerWidth": 23,
                "window.outerHeight": 23,
                "window.innerWidth": 23,
                "window.innerHeight": 23,
                "Screen.prototype.availHeight": 23,
                "window.localStorage": 23,
                "window.sessionStorage": 22
            },
            "sites": 23,
            "prevalence": 0.000157,
            "cnames": [],
            "responseHashes": [
                "db0b413c92eef041a6dda8e7279a8cbee06755eab7b751c88bdbc22781e7e78a"
            ],
            "type": "Script",
            "firstPartyCookies": {},
            "firstPartyCookiesSent": {},
            "exampleSites": [
                "bloggiaidap.com",
                "www.sarkarisresults.com",
                "www.todaypk.autos",
                "www1.cuevana3.one",
                "samchanmanga.com",
                "m.savefrom.kim",
                "www1.repelis24.uno",
                "www1.pelisplus.uno",
                "best.epub.pub",
                "modyolo.com",
                "brokensilenze.one",
                "mp3.pm",
                "footyfull.com",
                "bollyflix.autos",
                "spotthelesson.com",
                "baddiehub.fi",
                "dailyviralmms.com",
                "www.hdhub4uu.online",
                "y2mate.la",
                "bimtek.co.id"
            ]
        },
        {
            "rule": "ophoacit\\.com\\/9",
            "cookies": 0.000143,
            "fingerprinting": 0,
            "subdomains": [],
            "apis": {},
            "sites": 22,
            "prevalence": 0.00015,
            "cnames": [],
            "responseHashes": [
                "e3b0c44298fc1c149afbf4c8996fb92427ae41e4649b934ca495991b7852b855"
            ],
            "type": "XHR",
            "firstPartyCookies": {},
            "firstPartyCookiesSent": {},
            "exampleSites": [
                "footyfull.com",
                "m.savefrom.kim",
                "brokensilenze.one",
                "hindivideoseries.in",
                "www1.repelis24.uno",
                "dailyviralmms.com",
                "mp3.pm",
                "www1.cuevana3.one",
                "samchanmanga.com",
                "bloggiaidap.com",
                "www.sarkarisresults.com",
                "telegrupos.com.br",
                "bimtek.co.id",
                "www.todaypk.autos",
                "modyolo.com",
                "spotthelesson.com",
                "best.epub.pub",
                "www1.pelisplus.uno",
                "y2mate.la",
                "baddiehub.fi"
            ]
        },
        {
            "rule": "ophoacit\\.com\\/9",
            "cookies": 0,
            "fingerprinting": 0,
            "subdomains": [],
            "apis": {},
            "sites": 22,
            "prevalence": 0.00015,
            "cnames": [],
            "responseHashes": [],
            "type": "Preflight",
            "firstPartyCookies": {},
            "firstPartyCookiesSent": {},