{
    "domain": "optimalpeople.fr",
    "owner": {
        "name": "Ano Nymous",
        "displayName": "Ano Nymous"
    },
    "source": [
        "DuckDuckGo-US"
    ],
    "prevalence": 0.000102,
    "sites": 15,
    "subdomains": [
        "analytics"
    ],
    "cnames": [],
    "fingerprinting": 1,
    "resources": [
        {
            "rule": "optimalpeople\\.fr\\/js\\/rd-o-sdk\\.js",
            "cookies": 0,
            "fingerprinting": 1,
            "subdomains": [
                "analytics"
            ],
            "apis": {
                "Document.cookie getter": 13,
                "Navigator.prototype.userAgent": 13
            },
            "sites": 13,
            "prevalence": 0.0000886,
            "cnames": [],
            "responseHashes": [
                "017d209548fb8f91cde04b7acbd9fca875e2b6693e5fee3afe49dff71f17e8d8"
            ],
            "type": "Script",
            "firstPartyCookies": {},
            "firstPartyCookiesSent": {},
            "exampleSites": [
                "ffx.co.uk",
                "www.andertons.co.uk",
                "www.bananamoon.com",
                "www.biocoop.fr",
                "www.bricomarche.pl",
                "www.brw.pl",
                "www.france-mineraux.fr",
                "www.gopuff.com",
                "www.lafeltrinelli.it",
                "www.modz.fr",
                "www.onatera.com",
                "www.opinel.com",
                "www.whisky.fr"
            ]
        },
        {
            "rule": "optimalpeople\\.fr\\/d\\.php",
            "cookies": 0,
            "fingerprinting": 0,
            "subdomains": [
                "analytics"
            ],
            "apis": {},
            "sites": 13,
            "prevalence": 0.0000886,
            "cnames": [],
            "responseHashes": [
                "146e90def0a7c56a06f2da680e5454dd7d7680f82a3055d56e8fd662a0c17835",
                "a357e05407255a17e4418d730a99e0e285dd0e8d2271da0b98d1b22e45be7660",
                "af9fdc757f3391328f07de92c58d9ff95dd9ab83dcadf95f0108308a1b6b9006",
                "61314c1eb1da8eb3f5faf44cee69170d618f72c131f191c1a7df37ca2b0946d9",
                "7f42a064e65df53ff1f1be0e85235408af81842576e89a44dd8cfce8ffa0a973",
                "838f21ce1aec72d98aec1e0a5a006a9b8b7255af48367c18f5da13c2b9aabe6d",
                "65ee9afa86239eaeb3e234732a4f88dc91ce6e776c794684ba0bf01c50087bbc",
                "669ff7c82c7f4267255cad46c03e31160af6d7818016868bbfd83748d209e579",
                "e536f176d96b807a842707f0741a12b8347b5147dfe93ae00c2ebe565377c9ce",
                "ec9133de82be7d4c49b9f99271a4888b9c396c006767560aa3e0b12ed45d78f7",
                "0ed63765971c23bb3189ab931b670eb87c95a305cfcab45ea924b7f4a561f7ca",
                "eba4ca260c60d60ac6bb2fe5aac66200f01752bdaf21023e2a7ca139c056c815"
            ],
            "type": "XHR",
            "firstPartyCookies": {},
            "firstPartyCookiesSent": {},
            "exampleSites": [
                "ffx.co.uk",
                "www.andertons.co.uk",
                "www.bananamoon.com",
                "www.biocoop.fr",
                "www.bricomarche.pl",
                "www.brw.pl",
                "www.france-mineraux.fr",
                "www.gopuff.com",
                "www.lafeltrinelli.it",
                "www.modz.fr",
                "www.onatera.com",
                "www.opinel.com",
                "www.whisky.fr"
            ]
        }
    ],
    "categories": [],
    "performance": {},
    "cookies": 0,
    "topInitiators": [
        {
            "domain": "tradedoubler.com",
            "prevalence": 0.38461538461538464
        },
        {
            "domain": "googletagmanager.com",
            "prevalence": 0.19230769230769232
        },
        {
            "domain": "first party",
            "prevalence": 0.19230769230769232
        },
        {
            "domain": "transcend.io",
            "prevalence": 0.15384615384615385
        },
        {
            "domain": "azure.com",
            "prevalence": 0.038461538461538464
        },
        {
            "domain": "msecnd.net",
            "prevalence": 0.038461538461538464
        }
    ],
    "types": {
        "Script": 13,
        "XHR": 13
    },
    "nameservers": [
        "hal.ns.cloudflare.com",
        "athena.ns.cloudflare.com"
    ]
}