{
    "domain": "ouseswhichtot.org",
    "owner": {},
    "source": [
        "DuckDuckGo-US"
    ],
    "prevalence": 0.000163,
    "sites": 24,
    "subdomains": [],
    "cnames": [],
    "fingerprinting": 0,
    "resources": [
        {
            "rule": "ouseswhichtot\\.org\\/utx",
            "cookies": 0.000163,
            "fingerprinting": 0,
            "subdomains": [],
            "apis": {},
            "sites": 24,
            "prevalence": 0.000163,
            "cnames": [],
            "responseHashes": [
                "e3b0c44298fc1c149afbf4c8996fb92427ae41e4649b934ca495991b7852b855"
            ],
            "type": "XHR",
            "firstPartyCookies": {},
            "firstPartyCookiesSent": {},
            "exampleSites": [
                "ww7.mangakakalot.tv",
                "ww6.mangakakalot.tv",
                "www.freeuseporn.com",
                "tv247.us",
                "www.minecraftskins.com",
                "thenudebay.com",
                "www.javbangers.com",
                "latestporn.co",
                "dafontonline.com",
                "tv247us.com",
                "www.ryuugames.com",
                "www.torrentmac.net",
                "lewdgames.net",
                "chilviral.com",
                "steamygamer.com",
                "ww.mangadex.tv",
                "safetoconvert.com",
                "lewdzones.com",
                "www.allnporn.com",
                "yifysubtitles.ch"
            ]
        },
        {
            "rule": "ouseswhichtot\\.org\\/floater",
            "cookies": 0.0000613,
            "fingerprinting": 0,
            "subdomains": [],
            "apis": {},
            "sites": 9,
            "prevalence": 0.0000613,
            "cnames": [],
            "responseHashes": [
                "8f8dfb6bc88a04e806a20ddd24acadcfe93da3b77155bb7a0d00883b3a3d74ba",
                "8a1303c02a7d267a994b4d0c249cb67a35d3ec1725bee1f107fb056cef912b65",
                "4f975c02883fc2d1db72527d9365d7dc8c929d35ece44e0a4ba9fb358cefac9f",
                "4cad805ae94b2db13cc6b4590aec5507cd465530e317922d14d6e8c953e5a80e",
                "905204da579bed07d6f94546da04713d750390d8f62577ddb4bb99fbe94ec35d",
                "e386011f3f9d24358e9e68fe64298d8aa2b651a5791051ae9fdc98cf0410a8e3",
                "8a97bcdf100f9f58dd5ba3bda4e1e54700d70cc9f5cca0a695b9e2f24ba1d5b9",
                "2e45dc4558de402529d4af9876eccba9b7f76e6ee8707044d2a5f3b599e33149"
            ],
            "type": "XHR",
            "firstPartyCookies": {},
            "firstPartyCookiesSent": {},
            "exampleSites": [
                "prodkeys.co",
                "tv247.us",
                "tv247us.com",
                "ww.mangadex.tv",
                "ww6.mangakakalot.tv",
                "ww6.manganelo.tv",
                "ww7.mangakakalot.tv",
                "www.allnporn.com",
                "www.freeuseporn.com"
            ]
        },
        {
            "rule": "ouseswhichtot\\.org\\/multi",
            "cookies": 0.0000136,
            "fingerprinting": 0,
            "subdomains": [],
            "apis": {},
            "sites": 2,
            "prevalence": 0.0000136,
            "cnames": [],
            "responseHashes": [
                "8bad2e7d67e645176f3dfbd3f0577dd9260422fd6173eaf9f89d6a4e0efe5816"
            ],
            "type": "XHR",
            "firstPartyCookies": {},
            "firstPartyCookiesSent": {},
            "exampleSites": [
                "mangakakalot.tv",
                "ww7.mangakakalot.tv"
            ]
        }
    ],
    "categories": [],
    "performance": {},
    "cookies": 0.000163,
    "topInitiators": [
        {
            "domain": "d18t35yyry2k49.cloudfront.net",
            "prevalence": 0.14736842105263157
        },
        {
            "domain": "d1b9b1cxai2c03.cloudfront.net",
            "prevalence": 0.12631578947368421
        },
        {
            "domain": "dkre4lyk6a9bt.cloudfront.net",
            "prevalence": 0.08421052631578947
        },
        {
            "domain": "d1lnjzqqshwcwg.cloudfront.net",
            "prevalence": 0.05263157894736842
        },
        {
            "domain": "d1s4mby8domwt9.cloudfront.net",
            "prevalence": 0.05263157894736842
        },
        {
            "domain": "dilvyi2h98h1q.cloudfront.net",
            "prevalence": 0.05263157894736842
        },
        {
            "domain": "d2pspvbdjxwkpo.cloudfront.net",
            "prevalence": 0.05263157894736842
        },
        {
            "domain": "d10ce3z4vbhcdd.cloudfront.net",
            "prevalence": 0.042105263157894736
        },
        {
            "domain": "dq3yxnlzwhcys.cloudfront.net",
            "prevalence": 0.042105263157894736
        },
        {
            "domain": "d2udkjdo48yngu.cloudfront.net",
            "prevalence": 0.031578947368421054
        }
    ],
    "types": {
        "XHR": 35
    },
    "nameservers": [
        "demi.ns.cloudflare.com",
        "aiden.ns.cloudflare.com"
    ]
}