{
    "domain": "oxiapps.com",
    "owner": {},
    "source": [
        "DuckDuckGo-US"
    ],
    "prevalence": 0.00049,
    "sites": 72,
    "subdomains": [
        "social-login"
    ],
    "cnames": [],
    "fingerprinting": 1,
    "resources": [
        {
            "rule": "oxiapps\\.com\\/api\\/init",
            "cookies": 0.0000272,
            "fingerprinting": 0,
            "subdomains": [
                "social-login"
            ],
            "apis": {},
            "sites": 53,
            "prevalence": 0.000361,
            "cnames": [],
            "responseHashes": [
                "d2efd13786bd50f38b9b5d4ab6f988b24a51632bfc8e8af1d9a600253c31dc50",
                "49269538f555f01c691b88806bf5316c4b7b47e521bb06e8a64631e5362c51ba",
                "b7bba4d5a7915313470e166c17e29d0245f2dd34a32d085fcf527a5c9c12c10e",
                "4929c1781b803e7747e7612ec72055bff82a90a7ca52db467f35baebbc4c969f",
                "b42fdec9b3b958b14380fd129770a5b6d066dac892736db4eae07ecfc89bde87",
                "4db805beb7ae11cbd883380c548cf6861cdc534a59501544e57592bbdf486b73",
                "5563102031391e47a355b343045af4eaeb46f738bfc5af44d6ae63d48490dd3d",
                "be5170ecb6609c507e4beb4577beb63e15ca1eba06f89f9fc9651647976ae3e0",
                "f392191c7cd93ef056e67a3b9255ec5a854f41b4caa87ec1b9161e6d1aa3fadb",
                "109242d7d932892bf58fd94b096939c53abac81127a471d189779e4ff2ec6755",
                "dc264c53a18836e6c193d491b14d3e11e657919fa128f80404670fe07ad5c244",
                "fa54c21b024aaef314a126885cc91df8c4ebf6cd68d9f9085f8266b77c74a7e8",
                "6d2236fdbcad55c03ce89546271a07ae64f70b0199013643bb406de28ef89d18",
                "0bdf095d040f249b0b09ed2535478149095d66e3d104f89e990071a7e00884fa",
                "7f7be3212e684993831eb8a52e869a9b76f4ecf0846c44eb93eef7bfce2df034",
                "ad3e9c75fbd6696d5df527e5f33633700db4386d4db944f901501da383831bdc",
                "bcba680ee552061ccc40556c2bb2fcf88b4c028ad1f59012ecac0d7fb2c50cf9",
                "700fab95c5050e8edc952329bbbcf8109a1eada0f51e513cdf890f27fec7a66d",
                "c0f89dcc09242367b5c7d845fafcbd31c7de8fd1a34896cee4ee2fa430035f07",
                "b4af1bd2f5f445e088d46481e1833036812f6e387b729f7fa29d09cdc88ec91f",
                "64b3e12bedd5ea91bf9a5ae9ad63eb5ea3e77276caf49e6c4668bb12f876e1d6",
                "7520dc298d1843746503374cff2c9205313831ae090764017d324bf79586bc21",
                "41972d2dce7008bb8e0be674139226e5c045547f0cbe107d35e364a271e51bc8",
                "56988e72cb901466288ce6a05481853d7a7b11e25ad47abba7bf2edf929ebf04",
                "e80175eff7b26e63ca2eed5aec653e4f0f6cffc8cc9a1de509d75752ce87bc5b",
                "8b48a18a5b5d24b9c70763e69cfbc4b0de99e6f5f6d2b8ebc2df2a8ed3fbfdcf",
                "b79ed91ea9136b2e5f4bbaefda94c47538853c42d2456951cdc8e853e6e25e8c",
                "62a4adbe26d0ec4d4d9a2a72c4b0bafe2a0244f761043270aae82ab200d6350c",
                "ef37863d883a15092f7d0882695f0ffe8595b86689c1bf739896ffaa4c67c566",
                "fdf064d4bda5ecb1628a63fcf4bcf7615af4cb14e219e78554e5b35caece4d98",
                "bcb1e4b5847b14b03fd31dab4a637d6d393f5f1071761d91846c515259a642c3",
                "829918375e2eab593e4eed27b60bb056fb8cada559ac6a78ae641f51ea8e9b9f",
                "fbb71c584dcff80a73806298815aedd43bcb597e04e1ace0c513945daa1fe889",
                "859baf8aabceca426c992eecdfe9cd35ea661560f9f52dc0ab31237bf6627bb7",
                "895779084ebdac90cc95818e559100d27a9b04f74331086ca00fe822fe339f6d",
                "5cd8dc3d02a974f5afd92c1d2c1d5541d746bfd68f08c6ddabd9975fe8b7fb01",
                "79bf548a06ec1dd09faca5b6cabf5a370d7d27fef689c53d8ad78859fcdf8595",
                "e3b0c44298fc1c149afbf4c8996fb92427ae41e4649b934ca495991b7852b855",
                "d0c15cfbb3bb60670376587d3180f4b41cfd395b50bdaea43456dfdc9186452c",
                "c91c940cb4899ec8852afece55d84fcabc3f1025408f60e8b0ed0d8e7e2e46e8",
                "f96a204440dc0cad99ca5195d2241a7d68c129c2b70e2afda7324a0272960d8d",
                "5c10e85abf484ce36c23af996da1b5d9fa91b39f83ee7bd4a787fa9e38e70e20",
                "0e4b59a5809eb12b8025e148477b47b1210a1153d8675c497bfa7fed2e4539af",
                "5153539147bd7b5fb4372d6cce09960bbbbf5106e4fbf4f785392c7c99a47cb9",
                "b08bce78025db97963c9c77bb16496490fa2bf00005f3b4e3c5786693f9533d2",
                "f1ca46084c03add72c7240a8c5231cdacf12f4bb4bdfc62fc581835e4ba89e9c",
                "507003d86563e8c63b74f324a86f7db27e0af807e1234861ce820f096a2f4df3",
                "12c5f58aee81507c810ddef26424916cc4927d326760e3817abdb3ad9493e72d",
                "e0012bc88260f551e9e66dcbecd2ef1ea718678fa379075a7d817b9e4c0289da",
                "bd1ceecae872b0ab0a51b5c3bcf93c5c29dec71f35177ea7944f0e25bcc459a0",
                "c90ae718a3a8a0971b7eafbbaddbd2168ac19b08a9d58afac189bc1b71978c49"
            ],
            "type": "Script",
            "firstPartyCookies": {},
            "firstPartyCookiesSent": {
                "checkout_shop": 0.00004087221302597429,
                "Scratchy": 0.000006812035504329049
            },
            "exampleSites": [
                "vapordna.com",
                "gearboxsports.com",
                "www.tantaly.com",
                "www.htvront.com",
                "www.sainsmart.com",
                "www.shiels.com.au",
                "hak5.org",
                "www.crownandcaliber.com",
                "www.culturekings.com.au",
                "casadesante.com",
                "samuelhubbard.com",
                "www.thewesterncompany.com",
                "www.tidewe.com",
                "www.swimoutlet.com",
                "www.reliableaftermarketparts.com",
                "hellobonafide.com",
                "maglite.com",
                "www.aloyoga.com",
                "www.pinkcherry.com",
                "www.classicshaving.com"
            ]
        },
        {
            "rule": "oxiapps\\.com\\/widget",
            "cookies": 0.0000409,
            "fingerprinting": 1,
            "subdomains": [
                "social-login"
            ],
            "apis": {
                "Navigator.prototype.userAgent": 7,
                "Navigator.prototype.appName": 7,
                "Navigator.prototype.appVersion": 7,
                "Date.prototype.getTime": 7,
                "Document.cookie setter": 6,
                "Document.cookie getter": 6
            },
            "sites": 7,
            "prevalence": 0.0000477,
            "cnames": [],
            "responseHashes": [
                "608b3050376c83875e4509ec83c4d249341b6d75e0b201bb8f0b8296add29403",
                "3653c7267b2bdc4c86f1fd959c6ac67dafc1bd562ad7ab88ef6f568c40adc9d8",
                "c6780c6713c9d1a074c2b49f330e0f272fff236ddaa117e0372d35ffda8c4a21",
                "32eb0523ac19d47e8259fffd49da9ce312f9e430ea80561cd7a4717c5a03209c",
                "3ec82a739dff3dd0753ed7f58a4797e4f8fb6795a7126b41381648573f77249c",
                "c16bff862b80781cf58c15d42051bf1bf3c55e7d6b487db11f2738dd2bec6b32"
            ],
            "type": "Document",
            "firstPartyCookies": {
                "checkout_shop": {
                    "ttl": 604812,
                    "length": 24,
                    "prevalence": 0.00004087221302597429,
                    "uniqueness": 0.8333333333333334
                },
                "oxi_referrer": {
                    "ttl": 604812,
                    "length": 23,
                    "prevalence": 0.00004087221302597429,
                    "uniqueness": 1
                },
                "parenturl": {
                    "ttl": 604812,
                    "length": 37,
                    "prevalence": 0.00004087221302597429,
                    "uniqueness": 1
                }
            },
            "firstPartyCookiesSent": {
                "checkout_shop": 0.00004087221302597429,
                "oxi_referrer": 0.00004087221302597429,