{
    "domain": "p7cloud.net",
    "owner": {},
    "source": [
        "DuckDuckGo-US"
    ],
    "prevalence": 0.000422,
    "sites": 62,
    "subdomains": [
        "silo45",
        "silo48",
        "silo23",
        "silo38",
        "silo39",
        "silo31",
        "silo33",
        "silo43",
        "silo25",
        "ua",
        "lal"
    ],
    "cnames": [],
    "fingerprinting": 1,
    "resources": [
        {
            "rule": "p7cloud\\.net\\/as1\\.js",
            "cookies": 0,
            "fingerprinting": 1,
            "subdomains": [
                "silo45",
                "silo48",
                "silo23",
                "silo38",
                "silo39",
                "silo31",
                "silo33",
                "silo43",
                "silo25"
            ],
            "apis": {
                "window.localStorage": 34,
                "Date.prototype.getTime": 34,
                "Navigator.prototype.languages": 1
            },
            "sites": 34,
            "prevalence": 0.000232,
            "cnames": [],
            "responseHashes": [
                "4251137fb790efb87035f0241e8965d141a1b59afad4360a99adc35185c2fa74",
                "78e56c1b223b2970aab11965d1f689362da83d52980ab625a93fefd61aa07896",
                "e77bb12be9bb078261e6c27351acea2265226ae49c84391a9469e64b89ddfb55",
                "1abfa4c68dcd18f75de3a7d5341f630f658f8bb6d12835c63d55b61f2d1ad149",
                "117a872eb4e9e109fdc078316bf2d8ed8bed05d50f92f3425661ad001df51c64",
                "af3b93c47f3df93addb01d0ff54d933ca569b10e51c00ad12b023c5d931da435",
                "44ba8e33832cdf951ab32e346cd0dc2f0da57abaffe96eddae50ed72cae8e474",
                "63eba2b3a7ba7e2d03d98f59518ca410287ac25ff2a0752f782afbd4423942c3",
                "92c174891decaffe4863834c644aed1d4f75a9c05fdf27f6f2c379085e669d1b",
                "27adf8b81e69dd03b799731f7b974adc1e41502f73ae7ddf5acb77243033a120",
                "e2bf548b7edf63aab36ebee9f92152dbe5530fc67dc5f0a8b8872bb0be1ef249",
                "399d95e163ab9377d40fd1dbd235b3703b7f3224319e1d2d082f90b7349a792a",
                "ce9bff90c85bde9594450f2187ab863b000c4efceea56e42605c0a4ae2494763",
                "5ba6b3405e59e670ea7be824d7244a350e0f3dd9c208c355e0b6a5e3d856de0e",
                "4d2e254c1464e19cbdde4c07de47988b795a1bde7c1a9218770225796502eaf2",
                "8231e0624f5bf574ed6e11840a076a36f8c0da7d7e34d3444665a450a2d90c8c",
                "1249243bd65e222d26977a1143329db086255fb0787bfababdb8872b665db548",
                "e7bf6e01342bb6bc285a510a12d1ca2e90416a7159365c297d6eee30d6ee8eb3",
                "bea2e18529f9bfd1cca85bd69c31cf1b3b9eab6259e29c6148c7e2b947338a97",
                "55b169b56fac938c7d167eb2212419e24c4d1c10cc9f89bb8f2097a1fba479b4",
                "15c2d7d8c5a12d371d3a16e70f0e45636a08b1813c311ecaf8b91599e866737b",
                "64b5e025bde5098e0b85d59e2e1e8b1ab64d985d5adba66666a8e871d982c62e",
                "d5d7b32a38bd116b7d75da975612332eaba74dd6d28f28d598b2964e6e78c543",
                "dec2f0435c30b05f6508d9ca5a361b96f24fe53f6b5d3c9a36d512f82293f008",
                "8dc1c9befcf2c50cd5196caf587b593133f009c0f67356a86b69fe6380ab8bba",
                "d9dcde7a5b78fcfb1c553ca8ab8eff084b2d7ddc12cba457531254c3314cf781",
                "02fc0ad4b90afe600c48ffd3277ae28f4c472396e3fb367b04835472a1534d4a",
                "e565998ddb37f6a2283ad51653a0e55aff3cadfa0dd00929baae7ad896902eb6",
                "59433966a1e666f6ed5bc269a3dc35f992aae0fd840ef70933f3d0ff8a226556"
            ],
            "type": "Script",
            "firstPartyCookies": {},
            "firstPartyCookiesSent": {
                "_li_dcdm_c": 0.000020436106512987146,
                "lotame_domain_check": 0.00010218053256493573
            },
            "exampleSites": [
                "twinfinite.net",
                "www.newsweek.com",
                "www.gameskinny.com",
                "www.siliconera.com",
                "fanbuzz.com",
                "www.escapistmagazine.com",
                "dotesports.com",
                "www.workandmoney.com",
                "www.lovemoney.com",
                "www.loveproperty.com",
                "upcomer.com",
                "www.operationsports.com",
                "www.stadiumtalk.com",
                "www.startribune.com",
                "golf.com",
                "gamerjournalist.com",
                "wegotthiscovered.com",
                "www.lovefood.com",
                "www.touchtapplay.com",
                "www.gamepur.com"
            ]
        },
        {
            "rule": "p7cloud\\.net\\/if\\.html",
            "cookies": 0.0000749,
            "fingerprinting": 1,
            "subdomains": [
                "silo45",
                "silo48",
                "silo23",
                "silo38",
                "silo39",
                "silo31",
                "silo33",
                "silo43",
                "silo25"
            ],
            "apis": {
                "window.localStorage": 34,
                "Date.prototype.getTime": 34,
                "Document.cookie setter": 11,
                "Document.cookie getter": 11
            },
            "sites": 34,
            "prevalence": 0.000232,
            "cnames": [],
            "responseHashes": [
                "c7f3b368697859dbffbc6fb1d44a6bc6a01193dda89a7c6d63bfa808233c1db2"
            ],
            "type": "Document",
            "firstPartyCookies": {
                "_t": {
                    "ttl": 246,
                    "length": 3,
                    "prevalence": 0.00007493239054761953,
                    "uniqueness": 0.09090909090909091
                }
            },
            "firstPartyCookiesSent": {},
            "exampleSites": [
                "twinfinite.net",
                "www.newsweek.com",
                "www.lovefood.com",
                "startribune.com",
                "wegotthiscovered.com",
                "www.farandwide.com",
                "primagames.com",
                "www.gameskinny.com",
                "progameguides.com",
                "www.wideopencountry.com",
                "www.theroar.com.au",
                "attackofthefanboy.com",
                "golf.com",
                "www.loveproperty.com",
                "www.lovemoney.com",
                "www.gamepur.com",
                "dotesports.com",
                "www.themarysue.com",
                "www.stadiumtalk.com",
                "fanbuzz.com"
            ]
        },
        {
            "rule": "p7cloud\\.net\\/asp",
            "cookies": 0,
            "fingerprinting": 0,
            "subdomains": [
                "ua"
            ],
            "apis": {},
            "sites": 34,
            "prevalence": 0.000232,
            "cnames": [],
            "responseHashes": [
                "3d96813c98eb73f991199397012b2413559c44a04e657128511ef6af56d31095"
            ],
            "type": "Script",
            "firstPartyCookies": {},
            "firstPartyCookiesSent": {},
            "exampleSites": [
                "twinfinite.net",
                "www.newsweek.com",
                "www.touchtapplay.com",
                "www.farandwide.com",
                "upcomer.com",
                "www.pcinvasion.com",
                "golf.com",
                "www.gameskinny.com",
                "m.startribune.com",
                "www.wideopenspaces.com",
                "gamerjournalist.com",
                "www.lovemoney.com",
                "www.escapistmagazine.com",
                "attackofthefanboy.com",
                "www.startribune.com",
                "www.operationsports.com",
                "www.wideopencountry.com",
                "www.themarysue.com",
                "fanbuzz.com",
                "www.lovefood.com"
            ]
        },
        {
            "rule": "p7cloud\\.net\\/p\\.png",
            "cookies": 0,