{
    "domain": "particularaudience.com",
    "owner": {},
    "source": [
        "DuckDuckGo-US"
    ],
    "prevalence": 0.000184,
    "sites": 27,
    "subdomains": [
        "recs-us-e1a",
        "recs-1a",
        "cdn"
    ],
    "cnames": [],
    "fingerprinting": 2,
    "resources": [
        {
            "rule": "particularaudience\\.com\\/2\\.7\\/Config",
            "cookies": 0,
            "fingerprinting": 0,
            "subdomains": [
                "recs-us-e1a",
                "recs-1a"
            ],
            "apis": {},
            "sites": 22,
            "prevalence": 0.00015,
            "cnames": [],
            "responseHashes": [
                "53f9c1a88f61f169237c2f69f24b0c7322c5f9e7193f62f6341817248b484a57",
                "291546ec04840f84c490dd3acdbfa1ff50ab08eb7902f775813a75836251cb94",
                "ac4493431f4c57ff8a10e813f3f7a546f85d8462e799b1fdae69db45c371d38f",
                "d6dc12c7772922d6902bfc96bd71df9facc21f44908dc6bf3a8811961d36ed31",
                "60e1f974ef6d67e16ede7e9353044cd3eb1c13f2f645e98b39998b05ea47160c",
                "dbae82b44a2ed1c7e73da6148f26db2220a11067c5a016ea57a52f23ddcd0f6f",
                "c36f16d2d446f0a3cd053aa387b3ac3fe3f474abeaf30dafc698e35e470ae98b",
                "075f78faf1521ceb92923e540eabaa2c6e690cac1fc7314d61f56e0c004856bb",
                "7307d46bb4ca699de601e0197ca83b8ce84df6df78e7549c65ca8a6010ac9785",
                "5ff4ecf4a27baeaa4901c25dc0f8ba6710ba375008ee2d97ad2960ec600d63b5",
                "79733ce2d1cdf5b57594a2986fed9f1ca1827847b09738365cc11ebbda3b9831",
                "e248c4c317984b31d0c46c5c1e693c7e0cf3c9c73242872d0a3b87cf866dd30f",
                "faf83b521f2ff80375fc768c17c810d757f83c8c7637e7836f4722d6c006fcdb",
                "c9dca114c4c433b5eb2ee63343f11476d6716eb917107af94d6e330d8eddfc87",
                "afee6126a7646021d71772643dd11b8dfaea7818cd9c2299c6bcc905e874b25b",
                "e03f00cbdc2e90a6ca320b7005e1e50d4afb198d4f486f7f4f81badefd122a9b",
                "40fd138c3dd15de13ed914e8f0f2c31852f03573084fb3803e6afa966f639234",
                "a6db87d41a06b32433df7e02e8cfe7eaddd21d5225bbe0fdd74778ae977eb652",
                "3d4613313c49cdc0065fb21c6804fea3ddeb931631126842c9b717ee9a9e5522",
                "cea2a22d9e9beb620421c3c807db8a55e4f27164b60cca0acea1b54eed4ac83d"
            ],
            "type": "Fetch",
            "firstPartyCookies": {},
            "firstPartyCookiesSent": {
                "IR_gbd": 0.000013624071008658098,
                "__lotl": 0.000006812035504329049
            },
            "exampleSites": [
                "www.rieker.co.uk",
                "www.99bikes.com.au",
                "www.digidirect.com.au",
                "www.surfstitch.com",
                "raymourflanigan.com",
                "www.holabirdsports.com",
                "store.danmurphys.com.au",
                "www.danmurphys.com.au",
                "www.appliancecity.co.uk",
                "www.thegoodguys.com.au",
                "djcity.com.au",
                "uk.hornby.com",
                "www.citybeach.com",
                "www.healthpost.co.nz",
                "www.cotswoldco.com",
                "www.raymourflanigan.com",
                "www.target.com.au",
                "creativemarket.com",
                "www.wickedweasel.com",
                "www.memoryexpress.com"
            ]
        },
        {
            "rule": "particularaudience\\.com\\/2\\.7\\/PageView",
            "cookies": 0,
            "fingerprinting": 0,
            "subdomains": [
                "recs-us-e1a",
                "recs-1a"
            ],
            "apis": {},
            "sites": 20,
            "prevalence": 0.000136,
            "cnames": [],
            "responseHashes": [
                "a93ce7e0619cfa3018d06f44843efd32a5fe133eaa7a15e8ed95ad5517473a8a",
                "e8f7b94b94fbb7d60b20cdb35c654bfc9a0d1c8937d9e18aa9e6c027d342220f",
                "3c44601964b12e371e16b00b2ce40c6d530877c73b28be0328a2e951cfa51338",
                "6047f01d8759810e1d5e0b17cb4f3efc81e7aac0121ce10d3f134c7bde109cfd",
                "0f11f66880eecb2be392aae68f1a034cbed29070a9be5eafd56c547f4ec04a86",
                "d94c6bd06973fb42eebff68b9e881026b1d1a340442816c334731c7d0847937b",
                "0c23a1e9b4fa441014a24870f497bf541c7fc1f5252d0b3b1598e92352f56064",
                "0d1d718fc7b9812d7bddb7dffffac6909b06969c1554cf257d005db5f2b12533",
                "03fda1b9548c9c083b049ca0081e9c15b9704a837a76bd0ee3382d4d73094c3e",
                "4ca01fc740b506836b0c7c8188f4acb2d53cfdeb12bdce81c2f274d7b94698ee",
                "472909e359b5489a9b742be8fb204dc2be3c3d697fe7d4d5a44e05f2293ce65b",
                "71c9f9c720d4d7bded05f158e1e68106f49b04a64677bed942587a7998a00092",
                "f3b03914517429d5a0ccec9e309e932c1e664c3412d2f62a1e45c20d2857ecf2",
                "154689dab91e22e1c4c9fbe7af3480776a2876162e8282863a19ae37b322480d"
            ],
            "type": "Fetch",
            "firstPartyCookies": {},
            "firstPartyCookiesSent": {
                "PAC": 0.0001294286745822519,
                "IR_gbd": 0.000013624071008658098,
                "__lotl": 0.000006812035504329049
            },
            "exampleSites": [
                "creativemarket.com",
                "djcity.com.au",
                "raymourflanigan.com",
                "store.danmurphys.com.au",
                "uk.hornby.com",
                "www.99bikes.com.au",
                "www.citybeach.com",
                "www.cotswoldco.com",
                "www.danmurphys.com.au",
                "www.digidirect.com.au",
                "www.healthpost.co.nz",
                "www.holabirdsports.com",
                "www.memoryexpress.com",
                "www.outbackequipment.com.au",
                "www.raymourflanigan.com",
                "www.rieker.co.uk",
                "www.surfstitch.com",
                "www.thegoodguys.com.au",
                "www.tilebar.com",
                "www.wickedweasel.com"
            ]
        },
        {
            "rule": "particularaudience\\.com\\/1\\.0\\/LogTrackerMessage",
            "cookies": 0,
            "fingerprinting": 0,
            "subdomains": [
                "recs-us-e1a",
                "recs-1a"
            ],
            "apis": {},
            "sites": 7,
            "prevalence": 0.0000477,
            "cnames": [],
            "responseHashes": [],
            "type": "Preflight",
            "firstPartyCookies": {},
            "firstPartyCookiesSent": {},
            "exampleSites": [
                "creativemarket.com",
                "www.citybeach.com",
                "www.digidirect.com.au",
                "www.healthpost.co.nz",
                "www.rieker.co.uk",
                "www.surfstitch.com",
                "www.wickedweasel.com"
            ]
        },
        {
            "rule": "particularaudience\\.com\\/1\\.0\\/LogTrackerMessage",
            "cookies": 0,
            "fingerprinting": 0,
            "subdomains": [
                "recs-us-e1a",
                "recs-1a"
            ],
            "apis": {},
            "sites": 7,
            "prevalence": 0.0000477,
            "cnames": [],
            "responseHashes": [
                "3fbb039bb9866c274c4f646a6fd511d034efa4c03ea01d09007fdf5455e7eb6b"
            ],
            "type": "Fetch",
            "firstPartyCookies": {},
            "firstPartyCookiesSent": {},
            "exampleSites": [
                "creativemarket.com",
                "www.citybeach.com",
                "www.digidirect.com.au",
                "www.healthpost.co.nz",
                "www.rieker.co.uk",
                "www.surfstitch.com",
                "www.wickedweasel.com"
            ]
        },
        {
            "rule": "particularaudience\\.com\\/2\\.7\\/UpdateProductDetails",
            "cookies": 0,
            "fingerprinting": 0,