{
    "domain": "pbgrd.com",
    "owner": {},
    "source": [
        "DuckDuckGo-US"
    ],
    "prevalence": 0.000163,
    "sites": 24,
    "subdomains": [
        "delivery",
        "cdn"
    ],
    "cnames": [],
    "fingerprinting": 1,
    "resources": [
        {
            "rule": "pbgrd\\.com\\/network\\/adjs\\.php",
            "cookies": 0,
            "fingerprinting": 0,
            "subdomains": [
                "delivery"
            ],
            "apis": {},
            "sites": 19,
            "prevalence": 0.000129,
            "cnames": [],
            "responseHashes": [
                "9537a734ee04c68ac3ad71212b42d6a457ab3c6d43d1e1e65dcd606f289c65e0",
                "c71f4e07de78ddbf2e30e46031645515a49e6423345e5e0150a1e03f2bca69aa",
                "3d2018b310948f136026e716b3ae644ea1de8cceb4f4247cd66978b1180f1a25",
                "fd172969b889922cbab3012a36f9aa259a8f6956cede671dd0ca2941df25c52d",
                "5d30a27929b03eae2d2bcdffc849a1e1f89d31368d44e8bf4417d50fc42d65f9",
                "d487794c6c076367442ce1b99b572c5d9f9e0ad4abcc49f4d13c93c747089f32",
                "c1313791af037725bfd8eb5f6eb24d910cb6d89998b90cbcdfe22015e49a862c",
                "87f10bbb444a82ede0cc1cbfe01b26dbdb8e3cbaaa9f055b8d3362457e01fc78",
                "65aa528ae478fccc48b5c7274700f903950a3fb8d1610d5c2ecb0dbfeee0dfe9",
                "20870c7693e185bcbe8530410ad9f32c4313a8669c6f14185995fba019f50c3b",
                "bb7c36ed16544be5dbef8cd143e2aca4afd94d4875543ee02e9fb5a24207f66a",
                "c3dc2ebd32b1cbb33cddd63fc21ef3c661cb29be0e15b339e7861fca567bbc07",
                "ee71e1e858b77188c330c5ca1def87cc514514d54105c824f463fc73fc9bf157",
                "90ec8370b1c80ddf1250f0471cf2fc0a429bb9e2d5808650a7caf4b513e44367",
                "70043491bd948a44a1bca93ab5185076f2630dfc1828c2a0761b41b173f1be11",
                "87248b6c04e531e990329497bd92be1b8ff7d8e3ec74fabca9574caafa3928bb",
                "eaaf699394259fa21460baaad687890ffb453939e48b032aa8893c5f3abd1ab5",
                "22c288742e4891a62b1d583f5b52c0600908d15b98bc673f1a8da4a80c3b432c"
            ],
            "type": "XHR",
            "firstPartyCookies": {},
            "firstPartyCookiesSent": {
                "RefTrackGroup": 0.000027248142017316195
            },
            "exampleSites": [
                "aacrjournals.org",
                "ashpublications.org",
                "bmccancer.biomedcentral.com",
                "bmcinfectdis.biomedcentral.com",
                "bmcmedicine.biomedcentral.com",
                "bmcmusculoskeletdisord.biomedcentral.com",
                "bmcpsychiatry.biomedcentral.com",
                "bmcpublichealth.biomedcentral.com",
                "bmjopen.bmj.com",
                "gut.bmj.com",
                "heart.bmj.com",
                "jnnp.bmj.com",
                "journals.plos.org",
                "journals.sagepub.com",
                "karger.com",
                "link.springer.com",
                "www.bmj.com",
                "www.cell.com",
                "www.springer.com"
            ]
        },
        {
            "rule": "pbgrd\\.com\\/network\\/logger\\.php",
            "cookies": 0,
            "fingerprinting": 0,
            "subdomains": [
                "delivery"
            ],
            "apis": {},
            "sites": 12,
            "prevalence": 0.0000817,
            "cnames": [],
            "responseHashes": [
                "25b4ecfd3a740f29d76fe930a4cec9d41afa0cfd2bafa70ca4051bd3d5395d74"
            ],
            "type": "Image",
            "firstPartyCookies": {},
            "firstPartyCookiesSent": {},
            "exampleSites": [
                "aacrjournals.org",
                "ashpublications.org",
                "bmccancer.biomedcentral.com",
                "bmcinfectdis.biomedcentral.com",
                "bmcmedicine.biomedcentral.com",
                "bmcmusculoskeletdisord.biomedcentral.com",
                "bmcpsychiatry.biomedcentral.com",
                "bmcpublichealth.biomedcentral.com",
                "journals.plos.org",
                "karger.com",
                "link.springer.com",
                "www.springer.com"
            ]
        },
        {
            "rule": "pbgrd\\.com\\/core-bmc\\.js",
            "cookies": 0,
            "fingerprinting": 1,
            "subdomains": [
                "cdn"
            ],
            "apis": {
                "Screen.prototype.height": 6,
                "Screen.prototype.width": 6,
                "Date.prototype.getTime": 6
            },
            "sites": 6,
            "prevalence": 0.0000409,
            "cnames": [],
            "responseHashes": [
                "7859ac25270b1a4a1042b49849e2a9b3c3f5e266df30cce0f163540bcd0ee31f"
            ],
            "type": "Script",
            "firstPartyCookies": {},
            "firstPartyCookiesSent": {},
            "exampleSites": [
                "biomedcentral.com",
                "bmcinfectdis.biomedcentral.com",
                "bmcmedicine.biomedcentral.com",
                "bmcmusculoskeletdisord.biomedcentral.com",
                "bmcpsychiatry.biomedcentral.com",
                "bmcpublichealth.biomedcentral.com"
            ]
        },
        {
            "rule": "pbgrd\\.com\\/core-bmjjournals\\.js",
            "cookies": 0,
            "fingerprinting": 1,
            "subdomains": [
                "cdn"
            ],
            "apis": {
                "Screen.prototype.height": 4,
                "Screen.prototype.width": 4,
                "Date.prototype.getTime": 5
            },
            "sites": 5,
            "prevalence": 0.0000341,
            "cnames": [],
            "responseHashes": [
                "947d91e740210eebc97f4a282b7e932a47ece83c4a8323fa8663aaed2cc0533e"
            ],
            "type": "Script",
            "firstPartyCookies": {},
            "firstPartyCookiesSent": {},
            "exampleSites": [
                "bmj.com",
                "bmjopen.bmj.com",
                "gut.bmj.com",
                "heart.bmj.com",
                "jnnp.bmj.com"
            ]
        },
        {
            "rule": "pbgrd\\.com\\/core-plos\\.js",
            "cookies": 0,
            "fingerprinting": 1,
            "subdomains": [
                "cdn"
            ],
            "apis": {
                "Date.prototype.getTime": 2,
                "Screen.prototype.height": 2,
                "Screen.prototype.width": 2,
                "window.innerHeight": 2
            },
            "sites": 2,
            "prevalence": 0.0000136,
            "cnames": [],
            "responseHashes": [
                "b7335a4ef50d50aa6cd66e6cdcf72093388b15e56380bb00f6aeb5edd08a040e"
            ],
            "type": "Script",
            "firstPartyCookies": {},
            "firstPartyCookiesSent": {},
            "exampleSites": [
                "plos.org",
                "journals.plos.org"
            ]
        },
        {
            "rule": "pbgrd\\.com\\/core-spl\\.js",
            "cookies": 0,
            "fingerprinting": 1,
            "subdomains": [
                "cdn"
            ],
            "apis": {
                "Screen.prototype.height": 2,
                "Screen.prototype.width": 2,
                "Date.prototype.getTime": 2
            },
            "sites": 2,
            "prevalence": 0.0000136,
            "cnames": [],
            "responseHashes": [
                "69e4d611e4e7766c8e56d33dda323c4129202eeac505fdedd20c262dd61491f6"
            ],
            "type": "Script",
            "firstPartyCookies": {},
            "firstPartyCookiesSent": {},
            "exampleSites": [
                "springer.com",
                "www.springer.com"
            ]
        },
        {
            "rule": "pbgrd\\.com\\/core-bmj\\.js",
            "cookies": 0,
            "fingerprinting": 1,