{
    "domain": "plavxml.com",
    "owner": {},
    "source": [
        "DuckDuckGo-US"
    ],
    "prevalence": 0.000109,
    "sites": 16,
    "subdomains": [
        "vxml4"
    ],
    "cnames": [],
    "fingerprinting": 1,
    "resources": [
        {
            "rule": "plavxml\\.com\\/sited\\/ref\\/ctrk\\/1257",
            "cookies": 0.00000681,
            "fingerprinting": 1,
            "subdomains": [
                "vxml4"
            ],
            "apis": {
                "Document.cookie getter": 1,
                "Date.prototype.getTime": 1
            },
            "sites": 2,
            "prevalence": 0.0000136,
            "cnames": [],
            "responseHashes": [
                "dbd93d2c6e681681bc13a0a42e71423574dc021934f0f6182c60eb69c12cd39b"
            ],
            "type": "Script",
            "firstPartyCookies": {},
            "firstPartyCookiesSent": {},
            "exampleSites": [
                "suncorpbank.com.au",
                "www.suncorp.com.au"
            ]
        },
        {
            "rule": "plavxml\\.com\\/sited\\/ref\\/phnumint_md_gp\\.jsp",
            "cookies": 0.0000886,
            "fingerprinting": 1,
            "subdomains": [
                "vxml4"
            ],
            "apis": {
                "Document.cookie setter": 13,
                "Date.prototype.getTime": 1
            },
            "sites": 13,
            "prevalence": 0.0000886,
            "cnames": [],
            "responseHashes": [
                "02be5632900b20953e0ea4e0f7477a2fa6fa4e5069e0732b3c181ff3e93f9506",
                "6e0bea8f52863e401f9f3f0972592c03949f654c7a1aa33023e6b6793346bf4c",
                "d3786ce57dbb4ec5feee8e77223f137ec89b4136bf3a27d09b1af25c441440f9",
                "bd6ad75cda2064c2b237f11edbbd44e189dba385aaed10503edf52237ad3336c",
                "8c20006e6fffe560ce0127cf999b2865335c528deb218f3d4c4f5549c6c0fce0",
                "29772a146f84286c1e388d4a2333dc5f46f4de2e1dea36c718e068b893955c0d",
                "83deab009f47f20a2e72289c40836585f32b359906b9ae90b7beee30cf73ff08",
                "49808520af46e73a3489ccc76a7873de389096392e46644bca45c99b906a6513",
                "8b745b7503f2112c6bd85fe958161f26700c157d6ccc51ec6a3a9b833243c870",
                "575c2632082ad3db8d6fc76cee1c189c15ce53b0ca8f03f57685119f8999b9c1",
                "de83c300b0ddc7b17d0fec62784dda075421666a79dd7e58a4fb106cec927b52",
                "7e6c1f09015ac7d5447a9b6f00188328de11541273c3108d8d23690067f17434"
            ],
            "type": "Script",
            "firstPartyCookies": {
                "delaconsessid": {
                    "ttl": null,
                    "length": 32,
                    "prevalence": 0.00008855646155627764,
                    "uniqueness": 1
                },
                "delaconphonenums": {
                    "ttl": null,
                    "length": 84,
                    "prevalence": 0.00004087221302597429,
                    "uniqueness": 1
                }
            },
            "firstPartyCookiesSent": {
                "__lotl": 0.000006812035504329049
            },
            "exampleSites": [
                "bridgestone.com.au",
                "www.bupa.com.au",
                "www.e-sogi.com",
                "www.flightcentre.com.au",
                "www.gio.com.au",
                "www.libertytravel.com",
                "www.mebank.com.au",
                "www.medibank.com.au",
                "www.nib.com.au",
                "www.optus.com.au",
                "www.shannons.com.au",
                "www.stratco.com.au",
                "www.suncorp.com.au"
            ]
        },
        {
            "rule": "plavxml\\.com\\/sited\\/ref\\/integration\\.jsp",
            "cookies": 0.0000954,
            "fingerprinting": 0,
            "subdomains": [
                "vxml4"
            ],
            "apis": {},
            "sites": 14,
            "prevalence": 0.0000954,
            "cnames": [],
            "responseHashes": [
                "e3b0c44298fc1c149afbf4c8996fb92427ae41e4649b934ca495991b7852b855"
            ],
            "type": "Script",
            "firstPartyCookies": {},
            "firstPartyCookiesSent": {
                "_ga": 0.0001839249586168843,
                "delaconsessid": 0.00009536849706060668,
                "gaClientId": 0.000006812035504329049
            },
            "exampleSites": [
                "bridgestone.com.au",
                "www.bridgestone.com.au",
                "www.bupa.com.au",
                "www.e-sogi.com",
                "www.flightcentre.com.au",
                "www.gio.com.au",
                "www.libertytravel.com",
                "www.mebank.com.au",
                "www.medibank.com.au",
                "www.nib.com.au",
                "www.optus.com.au",
                "www.shannons.com.au",
                "www.stratco.com.au",
                "www.suncorp.com.au"
            ]
        },
        {
            "rule": "plavxml\\.com\\/sited\\/ref\\/integration\\.jsp",
            "cookies": 0.0000545,
            "fingerprinting": 0,
            "subdomains": [
                "vxml4"
            ],
            "apis": {},
            "sites": 9,
            "prevalence": 0.0000613,
            "cnames": [],
            "responseHashes": [
                "1ed70d02696722505ec82915a7dd9fbf2c512366d009b74bdbe37c9869c250a4"
            ],
            "type": "Image",
            "firstPartyCookies": {},
            "firstPartyCookiesSent": {
                "delaconsessid": 0.00006130831953896144
            },
            "exampleSites": [
                "bridgestone.com.au",
                "www.bupa.com.au",
                "www.flightcentre.com.au",
                "www.gio.com.au",
                "www.mebank.com.au",
                "www.medibank.com.au",
                "www.nib.com.au",
                "www.optus.com.au",
                "www.suncorp.com.au"
            ]
        }
    ],
    "categories": [],
    "performance": {},
    "cookies": 0.000102,
    "topInitiators": [
        {
            "domain": "googletagmanager.com",
            "prevalence": 0.40540540540540543
        },
        {
            "domain": "first party",
            "prevalence": 0.2702702702702703
        },
        {
            "domain": "google-analytics.com",
            "prevalence": 0.24324324324324326
        },
        {
            "domain": "tiqcdn.com",
            "prevalence": 0.05405405405405406
        },
        {
            "domain": "ensighten.com",
            "prevalence": 0.02702702702702703
        }
    ],
    "types": {
        "Script": 29,
        "Image": 9
    },
    "nameservers": [
        "ns52.domaincontrol.com",
        "ns51.domaincontrol.com"
    ]
}