{
    "domain": "playstream.media",
    "owner": {},
    "source": [
        "DuckDuckGo-US"
    ],
    "prevalence": 0.000204,
    "sites": 30,
    "subdomains": [
        "tg1",
        "cdn",
        "servg",
        "prebid"
    ],
    "cnames": [],
    "fingerprinting": 2,
    "resources": [
        {
            "rule": "playstream\\.media\\/api\\/adserver\\/spt",
            "cookies": 0,
            "fingerprinting": 1,
            "subdomains": [
                "tg1"
            ],
            "apis": {
                "Navigator.prototype.userAgent": 18,
                "Navigator.prototype.appVersion": 18
            },
            "sites": 22,
            "prevalence": 0.00015,
            "cnames": [],
            "responseHashes": [
                "e612dd1a5c0e944790f83e83c26f8129e2e85e7575f9cb185b629bccc65c7717",
                "7bba0d8958636f468fdfae411ec849828511c8e18b794d269e5a7e209b198b00",
                "0e895fe12a88b935e71778fe5354622ab3d8fbde30c2815bf6bdbefefc4069ce",
                "a8f4843906258ae43da29dda966c26340844ef9978e6321b869d123e32f76f45",
                "04ef63ae4a1eaa9fc630816ec4be3e49fa81feb7f4399083d4559cdad480919e",
                "763d4763c642145365d264f5e94b53f97be3501d42a868a42f02f8019d7ed740",
                "1dd4a44d32d14d57565da0cecf56a8f0fd53bdd06729304f7b7c9240852bb176",
                "1f59001778babfd152a6d09ba464da7717f9fe30bb5a986039885c1ca7c8f274",
                "877d99b75874b71a644f8f54b919ff834ee883003a227bb3e1b4c686ce26011f",
                "1df6452028b0023425e05fecefa75f5a82d65dc3c9e9b982200eb83fbe7cffd1",
                "9f799fd52b2c96cac7d642617f5c77feeeb748fd7fec64651312dfa4054e6a93",
                "dc431399cf6dda0e0c0398c8bab64aee4694827c80234a334cbac022409c3def",
                "3b1fd15e925bbac9ff8b29fd354a4ad5841ab1441a7244f9942d4f0b1ced07c3",
                "d79f0b99192c7d81a5c980d01896b1d2b86e0792341e4269f3b318833c4d9fbe",
                "b454b59068fb9093d9d7ff2ed9598e58c100d7f0b61ca8e65a3d2adf9fc3b17c",
                "a5cb1fe0957d555d0c4adaebbe9387cb9a4fe9723bb100ab48156e20ec2b313d",
                "4bcb3171752cc538d97b607b8fa690d5bf4ddf0bfff9ea2bb84f17e0b3f46b1a",
                "eb1eb9f7fd295c270aaa9f2b9007ae1ff206d6d63114efdc170a7d31f67e58fb",
                "ef3ee6b49451208f3974c7cc45d1a4942d3c8f5b5a6debc39d92dc6206cf722b",
                "2582d41a469766904150a01060e0ad8714c5e049fdad53ccd03c986dcb1fcc9d",
                "bc04ecd5e1f6cf98bfe1e8398f28da4acf3b5f38e168e3b490b0a1a3166b71da"
            ],
            "type": "Script",
            "firstPartyCookies": {},
            "firstPartyCookiesSent": {},
            "exampleSites": [
                "rejstrik-firem.kurzy.cz",
                "bloganchoi.com",
                "www.haibunda.com",
                "thesmartlocal.com",
                "www.olx.in",
                "www.telegraphindia.com",
                "www.bhaktibharat.com",
                "www.anandabazar.com",
                "www.teachoo.com",
                "thesmartlocal.jp",
                "www.sakshi.com",
                "www.thefastcode.com",
                "www.khaleejtimes.com",
                "crex.live",
                "21motoring.com",
                "www.odatv4.com",
                "www.shaalaa.com",
                "taxguru.in",
                "www.mycarspecs.com",
                "ccssmathanswers.com"
            ]
        },
        {
            "rule": "playstream\\.media\\/logo\\.png",
            "cookies": 0,
            "fingerprinting": 0,
            "subdomains": [
                "cdn"
            ],
            "apis": {},
            "sites": 17,
            "prevalence": 0.000116,
            "cnames": [],
            "responseHashes": [
                "c806548a811e28e57290d17f7b65fbf91ea51f5557661350fb50c8d14cf33538"
            ],
            "type": "Image",
            "firstPartyCookies": {},
            "firstPartyCookiesSent": {},
            "exampleSites": [
                "ccssmathanswers.com",
                "crex.live",
                "taxguru.in",
                "telisik.id",
                "thesmartlocal.jp",
                "thesmartlocal.com",
                "www.bhaktibharat.com",
                "www.euston96.com",
                "www.haibunda.com",
                "www.khaleejtimes.com",
                "www.mycarspecs.com",
                "www.olx.in",
                "www.sakshi.com",
                "www.shaalaa.com",
                "www.teachoo.com",
                "www.telegraphindia.com",
                "www.thefastcode.com"
            ]
        },
        {
            "rule": "playstream\\.media\\/api\\/adserver61\\/vast\\/",
            "cookies": 0,
            "fingerprinting": 0,
            "subdomains": [
                "servg"
            ],
            "apis": {},
            "sites": 4,
            "prevalence": 0.0000272,
            "cnames": [],
            "responseHashes": [
                "2c45a7a402611cd5c3b6ce6336c467aa02ce70d3f0708e41208f236860414678",
                "47b62f50bdc0f81ab07c99c2111326f2adcd349b7c2f73c8b4d86068928a0f2e"
            ],
            "type": "XHR",
            "firstPartyCookies": {},
            "firstPartyCookiesSent": {
                "lotame_domain_check": 0.000027248142017316195
            },
            "exampleSites": [
                "suara.com",
                "serang.suara.com",
                "tantrum.suara.com",
                "www.significados.com.br"
            ]
        },
        {
            "rule": "playstream\\.media\\/ps_amarujala_global_prod\\.js",
            "cookies": 0,
            "fingerprinting": 1,
            "subdomains": [
                "prebid"
            ],
            "apis": {
                "Navigator.prototype.userAgent": 2
            },
            "sites": 2,
            "prevalence": 0.0000136,
            "cnames": [],
            "responseHashes": [
                "6c3d27589967f2ee381ef528e990007b1d42c6f2e3da431529a6c109678d7f36"
            ],
            "type": "Script",
            "firstPartyCookies": {},
            "firstPartyCookiesSent": {},
            "exampleSites": [
                "amarujala.com",
                "www.amarujala.com"
            ]
        },
        {
            "rule": "playstream\\.media\\/PS_amarujala_prebid7\\.38\\.0\\.js",
            "cookies": 0,
            "fingerprinting": 2,
            "subdomains": [
                "prebid"
            ],
            "apis": {
                "window.sessionStorage": 2,
                "Date.prototype.getTime": 2,
                "NavigatorUAData.prototype.getHighEntropyValues": 2,
                "Navigator.prototype.cookieEnabled": 2,
                "window.innerWidth": 2,
                "window.innerHeight": 2,
                "Navigator.prototype.doNotTrack": 2,
                "Navigator.prototype.userAgent": 2,
                "Navigator.prototype.language": 2,
                "Navigator.prototype.connection": 2,
                "Screen.prototype.width": 2,
                "Screen.prototype.height": 2,
                "window.name": 2
            },
            "sites": 2,
            "prevalence": 0.0000136,
            "cnames": [],
            "responseHashes": [
                "d935f2a4ef85b564fd30d7e38318f43df77258f7b9086e0b956da8a8e6ac1ab6"
            ],
            "type": "Script",
            "firstPartyCookies": {},
            "firstPartyCookiesSent": {},
            "exampleSites": [
                "amarujala.com",
                "www.amarujala.com"
            ]
        }
    ],
    "categories": [],
    "performance": {},
    "cookies": 0,
    "topInitiators": [
        {
            "domain": "first party",
            "prevalence": 0.3508771929824561
        },
        {
            "domain": "avplayer.com",
            "prevalence": 0.3157894736842105
        },
        {
            "domain": "doubleclick.net",