{
    "domain": "pm-serv.co",
    "owner": {},
    "source": [
        "DuckDuckGo-US"
    ],
    "prevalence": 0.000702,
    "sites": 103,
    "subdomains": [
        "c",
        "l",
        "n"
    ],
    "cnames": [],
    "fingerprinting": 2,
    "resources": [
        {
            "rule": "pm-serv\\.co\\/npfm\\.js",
            "cookies": 0,
            "fingerprinting": 1,
            "subdomains": [
                "c"
            ],
            "apis": {
                "Date.prototype.getTime": 48,
                "Navigator.prototype.userAgent": 48,
                "Document.cookie getter": 43,
                "Navigator.prototype.platform": 48,
                "window.innerWidth": 43
            },
            "sites": 68,
            "prevalence": 0.000463,
            "cnames": [],
            "responseHashes": [
                "9847596f5e3c580fc3a376b18fd25694a5b3fb85e0c63fa1d5dc8d5597a581f0",
                "124ac086e38b820f6892286356481fbe687a378da55a5ed2b94f70dfa0046e94",
                "a50df19e867146334fc818cbd24112d95bb1cfa101c42aca81f0a0f47f73ccc1",
                "e3afa9e8844c0bf8c140517a2deb8f7cd38e631b6cc9cc1c9a41bb05a72c1878",
                "7ac17cfe23ebcfd601810d27dbe076d4e0aecc973df2b48dbf8865cf658105c3",
                "3dcaf631e98bcf7eb05667416f78f3c903427a9ba2603948972d452c5c988501",
                "762dd96f8d581f33c4b864bef3abf57198231a30a235ef087be2f9f9d3061686",
                "3c468777412ce77d0047be632e43f477da75c89b20a7d14665c631b9ca661312",
                "013af0239f537b947d974579eb80bbce54a3b3388eabc064590b3b6b7639a01b",
                "84156995a9228901ea8758b5c63f7864eee57cbdab60decb30c47146e16b2ce8",
                "97e354feaf455564f93468245e38415bcbd95eaa9d33ff7ddc2e9d402fe162ad",
                "114d776c9019c3bace5ae3cbc77c5fe5fb51f134c288f3518d2fa5459da365db",
                "f1b4ae7c2f6c700e7a4e067b2b7cace190bb020afaf104aeb3108e1207585219",
                "a00e82568ccc61e49daccaa465e43e3fa20b664dd1edfd2ba15328dae2fad1b4",
                "3318be9d0f8cd64874bef062d50d378a5d307822ef9e79deb39d7688d5a83d3e",
                "1c65644bc94109784e68eee8abfba6895d99fb2bc154117adca66caad1af13c0",
                "f1851a953e91ee1003cc765f0104006f33f99cee35882739877923f1aa651b9d",
                "dea12666d972da510cc4ff3280a0c8a3a66bb028ca0ab12bafa94203f72e7488",
                "727100a35f38a9ae5935279e791bd1694986292de9362cb338bf2858ee8359d6",
                "85ee6ad6169f64c0fd31c8c5b40ec7138bcc69bbc525874f2f0a1719d02fc9f9",
                "13ff7b43acd8c35fbfdfb85c69681c822c994c1bd09c2f17fb5caed2dcd16c2c",
                "fda83cc55ed8a6dd07512a7c6dc52503d6aab8d7192e3baab10ef9fbe738ec6e",
                "361a85843dc08ef0bd97b2e32a2e9308d22690ef92cd4b14923aed5b0886bb5a",
                "f509bdb76f212f709c562740555435ef1dd0b30afb662afb45c248aee0ce8680",
                "28403e36f699c0c057168fcba2d287dd796848a14235fb958a50d755fd87a998",
                "2c410b22aedcdc31de37565f123a32ad803cff86a266c3680c878b7fbe94da8c",
                "7e1929d0027b06cab297aa1b0672fee863cff4755f9afa37b40d32b1691cb832",
                "f08c888a1afe175bd48c03e1cfe93230159ee9f9044be15dcca6555ea3c9e636",
                "77a4099e8e7d25167a04ea2f5f9b340ef3596baff33032e4ebbda5cac8e9f7bb",
                "501ffc928e4a4b557c8db4b7efd5542d1fcf5694f732b75fd73f6b35a68ddbdf",
                "8bf9cfa9e0b959aef235646a2db1b10f1da523dc094618c19c2ad3f36406b714",
                "dcf36897453071554d6f0cd4f3ea34035593025ced1c2e89393bc390e3ae9ddf",
                "496264ee545823a33299bdec86618b1d2148f27aebfe84048b47ac7d6782c23b",
                "aea60d6d86521b24b97d9ecda0446acefce9e918a1b76f46082108a0803fc796",
                "ae5eedf7c6ac59bb540781c9c5e8a972db2a097521081cdc0f334b12ec53cdfc",
                "3c207e13b490ff815306579eeb8958ea520a6e91ec3494113c3bf814eadd511c",
                "39370195c513c26847f1005817cc48a803e621e91dda5a6f23f479fede1c6906",
                "9dc04bab9994bf5c49d1e38dc694ee4c6df1bff75bb120c8fe06fd4e3c4e3238",
                "8f7862e35585eec1d56c8a92f77acee9ec7c69eaf4fabc1c9638d800b802a98b",
                "5f4907df8f8c2f49881a5f84badc12c11d7981078919ee63d071205b5c6635e5",
                "30cd86f210e6da30fed74b51f31c0c89e8b9135f9d0bac1cd1a2258026d2cec8",
                "ecb5ec811169450a7ba93c845d869ef5bc1dd5fe88ad99907a38c7d047886584",
                "cd5cf073eef394d7bed468618b88a4724b40e6db72133fe9cb223720de66431e",
                "5cb93301e7c64f1a7c74f806fa849dc123ddcc3c57489475c6154efd1c219c85",
                "fbc74b50a7ab87fbc2a6a71cc0aefd65f4cf51bd8c72cc1e5104ab5d4592708d",
                "e24552bea20f9149349f857ea5aa870c500321fbff9e34a4552567489848a705",
                "34c574a55588d902694ebb20117e7929f0c1677f59c9f232e0d4d66749f60f80",
                "c393f036580c2dbd5e9ff918c683212e40e15f177dfe46281faab17b323f9600",
                "f80ccb4c11785ff9e19a68acd13cc057d8c46bb7417f9e3d231fa51473de034e"
            ],
            "type": "Script",
            "firstPartyCookies": {},
            "firstPartyCookiesSent": {},
            "exampleSites": [
                "amarcoplumbing.com",
                "androidworld.nl",
                "www.presentationskills.me",
                "www.iwastesomuchtime.com",
                "savingtoinvest.com",
                "www.theblackfriday.com",
                "areasosta.com",
                "cookthestory.com",
                "takeayard.com",
                "www.thesixthaxis.com",
                "www.warhistoryonline.com",
                "spectrum.ieee.org",
                "www.carousell.ph",
                "www.wenthere8this.com",
                "www.pilotplans.com",
                "greengarageblog.org",
                "www.theclassroom.com",
                "www.thetechwire.com",
                "www.momswhothink.com",
                "pricematchguarantee.net"
            ]
        },
        {
            "rule": "pm-serv\\.co\\/sr\\/2722522032\\/SAFEFRAME\\.html",
            "cookies": 0.000347,
            "fingerprinting": 2,
            "subdomains": [
                "c"
            ],
            "apis": {
                "Date.prototype.getTime": 26,
                "window.innerWidth": 19,
                "window.innerHeight": 19,
                "Screen.prototype.height": 19,
                "Screen.prototype.width": 19,
                "Navigator.prototype.connection": 19,
                "Date.prototype.getTimezoneOffset": 18,
                "Navigator.prototype.userAgent": 14
            },
            "sites": 54,
            "prevalence": 0.000368,
            "cnames": [],