{
    "domain": "pmsrv.co",
    "owner": {},
    "source": [
        "DuckDuckGo-US"
    ],
    "prevalence": 0.000109,
    "sites": 16,
    "subdomains": [
        "c",
        "analytics"
    ],
    "cnames": [],
    "fingerprinting": 1,
    "resources": [
        {
            "rule": "pmsrv\\.co\\/v1\\/analytics\\.js",
            "cookies": 0.0000545,
            "fingerprinting": 1,
            "subdomains": [
                "c"
            ],
            "apis": {
                "window.localStorage": 9,
                "Document.cookie getter": 8,
                "window.sessionStorage": 9,
                "Document.cookie setter": 8
            },
            "sites": 9,
            "prevalence": 0.0000613,
            "cnames": [],
            "responseHashes": [
                "8875939d99c6ba9670a8d1992df141772230c73a5ef96fabccae5f7b61d4a408",
                "8cad21df1d1f5898f74f5b05f2e9f586d60a29808760adf287e1951aefced994",
                "dbfef47316d5236e3d749c5bba1772609c8549e94f778cf0af3ca003193c9688",
                "d205d187c53792a1262da2a914cf2168c9c58f07b10ba57a1479a46d2fe601d1",
                "80373921a79f4b2d5e8a0f3f2ef32ebfa9523de6fd670dac7b877208787b71d5",
                "90209a01fef7de8ba983a3ef003f647874bb5af2e1d8ad594844c3b8a190a17f",
                "e9f172604d174127a9fc4193bb10f77775b95aad623433b8b2c008b2fe740696",
                "ca96860aaf61e5ad717571f48014a79cb212efed2322d58f44236f75cf60c76a"
            ],
            "type": "Script",
            "firstPartyCookies": {
                "_pmedia_sid": {
                    "ttl": null,
                    "length": 36,
                    "prevalence": 0.00004768424853030334,
                    "uniqueness": 1
                }
            },
            "firstPartyCookiesSent": {
                "IR_gbd": 0.000006812035504329049,
                "source": 0.000006812035504329049,
                "_li_dcdm_c": 0.000006812035504329049
            },
            "exampleSites": [
                "medicareguide.com",
                "www.drscholls.com",
                "www.healthinsurance.com",
                "www.invisalign.com",
                "www.medicalert.org",
                "www.naturemade.com",
                "www.springboard.com",
                "www.thezebra.com",
                "www.wisebread.com"
            ]
        },
        {
            "rule": "pmsrv\\.co\\/v1\\/tracking\\.js",
            "cookies": 0,
            "fingerprinting": 0,
            "subdomains": [
                "analytics"
            ],
            "apis": {},
            "sites": 8,
            "prevalence": 0.0000545,
            "cnames": [],
            "responseHashes": [
                "e3b0c44298fc1c149afbf4c8996fb92427ae41e4649b934ca495991b7852b855",
                "31969a9254d2e57b3a58d33f19c2247cc20e4cd982e79eb8d2eb05f5f94682a3"
            ],
            "type": "Script",
            "firstPartyCookies": {},
            "firstPartyCookiesSent": {
                "IR_gbd": 0.000006812035504329049,
                "source": 0.000006812035504329049,
                "_li_dcdm_c": 0.000006812035504329049
            },
            "exampleSites": [
                "medicareguide.com",
                "www.drscholls.com",
                "www.healthinsurance.com",
                "www.invisalign.com",
                "www.medicalert.org",
                "www.springboard.com",
                "www.thezebra.com",
                "www.wisebread.com"
            ]
        },
        {
            "rule": "pmsrv\\.co\\/v2\\/acvr3",
            "cookies": 0.00000681,
            "fingerprinting": 0,
            "subdomains": [
                "c"
            ],
            "apis": {},
            "sites": 9,
            "prevalence": 0.0000613,
            "cnames": [],
            "responseHashes": [
                "e3b0c44298fc1c149afbf4c8996fb92427ae41e4649b934ca495991b7852b855"
            ],
            "type": "Image",
            "firstPartyCookies": {},
            "firstPartyCookiesSent": {
                "_pmedia_sid": 0.00005449628403463239,
                "IR_gbd": 0.000006812035504329049,
                "subid": 0.000006812035504329049,
                "source": 0.000006812035504329049,
                "_li_dcdm_c": 0.000006812035504329049
            },
            "exampleSites": [
                "medicareguide.com",
                "www.drscholls.com",
                "www.healthinsurance.com",
                "www.invisalign.com",
                "www.medicalert.org",
                "www.naturemade.com",
                "www.springboard.com",
                "www.thezebra.com",
                "www.wisebread.com"
            ]
        },
        {
            "rule": "pmsrv\\.co\\/v2\\/csync",
            "cookies": 0.0000545,
            "fingerprinting": 0,
            "subdomains": [
                "c"
            ],
            "apis": {},
            "sites": 8,
            "prevalence": 0.0000545,
            "cnames": [],
            "responseHashes": [
                "e3b0c44298fc1c149afbf4c8996fb92427ae41e4649b934ca495991b7852b855"
            ],
            "type": "Image",
            "firstPartyCookies": {},
            "firstPartyCookiesSent": {
                "_pmedia_sid": 0.00005449628403463239
            },
            "exampleSites": [
                "medicareguide.com",
                "www.drscholls.com",
                "www.healthinsurance.com",
                "www.invisalign.com",
                "www.medicalert.org",
                "www.springboard.com",
                "www.thezebra.com",
                "www.wisebread.com"
            ]
        },
        {
            "rule": "pmsrv\\.co\\/v2\\/track",
            "cookies": 0,
            "fingerprinting": 0,
            "subdomains": [
                "analytics"
            ],
            "apis": {},
            "sites": 3,
            "prevalence": 0.0000204,
            "cnames": [],
            "responseHashes": [
                "e3b0c44298fc1c149afbf4c8996fb92427ae41e4649b934ca495991b7852b855"
            ],
            "type": "Image",
            "firstPartyCookies": {},
            "firstPartyCookiesSent": {
                "_pmedia_sid": 0.000020436106512987146,
                "_li_dcdm_c": 0.000006812035504329049
            },
            "exampleSites": [
                "medicareguide.com",
                "www.invisalign.com",
                "www.wisebread.com"
            ]
        }
    ],
    "categories": [],
    "performance": {},
    "cookies": 0.000109,
    "topInitiators": [
        {
            "domain": "googletagmanager.com",
            "prevalence": 0.45
        },
        {
            "domain": "first party",
            "prevalence": 0.35
        },
        {
            "domain": "osano.com",
            "prevalence": 0.2
        }
    ],
    "types": {
        "Script": 17,
        "Image": 20
    },
    "nameservers": [
        "ns-968.awsdns-57.net",
        "ns-1948.awsdns-51.co.uk",
        "ns-1427.awsdns-50.org",
        "ns-106.awsdns-13.com"
    ]
}