{
    "domain": "pogothere.xyz",
    "owner": {},
    "source": [
        "DuckDuckGo-US"
    ],
    "prevalence": 0.00109,
    "sites": 160,
    "subdomains": [],
    "cnames": [],
    "fingerprinting": 0,
    "resources": [
        {
            "rule": "pogothere\\.xyz\\/asd100\\.bin",
            "cookies": 0,
            "fingerprinting": 0,
            "subdomains": [],
            "apis": {},
            "sites": 140,
            "prevalence": 0.000954,
            "cnames": [],
            "responseHashes": [
                "f627ca4c2c322f15db26152df306bd4f983f0146409b81a4341b9b340c365a16"
            ],
            "type": "Fetch",
            "firstPartyCookies": {},
            "firstPartyCookiesSent": {},
            "exampleSites": [
                "thepiratebay.org",
                "vidoza.net",
                "ww6.mangakakalot.tv",
                "colmek.click",
                "ww4.gogoanime2.org",
                "wecima.icu",
                "netnaija.store",
                "onfansx.com",
                "ww7.soap2dayhd.co",
                "prodkeys.co",
                "mobifcuk.com",
                "funcrot.site",
                "www.downloadpirate.com",
                "lewdgames.net",
                "vidx.sbs",
                "safetoconvert.com",
                "www12.gomovies.ltd",
                "www.link.mediapemersatubangsa.com",
                "www.xoffline.com",
                "ceritacewekbiru.blogspot.com"
            ]
        },
        {
            "rule": "pogothere\\.xyz\\/",
            "cookies": 0.000954,
            "fingerprinting": 0,
            "subdomains": [],
            "apis": {},
            "sites": 140,
            "prevalence": 0.000954,
            "cnames": [],
            "responseHashes": [
                "b8dca22eab83c64efd8de961572500777bd1b140b5225f723bf074e7c617b142",
                "bf3222c4edc13ee39e7ea02026cf0d0bfd092e2e5beb6f47249a9269a4702c4c",
                "ae8e9eb58e07801ddd1791572ecd42c372218d7dc1991ed6ae04fe9fa7029282",
                "a6fa77d1bb0c895c586a55b270d573766f5a1c13755fca7bd7532f30bc97f41a",
                "5e0c8683236f02a937c61683b89d72955daef7edf0155244d868ed1b9675a4cd",
                "f60364e6b499fe12c8135a3ca9da36f457c9f1f226ab40442265e3200bce79c9",
                "d9b9ee26e3a88981a959ea237e874b5a613fbe7466e0665ce5498849af11102a",
                "6e13743a5a4f96ce40d27cb8c3018c52884f6e91c4b9adffe8edd2897b013cee",
                "a98c624dec82b3f163a42b4545a24022371bc7acd3dcdc14da0e5aa38512e952",
                "ba13c9f3f676fa90dde16d262f38cea9cc896486fbe1f8dafdaee3f203663a64",
                "de2ce9b3f5278290f9128e0940bcdee530e05eaee6c20b29484f32b7a9aaae75",
                "6adc996bd22f1d8f6b2fccc16a366fca507c08692f550ca4a709059a751b70f5",
                "8779a3fed0657810d810c4c4947677012cf9ac07fcab086d9b2d6e7cd0d6564e",
                "5c135be70252d8480b66309039c6d735834f5cbe658aa93cb345f2bb51f0043d",
                "d5d35cf5a413a0332cc135876fb17837fb8ce56f54effdc08ea4324ef2275aaf",
                "c4c99f93a39f41347f7c91152f4a851a6cf28162c41f8027f7f646801c51e93b",
                "34e0304a25a9aa28743cceb761c2476e7cdaf2780d030193ca0331448eca05bc",
                "c0b92f2594e9c49c1701678875e3507fe519f022871371d7d8be4d8923c26372",
                "f8df7d6a5d5dc56331e772d39f14d75b6b01f46abc8c31b5d498f0623b31e49d",
                "4b480e892b6070093de0f27b3dcdc005faca7a5478af26ed98dae22b809eecf1",
                "fde08440b8cb48fc0ebbe3b618efb462db0d20c8b6ad031e671d350d3e80fd31",
                "241dde2abdcfba509432d369c76ba28bc7dc00f7c792e346e35bd5c0a3ea601b",
                "6ed436ab0e2639763b560abf3f45d7f64b08ee2ec86ec818ffa717970a50821c",
                "733ed8f666e97c1a169a98950c46afa4a740d684cd372ed5f09005a85ff4e22e",
                "db51c60912ec085740a2493dabb79b7c8d3d6dfb94903aafa7b2a0fe253572a5",
                "2cec950fa22223d16339123eeeedac01e1542b1a62f0ee5dc47528477ad64b51",
                "a1749fbeea4ff953d5ab6fc97b39d0ed7e8700588978b052d5262fa127ef3685",
                "233a2580ad8bdc1f16bb90696842c9488c0ad89cdc147754c8b04ea5a0c30af2",
                "f5e68e97e54cd445ee3124d0beaedd6ab2fd06b0e5748df0c6bc829f1a9fbcea",
                "53e08877befe81d32b784c1c2fbd60913dcf6cf5af5e8e52ff07f25d62ae93f3",
                "92845f6eb29dc62c4d3c59cf452d653ae4e301854966ce28996a137049ccd005",
                "1262a8117c15e5481f8a350af1b3f95af09ed8bf61fcc8546c87f9bfdcd388e2",
                "b1fb46c3fe9caca3af9223cb5ba7058359f136eb462c632d41385f2f7ec87b3e",
                "33d5d8a73e67289269259719ca6e9d013e309042e1bbb4fc37b8606820996ff5",
                "7652aa44dd478e8f4a3138616fbb170fe7e904fcf99107f641392b4b5a44ee2d",
                "25ee62f01b2e5feeb2b36143d66909417b43e97b6e955816e57210dca455c155",
                "78647266a4271d801140ca1f5d006ceb222bb92cccb608dcc856cec55b4a0710",
                "7d6679181d11c4b15a60a4dc129abc78b066f03f02eb818075656a4b9ae4bc54",
                "9ac8b78a6dc1ac2790d37ef60d9fddef55a04459c6b4414876823172d92e4f6e",
                "115c564652972631e064f1a26bd87f48448aee0c9c598b1e575c8ef4c3b3d2d4",
                "043276441ea6b761bf339aa6ace93bdcbe79ee25e02773d7a957cbc087150710",
                "eef6e82bfa5b23a4501a26dbc7c3964c52c730e542b20cba2790d21bf93f97aa",
                "d4fa952cefac7e38b01f6b2b6df93cc36e278c61726f4eec5ea50ab1fefdbb4d",
                "59984ccc1e8fdc9047f616eab6abc3316d91970380af75ea7ee9b9226cc392df",
                "19b62e595085924329c0052ea5e113a4dddec09a7225d9ff05472e323e8e6e3e",
                "aef01389dcaf1311bd5866334949c2964acc789921ff6d9514c0b973654cd489",
                "db98f5c79a84761c16d94dec54f31e9d340a907a6c387171870019511d48d706",
                "a847eb73c2ca549d6975cb17d03eabf1645e13063612ac65d7a8fb0e6f2e975c",
                "965d35162b1d9b9839406a557b81fe6e187b652f6b6aca7f4fab6bef9709ed33",
                "aba734d3f8d6ffad8af4553a5c17b6c991481f3a02f1430ef575b91c6601e44d",
                "4ebb3cfd600e6fa96cf9586153f4946ffb2cf34e218772ed37b83976583d99af",
                "e132c0e447c059a0175e1c63a901c6ee8b29b3f8a2d0bf6ab5b7f665c38dcb4d",
                "c1b562919b0e6e0287847b53355bf3ee788b62af1cafe6ffefcf88b80dffdddf",
                "c8acb0cc700096f675dac1302e6c305a8f3fbce855f644e02018263c959f9977",
                "60c7a52fdf71eff7de14531c2d47e41abb06f35fe678fc03187a9d173025693f",
                "4fe749f9653d407fb8eee9a19e724174021c250c07c1d9effbe51878c47bf17b",
                "ae1339eabd2306dfd7c65fb767bf3b3b34f4745c2455f38136f6d145f4cb79ad",
                "21123b4322454ad5296ea534be1e21c74fc07732d635537b62be5592f542fe1a",
                "dab6db0350fa6c177ba7cba8a0e93a5a3148d315e8372d7b0102bd471e26e95e",
                "6a9baa6234ecc3d7016b2ad2828050d6b70fb6167c47b4a45e97185f7f959159",
                "1188250d57b23ccee9dad397143ec78e132862e2ff8770eaa461d6f62a2efe22",
                "31b67f16e3399f63d3d313fd03719b012638daca6d4ecc58ea56db7959c3c927",
                "5985e9c5d3d419ce2e0b83e7c3cc3f58193438cf1c333918f2f156620e944fc8",
                "aeef15c2cf99151f397d02881f550e7c158ca4e1303fdaea1e56cf402e880514",
                "95d079009b74e996ae1f23f0252a18813a537bdd1c6d49502f96c13923e4f36d",
                "728e0df73fb98e8c3e7ba1a3c6e1ad2b4693da39e1671f6ec5866fe0e6e5dd9d",
                "3b7a9b9a386e30ed7397e7418882c813571f205249ba67d4e9defe17d410beb7",
                "9b18c9dfc59a505448824092a8e648623257c7f515b8c2e22e67df16ab527e1b",
                "5610f9ffb7c549753b0b3346c1f5913ea5e19e13964783708a9e25c11b83d0bf",
                "06635fb710af82c15739ce48ba2d5f129d3c6cda05c6b2997d1475c345d4e8ab",
                "07318cf5926d1eb9d5078dc8e2aac4ba8bee09120f477c4c2d728e4d806caee5",
                "b084619da98e2909265ef178b9577a59eb2e2c4ac13a0d26b5c8171da7ae0097",
                "98d83e57927412023e4a4e4e1b58fa2ae191c9d5d9bf7a35a440837e8ef29f36",
