{
    "domain": "polaranalytics.com",
    "owner": {},
    "source": [
        "DuckDuckGo-US"
    ],
    "prevalence": 0.000123,
    "sites": 18,
    "subdomains": [
        "cdn-production",
        "api-production"
    ],
    "cnames": [],
    "fingerprinting": 0,
    "resources": [
        {
            "rule": "polaranalytics\\.com\\/pap\\.txt",
            "cookies": 0,
            "fingerprinting": 0,
            "subdomains": [
                "cdn-production"
            ],
            "apis": {},
            "sites": 12,
            "prevalence": 0.0000817,
            "cnames": [],
            "responseHashes": [
                "83953dc73a32d3c0866f01435aa93c3b856c30012730517e5633c05c5f0ce4af"
            ],
            "type": "XHR",
            "firstPartyCookies": {},
            "firstPartyCookiesSent": {},
            "exampleSites": [
                "madamsew.com",
                "por15.com",
                "slnt.com",
                "stateandliberty.com",
                "www.fashioneyewear.com",
                "www.ledmyplace.com",
                "www.moft.us",
                "www.quadlockcase.com",
                "www.rockymountainoils.com",
                "www.safeandvaultstore.com",
                "www.tiege.com",
                "www.toynk.com"
            ]
        },
        {
            "rule": "polaranalytics\\.com\\/pixel",
            "cookies": 0,
            "fingerprinting": 0,
            "subdomains": [
                "api-production"
            ],
            "apis": {},
            "sites": 12,
            "prevalence": 0.0000817,
            "cnames": [],
            "responseHashes": [
                "1b22968cab6e29f6add1a80485e386bcbdfa0ff1cc31f66bd1381b5fe1bba1bf",
                "2fba4d97ef67bcb1fbcd49bd4db548d02ff1a4df57e783aefd4a408b594c295f",
                "c114457cf1a744fef1eea044a5b3b70d5abf326dbc683031cdc885cc22761431",
                "7d16324fb481e0a56f827c731781183f8d7fdf8a4f31ba0f62d0eac9b9cbf282",
                "d6384e2753385f38c3566475bcb34fcfa2881173df2367a00ab537655327b327",
                "587030d115a32e0b3fd4054c429f30c9e66123d3df465b688402d3aeac34177d",
                "ae622c4c26b61ae18811755a2fbf72974a04efc8c3fe400293cb02d494f4b76d",
                "014e80808e0dd1ea1c09a3c39fa0122ffeb7c9ad99d9fdf60b2e9ec0af4ebeea",
                "da25d3eedfb7e2da0a8b1c5a8094d16d6c454cd81f49e3fb8723c125824d47af",
                "fe1d484669c164c9d53664616bd42b6658e9ed591dc59b609a61002b78329f9d"
            ],
            "type": "XHR",
            "firstPartyCookies": {},
            "firstPartyCookiesSent": {},
            "exampleSites": [
                "madamsew.com",
                "por15.com",
                "slnt.com",
                "stateandliberty.com",
                "www.fashioneyewear.com",
                "www.ledmyplace.com",
                "www.moft.us",
                "www.quadlockcase.com",
                "www.rockymountainoils.com",
                "www.safeandvaultstore.com",
                "www.tiege.com",
                "www.toynk.com"
            ]
        },
        {
            "rule": "polaranalytics\\.com\\/pixel",
            "cookies": 0,
            "fingerprinting": 0,
            "subdomains": [
                "api-production"
            ],
            "apis": {},
            "sites": 12,
            "prevalence": 0.0000817,
            "cnames": [],
            "responseHashes": [],
            "type": "Preflight",
            "firstPartyCookies": {},
            "firstPartyCookiesSent": {},
            "exampleSites": [
                "madamsew.com",
                "por15.com",
                "slnt.com",
                "stateandliberty.com",
                "www.fashioneyewear.com",
                "www.ledmyplace.com",
                "www.moft.us",
                "www.quadlockcase.com",
                "www.rockymountainoils.com",
                "www.safeandvaultstore.com",
                "www.tiege.com",
                "www.toynk.com"
            ]
        },
        {
            "rule": "polaranalytics\\.com\\/pixel",
            "cookies": 0,
            "fingerprinting": 0,
            "subdomains": [
                "api-production"
            ],
            "apis": {},
            "sites": 2,
            "prevalence": 0.0000136,
            "cnames": [],
            "responseHashes": [
                "a0a1b353d92f18b31102d38353d658609d9a97c496133aa8d3d55fce55f2c545"
            ],
            "type": "Fetch",
            "firstPartyCookies": {},
            "firstPartyCookiesSent": {},
            "exampleSites": [
                "tiege.com",
                "www.tiege.com"
            ]
        }
    ],
    "categories": [],
    "performance": {},
    "cookies": 0,
    "topInitiators": [
        {
            "domain": "first party",
            "prevalence": 1
        }
    ],
    "types": {
        "XHR": 24,
        "Preflight": 12,
        "Fetch": 2
    },
    "nameservers": [
        "ns-80.awsdns-10.com",
        "ns-1000.awsdns-61.net",
        "ns-1892.awsdns-44.co.uk",
        "ns-1365.awsdns-42.org"
    ]
}