{
    "domain": "poloptrex.com",
    "owner": {},
    "source": [
        "DuckDuckGo-US"
    ],
    "prevalence": 0.000307,
    "sites": 45,
    "subdomains": [],
    "cnames": [],
    "fingerprinting": 0,
    "resources": [
        {
            "rule": "poloptrex\\.com\\/get",
            "cookies": 0,
            "fingerprinting": 0,
            "subdomains": [],
            "apis": {},
            "sites": 28,
            "prevalence": 0.000191,
            "cnames": [],
            "responseHashes": [
                "f1dbf2760cba67879dff1b0a89bb2288f8570cfd073c4b98ef57954dcdf571ad",
                "05710e73aa8fdb40374f44303a90f4c9ae0a2e3e34702ace7e21f1d77c989e90",
                "80d3646269a0cecdcda311ca49ee80fdf6307792a71235afd5ffb7c6339971b6",
                "9765f38d6accede36cc7adc639a2fc0f9ecfb05be2f79c5f802b44169dd4015a",
                "2b055a66f1192b9015258efb720f62acb46236ceb99d5eaba96e39c47c244d92",
                "d71525f784788e5df95f4db6d516e7725b389d09650c0d89109a75030682db65",
                "979d646cce9b2d345acb7a3e6b7baea06b9d4b949b537e10da8927a3a4a28b12",
                "af8b55fbd228de2b9b7239f5d07b851ea9e564a9bebe96e3a0d36f09174ad456",
                "57bb6be68650d63aff72964b14795d82b5930c13a6b96d37e8e8ca0f699ae363",
                "4c36969b8cdc3f115ac35668183689d8c91a69667e0b60259bba14f6d43dd4b0",
                "f5e328f5f339e578a2ce2541eaea194e4362282ef281afdab8c3d20b845e2313",
                "2c912949a3b2bfdabde5517fa6578cc359773b559d213fba0e8ae9312c20ccbe",
                "0cc4fd9676895f7e7c9752a3574ad0980373e64a52666b144f652ef10870ac2b",
                "9cd9b2319e7bb25882a0e9bdd7978ff728ac36ccf1042ed2705678e71c9f7c4d",
                "97844d20dcef35e68eccb6ba9ebcc0e501481ff842a22426da3687b2bb649afc",
                "1e44abca87ed31546f36dce6f6b7262653d2c22f97cccee91d273be89b4c2461",
                "5786497085cdeacae3a22556fee6f1819c24d80060e2d59552ee1c4bf1c6a5d6",
                "60048c4c6e10232c93bfd8bb56cc67ee2cf4e14c8f422843beff4758db792057",
                "c4691763f160e70acbceab1dd8181e97d4d8ce776e89c7e0fae5222d00104d17",
                "16fcef69e4e0d170df9b3810da4fbfb25a42fafbd14528c7acc4bddecb484a6d",
                "4a6516b3a8e769129fb7c4d6063ce63e667378a96bb1820a9ab20f8564c698c4",
                "a778561f3c1f9e8d32546b43a8be284a297d9ab90bcbb7a414c13a53574b6fa1",
                "8fd29229d983f18313fdf97492bb3c95c9e702ec712b809e054db52549af7dc4",
                "1c0e23a46edf715e15a7d6828c55258130a16756583d6a31222c1e69d90b2204",
                "3df76c5ab1b69a99b30a8082cb12b52781069c464e4e8317de941d40f3666b9d",
                "ef2a24b124574bf4e59c1ed765988cad48cf6f06e78e6ca57357ed30098092db",
                "c1ed2a8685d6b063325458406c831764578d573ce6c321efff28baead97dcb7d"
            ],
            "type": "Document",
            "firstPartyCookies": {},
            "firstPartyCookiesSent": {},
            "exampleSites": [
                "m.porn555.com",
                "hdzog.com",
                "dporn.com",
                "txxx.com",
                "thegay.porn",
                "zenporn.com",
                "vjav.com",
                "shemalez.com",
                "tporn.xxx",
                "m.pornl.com",
                "txxx.tube",
                "hadesex.com",
                "porn555.com",
                "tubepornclassic.com",
                "see.xxx",
                "odir.org",
                "www.zenporn.com",
                "upornia.com",
                "porngo.xxx",
                "javsecrets.com"
            ]
        },
        {
            "rule": "poloptrex\\.com\\/banner\\/in\\/show\\/",
            "cookies": 0,
            "fingerprinting": 0,
            "subdomains": [],
            "apis": {},
            "sites": 26,
            "prevalence": 0.000177,
            "cnames": [],
            "responseHashes": [
                "96152fb34220376f76682b57542e3ae18901ada655d2f35cdf8374cec0a6b56f",
                "bd0b96bfa55e6c78878875e8372cfcf9443ff310c9d209b65625b2f2740f762e"
            ],
            "type": "Document",
            "firstPartyCookies": {},
            "firstPartyCookiesSent": {},
            "exampleSites": [
                "txxx.com",
                "upornia.com",
                "porngo.xxx",
                "desi-porn.tube",
                "voyeurhit.com",
                "tubepornclassic.com",
                "javdaddy.com",
                "hotmovs.com",
                "m.see.xxx",
                "txxx.tube",
                "hclips.com",
                "pornzog.com",
                "zenporn.com",
                "dporn.com",
                "javsecrets.com",
                "vjav.com",
                "m.porn555.com",
                "shemalez.com",
                "see.xxx",
                "odir.org"
            ]
        },
        {
            "rule": "poloptrex\\.com\\/banner\\/in\\/show\\/",
            "cookies": 0,
            "fingerprinting": 0,
            "subdomains": [],
            "apis": {},
            "sites": 18,
            "prevalence": 0.000123,
            "cnames": [],
            "responseHashes": [
                "1866961a029c65376fefb7f2ba1e6187e09ff50ea58d97dedfd72c197947d002"
            ],
            "type": "Image",
            "firstPartyCookies": {},
            "firstPartyCookiesSent": {},
            "exampleSites": [
                "desi-porn.tube",
                "gaytxxx.com",
                "hadesex.com",
                "hclips.com",
                "javdaddy.com",
                "m.porn555.com",
                "m.pornl.com",
                "m.see.xxx",
                "porn555.com",
                "porngo.xxx",
                "see.xxx",
                "shemalez.com",
                "thegay.porn",
                "tporn.xxx",
                "tubepornclassic.com",
                "voyeurhit.com",
                "www.zenporn.com",
                "zenporn.com"
            ]
        }
    ],
    "categories": [],
    "performance": {},
    "cookies": 0,
    "topInitiators": [
        {
            "domain": "first party",
            "prevalence": 0.8634538152610441
        },
        {
            "domain": "nv7s.com",
            "prevalence": 0.12048192771084337
        },
        {
            "domain": "hdzog.com",
            "prevalence": 0.01606425702811245
        }
    ],
    "types": {
        "Document": 54,
        "Image": 18
    },
    "nameservers": [
        "ns1.digitalocean.com",
        "ns2.digitalocean.com",
        "ns3.digitalocean.com"
    ]
}