{
    "domain": "pop-convert.com",
    "owner": {},
    "source": [
        "DuckDuckGo-US"
    ],
    "prevalence": 0.000102,
    "sites": 15,
    "subdomains": [
        "script",
        "cdn",
        "api"
    ],
    "cnames": [],
    "fingerprinting": 1,
    "resources": [
        {
            "rule": "pop-convert\\.com\\/production\\.pc\\.min\\.js",
            "cookies": 0,
            "fingerprinting": 1,
            "subdomains": [
                "script"
            ],
            "apis": {
                "window.localStorage": 11,
                "window.sessionStorage": 11,
                "Navigator.prototype.userAgent": 11
            },
            "sites": 11,
            "prevalence": 0.0000749,
            "cnames": [],
            "responseHashes": [
                "b0f6b0ded57879f51e21b6b2c7d90ff2794d605fdee9a3ef9fa3a12ddc17ab08"
            ],
            "type": "Script",
            "firstPartyCookies": {},
            "firstPartyCookiesSent": {},
            "exampleSites": [
                "beardedbutchers.com",
                "casadesante.com",
                "gotductless.com",
                "oldtimepottery.com",
                "southernedges.com",
                "stateandliberty.com",
                "thedailygraceco.com",
                "unistrutohio.com",
                "www.gaiam.com",
                "www.plantmegreen.com",
                "www.topdon.com"
            ]
        },
        {
            "rule": "pop-convert\\.com\\/micro\\/api\\/sites",
            "cookies": 0,
            "fingerprinting": 0,
            "subdomains": [
                "cdn"
            ],
            "apis": {},
            "sites": 11,
            "prevalence": 0.0000749,
            "cnames": [],
            "responseHashes": [
                "85a8b0b322ef3e97021f0a3ae1ca7eac20f6e5eb55b3191538a5de330ad9b921",
                "aa0978cf500b3bbb28ff89600da9beb7c754619819f2bdebfda59249ed7f4aa5",
                "b0d6573c72fe43a5627dad5d39d3b3c67e13b915e490db576d5ad8307e6dbe6e",
                "cac2cf1a6218c774953ea908b82a1711001a6dd25f993e9ed22ceb017c487b5a",
                "7e8b3dc11e645fc077c81eeedb19d050cb394a7b141f15625bb06bcc23991290",
                "34aa5a615119b68b6934d86285ef6ee70f7276773c38081309d918d8808d5601",
                "edf4c72e08cf182da7e3e169cf2350999b6b5f7cc827abee487f6d4077c6968c",
                "282c7e703524e7d941bd280ce2bf0c96131bf259e03772b2a5d60881ac9d8d25",
                "33aeb56463363815af30d3b35128d87cffc94ac6fa5459e618b64f6c7924dad7",
                "a50e088e70f35569432f40897d0499f95c0acecc344ec6fe8a93d8677be18e7a"
            ],
            "type": "Fetch",
            "firstPartyCookies": {},
            "firstPartyCookiesSent": {},
            "exampleSites": [
                "beardedbutchers.com",
                "casadesante.com",
                "gotductless.com",
                "oldtimepottery.com",
                "southernedges.com",
                "stateandliberty.com",
                "thedailygraceco.com",
                "unistrutohio.com",
                "www.gaiam.com",
                "www.plantmegreen.com",
                "www.topdon.com"
            ]
        },
        {
            "rule": "pop-convert\\.com\\/micro\\/api\\/micro_actions\\/create",
            "cookies": 0.0000136,
            "fingerprinting": 0,
            "subdomains": [
                "api"
            ],
            "apis": {},
            "sites": 2,
            "prevalence": 0.0000136,
            "cnames": [],
            "responseHashes": [
                "27badc983df1780b60c2b3fa9d3a19a00e46aac798451f0febdca52920faaddf"
            ],
            "type": "Fetch",
            "firstPartyCookies": {},
            "firstPartyCookiesSent": {},
            "exampleSites": [
                "casadesante.com",
                "thedailygraceco.com"
            ]
        }
    ],
    "categories": [],
    "performance": {},
    "cookies": 0.0000204,
    "topInitiators": [
        {
            "domain": "first party",
            "prevalence": 0.8484848484848485
        },
        {
            "domain": "shopifyorderlimits.s3.amazonaws.com",
            "prevalence": 0.12121212121212122
        },
        {
            "domain": "yottaa.com",
            "prevalence": 0.030303030303030304
        }
    ],
    "types": {
        "Script": 11,
        "Fetch": 13
    },
    "nameservers": [
        "dns1.registrar-servers.com",
        "dns2.registrar-servers.com"
    ]
}