{
    "domain": "pop6serve.com",
    "owner": {},
    "source": [
        "DuckDuckGo-US"
    ],
    "prevalence": 0.000143,
    "sites": 21,
    "subdomains": [],
    "cnames": [],
    "fingerprinting": 1,
    "resources": [
        {
            "rule": "pop6serve\\.com\\/popsixle\\.php",
            "cookies": 0.0000954,
            "fingerprinting": 1,
            "subdomains": [],
            "apis": {
                "Document.cookie getter": 10,
                "Navigator.prototype.userAgent": 10,
                "Date.prototype.getTime": 10,
                "Document.cookie setter": 9
            },
            "sites": 14,
            "prevalence": 0.0000954,
            "cnames": [],
            "responseHashes": [
                "b7ba0fdc2377a2733dfe1dc100c57fbd84ee5f1632c216b84d0061ef82bbc06b",
                "c484d212fd33e697317f5c458c0d7892417d90ff47ffc52d52cb62a3a2d20802",
                "e6b927f5bf58a0f9b1fa737127b4a1e4e594195b4be9e9d103b05bcef6645d70",
                "055448b7d3b053c3516c4e326990a78ec92efe90f56f0413a61a1fbe12eea65f",
                "754b8322065bb26bb3b767333f4a5c1fef9ab34c987187b84774745db21744e4",
                "53f94cb97ae0684ce297759aef093c6c49b4b0ba798f8da953e78f664048ee29",
                "f04cddaf91e16006dee77eda4b8fa1370b66ad561178330ea6a43bf53b9fb7d7",
                "2e4d9e061b702fc8431c2c7f03c27a3041d2650b6820105c11955d51e68b89f3",
                "e8de09e673d2dfb067f5e9d20542bfde02be8702bbcd99302569ee21705c5fc1",
                "254ed187f728170ec46698944615f75d26808704a45c6b1ae585f56e9eab6b9c",
                "7c62bc1b81bac9b7ea8be133a6859de9c4aca8a1b196951971ed35b41b499223",
                "948e05c765a54f5011090e1d6801f2b31423df36bf2fcc220003159223216a18",
                "99e48a8d48db715b76635dda6c9b96d0ae1aa6cfba51906d8238cc0f7ae8d204"
            ],
            "type": "Script",
            "firstPartyCookies": {
                "gtm_p6_ip": {
                    "ttl": 14404,
                    "length": 12,
                    "prevalence": 0.00006130831953896144,
                    "uniqueness": 0.1111111111111111
                },
                "gtm_p6_country_code": {
                    "ttl": 14404,
                    "length": 2,
                    "prevalence": 0.00006130831953896144,
                    "uniqueness": 0.1111111111111111
                },
                "gtm_p6_country": {
                    "ttl": 14404,
                    "length": 64,
                    "prevalence": 0.00006130831953896144,
                    "uniqueness": 0.1111111111111111
                },
                "gtm_p6_st": {
                    "ttl": 14404,
                    "length": 64,
                    "prevalence": 0.00006130831953896144,
                    "uniqueness": 0.1111111111111111
                },
                "gtm_p6_ct": {
                    "ttl": 14404,
                    "length": 64,
                    "prevalence": 0.00006130831953896144,
                    "uniqueness": 0.1111111111111111
                },
                "gtm_p6_zip": {
                    "ttl": 14404,
                    "length": 64,
                    "prevalence": 0.00006130831953896144,
                    "uniqueness": 0.1111111111111111
                },
                "gtm_p6_s_id": {
                    "ttl": 8035204,
                    "length": 9,
                    "prevalence": 0.00006130831953896144,
                    "uniqueness": 1
                },
                "gtm_p6_eid": {
                    "ttl": 305,
                    "length": 4,
                    "prevalence": 0.00006130831953896144,
                    "uniqueness": 0.1111111111111111
                },
                "gtm_p6_sh_cart_id": {
                    "ttl": 86406,
                    "length": 32,
                    "prevalence": 0.00004087221302597429,
                    "uniqueness": 1
                }
            },
            "firstPartyCookiesSent": {
                "checkout_shop": 0.000006812035504329049
            },
            "exampleSites": [
                "blissy.com",
                "caddislife.com",
                "cozyearth.com",
                "pelacase.com",
                "prometheusdesignwerx.com",
                "servicecu.org",
                "vinia.com",
                "vnsh.com",
                "www.atticus.com",
                "www.craftsports.us",
                "www.mtailor.com",
                "www.torquedetail.com",
                "www.trumpstore.com",
                "www.vaerwatches.com"
            ]
        },
        {
            "rule": "pop6serve\\.com\\/sh_capi_sync\\.php",
            "cookies": 0.0000681,
            "fingerprinting": 0,
            "subdomains": [],
            "apis": {},
            "sites": 10,
            "prevalence": 0.0000681,
            "cnames": [],
            "responseHashes": [
                "4776a31b2c50ea657a283824d989223c3f48b6ce5a5a2e8d176809aed204070b"
            ],
            "type": "XHR",
            "firstPartyCookies": {},
            "firstPartyCookiesSent": {},
            "exampleSites": [
                "blissy.com",
                "caddislife.com",
                "cozyearth.com",
                "prometheusdesignwerx.com",
                "vinia.com",
                "vnsh.com",
                "www.atticus.com",
                "www.craftsports.us",
                "www.torquedetail.com",
                "www.vaerwatches.com"
            ]
        },
        {
            "rule": "pop6serve\\.com\\/pop6_init_ip\\.php",
            "cookies": 0.0000681,
            "fingerprinting": 0,
            "subdomains": [],
            "apis": {},
            "sites": 10,
            "prevalence": 0.0000681,
            "cnames": [],
            "responseHashes": [
                "d37da45a6cc7f840cc9e8078bc6219783b05b41a3cdd5d4daa8fea521807c9e3"
            ],
            "type": "XHR",
            "firstPartyCookies": {},
            "firstPartyCookiesSent": {},
            "exampleSites": [
                "blissy.com",
                "caddislife.com",
                "cozyearth.com",
                "prometheusdesignwerx.com",
                "vinia.com",
                "vnsh.com",
                "www.atticus.com",
                "www.craftsports.us",
                "www.torquedetail.com",
                "www.vaerwatches.com"
            ]
        },
        {
            "rule": "pop6serve\\.com\\/pop6_init_02_02\\.php",
            "cookies": 0.0000681,
            "fingerprinting": 0,
            "subdomains": [],
            "apis": {},
            "sites": 10,
            "prevalence": 0.0000681,
            "cnames": [],
            "responseHashes": [
                "5561f1ebde67bcfd1950a55e1701e62e4ead6458fe372fcb19ceaa75038d12f8",
                "867ec0e2a2278d3d0ef7b83a8f94dc37a731210d067aa4e2a73cee416ce7d101",
                "9c9b8daa8dec4c6ad6ad37d96e56f81374ab0b95474c8fb6c210c16c7e550af7",
                "bcd83c130061e510d5a6b8d681def2c2d943dd06f83dffa84e16435c4e1280a1",
                "dd84ea2bf4b5e33b6dbba9dc52b9cac11d4702c4971f3f7709a712e7ff5f12b8",
                "c63f5abd48ff65b435306ada33c24433fea7d67503c040dd7c2824e02610cf6d",
                "76c7c3edd341ac82628206870db1c75d34b6862c2d83470ef107746698e01fba",
                "73d18bcd27c79fc775b9809b6397346bbe835b7c4210fe28e15f0926303931fe",
                "b044eb72a5f1b13456a411342c833742d8483be034ae14c5ecc1886db875519b"
            ],
            "type": "XHR",
            "firstPartyCookies": {},
            "firstPartyCookiesSent": {},