{
    "domain": "postescanada-canadapost.ca",
    "owner": {
        "name": "Canada Post Corporation",
        "displayName": "Canada Post"
    },
    "source": [
        "DuckDuckGo-US"
    ],
    "prevalence": 0.0000613,
    "sites": 9,
    "subdomains": [
        "ws1"
    ],
    "cnames": [],
    "fingerprinting": 1,
    "resources": [
        {
            "rule": "postescanada-canadapost\\.ca\\/css\\/addresscomplete-2\\.30\\.min\\.css",
            "cookies": 0,
            "fingerprinting": 0,
            "subdomains": [
                "ws1"
            ],
            "apis": {},
            "sites": 8,
            "prevalence": 0.0000545,
            "cnames": [],
            "responseHashes": [
                "4373657e6f554623965515ce94e3bcb8b3ee4bb8db58642990f7420709d315d7",
                "3ebffd174023e5c5a2289120238c96843858d2a0e1014e7a7d8ba4a4f60d3f32",
                "0ebacc1351b50ff6b18f7a9fe35e564e09c6a14c2bbe0ee53ef520ad222d3665",
                "b6447563d6e3fff0e8610b71e72d7483daf719cc7a21dd1ef6b43211e6972776",
                "4b5448fa9cd983f9a699a2cff8d8f09c90f1b74c3a916e672b1d2674ea0ea559",
                "a16e7f2bb30457171ec7c6624d2d4b5a8edea3ba8a22839530a489a6791ab615",
                "f8907e786af0832f3d296d4751886c6359aad648ed8de534cbf36663f81621a3"
            ],
            "type": "Stylesheet",
            "firstPartyCookies": {},
            "firstPartyCookiesSent": {},
            "exampleSites": [
                "rates.ca",
                "www.bell.ca",
                "www.joefresh.com",
                "www.pcoptimum.ca",
                "www.sceneplus.ca",
                "www.thebeerstore.ca",
                "www.thelotterylab.com",
                "www.vuse.com"
            ]
        },
        {
            "rule": "postescanada-canadapost\\.ca\\/js\\/addresscomplete-2\\.30\\.min\\.js",
            "cookies": 0,
            "fingerprinting": 1,
            "subdomains": [
                "ws1"
            ],
            "apis": {
                "Navigator.prototype.userAgent": 5
            },
            "sites": 6,
            "prevalence": 0.0000409,
            "cnames": [],
            "responseHashes": [
                "643fbbf14c997d2c7018e64cb5ade3f846576af465b54c4faa9cf9f37a5a1341",
                "0052ed9a7b6ebb90df49e1fcc839891cb019a0683f67f98df79ca39d78a5c572",
                "c414bce213092fc3d3fedba155393e333e92b41d5c0ae0332ec91a85a07162a0",
                "8914322c51a86acf667ffbee9fcd3bba8b272e9918c1dd95ef13a311cc4903fa",
                "9227b031fbfbcdf2ef6c35aac0f21f17411cca19ee4e92a0c051d6c37fbc2200"
            ],
            "type": "Script",
            "firstPartyCookies": {},
            "firstPartyCookiesSent": {},
            "exampleSites": [
                "rates.ca",
                "www.bell.ca",
                "www.pcoptimum.ca",
                "www.thebeerstore.ca",
                "www.thelotterylab.com",
                "www.vuse.com"
            ]
        }
    ],
    "categories": [],
    "performance": {},
    "cookies": 0,
    "topInitiators": [
        {
            "domain": "first party",
            "prevalence": 1
        }
    ],
    "types": {
        "Stylesheet": 8,
        "Script": 6
    },
    "nameservers": [
        "a8-67.akam.net",
        "a7-66.akam.net",
        "a13-67.akam.net",
        "a1-226.akam.net",
        "a2-64.akam.net",
        "a6-65.akam.net"
    ]
}