{
    "domain": "potskolu.net",
    "owner": {},
    "source": [
        "DuckDuckGo-US"
    ],
    "prevalence": 0.000252,
    "sites": 37,
    "subdomains": [],
    "cnames": [],
    "fingerprinting": 3,
    "resources": [
        {
            "rule": "potskolu\\.net\\/5\\/6180130\\/",
            "cookies": 0.000245,
            "fingerprinting": 0,
            "subdomains": [],
            "apis": {},
            "sites": 36,
            "prevalence": 0.000245,
            "cnames": [],
            "responseHashes": [
                "d129544d9486703380b96f8c12592882a10be661f098ab74ea9dacd95455e12d",
                "6a2c1ac706b7103a695cdaad5db35995f8c5af7f3269fb26404f50c6c1deeeb6",
                "9caa1382bcf754c8c7fcf1417af6821cb8515cdf23a4862c357cbf24e52a654d",
                "27a771336d03a3590616823a7268a14668576732a429ca8fb2922b815fcbf7da",
                "e2fed6fc5f3bae806c665db4fa8332091405855857aebfff68329c9fc383506d",
                "cd87ff0bf0269803991d959bec17d5cbcec6c649dfe1c06af6040ce3706eda2a",
                "74e648906fe852dfd148ddff32d87d61bd7710f129dc3a4d95d5f18950276aea",
                "36f92d0be405032e54201b49ca79dcab210c9a4228dc25cd00c0a83ab0efdc00",
                "c45379bd3501dd7e4932bd5761d0555a0a363bd47187eb7dccdaf38d3960cd0f",
                "1c9c60235795f6f4c3e79b5dbff2d71367b6d46a9a7872b8669937be8ef2e2dc",
                "3c26cb5c97e60bc4c3ae2226e02228c8e53b97a50b7d2cf4d2646a30ba8d2573",
                "d9022c08f27c2480cd1e2ce903ca79fcb66f2edb7055bff938a2861133b8feda",
                "bf859d2e07af5bc9bfcfd369fdc0d37d4411e81dc243fbbdacac30bf9834620e",
                "161aaaaa16080b56b7eacf071035edc79014d6076f1f06b27928902da911aeef",
                "db721bcc6a93cc1e156bafedc1b951859d28f4233a463e0474179bb720a6e57e",
                "fe758527f974a85f8373bccaa295343409d06c392744c045feef9197399e0a0c",
                "f8002825570509489188ba63a9ebf121bf9d0705b3567643893be1f33dc5e531",
                "d3c9b81e66337fd196f732e0b9e0e184829d10bfe2bda041ead46e8e466cf785",
                "eee9805f2913075df10585d55807dd39cbe5a7c627c318b9760e04f69f76f9a0",
                "0b8462f1b2a540f1b5b4bcd98784e1deefdc78498741290fb1103cd9f8ffcaff",
                "156177cdcb637a83b81622aba8bf9955bc754e77c39ec53d972bf7ebcce7f467",
                "4e9a800466c901dac2bfb4cee5e7b2b07619295068daefd9e0e19b51dacfc073",
                "2801eb94bb1acbb2e80d305f007d4580cb2ed12a8d9343cea3e866b27a5d425b",
                "c8fde1287de40525fb583f9dec8976ea5b013790479d35767f8e5faf87430ede",
                "75146f4b1ec646c389abd6322c96636127af3d7c895fc67026913d660d83cf63",
                "199bf419d8b416b0acc2723b96d81e9dddf915d5df0523e69225c8406fbb5978",
                "0876cbdcd9589d5227744b6101fcb2bf5f7abeab64a630793f8cacd881ae4ea6",
                "58810f51793cd56692d8af4e5d3e289f33ab0f21cfd20d99697f093fb8d8213d",
                "a4099debc90cd74a751f14ae98e100118b3dcc8b7d2553aad83c3e54074df3b6",
                "b2290f8f7bc2eb9cea84d8b2fc13b1634bb567d64940357333167eddfa38d643",
                "3bcd64ac53a2fc21f6f4caad32093765f73d4ac5ce4831b5bd81c58e02647c68",
                "21f3a2837ee5d164eaad12bb3b76177ade7e10b39d2a62201a1c7dfb2ac02c0b",
                "71c7811560e4648dc07e54de1a472f60806c6f9c670b873d1842957f77414a5a"
            ],
            "type": "XHR",
            "firstPartyCookies": {},
            "firstPartyCookiesSent": {},
            "exampleSites": [
                "sangetube.one",
                "www.bocahcoli.lat",
                "sibokep.co",
                "viumovie.com",
                "bokepsin.com",
                "w5.putlocker.to",
                "bokepini.bond",
                "bokepnperawan.blogspot.com",
                "dramacute.cyou",
                "gossiphub.xyz",
                "bokepcolmek.bio",
                "bokepcuy.zero.id",
                "xxiku.com",
                "ww1.ytsmx.run",
                "moviexfilm.com",
                "fmoviesku.com",
                "bebasindo.today",
                "bokepono.world",
                "caribokep.net",
                "fixbokep.com"
            ]
        },
        {
            "rule": "potskolu\\.net\\/tag\\.min\\.js",
            "cookies": 0.000157,
            "fingerprinting": 3,
            "subdomains": [],
            "apis": {
                "window.localStorage": 33,
                "Navigator.prototype.userAgent": 33,
                "window.innerHeight": 33,
                "Screen.prototype.availHeight": 33,
                "Date.prototype.getTime": 33,
                "Date.prototype.getTimezoneOffset": 33,
                "Navigator.prototype.plugins": 30,
                "Navigator.prototype.mimeTypes": 33,
                "Screen.prototype.width": 33,
                "Screen.prototype.height": 33,
                "window.screenX": 30,
                "window.screenY": 30,
                "window.outerWidth": 30,
                "window.outerHeight": 30,
                "window.innerWidth": 30,
                "Navigator.prototype.maxTouchPoints": 33,
                "WebGLRenderingContext.prototype.getExtension": 29,
                "WebGLRenderingContext.prototype.getParameter": 29,
                "window.sessionStorage": 32,
                "Document.cookie getter": 29,
                "Document.cookie setter": 23,
                "NavigatorUAData.prototype.getHighEntropyValues": 27
            },
            "sites": 36,
            "prevalence": 0.000245,
            "cnames": [],
            "responseHashes": [
                "d7990bca965a7189fd5b61a4c5894fc383909f99623228837e945084bb62de6b",
                "9f34fd2106613dee5e2e966af9cec91b977d96dd83ba632189f3ae3798eb6f92"
            ],
            "type": "Script",
            "firstPartyCookies": {
                "prefetchAd_6180130": {
                    "ttl": 128,
                    "length": 4,
                    "prevalence": 0.00015667681659956812,
                    "uniqueness": 0.043478260869565216
                }
            },
            "firstPartyCookiesSent": {},
            "exampleSites": [
                "fmoviesku.com",
                "dramacute.cyou",
                "ww1.ytsmx.run",
                "www.percolmekan.site",
                "bokepini.bond",
                "bokepbaru.cc",
                "viumovie.com",
                "bokepnperawan.blogspot.com",
                "bokepcolmek.bio",
                "www.rebahan21.com",
                "moviexfilm.com",
                "bokepcolmek.cc",
                "bebasindo.today",
                "bokepono.world",
                "w5.putlocker.to",
                "bokepsin.com",
                "www.bocahcoli.lat",
                "gossiphub.xyz",
                "fixbokep.com",
                "caribokep.net"
            ]
        },
        {
            "rule": "potskolu\\.net\\/",
            "cookies": 0.000191,
            "fingerprinting": 0,
            "subdomains": [],
            "apis": {},
            "sites": 28,
            "prevalence": 0.000191,
            "cnames": [],