{
    "domain": "prcdn.co",
    "owner": {},
    "source": [
        "DuckDuckGo-US"
    ],
    "prevalence": 0.000109,
    "sites": 16,
    "subdomains": [
        "i",
        "r",
        "s"
    ],
    "cnames": [],
    "fingerprinting": 3,
    "resources": [
        {
            "rule": "prcdn\\.co\\/img",
            "cookies": 0.0000749,
            "fingerprinting": 0,
            "subdomains": [
                "i"
            ],
            "apis": {},
            "sites": 11,
            "prevalence": 0.0000749,
            "cnames": [],
            "responseHashes": [
                "97ae7720a62a383da75412a0cae503626e5a32176dd1d50d4ab37ea5412e6cee",
                "ab03cd5edfe660a3d749a7879cddbd2d5c48297697aeed8e42efa20ac15d42e5",
                "c9d2962091f6e9295e596b3114237a40ce06b28b55ea4cd63407a44e242c1980",
                "b4dd86592bed57b582303d385dae335621c2e495db4afdbb3e912f29d5e06eb1",
                "8a297a331af9353d70bf1534f4772882dd588c7fb309e14aa4c65d67a6f84bbd",
                "f71dc80c799e9361e3866a306f6dd82fcfc6da5c35b6af52b0a6aa6b46925740",
                "bffe51046ddb9601cb26b9aef18ffa9db2c3866952bd56b0468ac9ac7b587b01",
                "e3b0c44298fc1c149afbf4c8996fb92427ae41e4649b934ca495991b7852b855",
                "36bb0bdf5ac481d06529f1d3004170a99db066467035c0048ccc3cb4d4e477f6",
                "e1bbc0ab35d515385aabcc127ef0d7fe35876fe5bde705bef92ab04351ed07fa"
            ],
            "type": "Image",
            "firstPartyCookies": {},
            "firstPartyCookiesSent": {},
            "exampleSites": [
                "calgaryherald.com",
                "denvergazette.com",
                "edmontonjournal.com",
                "eeditionnytimes.pressreader.com",
                "gazette.com",
                "montrealgazette.com",
                "nationalpost.com",
                "ottawacitizen.com",
                "vancouversun.com",
                "www.jamaicaobserver.com",
                "www.pressreader.com"
            ]
        },
        {
            "rule": "prcdn\\.co\\/scripts\\/se2sky\\/3\\.25\\.8\\/viewer\\.libs\\.build\\.min\\.js",
            "cookies": 0.0000136,
            "fingerprinting": 3,
            "subdomains": [
                "r"
            ],
            "apis": {
                "Navigator.prototype.userAgent": 2,
                "Date.prototype.getTime": 2,
                "window.name": 2,
                "window.screenX": 2,
                "window.screenY": 2,
                "window.devicePixelRatio": 2,
                "window.screenLeft": 2,
                "window.screenTop": 2,
                "window.indexedDB": 2,
                "window.sessionStorage": 2,
                "Date.prototype.getTimezoneOffset": 2,
                "window.outerWidth": 2,
                "window.outerHeight": 2,
                "Navigator.prototype.appName": 2,
                "window.localStorage": 2,
                "Navigator.prototype.platform": 2,
                "Navigator.prototype.maxTouchPoints": 1,
                "Navigator.prototype.plugins": 1,
                "Element.prototype.getClientRects": 1,
                "Event.prototype.timeStamp": 1
            },
            "sites": 2,
            "prevalence": 0.0000136,
            "cnames": [],
            "responseHashes": [
                "4ce4adcf10d5927f1082653c1d04aeb62dee4e8050c988a4bc81bc97dad10f5b"
            ],
            "type": "Script",
            "firstPartyCookies": {},
            "firstPartyCookiesSent": {},
            "exampleSites": [
                "denvergazette.com",
                "eeditionnytimes.pressreader.com"
            ]
        },
        {
            "rule": "prcdn\\.co\\/se2skyservices\\/res\\/",
            "cookies": 0.0000204,
            "fingerprinting": 0,
            "subdomains": [
                "s"
            ],
            "apis": {},
            "sites": 4,
            "prevalence": 0.0000272,
            "cnames": [],
            "responseHashes": [
                "816d9ba5759d96eb2b0a2b89e2eb8b4efe5a685554785df06388e1bbcfc93af9",
                "4606120c27ddba3f570fddea7f85c3ed7758adfa87e61e1353c81502072c5ede",
                "3c6117e3366461d32cf21fc9d95279f6cdeb1e1402c2891cf27a5fa68111568e"
            ],
            "type": "Fetch",
            "firstPartyCookies": {},
            "firstPartyCookiesSent": {},
            "exampleSites": [
                "denvergazette.com",
                "daily.denvergazette.com",
                "eeditionnytimes.pressreader.com",
                "nypost.pressreader.com"
            ]
        },
        {
            "rule": "prcdn\\.co\\/se2skyservices\\/layout\\/",
            "cookies": 0.00000681,
            "fingerprinting": 0,
            "subdomains": [
                "s"
            ],
            "apis": {},
            "sites": 2,
            "prevalence": 0.0000136,
            "cnames": [],
            "responseHashes": [
                "53e449455d203f1ce469bc2248b630a0fe4f1ba562eb8e44a9557924b77f1582"
            ],
            "type": "Fetch",
            "firstPartyCookies": {},
            "firstPartyCookiesSent": {},
            "exampleSites": [
                "pressreader.com",
                "eeditionnytimes.pressreader.com"
            ]
        },
        {
            "rule": "prcdn\\.co\\/res\\/en-us\\/g3416\\/t436493975\\/2\\/WebResource\\.ashx",
            "cookies": 0.00000681,
            "fingerprinting": 0,
            "subdomains": [
                "r"
            ],
            "apis": {},
            "sites": 2,
            "prevalence": 0.0000136,
            "cnames": [],
            "responseHashes": [
                "34d25561e54a19a060ca9cae2a85c01f60fead7f91fd65a92a0983273135baab"
            ],
            "type": "Stylesheet",
            "firstPartyCookies": {},
            "firstPartyCookiesSent": {},
            "exampleSites": [
                "pressreader.com",
                "www.pressreader.com"
            ]
        },
        {
            "rule": "prcdn\\.co\\/scripts\\/release\\/3\\.26\\.2\\/app\\.build\\.min\\.js",
            "cookies": 0.0000136,
            "fingerprinting": 2,
            "subdomains": [
                "r"
            ],
            "apis": {
                "window.localStorage": 2,
                "window.sessionStorage": 2,
                "Navigator.prototype.userAgent": 2,
                "window.indexedDB": 2,
                "HTMLMediaElement.prototype.canPlayType": 2,
                "Screen.prototype.colorDepth": 2,
                "Screen.prototype.width": 2,
                "Screen.prototype.height": 2,
                "window.devicePixelRatio": 2,
                "Navigator.prototype.doNotTrack": 2,
                "Document.cookie setter": 2,
                "Document.cookie getter": 2,
                "Date.prototype.getTime": 2,
                "window.innerWidth": 2,
                "window.innerHeight": 2,
                "Date.prototype.getTimezoneOffset": 2,
                "Navigator.prototype.platform": 2,
                "Navigator.prototype.appVersion": 2,
                "window.outerWidth": 2,
                "window.outerHeight": 2,
                "Navigator.prototype.onLine": 2,
                "Element.prototype.getClientRects": 1,
                "PerformanceTiming.prototype.navigationStart": 2
            },
            "sites": 2,
            "prevalence": 0.0000136,
            "cnames": [],
            "responseHashes": [
                "480f6de89e438ff079f2982549e28f2a9e2ddb41f0a6b56bca2681b3f4ccca40"
            ],
            "type": "Script",
            "firstPartyCookies": {
                "cookietest": {
                    "ttl": -1698878765,
                    "length": 1,
                    "prevalence": 0.000013624071008658098,
                    "uniqueness": 0.5
                },
                "sbjs_migrations": {
                    "ttl": null,