{
    "domain": "preproduct.io",
    "owner": {},
    "source": [
        "DuckDuckGo-US"
    ],
    "prevalence": 0.000116,
    "sites": 17,
    "subdomains": [
        "api"
    ],
    "cnames": [],
    "fingerprinting": 1,
    "resources": [
        {
            "rule": "preproduct\\.io\\/api\\/v2\\/listings\\.json",
            "cookies": 0,
            "fingerprinting": 0,
            "subdomains": [
                "api"
            ],
            "apis": {},
            "sites": 11,
            "prevalence": 0.0000749,
            "cnames": [],
            "responseHashes": [
                "119a2e542b3aa30740ff0505a9552ec8baefbf5cc661f2df09920d26b0b37747",
                "fa1dab29526612deb43da02394b7bf6fa8737dc30cb8fc1da0439cafe27d5c2b",
                "cd3e954590f1b593cbe82e3cc2fa3d169707131e1621548f9dbc6d166197b8fd",
                "5611e6e36aadc8212a0d8406e57e8ed75221ece9570ba55298d95ddd67b3cce8",
                "1dca89be650578e7adda9713396248e31ae61837816fdf1b213754773af83695",
                "e27768d37302df279b46fd0e246f14dc627456088f982b51f229f32b2f6e59d1",
                "73c5a79c661910ce68e38d1fdca407584908567daeb4f478c54e6f4ba097bfcd",
                "f4665570977fcf25ae8669f80f8b1571fbe2d61dc9b6285a0356df3d484122d6",
                "160ee17155c0baa64b06b08a2e12f356bb4724e56746a7a2a4188531c8b8cf17"
            ],
            "type": "Fetch",
            "firstPartyCookies": {},
            "firstPartyCookiesSent": {},
            "exampleSites": [
                "fellowproducts.com",
                "jessem.com",
                "kraftmusic.com",
                "lomi.com",
                "olaplex.com",
                "sbfilters.com",
                "www.audeze.com",
                "www.bareminerals.com",
                "www.keepsakequilting.com",
                "www.killstar.com",
                "www.playbetter.com"
            ]
        },
        {
            "rule": "preproduct\\.io\\/preproduct-embed\\.js",
            "cookies": 0,
            "fingerprinting": 1,
            "subdomains": [
                "api"
            ],
            "apis": {
                "window.localStorage": 2
            },
            "sites": 2,
            "prevalence": 0.0000136,
            "cnames": [],
            "responseHashes": [],
            "type": "Script",
            "firstPartyCookies": {},
            "firstPartyCookiesSent": {},
            "exampleSites": [
                "keepsakequilting.com",
                "www.killstar.com"
            ]
        }
    ],
    "categories": [],
    "performance": {},
    "cookies": 0,
    "topInitiators": [
        {
            "domain": "first party",
            "prevalence": 0.9130434782608695
        },
        {
            "domain": "minmaxify.com",
            "prevalence": 0.08695652173913043
        }
    ],
    "types": {
        "Fetch": 11,
        "Script": 2
    },
    "nameservers": [
        "dns2.registrar-servers.com",
        "dns1.registrar-servers.com"
    ]
}