{
    "domain": "presspatron.com",
    "owner": {},
    "source": [
        "DuckDuckGo-US"
    ],
    "prevalence": 0.000143,
    "sites": 21,
    "subdomains": [
        "dashboard"
    ],
    "cnames": [],
    "fingerprinting": 1,
    "resources": [
        {
            "rule": "presspatron\\.com\\/dev\\/banner",
            "cookies": 0,
            "fingerprinting": 1,
            "subdomains": [
                "dashboard"
            ],
            "apis": {
                "Document.cookie getter": 3
            },
            "sites": 15,
            "prevalence": 0.000102,
            "cnames": [],
            "responseHashes": [
                "b801334355164c547f9df543956058c62238f23337e34582fae7378d993e200b",
                "0b69c98452e16261faeaad3101baff7eaaf4549e073f559785c904642ecfc261",
                "2805e9c93c66439773b5c146934d8841c6164e70c19930f008a3d5efcb69df37",
                "36daf9b393017e5c1b1b50d85070c9d62feb4a129f143274542f8345bc8195f4",
                "b984560bc92c158e07cc7244651e251f243d242a9d3e5eee4fa7cc813f720632",
                "a55e128f549880f2fdba52696d27f268be2e60422a70d0ae21fca91b8da27c41",
                "1823ec839ff193ed52b7ae470eb0f04d11ad57ad5e752a7fa306423996d2238c",
                "04a4464fc18df4676de73f99b2d194e7a470cae7fad53131d217037654912226",
                "888e020e3b8e9875b7d5f13f4ccb6997814e10f6c0b8670777612176be5ca7e4",
                "80880bf5839483805a80d9ffc83d057d5ccdc8ab55c2c0e94dacf1799a92a103"
            ],
            "type": "Script",
            "firstPartyCookies": {},
            "firstPartyCookiesSent": {},
            "exampleSites": [
                "coronadotimes.com",
                "i.stuff.co.nz",
                "timesofsandiego.com",
                "we-ha.com",
                "www.aap.com.au",
                "www.eatortoss.com",
                "www.interest.co.nz",
                "www.montereycountyweekly.com",
                "www.northcentralpa.com",
                "www.stuff.co.nz",
                "www.theurbanlist.com",
                "www.timeout.com",
                "www.timeout.es",
                "www.timeout.fr",
                "www.timeout.pt"
            ]
        },
        {
            "rule": "presspatron\\.com\\/websites\\/285\\/custom_button",
            "cookies": 0,
            "fingerprinting": 0,
            "subdomains": [
                "dashboard"
            ],
            "apis": {},
            "sites": 2,
            "prevalence": 0.0000136,
            "cnames": [],
            "responseHashes": [
                "171e33f241c168b01d03d2478adf4116b81943c051f430fdf817e37e5dd63d50"
            ],
            "type": "Document",
            "firstPartyCookies": {},
            "firstPartyCookiesSent": {},
            "exampleSites": [
                "eatortoss.com",
                "www.eatortoss.com"
            ]
        },
        {
            "rule": "presspatron\\.com\\/websites\\/268\\/custom_button",
            "cookies": 0,
            "fingerprinting": 0,
            "subdomains": [
                "dashboard"
            ],
            "apis": {},
            "sites": 2,
            "prevalence": 0.0000136,
            "cnames": [],
            "responseHashes": [
                "171e33f241c168b01d03d2478adf4116b81943c051f430fdf817e37e5dd63d50"
            ],
            "type": "Document",
            "firstPartyCookies": {},
            "firstPartyCookiesSent": {},
            "exampleSites": [
                "northcentralpa.com",
                "www.northcentralpa.com"
            ]
        }
    ],
    "categories": [],
    "performance": {},
    "cookies": 0.0000204,
    "topInitiators": [
        {
            "domain": "first party",
            "prevalence": 0.9166666666666666
        },
        {
            "domain": "adlightning.com",
            "prevalence": 0.08333333333333333
        }
    ],
    "types": {
        "Script": 15,
        "Document": 4
    },
    "nameservers": [
        "ns-633.awsdns-15.net",
        "ns-1630.awsdns-11.co.uk",
        "ns-65.awsdns-08.com",
        "ns-1519.awsdns-61.org"
    ]
}