{
    "domain": "pressboard.ca",
    "owner": {},
    "source": [
        "DuckDuckGo-US"
    ],
    "prevalence": 0.000157,
    "sites": 23,
    "subdomains": [
        "adserver"
    ],
    "cnames": [],
    "fingerprinting": 0,
    "resources": [
        {
            "rule": "pressboard\\.ca\\/v3\\/embedder",
            "cookies": 0,
            "fingerprinting": 0,
            "subdomains": [
                "adserver"
            ],
            "apis": {},
            "sites": 17,
            "prevalence": 0.000116,
            "cnames": [],
            "responseHashes": [
                "d0262bff9e1d72e4b321052190339e275fa9dccd720e3cda0f70c15b7a91fbc8",
                "e58723cc0e7c555be77a790183d8f7703ff529c937d193e8fcae3e0cd99ca423",
                "0f1d71760f2229cbd945a7db7afd407a3a7bcf6925787da9da5197b7cd9c6eb1",
                "f085133b07a8389c75e820f9cd6a977ee5b5bd74fed57daf1ed271b26bf9b931",
                "a5d568b98e53df6a55fb0af124e3d8c3c7920676264d4c00e09bb8aa43660b8e",
                "e6cfd6e22027175b15f64895782240778af12c14ba5e426230bb1b53c0e148a9",
                "7e43859aa79888d6db693b3a1457c797a762aea7564dda1c5f2bf5956728010a",
                "f4fc53977325e7b5e0abc0fc446e3ab725e72aa945675743589c86979c41a28b",
                "dcffadd1e9748a2d21de9184125d4339ca1415f1e0fb5d49599b8f6df2f189c2",
                "265f992388ed38cb3b5407b0a7dbe809563e0b0d762b7a5ff1c114d6b11db542",
                "2d01b987d5917ca7938b7e634e0ce962ad81e2c25a7c3889f486037a716020e0",
                "c7141d29b99ec5480d6c32a5acc4adc57a66a6ee49c17b3ceac87337fdff7d0c",
                "053ea9bf24463db17eb83a88c78d80eb1f9ac28f771ca847a8578ae269819684",
                "76d149058508268fe2d07131efdf8320e75bcedf8dfac8a1eb8250cbcc76aaba",
                "815a2c2af2708707e191cc207572d205ee4d7f5f7b4afdd719d60f294fe494d3",
                "f502347e6806e28dd7cfb767ca04ec129a5c87a15fb900ee33567f732700ee62"
            ],
            "type": "Script",
            "firstPartyCookies": {},
            "firstPartyCookiesSent": {},
            "exampleSites": [
                "bakefromscratch.com",
                "driving.ca",
                "fashionmagazine.com",
                "freeskier.com",
                "houseandhome.com",
                "kansascitymag.com",
                "mobilesyrup.com",
                "southerncastiron.com",
                "torontolife.com",
                "www.artofmanliness.com",
                "www.avenuecalgary.com",
                "www.besthealthmag.ca",
                "www.fredericknewspost.com",
                "www.princegeorgecitizen.com",
                "www.readersdigest.ca",
                "www.selection.ca",
                "www.vancouverisawesome.com"
            ]
        }
    ],
    "categories": [],
    "performance": {},
    "cookies": 0,
    "topInitiators": [
        {
            "domain": "first party",
            "prevalence": 0.8695652173913043
        },
        {
            "domain": "googletagmanager.com",
            "prevalence": 0.13043478260869565
        }
    ],
    "types": {
        "Script": 17
    },
    "nameservers": [
        "pdns03.domaincontrol.com",
        "pdns04.domaincontrol.com"
    ]
}