{
    "domain": "professionalswebcheck.com",
    "owner": {},
    "source": [
        "DuckDuckGo-US"
    ],
    "prevalence": 0.0003,
    "sites": 44,
    "subdomains": [],
    "cnames": [],
    "fingerprinting": 0,
    "resources": [
        {
            "rule": "professionalswebcheck\\.com\\/stats",
            "cookies": 0.0000613,
            "fingerprinting": 0,
            "subdomains": [],
            "apis": {},
            "sites": 9,
            "prevalence": 0.0000613,
            "cnames": [],
            "responseHashes": [
                "164afa7e2780a5a4577ee72e67977ed024f9eecdaec84a97299bce3ab6e1fb4c",
                "a215b48b96512f3b8cbe23bb0fe4e6567c883750fcf74cbe0cffab8ec943cadd",
                "f7c5c623eb8038adc74f22731847e3eacffc974b1411cc4a360a2581064dbeb0",
                "6923a7464eef347d4fe4f957d5e3cb5bffe9d84e08cb477a2393a05e2f2db053",
                "b8d53588910ecd44ac22103962a0b5d622bd22807a55299a20e41736a4ef1847",
                "8b6ecc83f0d4fe0e2054de49bc21c36244c705a087c5eb8f00e3797191ef0d86",
                "16fca1ec965789a792d13d650cb0748052184c08a051e61725af715a15d51480",
                "cddb4be58e73831c043fb5ccbd8e65a887638854f4ff5e58dadf7f777477e9bf"
            ],
            "type": "XHR",
            "firstPartyCookies": {},
            "firstPartyCookiesSent": {},
            "exampleSites": [
                "avizoone.com",
                "kir2kos.net",
                "looti.org",
                "porngrey.com",
                "sexjav.tv",
                "shahvani.com",
                "www.pornvov.com",
                "www.taktube.net"
            ]
        },
        {
            "rule": "professionalswebcheck\\.com\\/px\\.gif",
            "cookies": 0.000198,
            "fingerprinting": 0,
            "subdomains": [],
            "apis": {},
            "sites": 29,
            "prevalence": 0.000198,
            "cnames": [],
            "responseHashes": [
                "e3b0c44298fc1c149afbf4c8996fb92427ae41e4649b934ca495991b7852b855"
            ],
            "type": "Image",
            "firstPartyCookies": {},
            "firstPartyCookiesSent": {},
            "exampleSites": [
                "m.tnaflix.com",
                "nhentai.com",
                "adultgamesworld.com",
                "www.tnaflix.com",
                "mangadistrict.com",
                "tube.hentaistream.com",
                "www.mrman.com",
                "javhd.com",
                "sxyprn.net",
                "hentaixcomic.com",
                "celebsporno.com",
                "xanimu.com",
                "hentaiarena.com",
                "allporncomic.com",
                "www.sankakucomplex.com",
                "attachments.f95zone.to",
                "vercomicsporno.xxx",
                "totempole666.com",
                "nhentaihaven.com",
                "comics.8muses.com"
            ]
        }
    ],
    "categories": [],
    "performance": {},
    "cookies": 0.0003,
    "topInitiators": [
        {
            "domain": "twistconcept.com",
            "prevalence": 0.7288135593220338
        },
        {
            "domain": "first party",
            "prevalence": 0.1016949152542373
        },
        {
            "domain": "reliableceaseswat.com",
            "prevalence": 0.03389830508474576
        },
        {
            "domain": "whisperfog.com",
            "prevalence": 0.03389830508474576
        },
        {
            "domain": "relaxafford.com",
            "prevalence": 0.03389830508474576
        },
        {
            "domain": "stoolsymphony.com",
            "prevalence": 0.03389830508474576
        },
        {
            "domain": "washsilly.com",
            "prevalence": 0.01694915254237288
        },
        {
            "domain": "huskyzipper.com",
            "prevalence": 0.01694915254237288
        }
    ],
    "types": {
        "XHR": 9,
        "Image": 29
    },
    "nameservers": [
        "ns-2010.awsdns-59.co.uk",
        "ns-158.awsdns-19.com",
        "ns-1163.awsdns-17.org",
        "ns-734.awsdns-27.net"
    ]
}