{
    "domain": "project1service.com",
    "owner": {},
    "source": [
        "DuckDuckGo-US"
    ],
    "prevalence": 0.000163,
    "sites": 24,
    "subdomains": [
        "site-api",
        "navigation-api",
        "join"
    ],
    "cnames": [],
    "fingerprinting": 0,
    "resources": [
        {
            "rule": "project1service\\.com\\/v2\\/releases",
            "cookies": 0.0000886,
            "fingerprinting": 0,
            "subdomains": [
                "site-api"
            ],
            "apis": {},
            "sites": 14,
            "prevalence": 0.0000954,
            "cnames": [],
            "responseHashes": [],
            "type": "Preflight",
            "firstPartyCookies": {},
            "firstPartyCookiesSent": {},
            "exampleSites": [
                "bangbros.com",
                "mobile.bangbros.com",
                "www.brazzers.com",
                "www.digitalplayground.com",
                "www.fakehub.com",
                "www.faketaxi.com",
                "www.iknowthatgirl.com",
                "www.men.com",
                "www.mofos.com",
                "www.publicagent.com",
                "www.realitykings.com",
                "www.seancody.com",
                "www.transangels.com",
                "www.twistys.com"
            ]
        },
        {
            "rule": "project1service\\.com\\/v2\\/releases",
            "cookies": 0.0000886,
            "fingerprinting": 0,
            "subdomains": [
                "site-api"
            ],
            "apis": {},
            "sites": 14,
            "prevalence": 0.0000954,
            "cnames": [],
            "responseHashes": [
                "29bd081946cac8fc9e1dc991d05306c29f9035b3f048a66226fa70dad55c22dc",
                "8fd15cec9c0ac27b7160c0af4c4f08bfeebd012292a9e438fdf1f489b82d347d",
                "94acc1cc9104559324087cdf3d3db584660d4d7dd579bfd2857b7e3e3afdb82b",
                "e3e7bffeb1f1135e08e006cb98ad6b9d2561798d287556f06263ccf29dc2f28f",
                "50d3bad817058efd7f626041da6c15637c849d4e95e7a9db27648bf95d1f4c27",
                "8daddedcae48bc98fa30deabb8572c104ed2fa957952df336a2bc8f9c98c5766",
                "c780989231598380c6db3d1ff3cd2ce6cb7b5cc89693e6a45cbc588c9d7f7c71",
                "998429330c9668246dfc6e700789eed53363f21d4567ee59a0f624089b80460f",
                "4b5525bd8ad4bb9e9904e10e8d0225bba1e3c513284eef53ffa92a0869de0244",
                "53c43b660a7fc6a088851bc0d82aefec2af36e2653cefa3fb46219b7313264fc",
                "517dfd085e7420fdb4458ca2fb650480c7dbb282998478c53355aae97deeb6d0",
                "f370810f6cd5630e0b20a5033d4cb028ef3a38be59ab23e65c2c921a23bc3adf"
            ],
            "type": "XHR",
            "firstPartyCookies": {},
            "firstPartyCookiesSent": {},
            "exampleSites": [
                "bangbros.com",
                "mobile.bangbros.com",
                "www.brazzers.com",
                "www.digitalplayground.com",
                "www.fakehub.com",
                "www.faketaxi.com",
                "www.iknowthatgirl.com",
                "www.men.com",
                "www.mofos.com",
                "www.publicagent.com",
                "www.realitykings.com",
                "www.seancody.com",
                "www.transangels.com",
                "www.twistys.com"
            ]
        },
        {
            "rule": "project1service\\.com\\/v1\\/navbar\\/7361",
            "cookies": 0.0000136,
            "fingerprinting": 0,
            "subdomains": [
                "navigation-api"
            ],
            "apis": {},
            "sites": 2,
            "prevalence": 0.0000136,
            "cnames": [],
            "responseHashes": [
                "dd3ce868168d8c4d44f7437cfdbe2a3e148bf1cbb629cbaebce6de66a7d05457"
            ],
            "type": "XHR",
            "firstPartyCookies": {},
            "firstPartyCookiesSent": {},
            "exampleSites": [
                "bangbros.com",
                "mobile.bangbros.com"
            ]
        },
        {
            "rule": "project1service\\.com\\/v2\\/initial-join-catalog",
            "cookies": 0.0000204,
            "fingerprinting": 0,
            "subdomains": [
                "join"
            ],
            "apis": {},
            "sites": 3,
            "prevalence": 0.0000204,
            "cnames": [],
            "responseHashes": [
                "4b595a877bf5c15ec5c33972dd49bc8f6209ada30d796302578851d3e72bbeab",
                "e1c1afea68d05d571742522e2a30101847284d31802f6c9e949ff492c0deb13b"
            ],
            "type": "Fetch",
            "firstPartyCookies": {},
            "firstPartyCookiesSent": {},
            "exampleSites": [
                "bangbros.com",
                "www.seancody.com",
                "www.transangels.com"
            ]
        },
        {
            "rule": "project1service\\.com\\/v2\\/initial-join-catalog",
            "cookies": 0.0000204,
            "fingerprinting": 0,
            "subdomains": [
                "join"
            ],
            "apis": {},
            "sites": 3,
            "prevalence": 0.0000204,
            "cnames": [],
            "responseHashes": [],
            "type": "Preflight",
            "firstPartyCookies": {},
            "firstPartyCookiesSent": {},
            "exampleSites": [
                "bangbros.com",
                "www.seancody.com",
                "www.transangels.com"
            ]
        },
        {
            "rule": "project1service\\.com\\/client-logs",
            "cookies": 0.0000204,
            "fingerprinting": 0,
            "subdomains": [
                "join"
            ],
            "apis": {},
            "sites": 3,
            "prevalence": 0.0000204,
            "cnames": [],
            "responseHashes": [
                "fb1bf528d8237aac3e9ead389ab246ba0068f61fe281610110937ef2b8adefce"
            ],
            "type": "Fetch",
            "firstPartyCookies": {},
            "firstPartyCookiesSent": {},
            "exampleSites": [
                "bangbros.com",
                "www.seancody.com",
                "www.transangels.com"
            ]
        },
        {
            "rule": "project1service\\.com\\/client-logs",
            "cookies": 0.0000204,
            "fingerprinting": 0,
            "subdomains": [
                "join"
            ],
            "apis": {},
            "sites": 3,
            "prevalence": 0.0000204,
            "cnames": [],
            "responseHashes": [],
            "type": "Preflight",
            "firstPartyCookies": {},
            "firstPartyCookiesSent": {},
            "exampleSites": [
                "bangbros.com",
                "www.seancody.com",
                "www.transangels.com"
            ]
        },
        {
            "rule": "project1service\\.com\\/v1\\/actors",
            "cookies": 0.0000341,
            "fingerprinting": 0,
            "subdomains": [
                "site-api"
            ],
            "apis": {},
            "sites": 5,
            "prevalence": 0.0000341,
            "cnames": [],
            "responseHashes": [
                "5f9651dbb3afea68f549ee23c85b62da1db7d95821921c31b0d285a35c631714",
                "e54b3d2c44da04ae5f8a59ced0f1d6d014357696436f2a70a23d13e35fd9d668",
                "2255ba873543479b91f321704c6eda20b6d4628b3dd49f952875c141a4eccc74",
                "3ec6fb07ff3881fb3d2bb36ec727eaa6c85b698232a905e57321a2017fe3183f"
            ],
            "type": "XHR",
            "firstPartyCookies": {},
            "firstPartyCookiesSent": {},
            "exampleSites": [
                "bangbros.com",
                "www.digitalplayground.com",
                "www.realitykings.com",
                "www.transangels.com",
                "www.twistys.com"
            ]
        },
        {
            "rule": "project1service\\.com\\/v1\\/actors",
            "cookies": 0.0000341,