{
    "domain": "proofapi.com",
    "owner": {},
    "source": [
        "DuckDuckGo-US"
    ],
    "prevalence": 0.000191,
    "sites": 28,
    "subdomains": [
        "analytics"
    ],
    "cnames": [],
    "fingerprinting": 0,
    "resources": [
        {
            "rule": "proofapi\\.com\\/track",
            "cookies": 0,
            "fingerprinting": 0,
            "subdomains": [
                "analytics"
            ],
            "apis": {},
            "sites": 22,
            "prevalence": 0.00015,
            "cnames": [],
            "responseHashes": [
                "adb30271e600dc05dbd9a69a2d771c97208592379654847d6bbe18ef21690420",
                "80692862e3bd20c46e767cf42683def66b9fa7db4cca90f5ec480c8ec15ad0a8",
                "f405471bb1ed3951b3d5e1fd0f58adfc192ed3105ed2631d1e0cdd0c5272220c",
                "af2d3c741621eddf0240932467a9fc218f39d5635fce60eb22dd1f01da380893",
                "447dc48cc255ee40d54c0e13f9a449f8b954dc4d0e5c8f8a4b47cd96104e7f5b",
                "d78b858e9ee06a8aadef9b1e54df897993531513485f8c802ac5747db29d8e68",
                "fda13962124447029a0b7ba693390b0c9c1658162702f8faa773f4cc28201227",
                "7b72025ac35a95c3f95a86315bb1e411475e4d40c3f9abf045180f6e09f2802f",
                "7cade91fce4c095df6dfe337d5c113a313415f706273c65438ca01fe1678a408",
                "da3f525c7285c0312358df90167cee1723ec07937666e9aa0e9519165b87040d",
                "a2b860b48c555f01ad6a886f74d7cf9bf5fad81e574ae831ddb4c61f9a47cee1",
                "e3c35482f9ab2f33371eb9f668ab8fa585bd5a266df851e0497c2882d1639e28",
                "9c191734dd76559fc549e5baf9abfa4bd4f8acff9297c2f7361912fd06b7ee82",
                "fbf0748cf74ca225bf8a2018f69e6c4e22aa96461726f3c1358cc094fbc2d4e8",
                "6381ce4dc8608ce9a014f4e61a617efdf52c3f73854c1b838a1d3e2c4b276499",
                "afda1aa0c43f35bbfeb9bc730681aa34973dcd3aa1cef7b3cdbd3408b1e44772",
                "0510e2914d0dcf8674e1806bd69e2c60c0ac4d723a8dbef33316acc61321c8f5",
                "88887a09363d0a6153424cedbb348209b30a2b35aa3dd0eac225d1d1a55a8f0d",
                "7d935ba57427f63d7d66be511663d27ac3527b1e1ed6448733a1cde56250fbfa",
                "c4ce8e2facf991af2870e1d43fea38f1e1bfc2e060631cda8a910d42d0adf4e3",
                "82b24c5f3474e7ebdc0f2aeec91259898477e553f16a8b5f825300dc7f2293de"
            ],
            "type": "XHR",
            "firstPartyCookies": {},
            "firstPartyCookiesSent": {
                "www_landingpage": 0.000006812035504329049,
                "_li_dcdm_c": 0.000013624071008658098
            },
            "exampleSites": [
                "www.myexcelonline.com",
                "www.integrativehealthcare.org",
                "worshiponline.com",
                "www.breezechms.com",
                "www.mobilehomesell.com",
                "get.tithe.ly",
                "wanderingbull.com",
                "www.lawnstarter.com",
                "www.campusreel.org",
                "www.leadingedgehealth.com",
                "algotrading101.com",
                "www.subsplash.com",
                "meetbeagle.com",
                "www.etags.com",
                "nebula.org",
                "unison.audio",
                "www.qhhtofficial.com",
                "www.coachup.com",
                "www.solo401k.com",
                "www.melrobbins.com"
            ]
        }
    ],
    "categories": [],
    "performance": {},
    "cookies": 0,
    "topInitiators": [
        {
            "domain": "useproof.com",
            "prevalence": 1
        }
    ],
    "types": {
        "XHR": 22
    },
    "nameservers": [
        "bayan.ns.cloudflare.com",
        "gail.ns.cloudflare.com"
    ]
}