{
    "domain": "protoawegw.com",
    "owner": {},
    "source": [
        "DuckDuckGo-US"
    ],
    "prevalence": 0.000191,
    "sites": 28,
    "subdomains": [
        "api-protected"
    ],
    "cnames": [],
    "fingerprinting": 0,
    "resources": [
        {
            "rule": "protoawegw\\.com\\/v2\\/player\\/performer\\/search",
            "cookies": 0,
            "fingerprinting": 0,
            "subdomains": [
                "api-protected"
            ],
            "apis": {},
            "sites": 5,
            "prevalence": 0.0000341,
            "cnames": [],
            "responseHashes": [
                "78235fb0086baa9fd3c0ad60743cec498fc6266957d08f5fdc4b599264fb42db",
                "9de16b6f80b7bbc6a355629f05a52bfd7a0b5d5afb158934a3d00d6b975171fc",
                "45123ee313eca9ae26aa8426c4540926cb2014dee96cb47becc4db7b511b02f2",
                "d2337054a205e2b2819138fe1d20bb8f8c9671a75ee815a55fe791f98bbc843b"
            ],
            "type": "Fetch",
            "firstPartyCookies": {},
            "firstPartyCookiesSent": {},
            "exampleSites": [
                "aileaks.net",
                "freeof.me",
                "leakedfans.me",
                "leaksio.com",
                "thepornator.com"
            ]
        },
        {
            "rule": "protoawegw\\.com\\/v2\\/player\\/performer\\/get",
            "cookies": 0,
            "fingerprinting": 0,
            "subdomains": [
                "api-protected"
            ],
            "apis": {},
            "sites": 16,
            "prevalence": 0.000109,
            "cnames": [],
            "responseHashes": [
                "76175a74fc37d874d95b0be1a2703e8b989415e284c425ee7cea0bf6abd5323d",
                "986600e42953996a1151f91114d69d3baf613b71a74edbb9ab4777c2017b833b",
                "3fbcd7f8ad148f4b3c9771175e7b34b8d2a4558f99ba549cbc3c7cf24f86bd8f",
                "e2f5954675d5543a5d494cf2933d8b2d690c599c3d573166157ef83fd9f2546e",
                "cf8c4277faa4c641495f7e05b547c418ee1cae3be5dd8a37ae40c07cf80977d9",
                "aa877ba2ab11043d5c7ef25f8f0ebd044b9bac1d057cea401028d5d6321cb072",
                "8db4f595f8854ba68fba62d84beca4f34b6626fc0fe853677ed65cb5789e9bdd",
                "dcd3add8b58897fdaf8bbb9563d2d8a7f0c703a1bc4e2c9f663396fdd3e7a38c",
                "b6023a1c75cc83ee884ef1215bec059602949c7995f24c802f7ccda341cd4ff2",
                "75399a0bf96c3fff78ad7acdaf8458759e102a1ed19c3e536ba5ae4d77e03b40",
                "6717a8eaa5718922b948c97eebc7892ce3f9bbae59a537a73abca360327d040a",
                "fceabb84f145b398c203d5b2597cc38e90696b72a991c9f33c946f7801074520",
                "edb90a622478ddb30ca8564f37f571c3a30702158a1a7c40241f27c592501f1b",
                "17490b9dc7157b842888a7ad9d6aa437e454f61585075fdeb1dd18353bfb1fba",
                "1bd558a92af9343f52025a589e89b06eae2881df9f39b9c15ab8d0ca1c2f459c"
            ],
            "type": "Fetch",
            "firstPartyCookies": {},
            "firstPartyCookiesSent": {},
            "exampleSites": [
                "camstreams.tv",
                "celeb-stalker.com",
                "eroteve.com",
                "hotsexporn.com",
                "mrleak.co",
                "nudespree.com",
                "odir.org",
                "shooshtime.com",
                "thepornator.com",
                "theporngod.com",
                "urlgalleries.net",
                "www.boundhub.com",
                "www.famousboard.com",
                "www.mansurfer.com",
                "www.nudespree.com",
                "www.pornflix.to"
            ]
        }
    ],
    "categories": [],
    "performance": {},
    "cookies": 0,
    "topInitiators": [
        {
            "domain": "ptwmstcnt.com",
            "prevalence": 0.8717948717948718
        },
        {
            "domain": "jsmsat.com",
            "prevalence": 0.1282051282051282
        }
    ],
    "types": {
        "Fetch": 21
    },
    "nameservers": [
        "ns1.eurodns.com",
        "ns3.eurodns.com",
        "ns4.eurodns.com",
        "ns2.eurodns.com"
    ]
}