{
    "domain": "provesrc.com",
    "owner": {},
    "source": [
        "DuckDuckGo-US"
    ],
    "prevalence": 0.0000817,
    "sites": 12,
    "subdomains": [
        "cdn",
        "client-api"
    ],
    "cnames": [],
    "fingerprinting": 1,
    "resources": [
        {
            "rule": "provesrc\\.com\\/provesrc\\.js",
            "cookies": 0.0000613,
            "fingerprinting": 1,
            "subdomains": [
                "cdn"
            ],
            "apis": {
                "Document.cookie getter": 9,
                "window.localStorage": 9,
                "Date.prototype.getTime": 9,
                "window.sessionStorage": 9,
                "Navigator.prototype.userAgent": 9,
                "Document.cookie setter": 9
            },
            "sites": 9,
            "prevalence": 0.0000613,
            "cnames": [],
            "responseHashes": [
                "fafdc006b816a5d9a75316354a165ff79f66b23635e5128efe8586f7c04c52c8"
            ],
            "type": "Script",
            "firstPartyCookies": {
                "psuid": {
                    "ttl": 194548309,
                    "length": 36,
                    "prevalence": 0.00006130831953896144,
                    "uniqueness": 1
                },
                "ps5bc7e650b319260a6c162244": {
                    "ttl": 493909,
                    "length": 19,
                    "prevalence": 0.000006812035504329049,
                    "uniqueness": 1
                },
                "ps6323848f4751dd064a6923aa": {
                    "ttl": 1087407,
                    "length": 19,
                    "prevalence": 0.000006812035504329049,
                    "uniqueness": 1
                },
                "ps616909d5582d604070f77f6f": {
                    "ttl": 1051536,
                    "length": 18,
                    "prevalence": 0.000006812035504329049,
                    "uniqueness": 1
                },
                "ps64c325482a06e36848ddb6a3": {
                    "ttl": 2235373,
                    "length": 19,
                    "prevalence": 0.000006812035504329049,
                    "uniqueness": 1
                },
                "ps6149b60e4f01ee542bf0358c": {
                    "ttl": 1869706,
                    "length": 18,
                    "prevalence": 0.000006812035504329049,
                    "uniqueness": 1
                },
                "ps5d12681df5056e361c173782": {
                    "ttl": 577094,
                    "length": 18,
                    "prevalence": 0.000006812035504329049,
                    "uniqueness": 1
                },
                "ps-goals": {
                    "ttl": null,
                    "length": 138,
                    "prevalence": 0.000020436106512987146,
                    "uniqueness": 1
                },
                "ps652ccc069d08267b94b31a6d": {
                    "ttl": 2116160,
                    "length": 18,
                    "prevalence": 0.000006812035504329049,
                    "uniqueness": 1
                },
                "ps5c7d24ed6d66d14f8e4f9e14": {
                    "ttl": 1020287,
                    "length": 18,
                    "prevalence": 0.000006812035504329049,
                    "uniqueness": 1
                },
                "ps5c3e9a3cd0676260229c0e98": {
                    "ttl": 1189359,
                    "length": 19,
                    "prevalence": 0.000006812035504329049,
                    "uniqueness": 1
                }
            },
            "firstPartyCookiesSent": {},
            "exampleSites": [
                "cptsdfoundation.org",
                "novicedefense.com",
                "stoneandtileshoppe.com",
                "www.cleanwaterstore.com",
                "www.lowesprotectionplus.com",
                "www.sellyourmac.com",
                "www.shibariacademy.com",
                "www.springwellwater.com",
                "www.talktomira.com"
            ]
        },
        {
            "rule": "provesrc\\.com\\/account\\/configuration",
            "cookies": 0.0000477,
            "fingerprinting": 0,
            "subdomains": [
                "client-api"
            ],
            "apis": {},
            "sites": 7,
            "prevalence": 0.0000477,
            "cnames": [],
            "responseHashes": [
                "6f679b52dced592c19c272a18c068a2bafa5ad6d44f63afd962cc9b7c3bf9b86",
                "ae19f258db47afdd87490e2fd176ccef9ad65d1749445de424d93e3f2f588577",
                "8b15184d4b8a6e3bbb7d852ca0e60edf756c1ea1ec9e2cd0bccef178ac6b6fe0",
                "ab91b66faadda1ae32f22cd0b2b6cc569a016767fd90b1ae21e7fffd8f38316a",
                "abfd10485153f33ecda53866c853d158522b11a3613300d517af9e728f9d08b5",
                "850822b2e252d17be9136a82173dce1bb200d2a37f9754b8fa13a76736e2bb4b"
            ],
            "type": "Fetch",
            "firstPartyCookies": {},
            "firstPartyCookiesSent": {},
            "exampleSites": [
                "cptsdfoundation.org",
                "www.cleanwaterstore.com",
                "www.lowesprotectionplus.com",
                "www.sellyourmac.com",
                "www.shibariacademy.com",
                "www.springwellwater.com",
                "www.talktomira.com"
            ]
        },
        {
            "rule": "provesrc\\.com\\/account\\/configuration",
            "cookies": 0,
            "fingerprinting": 0,
            "subdomains": [
                "client-api"
            ],
            "apis": {},
            "sites": 9,
            "prevalence": 0.0000613,
            "cnames": [],
            "responseHashes": [],
            "type": "Preflight",
            "firstPartyCookies": {},
            "firstPartyCookiesSent": {},
            "exampleSites": [
                "cptsdfoundation.org",
                "novicedefense.com",
                "stoneandtileshoppe.com",
                "www.cleanwaterstore.com",
                "www.lowesprotectionplus.com",
                "www.sellyourmac.com",
                "www.shibariacademy.com",
                "www.springwellwater.com",
                "www.talktomira.com"
            ]
        },
        {
            "rule": "provesrc\\.com\\/account\\/configuration",
            "cookies": 0.0000136,
            "fingerprinting": 0,
            "subdomains": [
                "client-api"
            ],
            "apis": {},
            "sites": 2,
            "prevalence": 0.0000136,
            "cnames": [],
            "responseHashes": [
                "e2e3cb794e528c0b340dcdfd2f62ae2d477a37923d482c2b7d01d4d441e487a0"
            ],
            "type": "XHR",
            "firstPartyCookies": {},
            "firstPartyCookiesSent": {},
            "exampleSites": [
                "novicedefense.com",
                "stoneandtileshoppe.com"
            ]
        },
        {
            "rule": "provesrc\\.com\\/notifications\\/get",
            "cookies": 0,
            "fingerprinting": 0,
            "subdomains": [
                "client-api"
            ],
            "apis": {},
            "sites": 5,
            "prevalence": 0.0000341,
            "cnames": [],
            "responseHashes": [],
            "type": "Preflight",
            "firstPartyCookies": {},
            "firstPartyCookiesSent": {},
            "exampleSites": [
                "stoneandtileshoppe.com",
                "www.lowesprotectionplus.com",
                "www.sellyourmac.com",
                "www.shibariacademy.com",
                "www.springwellwater.com"
            ]
        },
        {
            "rule": "provesrc\\.com\\/notifications\\/get",
            "cookies": 0,
            "fingerprinting": 0,
            "subdomains": [
                "client-api"
            ],
            "apis": {},
            "sites": 4,
            "prevalence": 0.0000272,
            "cnames": [],