{
    "domain": "provenpixel.com",
    "owner": {},
    "source": [
        "DuckDuckGo-US"
    ],
    "prevalence": 0.000157,
    "sites": 23,
    "subdomains": [
        "upx"
    ],
    "cnames": [],
    "fingerprinting": 0,
    "resources": [
        {
            "rule": "provenpixel\\.com\\/ujs\\.php",
            "cookies": 0.000123,
            "fingerprinting": 0,
            "subdomains": [
                "upx"
            ],
            "apis": {},
            "sites": 18,
            "prevalence": 0.000123,
            "cnames": [],
            "responseHashes": [
                "1da58959f47a884b04bb0ea23a32e497074d12fd8beecd4f16c45d5a373b0a35",
                "c82b60b5ed8fac07e5c548e05b83172f2c6a181313c9cab5bdc65596df7cad4a",
                "9f4b67950fc118ced023b0fc79b9220872b514d841b28003ecbdd54782e3494a",
                "34a6b1239934bcab82bd4b1df6e3be50424dbb69be40a8b8b9dd268457d54609",
                "fa8ca866aba6c6fea9b85d073c8539aeef379a4adc6835095721bc812a11c4a3",
                "924078fed18575222d4fc5e1355a02a8970d237090fdf715424ab156396b39d9",
                "e856d55e0f08a91b6b0a03c44e7f02fc3070806e4c4f765543d0f26aac3ad9aa",
                "abb17d02c804ea0931a133aa2e5dfb80988cd1934a96418dc3197221f0975122",
                "b552713f8c3d507241dc8e5b07583fd58253a2d49f0ed70d3ff7efbd25109515",
                "635f6e9c6c38155131383b9a8ece7e615c64d270775ae9451d6102cef0770a0e"
            ],
            "type": "Script",
            "firstPartyCookies": {},
            "firstPartyCookiesSent": {},
            "exampleSites": [
                "blackbuffalo.com",
                "bornprimitive.com",
                "medterracbd.com",
                "petermanningnyc.com",
                "stateandliberty.com",
                "store.lexisnexis.com",
                "strapsco.com",
                "www.bareminerals.com",
                "www.battlbox.com",
                "www.bnbtobacco.com",
                "www.eataly.com",
                "www.eightvape.com",
                "www.ekster.com",
                "www.goodamerican.com",
                "www.guns.com",
                "www.holistapet.com",
                "www.juicedbikes.com",
                "www.lauramercier.com"
            ]
        },
        {
            "rule": "provenpixel\\.com\\/shopify\\.js\\.php",
            "cookies": 0,
            "fingerprinting": 0,
            "subdomains": [
                "upx"
            ],
            "apis": {},
            "sites": 12,
            "prevalence": 0.0000817,
            "cnames": [],
            "responseHashes": [
                "5728db4983f509d7c6fd05ed8147d58f8b3f1cb2af3505d52d8d2988aeb4d832",
                "add5d9a6b96d676850e64e20359e2d2b164e610b46d5e419397a471542c1d1eb",
                "074e8bdac9daa9f5fb72bbd9aa9a09fe33e24404a7909fb9eaae9ccba7699f10",
                "6327b67ea9057ca7a8182f4f7138a792e503293bcebdf1db4090f5275e3bb78c",
                "a0f7e2acf9c349eb5811d945f47efde48d65291386db22f294ad85508fc35cfe",
                "1d75a57babdd4122f20adbedef323e080030bbaab356ac42131d9cc63cc67e5d",
                "c81c49007e49d3fd762039a6215d3459fdcea83bba3cba11d02434f73803d56f",
                "01fc08d54168f6e864179fcb6e91cab4d3a0695de49c9c740518b2b2a85f47d3",
                "72b835296c5e9ea8af2675236e8704aac921b5116db27c715484be5a615a447c",
                "45601782f63490e79ec23d2683a893a8fc18e97e8dee71c5cc79ed647424b38f",
                "5415faa533a9d1764252dfc739033f4c73c4a356eba4a2a5bb640f2f804c891c"
            ],
            "type": "Script",
            "firstPartyCookies": {},
            "firstPartyCookiesSent": {},
            "exampleSites": [
                "bornprimitive.com",
                "medterracbd.com",
                "petermanningnyc.com",
                "stateandliberty.com",
                "www.bareminerals.com",
                "www.battlbox.com",
                "www.bnbtobacco.com",
                "www.eightvape.com",
                "www.ekster.com",
                "www.holistapet.com",
                "www.juicedbikes.com",
                "www.lauramercier.com"
            ]
        },
        {
            "rule": "provenpixel\\.com\\/backpx\\.php",
            "cookies": 0.0000204,
            "fingerprinting": 0,
            "subdomains": [
                "upx"
            ],
            "apis": {},
            "sites": 3,
            "prevalence": 0.0000204,
            "cnames": [],
            "responseHashes": [
                "e963e7196beb9123059ec3534b042ebcd1ef0a470fa568bfbebfeab2f33c4fda"
            ],
            "type": "Image",
            "firstPartyCookies": {},
            "firstPartyCookiesSent": {},
            "exampleSites": [
                "petermanningnyc.com",
                "www.bnbtobacco.com",
                "www.eightvape.com"
            ]
        },
        {
            "rule": "provenpixel\\.com\\/adpx\\.php",
            "cookies": 0,
            "fingerprinting": 0,
            "subdomains": [
                "upx"
            ],
            "apis": {},
            "sites": 2,
            "prevalence": 0.0000136,
            "cnames": [],
            "responseHashes": [
                "73a9b1dd806436869932dc94122e74deb5802dce45b1b7fcb54633e65e1b3644"
            ],
            "type": "Script",
            "firstPartyCookies": {},
            "firstPartyCookiesSent": {},
            "exampleSites": [
                "strapsco.com",
                "www.guns.com"
            ]
        }
    ],
    "categories": [],
    "performance": {},
    "cookies": 0.000157,
    "topInitiators": [
        {
            "domain": "first party",
            "prevalence": 0.5714285714285714
        },
        {
            "domain": "googletagmanager.com",
            "prevalence": 0.2857142857142857
        },
        {
            "domain": "yottaa.com",
            "prevalence": 0.08571428571428572
        },
        {
            "domain": "renderbetter.com",
            "prevalence": 0.05714285714285714
        }
    ],
    "types": {
        "Script": 32,
        "Image": 3
    },
    "nameservers": [
        "ns04.provenpixel.net",
        "ns03.provenpixel.net",
        "ns01.provenpixel.net",
        "ns02.provenpixel.net"
    ]
}