{
    "domain": "psmcode.com",
    "owner": {},
    "source": [
        "DuckDuckGo-US"
    ],
    "prevalence": 0.0000613,
    "sites": 9,
    "subdomains": [
        "ads-tours-api"
    ],
    "cnames": [],
    "fingerprinting": 0,
    "resources": [
        {
            "rule": "psmcode\\.com\\/",
            "cookies": 0,
            "fingerprinting": 0,
            "subdomains": [
                "ads-tours-api"
            ],
            "apis": {},
            "sites": 9,
            "prevalence": 0.0000613,
            "cnames": [],
            "responseHashes": [
                "2bde87c3fdd7c47e09d17cdc83f34b2cca934718cb93d242f452761657b8bf83",
                "c72eb48173b0a9b3a971a80510cc11f656a61e38ec343a216b3eb40aae446f19",
                "3542f160fc9142e52b939bbab54892089a844800154146de7f2736276561542b",
                "9ba49ebe69b29e38b7fde45de01768dfc674863540b8dcfbf214675ae187eef6",
                "8a36c49725524f6c74a1ec001d835d31491f41205587f67d6200257225d78c0d",
                "fe250e1d8c71f88da33a5e6df9aa2ba72198dd20dc23b83a451ab4672de818d4",
                "8e7eba76857e5fc6a82b4cd9ea76fb7573b5c94be2b54fec1daae9835c2a0ef7",
                "3f6edaee371964ea4e78e635edd2ae9380a38713be46d77481c6801c7a00ccde"
            ],
            "type": "Fetch",
            "firstPartyCookies": {},
            "firstPartyCookiesSent": {},
            "exampleSites": [
                "familystrokes.com",
                "www.hijabhookup.com",
                "www.momswap.com",
                "www.mylf.com",
                "www.pervmom.com",
                "www.pervnana.com",
                "www.sislovesme.com",
                "www.sisswap.com",
                "www.teamskeet.com"
            ]
        }
    ],
    "categories": [],
    "performance": {},
    "cookies": 0,
    "topInitiators": [
        {
            "domain": "first party",
            "prevalence": 1
        }
    ],
    "types": {
        "Fetch": 9
    },
    "nameservers": [
        "ivy.ns.cloudflare.com",
        "arnold.ns.cloudflare.com"
    ]
}