{
    "domain": "ptgncdn.com",
    "owner": {},
    "source": [
        "DuckDuckGo-US"
    ],
    "prevalence": 0.000204,
    "sites": 30,
    "subdomains": [
        "deliver"
    ],
    "cnames": [],
    "fingerprinting": 2,
    "resources": [
        {
            "rule": "ptgncdn\\.com\\/5a47a834\\.js",
            "cookies": 0.000143,
            "fingerprinting": 2,
            "subdomains": [
                "deliver"
            ],
            "apis": {
                "Date.prototype.getTimezoneOffset": 19,
                "Date.prototype.getTime": 19,
                "window.localStorage": 19,
                "Screen.prototype.width": 17,
                "Screen.prototype.height": 17,
                "Navigator.prototype.userAgent": 19,
                "Screen.prototype.colorDepth": 17,
                "window.sessionStorage": 17,
                "Navigator.prototype.plugins": 17
            },
            "sites": 21,
            "prevalence": 0.000143,
            "cnames": [],
            "responseHashes": [
                "c7f2774f56f645be4340a1ae64caf36422688bb88f3effe4a085842bf6f78e91",
                "c8e7947b6b97a81aa916a92a085fd36ed69740fb76764d5505903b6d8a0a54ba",
                "b312c23417931eeef9a6965af5f2d7fde35af778892ad4441fa1df693d5dd904",
                "f12cc7662d1b7eac2a290b33b16ea7a7ef13a612cdbffe8a17d21de4586a89cc",
                "ae39f093483d72ee1bb3c4ef4f951e6e78d3739fb040f2f13e193b1f79de44f0",
                "d884e084acc126ef502fe8f5bb1b5467a6d57115c17dc066ffa7cebc1b4d8799",
                "dfb9bd29e8ee5f8d16e42292476c057ee03272dc19e8fb04767796151755608d",
                "e81384b3de5b0bb7a8429b663cc1345bee71ef3e1de79c9c531236e9703cc47c",
                "0f479047c1d58f61a4421cfedf4237f490c53eacf491c47450f3dc071ac5c9b9",
                "8ac960c442cc3246d98fb84d28f68e10c1e32d33de685d078ff62ee9bb272d96"
            ],
            "type": "Script",
            "firstPartyCookies": {},
            "firstPartyCookiesSent": {},
            "exampleSites": [
                "spankbang.com",
                "m.spankbang.com",
                "spankbang.porn",
                "id.spankbang.com",
                "www.spankbang.porn",
                "jp.spankbang.com",
                "de.spankbang.com",
                "es.spankbang.com",
                "ms.spankbang.com",
                "it.spankbang.com",
                "se.spankbang.com",
                "static.spankbang.com",
                "spankbang.party",
                "br.spankbang.com",
                "la.spankbang.com",
                "ru.spankbang.com",
                "spankbang.name",
                "pl.spankbang.com",
                "fr.spankbang.com",
                "th.spankbang.com"
            ]
        },
        {
            "rule": "ptgncdn\\.com\\/cbdec",
            "cookies": 0.000116,
            "fingerprinting": 0,
            "subdomains": [
                "deliver"
            ],
            "apis": {},
            "sites": 21,
            "prevalence": 0.000143,
            "cnames": [],
            "responseHashes": [
                "549f7feaaaca277c76d21fdcd9eaa16a3b11f2c6c8fb33127bcad7a0adf90cea",
                "9ba32040f46916ca8e33526152518bb81927c4896075ad78d2c2ab9beabedfd1",
                "5f549e5f507ec603b17cac461272c03d8c76f97b8ed6fa3b3aacf7928fe4880c",
                "20b4ecf04b86e3ce3a98d3b87e223710c8e2c004e668020ea5fce97570a3542c",
                "241bf0b80987e3b883d542c90f988cab0ce94e698577705e42be88545aec392a",
                "603f21ed73e2dfebc99726cedf7aadca67e5fb398decb9bd42eab864ac860cdd",
                "2cb9e4612b10c54ff8826fe301d8d00d0d7d58622b38b8420d355e7260e96891",
                "703dccfe7c3c9bebc23974fbb15a237f138630b30cf80913a3cc26561cb2856e",
                "80ccb1e0134fbea03176e3b8cd95a8de8ec136d263774a95164bb64338b4dd75",
                "aafd000e50ad2ab513438ca17e6558137220e6eabdfaf3ef90b7165b1f9ee6bd",
                "50d1cf96fb78cf7cf18fba4f2b438a1b3da7058f8acee4c4e4741fb1c19a22f9",
                "34e845ae09bde22624f219e2c76426e3add507c81609020da6387ab3126d4b10",
                "1a3b5e7d5737559f43dae6cc14833457b3566213e66b5421db6afdf82ce86710",
                "707fd23338f2fd7397cd39c4579b5f6bcd520cf2154fc68345171235eaa2085f",
                "1c878d6519ca6c0a9a7a2d9544bac22370c1b26a0cd39a8ade56140f344f4a93",
                "3215ce916a1b202732f1d89e3dbe2e10d52b6a10c6b5e103e745ca730b1fdfcd",
                "ecc71b4a8def2195e649fad8cbb91488da27e56399b7ff2b24862cee5179fbc7",
                "fb182e6b4ffc9596d89e207dd0c0bc07b61c04360b8c0d155e9e7c1804d97b20",
                "22c7717031b4ce92010edc86fbb0864884cd0a5c5da753e98bd2077cdb21cda1",
                "30ecda91e74fa6f91b351c309ad07587587d48589db27e43b6a60f55b06eef93"
            ],
            "type": "Document",
            "firstPartyCookies": {},
            "firstPartyCookiesSent": {},
            "exampleSites": [
                "spankbang.com",
                "fr.spankbang.com",
                "ru.spankbang.com",
                "spankbang.party",
                "es.spankbang.com",
                "pl.spankbang.com",
                "www.spankbang.porn",
                "it.spankbang.com",
                "jp.spankbang.com",
                "m.spankbang.com",
                "static.spankbang.com",
                "se.spankbang.com",
                "de.spankbang.com",
                "th.spankbang.com",
                "br.spankbang.com",
                "nl.spankbang.com",
                "ms.spankbang.com",
                "id.spankbang.com",
                "spankbang.porn",
                "spankbang.name"
            ]
        },
        {
            "rule": "ptgncdn\\.com\\/cbdec-api-v3",
            "cookies": 0.0000409,
            "fingerprinting": 0,
            "subdomains": [
                "deliver"
            ],
            "apis": {},
            "sites": 6,
            "prevalence": 0.0000409,
            "cnames": [],
            "responseHashes": [
                "51540e9cb1cc0c8d9bcd27145ba980fb0e4c1988c45a841937f54138621bd288",
                "d54736fcde8cdb1c7df359fac49c67b0e4d2b8851f015685289c4b0261f083db",
                "411da5bc4472dd56adc71637fc4802452f962f62ca8f47e03c81e41582ac3a35",
                "28d7be212c8a608121b3da7ebc59b810d2772bfdfd1b8c817ec49eb31196144c",
                "5c168a05e455fd92f2c99d056c4d69e9d541b12743534d7a72630577ba40c262"
            ],
            "type": "XHR",
            "firstPartyCookies": {},
            "firstPartyCookiesSent": {},
            "exampleSites": [
                "spankbang.com",
                "it.spankbang.com",
                "jp.spankbang.com",
                "la.spankbang.com",
                "m.spankbang.com",
                "static.spankbang.com"
            ]
        },
        {
            "rule": "ptgncdn\\.com\\/zTfUZpHGLP3rrFFR6yCAn3LU9umAe9NOp4orpcIewT-E58aVhQLoOeHYwYiXpzFh5IqFicl_oSWpFydEKQqcqnqJALT7AdrY",
            "cookies": 0.0000409,
            "fingerprinting": 0,
            "subdomains": [
                "deliver"
            ],
            "apis": {},
            "sites": 6,
            "prevalence": 0.0000409,
            "cnames": [],
            "responseHashes": [
                "4f3d1a926e1238dd651bd77089b50abb4aa2980e3864f21153788bf5d4e5fed3",
                "5e24785887524e7a6c8c12780db661e6a03a3ebf98aa65e4f24ccc6f2a987eac",
                "2be953c6b0f5655dcf291ff5e6d51c129f55afe06272997c49853f1e906591b0",
                "dbedbc1709b294d4a54b7dfd525a537605bce189e352c3b47a2157bbc25c3a97",
                "6140da0ed166057a7ee99273315aff67e376cad739004ec9d6b3cd85eb4b6aaa"
            ],
            "type": "XHR",
            "firstPartyCookies": {},
            "firstPartyCookiesSent": {},