{
    "domain": "pubfuture-ad.com",
    "owner": {},
    "source": [
        "DuckDuckGo-US"
    ],
    "prevalence": 0.000525,
    "sites": 77,
    "subdomains": [
        "cdn",
        "ip2geo"
    ],
    "cnames": [],
    "fingerprinting": 2,
    "resources": [
        {
            "rule": "pubfuture-ad\\.com\\/v2\\/unit\\/pt\\.js",
            "cookies": 0,
            "fingerprinting": 1,
            "subdomains": [
                "cdn"
            ],
            "apis": {
                "window.localStorage": 33,
                "Navigator.prototype.userAgent": 33,
                "Navigator.prototype.platform": 33
            },
            "sites": 48,
            "prevalence": 0.000327,
            "cnames": [],
            "responseHashes": [
                "3146e698a17d7a6ac2a15165d5a5cf83babbb7e15c3887dc2f8dfb58ccdffa26",
                "42cf16b1b7c764d31b4d28641be5af60746a9868d5c1dbbfe889cbae999ff973",
                "0228ccd318abe6bbfbb713c6fd5320226dcd3bdefd908d214e077e077b18b70c",
                "fbcdc02cc34afb968994ed58cad34c95596559cfb9de6e235ed722d779989801",
                "736a032945974a0aba326b754257efb6039f3733a5fc42f5d03936ea5e278c29",
                "b42bc5bd77d27bbd2536ee0c4268a122786e21ba2a74e75600fbfc3cf8324cab",
                "da8450818fb2b2966d424a3acb2c544534b3cb5597120350b2949f725c7e4914",
                "2380570aea2d9fec2b1eae20cfecc59c1e8f416769179df5a54c1c49725d7b01",
                "4623c748455727c17b7a384fd36b81ff1a2071b70afef2239ec0edbe42e91144"
            ],
            "type": "Script",
            "firstPartyCookies": {},
            "firstPartyCookiesSent": {},
            "exampleSites": [
                "daotranslate.com",
                "welovemanga.one",
                "www.nameslook.com",
                "namso-gen.com",
                "manhuaus.com",
                "mangamirror.com",
                "kunmanga.com",
                "bato.to",
                "man.wikifeet.com",
                "www.mangaread.org",
                "tcb-scans.com",
                "wuxiaworld.site",
                "globalzonetoday.com",
                "franime.fr",
                "manhuaplus.org",
                "comick.app",
                "www.wikifeet.com",
                "mangabtt.com",
                "readberserk.com",
                "zinmanga.com"
            ]
        },
        {
            "rule": "pubfuture-ad\\.com\\/detail",
            "cookies": 0,
            "fingerprinting": 0,
            "subdomains": [
                "ip2geo"
            ],
            "apis": {},
            "sites": 41,
            "prevalence": 0.000279,
            "cnames": [],
            "responseHashes": [
                "74c5111e5bc87ce7326dda643f48526f888af1faa2b447bf5ef1efd188a34bb9"
            ],
            "type": "Fetch",
            "firstPartyCookies": {},
            "firstPartyCookiesSent": {},
            "exampleSites": [
                "daotranslate.com",
                "freewebnovel.com",
                "manhwaclan.com",
                "bato.to",
                "kissmanga.in",
                "www.picuki.com",
                "www.s2manga.com",
                "zinmanga.com",
                "www.topmanhua.com",
                "welovemanga.one",
                "zinmanhwa.com",
                "mangakatana.com",
                "www.mangaread.org",
                "globalzonetoday.com",
                "namso-gen.com",
                "m.wcostream.org",
                "mangabtt.com",
                "franime.fr",
                "mangaschan.net",
                "manga18.club"
            ]
        },
        {
            "rule": "pubfuture-ad\\.com\\/detail",
            "cookies": 0,
            "fingerprinting": 0,
            "subdomains": [
                "ip2geo"
            ],
            "apis": {},
            "sites": 4,
            "prevalence": 0.0000272,
            "cnames": [],
            "responseHashes": [
                "74c5111e5bc87ce7326dda643f48526f888af1faa2b447bf5ef1efd188a34bb9"
            ],
            "type": "XHR",
            "firstPartyCookies": {},
            "firstPartyCookiesSent": {},
            "exampleSites": [
                "moddroid.com",
                "manhuaus.com",
                "www.mangaread.org",
                "www.readmng.com"
            ]
        },
        {
            "rule": "pubfuture-ad\\.com\\/v2\\/config\\/652659cffadfcc003f96c33f",
            "cookies": 0,
            "fingerprinting": 0,
            "subdomains": [
                "cdn"
            ],
            "apis": {},
            "sites": 2,
            "prevalence": 0.0000136,
            "cnames": [],
            "responseHashes": [
                "76a155ca7248ff246b65274a2421f630ca6353cb61611ca4a3b1140e6d5e5fc3"
            ],
            "type": "Fetch",
            "firstPartyCookies": {},
            "firstPartyCookiesSent": {},
            "exampleSites": [
                "wcostream.org",
                "www.wcostream.org"
            ]
        },
        {
            "rule": "pubfuture-ad\\.com\\/v3\\/viewAbility\\/652659cffadfcc003f96c33f",
            "cookies": 0,
            "fingerprinting": 0,
            "subdomains": [
                "cdn"
            ],
            "apis": {},
            "sites": 2,
            "prevalence": 0.0000136,
            "cnames": [],
            "responseHashes": [],
            "type": "Fetch",
            "firstPartyCookies": {},
            "firstPartyCookiesSent": {},
            "exampleSites": [
                "wcostream.org",
                "www.wcostream.org"
            ]
        },
        {
            "rule": "pubfuture-ad\\.com\\/v2\\/config\\/6357544f369c0d00286d018c",
            "cookies": 0,
            "fingerprinting": 0,
            "subdomains": [
                "cdn"
            ],
            "apis": {},
            "sites": 2,
            "prevalence": 0.0000136,
            "cnames": [],
            "responseHashes": [
                "dd91ed594cee827ce74cead531c7087a877dc4fef66140a2ffc6f5fad923bcc8"
            ],
            "type": "Fetch",
            "firstPartyCookies": {},
            "firstPartyCookiesSent": {},
            "exampleSites": [
                "filmsite.org",
                "www.filmsite.org"
            ]
        },
        {
            "rule": "pubfuture-ad\\.com\\/v2\\/config\\/63575128369c0d00286d00ff",
            "cookies": 0,
            "fingerprinting": 0,
            "subdomains": [
                "cdn"
            ],
            "apis": {},
            "sites": 2,
            "prevalence": 0.0000136,
            "cnames": [],
            "responseHashes": [
                "ab860f213b702238c0cae0c791bb380ae63ac746d095d0748d3a9306be18f69f"
            ],
            "type": "Fetch",
            "firstPartyCookies": {},
            "firstPartyCookiesSent": {},
            "exampleSites": [
                "filmsite.org",
                "www.filmsite.org"
            ]
        },
        {
            "rule": "pubfuture-ad\\.com\\/v2\\/config\\/63c4ca65ba49ad0028c42609",
            "cookies": 0,
            "fingerprinting": 0,
            "subdomains": [
                "cdn"
            ],
            "apis": {},
            "sites": 2,
            "prevalence": 0.0000136,
            "cnames": [],
            "responseHashes": [
                "12d2666914d5ecbc2c10d959f0ad2082ac15c0c1d0646e9571c1c1739cbae82c"
            ],
            "type": "Fetch",
            "firstPartyCookies": {},
            "firstPartyCookiesSent": {},
            "exampleSites": [
                "mangaread.org",
                "www.mangaread.org"
            ]
        },
        {
            "rule": "pubfuture-ad\\.com\\/v2\\/config\\/63d79402ef16080028f0b41e",
            "cookies": 0,
            "fingerprinting": 0,
            "subdomains": [
                "cdn"
            ],
            "apis": {},
            "sites": 2,