{
    "domain": "qoca.site",
    "owner": {},
    "source": [
        "DuckDuckGo-US"
    ],
    "prevalence": 0.0000613,
    "sites": 9,
    "subdomains": [
        "cdn"
    ],
    "cnames": [],
    "fingerprinting": 0,
    "resources": [
        {
            "rule": "qoca\\.site\\/fa8b9a43c6\\/60d0732a44\\/",
            "cookies": 0,
            "fingerprinting": 0,
            "subdomains": [],
            "apis": {},
            "sites": 8,
            "prevalence": 0.0000545,
            "cnames": [],
            "responseHashes": [
                "dfe6305879d0075050f26c875d0f25b97980b78b91019936b8e470478b83fac2",
                "bc1eb11df3cf062f2f4b236bb02a1d16da3914874d10992787e18276d94d75c2",
                "28691f570252b5c8480f2c9123302439e939b6738dbb063bd99b201ac66e4e13",
                "7462f3c97642c23258d8be426221af29343c79e662a48549acfbd55b2ac8d2f1"
            ],
            "type": "Script",
            "firstPartyCookies": {},
            "firstPartyCookiesSent": {},
            "exampleSites": [
                "bokepbocil.cfd",
                "bokepsd.cfd",
                "colmeksmp.cfd",
                "hdbokep.pw",
                "indobokep.buzz",
                "mesum.cfd",
                "siwur.site",
                "vokeptube.blogspot.com"
            ]
        },
        {
            "rule": "qoca\\.site\\/fa8b9a43c6\\/60d0732a44\\/",
            "cookies": 0,
            "fingerprinting": 0,
            "subdomains": [],
            "apis": {},
            "sites": 8,
            "prevalence": 0.0000545,
            "cnames": [],
            "responseHashes": [
                "1e7ed9638993ad19197449e9284869e10f95d67c75b84e664e7c2ab3feabc089",
                "e2c5dcb2d7aaa4b05ce768dd819c6f655217cdb70387851aefd378f88d145272",
                "f215538915c295fe52e30a3d0272557eb0a855cccbc8dcf44db0c8a2c93b6996",
                "e4e3c8767f2659ef8cf093fd21c6330e8fbbc0c8cfe94336c774464752d7a158",
                "7d806aa86839e1ee529239c3ed7d2a0e3a0c08dbc62a65ab2d4abdcf5970f985"
            ],
            "type": "Document",
            "firstPartyCookies": {},
            "firstPartyCookiesSent": {},
            "exampleSites": [
                "bokepbocil.cfd",
                "bokepsd.cfd",
                "colmeksmp.cfd",
                "hdbokep.pw",
                "indobokep.buzz",
                "mesum.cfd",
                "siwur.site",
                "vokeptube.blogspot.com"
            ]
        },
        {
            "rule": "qoca\\.site\\/fa8b9a43c6\\/60d0732a44\\/",
            "cookies": 0,
            "fingerprinting": 0,
            "subdomains": [],
            "apis": {},
            "sites": 8,
            "prevalence": 0.0000545,
            "cnames": [],
            "responseHashes": [
                "e3b0c44298fc1c149afbf4c8996fb92427ae41e4649b934ca495991b7852b855"
            ],
            "type": "Image",
            "firstPartyCookies": {},
            "firstPartyCookiesSent": {},
            "exampleSites": [
                "bokepbocil.cfd",
                "bokepsd.cfd",
                "colmeksmp.cfd",
                "hdbokep.pw",
                "indobokep.buzz",
                "mesum.cfd",
                "siwur.site",
                "vokeptube.blogspot.com"
            ]
        },
        {
            "rule": "qoca\\.site\\/adult\\/stepsis\\/08\\.jpg",
            "cookies": 0,
            "fingerprinting": 0,
            "subdomains": [
                "cdn"
            ],
            "apis": {},
            "sites": 2,
            "prevalence": 0.0000136,
            "cnames": [],
            "responseHashes": [
                "406271fd28a93cb5ed37de1752813c045613cf5d50a338dd8eef25080b7cd4da"
            ],
            "type": "Image",
            "firstPartyCookies": {},
            "firstPartyCookiesSent": {},
            "exampleSites": [
                "bokepsd.cfd",
                "vokeptube.blogspot.com"
            ]
        },
        {
            "rule": "qoca\\.site\\/adult\\/stepsis\\/02\\.jpg",
            "cookies": 0,
            "fingerprinting": 0,
            "subdomains": [
                "cdn"
            ],
            "apis": {},
            "sites": 2,
            "prevalence": 0.0000136,
            "cnames": [],
            "responseHashes": [
                "85d6bf3164ac0f034cc04e673ec095ab1d6ba6f4ba79b3caf588229a6b9ed06f"
            ],
            "type": "Image",
            "firstPartyCookies": {},
            "firstPartyCookiesSent": {},
            "exampleSites": [
                "bokepsd.cfd",
                "vokeptube.blogspot.com"
            ]
        },
        {
            "rule": "qoca\\.site\\/adult\\/milf\\/05\\.jpg",
            "cookies": 0,
            "fingerprinting": 0,
            "subdomains": [
                "cdn"
            ],
            "apis": {},
            "sites": 2,
            "prevalence": 0.0000136,
            "cnames": [],
            "responseHashes": [
                "8ec2f4c9075c46ac6b1604cc396606aa9e2082de40003a08992ce2df894a5768"
            ],
            "type": "Image",
            "firstPartyCookies": {},
            "firstPartyCookiesSent": {},
            "exampleSites": [
                "siwur.site",
                "vokeptube.blogspot.com"
            ]
        }
    ],
    "categories": [],
    "performance": {},
    "cookies": 0,
    "topInitiators": [
        {
            "domain": "ajax.googleapis.com",
            "prevalence": 0.6842105263157895
        },
        {
            "domain": "ylx-2.com",
            "prevalence": 0.19298245614035087
        },
        {
            "domain": "kvaaa.com",
            "prevalence": 0.07017543859649122
        },
        {
            "domain": "first party",
            "prevalence": 0.03508771929824561
        },
        {
            "domain": "uprimp.com",
            "prevalence": 0.017543859649122806
        }
    ],
    "types": {
        "Script": 8,
        "Document": 8,
        "Image": 14
    },
    "nameservers": [
        "ns1.skhosting.eu",
        "ns2.skhosting.eu",
        "ns.skhosting.cz"
    ]
}