{
    "domain": "r-ad.ne.jp",
    "owner": {},
    "source": [
        "DuckDuckGo-US"
    ],
    "prevalence": 0.000143,
    "sites": 21,
    "subdomains": [
        "tm",
        "cs",
        "bk",
        "s9"
    ],
    "cnames": [],
    "fingerprinting": 1,
    "resources": [
        {
            "rule": "r-ad\\.ne\\.jp\\/cv",
            "cookies": 0.0000817,
            "fingerprinting": 0,
            "subdomains": [
                "tm"
            ],
            "apis": {},
            "sites": 12,
            "prevalence": 0.0000817,
            "cnames": [],
            "responseHashes": [
                "9907f7fa4dbe0cdb80e27436a36dffb78b9a506f021e8c637f1f270dd4363449",
                "b2c15f348ebc7c098d12ccbaeff9170e5fadfc9b16bf03efcf4ab97a97dc7e43",
                "51b62c476dee1a3b2b1951b41baae053c97798d4aadc2e6d065c117b2d167de5",
                "c20839e7eccce5ef8d9a3ffb1711a68628af7bfd59d8b912676b503357d63640",
                "1e7aa7b3624fa476e29c4085c0754b2904bb573be6f34893cdf956b1310c3148",
                "3e5b7d0273ee859d79288ed1ce01eb52f3949628eb895429c487342bfa2216e9",
                "27968ad1b77c14d078a5fca3ad966a0bdebfdd1ac8d7c37951dac9fccf443282",
                "c18d5f078383f7cb3dd662c81f38536ae10816728837e3e6310c2f426a1fb399",
                "e06b942691ae1241138e9b7ff74ce4f362d697be228dffa7b3c743a1342142ca",
                "66f737c5a801e9c2d37410145e3ae5305b9a06bb231ae6024b221d40c42b73b3",
                "8485278e96384a342e9e11434373f1e94c1619f345c19390642842cd6c882fcc"
            ],
            "type": "Script",
            "firstPartyCookies": {},
            "firstPartyCookiesSent": {},
            "exampleSites": [
                "hotpepper.jp",
                "job.rikunabi.com",
                "next.rikunabi.com",
                "shingakunet.com",
                "suumo.jp",
                "www.carsensor.net",
                "www.hotpepper.jp",
                "www.jalan.net",
                "www.matsui.co.jp",
                "www.topvalu.net",
                "www.workman.co.jp",
                "zexy.net"
            ]
        },
        {
            "rule": "r-ad\\.ne\\.jp\\/2\\/cs",
            "cookies": 0.0000477,
            "fingerprinting": 0,
            "subdomains": [
                "cs",
                "bk"
            ],
            "apis": {},
            "sites": 8,
            "prevalence": 0.0000545,
            "cnames": [],
            "responseHashes": [
                "071d0a5d172af491aedca9041f20e830d25fd4d339a1006bca3bed949069aa30",
                "1866961a029c65376fefb7f2ba1e6187e09ff50ea58d97dedfd72c197947d002"
            ],
            "type": "Image",
            "firstPartyCookies": {},
            "firstPartyCookiesSent": {},
            "exampleSites": [
                "bscholarly.com",
                "freemeteo.gr",
                "governmentph.com",
                "next.rikunabi.com",
                "www.bolentertainment.com",
                "www.pealim.com",
                "www.profilecanada.com",
                "www.thejakartapost.com"
            ]
        },
        {
            "rule": "r-ad\\.ne\\.jp\\/119\\/default\\.js",
            "cookies": 0.0000136,
            "fingerprinting": 1,
            "subdomains": [
                "tm"
            ],
            "apis": {
                "Document.cookie getter": 2,
                "Document.cookie setter": 2
            },
            "sites": 2,
            "prevalence": 0.0000136,
            "cnames": [],
            "responseHashes": [
                "ef4830a0e97b61824de0308adc33e56f8d688e3a51dc0a92ef6d24d9174e5646"
            ],
            "type": "Script",
            "firstPartyCookies": {
                "r_ad_token1": {
                    "ttl": 15552004,
                    "length": 20,
                    "prevalence": 0.000013624071008658098,
                    "uniqueness": 1
                },
                "r_ad_token2": {
                    "ttl": 15552004,
                    "length": 20,
                    "prevalence": 0.000013624071008658098,
                    "uniqueness": 1
                }
            },
            "firstPartyCookiesSent": {},
            "exampleSites": [
                "rikunabi.com",
                "next.rikunabi.com"
            ]
        },
        {
            "rule": "r-ad\\.ne\\.jp\\/json",
            "cookies": 0.0000204,
            "fingerprinting": 0,
            "subdomains": [
                "s9"
            ],
            "apis": {},
            "sites": 3,
            "prevalence": 0.0000204,
            "cnames": [],
            "responseHashes": [
                "4f53cda18c2baa0c0354bb5f9a3ecbe5ed12ab4d8e11ba873c2f11161202b945",
                "adf78f74c94a0f2d8003155eeb9a2f1d4db90143dd7155461bd6cdffa75cbac1"
            ],
            "type": "XHR",
            "firstPartyCookies": {},
            "firstPartyCookiesSent": {
                "r_ad_token1": 0.000013624071008658098,
                "r_ad_token2": 0.000013624071008658098
            },
            "exampleSites": [
                "rikunabi.com",
                "shingakunet.com",
                "www.jalan.net"
            ]
        },
        {
            "rule": "r-ad\\.ne\\.jp\\/ics",
            "cookies": 0.00000681,
            "fingerprinting": 0,
            "subdomains": [
                "cs"
            ],
            "apis": {},
            "sites": 3,
            "prevalence": 0.0000204,
            "cnames": [],
            "responseHashes": [
                "b9d08ee8f9e79a4cd1c0a166b2805371f8ac6d02f603d5aacf3cb5a9592105a3"
            ],
            "type": "Script",
            "firstPartyCookies": {},
            "firstPartyCookiesSent": {},
            "exampleSites": [
                "rikunabi.com",
                "suumo.jp",
                "www.carsensor.net"
            ]
        },
        {
            "rule": "r-ad\\.ne\\.jp\\/45\\/default\\.js",
            "cookies": 0.0000136,
            "fingerprinting": 1,
            "subdomains": [
                "tm"
            ],
            "apis": {
                "Document.cookie getter": 2,
                "Document.cookie setter": 2
            },
            "sites": 2,
            "prevalence": 0.0000136,
            "cnames": [],
            "responseHashes": [
                "9d9a4a6f0ebb78fa1ea968587bc6556c2165fbc80f1b2938b46cf697362659ee"
            ],
            "type": "Script",
            "firstPartyCookies": {
                "r_ad_token1": {
                    "ttl": 15552010,
                    "length": 20,
                    "prevalence": 0.000013624071008658098,
                    "uniqueness": 1
                },
                "r_ad_token2": {
                    "ttl": 15552010,
                    "length": 20,
                    "prevalence": 0.000013624071008658098,
                    "uniqueness": 1
                }
            },
            "firstPartyCookiesSent": {},
            "exampleSites": [
                "jalan.net",
                "www.jalan.net"
            ]
        }
    ],
    "categories": [],
    "performance": {},
    "cookies": 0.000143,
    "topInitiators": [
        {
            "domain": "first party",
            "prevalence": 0.3103448275862069
        },
        {
            "domain": "googletagmanager.com",
            "prevalence": 0.3103448275862069
        },
        {
            "domain": "googlesyndication.com",
            "prevalence": 0.2413793103448276
        },
        {
            "domain": "yjtag.jp",
            "prevalence": 0.06896551724137931
        },
        {
            "domain": "datadoghq-browser-agent.com",
            "prevalence": 0.06896551724137931
        }
    ],
    "types": {
        "Script": 19,
        "Image": 8,
        "XHR": 3
    },