{
    "domain": "rcsmetrics.it",
    "owner": {
        "name": "RCS Mediagroup S.p.A",
        "displayName": "RCS Mediagroup"
    },
    "source": [
        "DuckDuckGo-US"
    ],
    "prevalence": 0.0000681,
    "sites": 10,
    "subdomains": [
        "smetrics",
        "dmpmetrics"
    ],
    "cnames": [],
    "fingerprinting": 1,
    "resources": [
        {
            "rule": "rcsmetrics\\.it\\/id",
            "cookies": 0.0000613,
            "fingerprinting": 0,
            "subdomains": [
                "smetrics"
            ],
            "apis": {},
            "sites": 10,
            "prevalence": 0.0000681,
            "cnames": [],
            "responseHashes": [
                "b81394956560690dbd734ffcc14c0fa0359f5b6a57bfd5f39c6b2a8fff5509b8",
                "d58c6e6ade99833604cf12add23bcddf641bf9f5ecfa77829f01e197ed03a538",
                "2a5160eb3da652dcb729d3b82b971bb634ec44d0c9d1e8ec0b4ae6f760b10c82",
                "761e7611b44b6105d3f29c1bccbfe637131a34be374fdeb5b2e6afebadb21761",
                "1038bbfbe27297bd452b5ea1904689bc7d6765127f84a397e30a94404d65792d",
                "3d1593f3afa5132ae8d0f4eecc86f79bea37d432d5c383470e4b0652a712f495",
                "21ea32820947356b29ef3a4768eef01105cbf364ebca9117c60b47832f2440ae",
                "f85f5c3303c2acd2e05c2d0c4a2552204f61956978abdf63f9dd72184d4b937f",
                "0b26fe4c6637fc631cdcfe5d9870b147eb1e7f021f0d1e410345a9754a5dd2b5"
            ],
            "type": "XHR",
            "firstPartyCookies": {},
            "firstPartyCookiesSent": {
                "s_fid": 0.00005449628403463239,
                "s_fid_old": 0.00005449628403463239,
                "UESeg": 0.00004087221302597429
            },
            "exampleSites": [
                "la7.it",
                "tg.la7.it",
                "www.amica.it",
                "www.calciomercato.com",
                "www.fcinter1908.it",
                "www.gazzetta.it",
                "www.iodonna.it",
                "www.la7.it",
                "www.open.online",
                "www.unionesarda.it"
            ]
        },
        {
            "rule": "rcsmetrics\\.it\\/",
            "cookies": 0.0000409,
            "fingerprinting": 1,
            "subdomains": [
                "dmpmetrics"
            ],
            "apis": {
                "Document.cookie getter": 6,
                "Document.cookie setter": 6
            },
            "sites": 6,
            "prevalence": 0.0000409,
            "cnames": [],
            "responseHashes": [
                "a0c8dda5521b14ea824a013a2ad53abb5cfdfaf78ba1dbc2aaf55793763b9fd3"
            ],
            "type": "Script",
            "firstPartyCookies": {
                "UESeg": {
                    "ttl": 31104000,
                    "length": 38,
                    "prevalence": 0.00004087221302597429,
                    "uniqueness": 1
                }
            },
            "firstPartyCookiesSent": {},
            "exampleSites": [
                "amica.it",
                "www.calciomercato.com",
                "www.fcinter1908.it",
                "www.gazzetta.it",
                "www.iodonna.it",
                "www.la7.it"
            ]
        }
    ],
    "categories": [],
    "performance": {},
    "cookies": 0.0000681,
    "topInitiators": [
        {
            "domain": "tiqcdn.com",
            "prevalence": 0.38461538461538464
        },
        {
            "domain": "gazzettaobjects.it",
            "prevalence": 0.34615384615384615
        },
        {
            "domain": "rcsobjects.it",
            "prevalence": 0.23076923076923078
        },
        {
            "domain": "rum.us-east-1.amazonaws.com",
            "prevalence": 0.038461538461538464
        }
    ],
    "types": {
        "XHR": 10,
        "Script": 6
    },
    "nameservers": [
        "dnsgeo5.tuonomeregistrar.com",
        "dnsgeo6.tuonomeregistrar.net"
    ]
}