{
    "domain": "rctiplus.com",
    "owner": {},
    "source": [
        "DuckDuckGo-US"
    ],
    "prevalence": 0.0000886,
    "sites": 13,
    "subdomains": [
        "analytics",
        "www"
    ],
    "cnames": [],
    "fingerprinting": 1,
    "resources": [
        {
            "rule": "rctiplus\\.com\\/tracking\\/analytics\\.js",
            "cookies": 0,
            "fingerprinting": 0,
            "subdomains": [
                "analytics"
            ],
            "apis": {},
            "sites": 13,
            "prevalence": 0.0000886,
            "cnames": [],
            "responseHashes": [
                "cb272bc1d1a7ba0891aa0c9d76367f499776fa13fd962de86aa8cb6f8e4cbff9",
                "d04b4cf626419a8e00034d551f110a93fc6c3f0dd0ab245addc0b5fa59c36e1b",
                "7013208cbe1a4ec1b74c42cbdeb7b50c9e74ab45ed132f49ea6fead78de68e58",
                "eb5fd16e11ded9567414ecb89f7563ab3a565bf40ddb518a338d26b656124c96",
                "102be12541129910ec5a14e59c4b7a48ef8a50bf2f0a13dc617eb8470504fda2",
                "c54f53b3f86d00c66bacd03448a9473291c0e960dfd029808bd0f905f25ce2e1",
                "de982fedf4b22ac8c7715e6931d1726f7ff83834e892f469d52592efa02b8114",
                "fa5f3b9f0de18fb41d081b0591a2f64aa80b53fba58257e946ac875973f97b15",
                "b9372a4e6310a96fc20c71fe0c88eaa0c3ff9c6c37e88fcfe03f9e80dd69021e",
                "a689b5f3cfe7584408f10c6334fc6865c2a8e35fc015ccd47bcdf0ab316c982e",
                "5add9e2693a7a84ef08d88701e06c12552702b8b6c7cbf479a751c216c761004",
                "cf26d4b3c7b77f630277814280ff0075b54511e0a42f1c14168247254e4a6f26"
            ],
            "type": "Script",
            "firstPartyCookies": {},
            "firstPartyCookiesSent": {},
            "exampleSites": [
                "inews.id",
                "celebrity.okezone.com",
                "daerah.sindonews.com",
                "edukasi.okezone.com",
                "international.sindonews.com",
                "kuyou.id",
                "lifestyle.okezone.com",
                "lifestyle.sindonews.com",
                "metro.sindonews.com",
                "nasional.okezone.com",
                "news.okezone.com",
                "regional.inews.id",
                "www.inews.id"
            ]
        },
        {
            "rule": "rctiplus\\.com\\/akulturasi\\/4094074\\/kinerja-produksi-pertamina-geothermal-energy-meningkat-di-kuartal-iii-2023",
            "cookies": 0.0000136,
            "fingerprinting": 1,
            "subdomains": [
                "www"
            ],
            "apis": {
                "Date.prototype.getTime": 2
            },
            "sites": 2,
            "prevalence": 0.0000136,
            "cnames": [],
            "responseHashes": [
                "ae43d0952e1fd00af7e64e0396fcd62587b4e6f6d513c9126423bfc3864bbc7e"
            ],
            "type": "Document",
            "firstPartyCookies": {},
            "firstPartyCookiesSent": {},
            "exampleSites": [
                "okezone.com",
                "www.inews.id"
            ]
        },
        {
            "rule": "rctiplus\\.com\\/berita",
            "cookies": 0.0000204,
            "fingerprinting": 1,
            "subdomains": [
                "www"
            ],
            "apis": {
                "Date.prototype.getTime": 3
            },
            "sites": 3,
            "prevalence": 0.0000204,
            "cnames": [],
            "responseHashes": [
                "96f9fb7199375503cce1f257dc3ee4ef44dfcf2da7653e792aee95c6108518ec",
                "50a9cabfba56d7eb3976155c1d959ff6dc3d0dd458898f9b7f67dce56d3c2a35"
            ],
            "type": "Document",
            "firstPartyCookies": {},
            "firstPartyCookiesSent": {},
            "exampleSites": [
                "okezone.com",
                "lifestyle.okezone.com",
                "news.okezone.com"
            ]
        },
        {
            "rule": "rctiplus\\.com\\/akulturasi\\/4094414\\/silsilah-keluarga-amar-brkic-pemain-diaspora-timnas-indonesia-yang-bukan-dari-keluarga-sembarangan",
            "cookies": 0.0000136,
            "fingerprinting": 1,
            "subdomains": [
                "www"
            ],
            "apis": {
                "Date.prototype.getTime": 2
            },
            "sites": 2,
            "prevalence": 0.0000136,
            "cnames": [],
            "responseHashes": [
                "17a0bfab5f5e120fc08f7b128d68ebe9baf48c0a6835b1d4bfecb26200dda2f4"
            ],
            "type": "Document",
            "firstPartyCookies": {},
            "firstPartyCookiesSent": {},
            "exampleSites": [
                "okezone.com",
                "regional.inews.id"
            ]
        }
    ],
    "categories": [],
    "performance": {},
    "cookies": 0.0000886,
    "topInitiators": [
        {
            "domain": "first party",
            "prevalence": 0.8461538461538461
        },
        {
            "domain": "cloudflareinsights.com",
            "prevalence": 0.15384615384615385
        }
    ],
    "types": {
        "Script": 13,
        "Document": 7
    },
    "nameservers": [
        "grace.ns.cloudflare.com",
        "damon.ns.cloudflare.com"
    ]
}