{
    "domain": "reallifeforyouandme.com",
    "owner": {},
    "source": [
        "DuckDuckGo-US"
    ],
    "prevalence": 0.000198,
    "sites": 29,
    "subdomains": [],
    "cnames": [],
    "fingerprinting": 0,
    "resources": [
        {
            "rule": "reallifeforyouandme\\.com\\/services\\/",
            "cookies": 0,
            "fingerprinting": 0,
            "subdomains": [],
            "apis": {},
            "sites": 29,
            "prevalence": 0.000198,
            "cnames": [],
            "responseHashes": [
                "949f7c517409efc317c619b93b638fa03c1ef704a0b3f2a74d2d6e30e97f75df",
                "d49ad3a048f597abbdbf4d6df73721947942955cf5837b7b28c519eec19ab911",
                "d955153fa15736133a772075f5861e8b4fa42945256d89c7719aae5f85916c0c",
                "e176127d3f37ccdc891ad5d289e47d6f3ce9cd7e2b325415006d5d3fab95a712",
                "8d72e73b32d6e9c8875b1dcf36aa1db0d9bb9b28b34d786e62652a852010ea24",
                "29a2b19322ff640f7534830c04d031b2b5bba683a05b038c7b6c44649e1ff31f",
                "70367413d02f3408a202d1bd41dc227f41178da1e6d0c48184ce4fe25cb75eb4",
                "81688a09813c717aeb3b03ad6e713b7a4896d5a23146d7a7284d0062394e464c",
                "ed42dbb21b98a8ea4decba4c5959d23337a4fd16c8e935ebdc52e05ed1bbc68f",
                "3917d187d4322fda7ff6be7d2152d0705395fbf37da8e798d25bdaa5135f67a4",
                "82251da218de4c64dffdce828548aa556ba4850ed04ba954e18cd965037f4f2b",
                "78efc385592a3f6ee6aa7f93f4d8d386b5cd2e66493c1d0464bf4fe93a0199fc",
                "dd5d43b2dbd6166332d24e26fa44ee4c5876767e2e694af6f5b0b53cb3865908",
                "adc0fad56c32b215ed2a92ff029132dc2655d6177c680fa1735b5011a61a18f6",
                "65b951fa1b7f9623828f3a5b20d4a2a1d6633cf896dbba3fbc939805aaa95870",
                "21a10d8b54a1735e9d6aac4885daa7180318abe3db3c783472c5abe552ea858b",
                "31b4d20e6e9b3b96527c0caef16a8c0b91ea756057c2b4e76100ae9dd89496e6",
                "9a30b41abf02f61034d83f97e5fa8ef3a31b36e881f6251c72ba4603b07fe4f2",
                "489880d4bd76e0d222b6475a5b5e4645bad0a060a26cd33e0d5693e223371f9c",
                "f6ed5fe02c156d0f5eec41906a772eb1dc062d24f20380dc88ef27c4f6f29a13",
                "83278ddea36a7d07e2f92aa39f150d779352a5bc8de32cfed6984fb989762e72",
                "d56c36de81876648c471cd71193426a622c9b45b5e35746be9fdfd30f9b80b56",
                "8be917569a677c7a25f0a2b8aa7d9fb35f1d9dd735973641c02eade015467f08",
                "568a5fc866db9c140326379f377c2933cc149bd7b1975d981cd7db3e39764e01",
                "27ca9ae41281b4f390a641bb0f86ff483c8119c2f4750f191eb771d26c03d3d5",
                "439931c7f2bee52caee13c3b2d57582b74f69800fe35f4d143475c8d878b9905",
                "6ca72d9dcfa1838e80526b2a1de41c6a6df1c73bd788bcf811c52dd7873c7c9c",
                "63d5f28244bcc47f2f121eb2b1d98125eb11d6ae8048c35760c562dbf140c731"
            ],
            "type": "Script",
            "firstPartyCookies": {},
            "firstPartyCookiesSent": {},
            "exampleSites": [
                "pornougar.net",
                "pornomamki.online",
                "pornogag.com",
                "xnx.hotmovies.cc",
                "www.sslkn.porn",
                "giperporno.net",
                "www.perdos.la",
                "homeporno.biz",
                "ru.porno.bet",
                "the.zorox.sex",
                "mm.pornodomka.org",
                "hentasis1.top",
                "izmena.net",
                "pornodomka.com",
                "djki.art",
                "animeporno.club",
                "24rollika.ru",
                "sslkn.pro",
                "rus.tizam.ru",
                "kinokordon.love"
            ]
        }
    ],
    "categories": [],
    "performance": {},
    "cookies": 0,
    "topInitiators": [
        {
            "domain": "first party",
            "prevalence": 0.8387096774193549
        },
        {
            "domain": "anime-porno.com",
            "prevalence": 0.03225806451612903
        },
        {
            "domain": "giperporno.net",
            "prevalence": 0.03225806451612903
        },
        {
            "domain": "pornodomka.com",
            "prevalence": 0.03225806451612903
        },
        {
            "domain": "porno.energy",
            "prevalence": 0.03225806451612903
        },
        {
            "domain": "sslkn.sex",
            "prevalence": 0.03225806451612903
        }
    ],
    "types": {
        "Script": 29
    },
    "nameservers": [
        "dns1.registrar-servers.com",
        "dns2.registrar-servers.com"
    ]
}