{
    "domain": "redfastlabs.com",
    "owner": {},
    "source": [
        "DuckDuckGo-US"
    ],
    "prevalence": 0.000252,
    "sites": 37,
    "subdomains": [
        "99bad415-a15a-4792-bd4c-dd79f2848ebb",
        "2bd7f85b-c9c0-44cb-a345-50c51f0c0567",
        "1fd4972a-a5e7-4b86-92a7-2c6375ba14ea",
        "1622b0fc-f647-4d0b-a598-da24f2b06dd2",
        "a1882387-4666-4392-bdc4-bfb21518a3ca",
        "144c3146-0ceb-4476-9fba-04f8dbce33e3"
    ],
    "cnames": [],
    "fingerprinting": 1,
    "resources": [
        {
            "rule": "redfastlabs\\.com\\/assets\\/redfast\\.js",
            "cookies": 0,
            "fingerprinting": 1,
            "subdomains": [
                "99bad415-a15a-4792-bd4c-dd79f2848ebb",
                "2bd7f85b-c9c0-44cb-a345-50c51f0c0567",
                "1fd4972a-a5e7-4b86-92a7-2c6375ba14ea",
                "1622b0fc-f647-4d0b-a598-da24f2b06dd2"
            ],
            "apis": {
                "Navigator.prototype.userAgent": 25,
                "Event.prototype.timeStamp": 23,
                "window.sessionStorage": 25,
                "Navigator.prototype.platform": 25,
                "window.localStorage": 25,
                "Date.prototype.getTime": 4
            },
            "sites": 25,
            "prevalence": 0.00017,
            "cnames": [],
            "responseHashes": [
                "edbfa0de9dc55e30a9141cd857461eb5dd57a445826841ee4f1f35094222f7ed",
                "471303e18918a792ffc75bb9ce5041f1454616bfad5ec4ab6c21d6015d2bcd97",
                "371541842846d4b42de9c898a2a44e63c70368424f4d34673463d9391a8d5496",
                "7f8f88a614f083362822c1d9458029fcb76579ca9258d4d0b24809253460f20d"
            ],
            "type": "Script",
            "firstPartyCookies": {},
            "firstPartyCookiesSent": {},
            "exampleSites": [
                "co.milesplit.com",
                "www.milesplit.com",
                "oh.milesplit.com",
                "tn.milesplit.com",
                "il.milesplit.com",
                "tx.milesplit.com",
                "www.flohockey.tv",
                "mn.milesplit.com",
                "va.milesplit.com",
                "nc.milesplit.com",
                "nj.milesplit.com",
                "nfhsnetwork.com",
                "watch.plex.tv",
                "wi.milesplit.com",
                "www.flowrestling.org",
                "fl.milesplit.com",
                "pa.milesplit.com",
                "www.flotrack.org",
                "www.floracing.com",
                "www.nfhsnetwork.com"
            ]
        },
        {
            "rule": "redfastlabs\\.com\\/assets\\/brig\\.umd\\.min\\.App\\.js",
            "cookies": 0,
            "fingerprinting": 1,
            "subdomains": [
                "99bad415-a15a-4792-bd4c-dd79f2848ebb",
                "a1882387-4666-4392-bdc4-bfb21518a3ca",
                "2bd7f85b-c9c0-44cb-a345-50c51f0c0567",
                "1fd4972a-a5e7-4b86-92a7-2c6375ba14ea",
                "1622b0fc-f647-4d0b-a598-da24f2b06dd2",
                "144c3146-0ceb-4476-9fba-04f8dbce33e3"
            ],
            "apis": {
                "Navigator.prototype.userAgent": 27,
                "window.localStorage": 27
            },
            "sites": 27,
            "prevalence": 0.000184,
            "cnames": [],
            "responseHashes": [
                "08f58d93e68b56866a08bbb3a777994fc2f1b7cf7fdef8c00d25cc100ff97bb7",
                "763ca48c821d759908966ad7039df0750c322f0fbee33aff3fac7545bec0ef5f",
                "fe3ee9a1bfff28afc5051a28e8307e1fba7d62f9a60fac5f14564d12b9cda8d8",
                "77a8e7ad892c4d359263b157e2fb2c8235214ae522e1940f573a945d0f35b7ba",
                "0fe84108652a7f05218c408d12227946c8f1b5cff2ab833b7669490dd492cc24",
                "51a89a9646afaf0fca3e787f4b5015d54a563d139ea4a3bbf4e67e60414cf540"
            ],
            "type": "Script",
            "firstPartyCookies": {},
            "firstPartyCookiesSent": {},
            "exampleSites": [
                "www.flograppling.com",
                "tn.milesplit.com",
                "fl.milesplit.com",
                "www.floracing.com",
                "www.flotrack.org",
                "milesplit.com",
                "nfhsnetwork.com",
                "www.amcplus.com",
                "www.flohockey.tv",
                "nc.milesplit.com",
                "watch.plex.tv",
                "co.milesplit.com",
                "www.fox.com",
                "va.milesplit.com",
                "nation.foxnews.com",
                "ny.milesplit.com",
                "wi.milesplit.com",
                "nj.milesplit.com",
                "mn.milesplit.com",
                "oh.milesplit.com"
            ]
        },
        {
            "rule": "redfastlabs\\.com\\/assets\\/bundle\\.js",
            "cookies": 0,
            "fingerprinting": 1,
            "subdomains": [
                "a1882387-4666-4392-bdc4-bfb21518a3ca",
                "144c3146-0ceb-4476-9fba-04f8dbce33e3"
            ],
            "apis": {
                "Navigator.prototype.userAgent": 3,
                "Event.prototype.timeStamp": 3,
                "window.sessionStorage": 3,
                "Navigator.prototype.platform": 3,
                "Document.cookie getter": 2,
                "window.localStorage": 3
            },
            "sites": 3,
            "prevalence": 0.0000204,
            "cnames": [],
            "responseHashes": [
                "9999cd657add1e1f77f6dba30c0785c029deb366199400e8a66474a4ba9b0fb3",
                "51b8017f79b34423c043dd9c757103899a8275a37112983b681a884b0ca0a9d1"
            ],
            "type": "Script",
            "firstPartyCookies": {},
            "firstPartyCookiesSent": {},
            "exampleSites": [
                "foxnews.com",
                "nation.foxnews.com",
                "www.fox.com"
            ]
        }
    ],
    "categories": [],
    "performance": {},
    "cookies": 0,
    "topInitiators": [
        {
            "domain": "osano.com",
            "prevalence": 0.6818181818181818
        },
        {
            "domain": "first party",
            "prevalence": 0.19696969696969696
        },
        {
            "domain": "googletagmanager.com",
            "prevalence": 0.10606060606060606
        },
        {
            "domain": "tiqcdn.com",
            "prevalence": 0.015151515151515152
        }
    ],
    "types": {
        "Script": 55
    },
    "nameservers": [
        "ns-923.awsdns-51.net",
        "ns-372.awsdns-46.com",
        "ns-1335.awsdns-38.org",
        "ns-1567.awsdns-03.co.uk"
    ]
}