{
    "domain": "redfast.com",
    "owner": {},
    "source": [
        "DuckDuckGo-US"
    ],
    "prevalence": 0.000252,
    "sites": 37,
    "subdomains": [
        "conduit"
    ],
    "cnames": [],
    "fingerprinting": 0,
    "resources": [
        {
            "rule": "redfast\\.com\\/ping\\/",
            "cookies": 0,
            "fingerprinting": 0,
            "subdomains": [
                "conduit"
            ],
            "apis": {},
            "sites": 27,
            "prevalence": 0.000184,
            "cnames": [],
            "responseHashes": [
                "cc5191d0d92f40d20d5034bcc8aee319746169e42a03b7f0022db1b71b9dc0f2",
                "c296f91571e3a9d7506c1bb7c1dc19cbae80eaaf24422c51f55f684730a27ffb",
                "6d3f08ca3016f6dee18ddab82f08b8b9ad3c1fa5da4cb547b004b6f82b1cfaa0",
                "5919d09ba6d06bc25ad942d103e226afdd6d5c24d817b36fb24d121ad10f65e5",
                "6290f6e22fec15c4377d5cba7da7cbf15fe8d9b77e3b2e5b4b658095a2d16eea",
                "4ea5ac95c664f3e12d8d4d69ed0426311fed72b0187a9329331eb348c1eb558e",
                "4e26384a0148e5b7b13fb6d4b8ab92423a97f63ae50e9f3fb1db5a5de1078a6b",
                "d030086f0e48330c9cbe83c204d3e10d9ba6f4b7e1acaede85696928d85e48a8",
                "3071f345a1dbffc513a4436de6d24fda7c4c3c9e8197f585fbe727277fa696ed",
                "636da24df47a29ff679cdefda379478ec9be0a7a6fd4dfab6f8ebb647c93022f",
                "39b6cd8cf04d15950c5664299ee775bcfe43ae2acb04109196d8c33b41248da1",
                "1227f37f47839cbe6f24442f824164dd43edaa5347848db7d077a98d123d1556",
                "9bd5520831623a34c733c54fdb32263e0d09f8a50627945ea65c36084f278d6a",
                "7d7b33fcfcc14eeefff171c7e79afa4bcde3c22531e45dcfd1d01e5ef8ba150f",
                "bfa82d5a6b3cda242d8c52f6cf2bc43b3b6e3157837a313420ecbd8bb74e1265",
                "899b888633c06ed264ad1a7b2ca3c6bfa2d46a71ec2dbc537d9677c763df2688",
                "3481c74e53c3d6f8f638ea8bef716e667720fee9b32ce64aab21e380baac454b",
                "8a3c3229374bfd7b5f4ed1c42d2253a9a4e0531d57d06121e965dbf39f6fa7db",
                "d8ab9ee78a96010b7ec1f8023466c70c23e71fe1823f32e556d6c0704661d426",
                "564d3bf3b26fbe9d6ef72a47243166659d8e90752b449d27f721146942b9bb1d",
                "a1a3e06c39153e2f8469ca99ecc9df3bfc3eb484b162c24d94c4587c5450a93d",
                "f6b6754b40c5327f92782f7996b4b4cefeaf13313cf251e7319212f8390949d8",
                "e9de9831b62aa8c3794fdb2e9d09f833a03009b550bab7f15b4a0923af4403c1",
                "3bcc9161b2a149596d97b56ea6fd5e2a41d8de9b38d532668956dec6216f4707",
                "2648230453d404c1c64111fa66425814624bd950dc7eb60faf0224d268291149",
                "91349f03743ab5c8838fd59f3d86627cf5e5206fdd7750cc71378ca08791c18f"
            ],
            "type": "Fetch",
            "firstPartyCookies": {},
            "firstPartyCookiesSent": {
                "lotame_domain_check": 0.00017711292311255528
            },
            "exampleSites": [
                "il.milesplit.com",
                "watch.plex.tv",
                "wi.milesplit.com",
                "pa.milesplit.com",
                "www.floracing.com",
                "va.milesplit.com",
                "www.milesplit.com",
                "www.fox.com",
                "milesplit.com",
                "tn.milesplit.com",
                "www.plex.tv",
                "nj.milesplit.com",
                "www.nfhsnetwork.com",
                "ny.milesplit.com",
                "nfhsnetwork.com",
                "www.flowrestling.org",
                "tx.milesplit.com",
                "co.milesplit.com",
                "www.flograppling.com",
                "nc.milesplit.com"
            ]
        },
        {
            "rule": "redfast\\.com\\/ping\\/",
            "cookies": 0,
            "fingerprinting": 0,
            "subdomains": [
                "conduit"
            ],
            "apis": {},
            "sites": 21,
            "prevalence": 0.000143,
            "cnames": [],
            "responseHashes": [],
            "type": "Preflight",
            "firstPartyCookies": {},
            "firstPartyCookiesSent": {
                "lotame_domain_check": 0.0001294286745822519
            },
            "exampleSites": [
                "www.flograppling.com",
                "pa.milesplit.com",
                "va.milesplit.com",
                "tx.milesplit.com",
                "www.flotrack.org",
                "www.flowrestling.org",
                "tn.milesplit.com",
                "il.milesplit.com",
                "www.nfhsnetwork.com",
                "www.plex.tv",
                "www.floracing.com",
                "nj.milesplit.com",
                "milesplit.com",
                "www.milesplit.com",
                "wi.milesplit.com",
                "oh.milesplit.com",
                "www.fox.com",
                "nfhsnetwork.com",
                "mn.milesplit.com",
                "www.flohockey.tv"
            ]
        },
        {
            "rule": "redfast\\.com\\/ping\\/",
            "cookies": 0,
            "fingerprinting": 0,
            "subdomains": [
                "conduit"
            ],
            "apis": {},
            "sites": 2,
            "prevalence": 0.0000136,
            "cnames": [],
            "responseHashes": [],
            "type": "Other",
            "firstPartyCookies": {},
            "firstPartyCookiesSent": {
                "lotame_domain_check": 0.000013624071008658098
            },
            "exampleSites": [
                "milesplit.com",
                "www.milesplit.com"
            ]
        }
    ],
    "categories": [],
    "performance": {},
    "cookies": 0,
    "topInitiators": [
        {
            "domain": "redfastlabs.com",
            "prevalence": 0.6811594202898551
        },
        {
            "domain": "first party",
            "prevalence": 0.2463768115942029
        },
        {
            "domain": "fullstory.com",
            "prevalence": 0.057971014492753624
        },
        {
            "domain": "knotch-cdn.com",
            "prevalence": 0.014492753623188406
        }
    ],
    "types": {
        "Fetch": 27,
        "Preflight": 21,
        "Other": 2
    },
    "nameservers": [
        "ns-1202.awsdns-22.org",
        "ns-579.awsdns-08.net",
        "ns-1960.awsdns-53.co.uk",
        "ns-224.awsdns-28.com"
    ]
}