{
    "domain": "reichelcormier.bid",
    "owner": {},
    "source": [
        "DuckDuckGo-US"
    ],
    "prevalence": 0.0000681,
    "sites": 10,
    "subdomains": [],
    "cnames": [],
    "fingerprinting": 0,
    "resources": [
        {
            "rule": "reichelcormier\\.bid\\/candy\\/",
            "cookies": 0.0000613,
            "fingerprinting": 0,
            "subdomains": [],
            "apis": {},
            "sites": 9,
            "prevalence": 0.0000613,
            "cnames": [],
            "responseHashes": [
                "8efab3b4a940e5dcd0c119c06f82f5492de94c25f587d1fd919ac661ef60af07",
                "3cf25d89b8c7f576829c56b4c0f636d9fcdaa2e7e04e9852076e777a4cba4125",
                "de297ec61f9c0729322254b581786a53137983848569517678c1cbfa2d550261",
                "8436d29d419d393f21e9223e6861d16dc5e80856289507c392047d347da5712e",
                "159f2fba004a010d5e9788776aba6cc3e1bee232117bcee1d091e55f8c72d451",
                "94023316904808a7c14be6b37fcac2993e3c36dde66f2f0484712ae38c4e2bc9",
                "17e04317c8fe8b7139addfb7987bbd3b6b4bc1c7b513e5837e7d0b977bb150a3",
                "7ed85985d9bf8b089839b18e50b4e6aaf8cd1a0184438e8518b21d8b4678ca02"
            ],
            "type": "XHR",
            "firstPartyCookies": {},
            "firstPartyCookiesSent": {},
            "exampleSites": [
                "baskino.me",
                "filmix.ac",
                "gidonline.eu",
                "hd-rezka.biz",
                "hdrezka.sh",
                "kinotochka.co",
                "rezka.ag",
                "uakino.club",
                "uaserials.pro"
            ]
        }
    ],
    "categories": [],
    "performance": {},
    "cookies": 0.0000681,
    "topInitiators": [
        {
            "domain": "franecki.net",
            "prevalence": 1
        }
    ],
    "types": {
        "XHR": 9
    },
    "nameservers": [
        "henry.ns.cloudflare.com",
        "tori.ns.cloudflare.com"
    ]
}