{
    "domain": "relaido.jp",
    "owner": {},
    "source": [
        "DuckDuckGo-US"
    ],
    "prevalence": 0.000225,
    "sites": 33,
    "subdomains": [
        "api",
        "sync",
        "cdn",
        "tracker.v2"
    ],
    "cnames": [],
    "fingerprinting": 1,
    "resources": [
        {
            "rule": "relaido\\.jp\\/bid\\/v1\\/sprebid",
            "cookies": 0,
            "fingerprinting": 0,
            "subdomains": [
                "api"
            ],
            "apis": {},
            "sites": 23,
            "prevalence": 0.000157,
            "cnames": [],
            "responseHashes": [
                "6d9aa4d17ac4aa4db8321a6671453d842df61d042baf94498b917721bb7b5ea7",
                "74a5b3e64ef5c615afdd903c558ba786614dab59713fe5efccc15394886d0972",
                "839872756ee79659a209215ec27c3b2ccf9b584a88096684a093b61bbf73ab36",
                "24bc64350b78555b0762235b30082ecf165983f8aab0f41691c109981811c7a6",
                "42e86e15fef03860b7689c87ed11a55ec5581570324152d24aab7ffad88f5837",
                "d35ac48c8f1f8fccb9b06b43728f892feeb36fc389e9063a38e9dad47106b4bd",
                "71c3b14e567f13c7f797ec2fed36a9dc7802ffe30b3ec8b9e7c5c2386566ed38",
                "33e2465e159681b94190fcf41a20b205297284c43aedebadbf94c7399bfa78d8",
                "146a6ee0d8fc8789757a0b5bad98928ac2d7a808ad132305aa9dcdcaffbc0dea",
                "9ae77eca822438b0f4825255fe693ab0b6cc4934b40a8d396d741d91d9c09086",
                "452a3494d635fdb24aea0328fc1d6ae1a8983b32ab264e213d52565e2e9e8537",
                "408443831adca6d0b2af493bdd4dfcc653188dca8705f0f08be4422d37f32426",
                "827b90d30298a59311c2a0656b0286d4f570bf5210438d32ecf0f8c6e91a095d",
                "43560c6fd635e071631d75171807ec31b55cb0113618b8881844994b32269816",
                "95f5b79c5cf0c8a04c67b25bce4191ab8016866f3dbecff0949d9bb4c262c9a3",
                "196cc58509bb35db784a01c43e59e770f595c8356d5d65672b9a4b588a28f9c7",
                "9947318214a9b6b3b26655d4c5ed71f910073689946559500b36a886ced70bf7",
                "f2f60223732a1c62896423aa797da49c2bb094c1b569a4cb7bb627a519b300fa",
                "1eb714b979edb88502f704810957cb44dbcac282e959a12f2260f7f56659e49a",
                "ef18503883703d066553eb215633da1d71c2813d1f69eaa1c353c8dbaea5649b",
                "88e988b835afd8a824b4b22e30aaaaee5878523c69ef454a066b4e1f2dd17373"
            ],
            "type": "XHR",
            "firstPartyCookies": {},
            "firstPartyCookiesSent": {},
            "exampleSites": [
                "car.watch.impress.co.jp",
                "trilltrill.jp",
                "kaden.watch.impress.co.jp",
                "pc.watch.impress.co.jp",
                "gendai.media",
                "mamastar.jp",
                "toyokeizai.net",
                "av.watch.impress.co.jp",
                "natalie.mu",
                "select.mamastar.jp",
                "internet.watch.impress.co.jp",
                "k-tai.watch.impress.co.jp",
                "bunshun.jp",
                "www.vivi.tv",
                "mayonez.jp",
                "dc.watch.impress.co.jp",
                "president.jp",
                "forest.watch.impress.co.jp",
                "news.mynavi.jp",
                "www.jiji.com"
            ]
        },
        {
            "rule": "relaido\\.jp\\/tr\\/v1\\/prebid\\/sync\\.html",
            "cookies": 0,
            "fingerprinting": 0,
            "subdomains": [
                "api"
            ],
            "apis": {},
            "sites": 24,
            "prevalence": 0.000163,
            "cnames": [],
            "responseHashes": [
                "7bdc325b08f6d35f5215bafe6a2088d6fb2b07aca67961e0d47bc822b993f7a6",
                "7dbf2a733a335c7479ca314eed7a3e483285a1433d995427b66afa8da69eed88",
                "6021712156bf83a515bff97c5bbcd27797a6f1e48ef891072f049be9781080d4",
                "a91fd2b0560c5115d297348969d23187034db5c3505bb5ed9361f6be0bc079ba",
                "2a6634b164c1cbc15beee92516574b3461fee159c83254eb6b4322da4b0ea361",
                "dede9d1020bb4c224dfe1c650af1c79c5d5b1ae2d9b36fdc05476127794038bf",
                "7c9a0aef9daf138d9fba93fa7186d74dde14c49fba639fc2d832eaad219d5129",
                "eddf39ea93aeed70997f8931f15f5d8975eb5b1cb9c382c54984f61029a72ec9",
                "b89809241835fce0ee37c99dd8c8f28359b8b4df4125077618c16e1592c48329",
                "0022b29ca6eee9db6bc648ebd429b31dc0e0c4c4120e1574401e8ec8d845d413",
                "4ae33e1fa32c8a5e140ca9a792974897cdd4efa0e0d6e82e8f1a71a506c6fdbc",
                "4ec8cd96f0baacd3af6768ea092c92dc8934de6f5725c5142074015d1e76c321",
                "bbb26dd8bab20c82f8b9c5089be23a1059740598f2a1fa1beb7ae34d5a25fcf4",
                "5f37ec37c936f5b2dd4a74df84fc6ac5070510deb37e3f7b9eed61b6416b3437",
                "8cca58d37704e7bba31f32eeacc5eea1f9785f7ca5dcfce2ce64a5b12a9c3548",
                "4b47a5729892d8ae32c79864db38b3d5985d2f930d6abd40b7d830ff1ab4ed2b",
                "6a9e6814d4ffffd103d134d3ce6a6e5c8628d5e222b884a614dccb7e7d4a3c7f",
                "e9ccf706f8bca96ffa3d2688a1d0795ffb1d65a55f6462763d18da3041ab3a13",
                "806d59374fc0f162c7dd54cd15a07d055db1e378d6ced4fb5a80c87ba6a4397f",
                "cafb7e73b070f25b70df2a315c8692e47855dbf4001f61c214b20755ece36007"
            ],
            "type": "Document",
            "firstPartyCookies": {},
            "firstPartyCookiesSent": {
                "relaido_uuid": 0.00014986478109523907
            },
            "exampleSites": [
                "k-tai.watch.impress.co.jp",
                "car.watch.impress.co.jp",
                "forest.watch.impress.co.jp",
                "bunshun.jp",
                "www.jprime.jp",
                "president.jp",
                "av.watch.impress.co.jp",
                "kaden.watch.impress.co.jp",
                "www.vivi.tv",
                "game.watch.impress.co.jp",
                "mamastar.jp",
                "news.mynavi.jp",
                "impress.co.jp",
                "natalie.mu",
                "trilltrill.jp",
                "internet.watch.impress.co.jp",
                "mayonez.jp",
                "forbesjapan.com",
                "www.jiji.com",
                "toyokeizai.net"
            ]
        },
        {
            "rule": "relaido\\.jp\\/sync\\.js",
            "cookies": 0.0000681,
            "fingerprinting": 1,
            "subdomains": [
                "sync"
            ],
            "apis": {
                "Navigator.prototype.product": 10,
                "Navigator.prototype.userAgent": 10,
                "Document.cookie getter": 10,
                "Document.cookie setter": 10
            },
            "sites": 31,
            "prevalence": 0.000211,
            "cnames": [],
            "responseHashes": [
                "3bbf90cc0bb83c5d8407e588a3fc8fb2fe93fe23715d1977da92771bc23cb02b"
            ],
            "type": "Script",
            "firstPartyCookies": {
                "_rld_u": {
                    "ttl": 31104000,
                    "length": 36,
                    "prevalence": 0.00006812035504329048,
                    "uniqueness": 1
                }
            },
            "firstPartyCookiesSent": {
                "_rld_u": 0.00006812035504329048
            },