{
    "domain": "resetsrv.com",
    "owner": {},
    "source": [
        "DuckDuckGo-US"
    ],
    "prevalence": 0.00128,
    "sites": 188,
    "subdomains": [
        "ads"
    ],
    "cnames": [],
    "fingerprinting": 0,
    "resources": [
        {
            "rule": "resetsrv\\.com\\/",
            "cookies": 0.000313,
            "fingerprinting": 0,
            "subdomains": [
                "ads"
            ],
            "apis": {},
            "sites": 46,
            "prevalence": 0.000313,
            "cnames": [],
            "responseHashes": [
                "e3b0c44298fc1c149afbf4c8996fb92427ae41e4649b934ca495991b7852b855",
                "9b67dcd4d1c617d792adc528f53d97e868b2110beb3c511b8f7855960f2453b3",
                "5b9b939fde64d6e8adb614d9dee5dfc72027f2f00a6640599bd783eb5bc448b7",
                "ebe7c170343f3e8c235d8ec0aa360962a758a1bf7827235d21f48e50fcb40ee6",
                "f259a42a575408ffa5900f14f3b23dc99ece6da1707658714378af33a3a71b58",
                "f0987f39e7ca7d39cd915ffceb5d4cddc6603e7d8e823ea444bcb2767824fd4d",
                "264d67c56cd1f40b2805a6bc665519021d6232f46981e477e4e4c3fbe87aecb9",
                "6d873c83dfe2a02d46fdd66bf2434c68aa13393b450e9d9710c4ed94f3884ef7",
                "bc6bc9d73130a4131ede9a3f68218b936a839306867da90b9a9e3fb46d439511",
                "19ab62e56d3907c60b6a47b37574363fbd91fd7b3ac597b0737ecb7fd5796e16",
                "d4286b4f855aa44b4f5ed1e55e6f292406d8e54c125d99bbb3010d22fb32e4d0",
                "4a93f67a9b6bbeef0a5882042e32cd90459d27cdaa4725caee5934cac8611992",
                "a9d80c22dc05cde7f8887ae87ca4a302118546100de022c2a7c183c5ec5fce7f",
                "f8a6cce72a25bec10292ac1800e7f9e37349be24d1165fa33a2fc34ec65469d1",
                "0c0de065e031cbf704b37a06772ed26cfa7a4030ca9b31d3f6bd3d06dae96914",
                "519d8f75a0d43d896b56f5779cc5369ed96171e95da62c4726aeadb99acd6411",
                "07b094f9c522ed4590f4775c847f8754c6995015ef9fd78352950766c08ede8c"
            ],
            "type": "Fetch",
            "firstPartyCookies": {},
            "firstPartyCookiesSent": {},
            "exampleSites": [
                "www.dailydot.com",
                "kfiam640.iheart.com",
                "kprcradio.iheart.com",
                "wiba.iheart.com",
                "newstalk1130.iheart.com",
                "knst.iheart.com",
                "939litefm.iheart.com",
                "koacolorado.iheart.com",
                "kfab.iheart.com",
                "kfbk.iheart.com",
                "freedom937.iheart.com",
                "610wtvn.iheart.com",
                "dc101.iheart.com",
                "channel933.iheart.com",
                "kogo.iheart.com",
                "933kjr.iheart.com",
                "wzlx.iheart.com",
                "kfyi.iheart.com",
                "710wor.iheart.com",
                "whoradio.iheart.com"
            ]
        },
        {
            "rule": "resetsrv\\.com\\/",
            "cookies": 0.000416,
            "fingerprinting": 0,
            "subdomains": [
                "ads"
            ],
            "apis": {},
            "sites": 68,
            "prevalence": 0.000463,
            "cnames": [],
            "responseHashes": [
                "eacdff246cbfa82c4aaa83e69d05aa2f834e658de423e2cc986b903f526aec56",
                "e3b0c44298fc1c149afbf4c8996fb92427ae41e4649b934ca495991b7852b855",
                "95b31c2b8f1aafbbf32eb72e637659c3bdb63c8f0733efb3bd6829fa4aecbdc8",
                "2cd714219cbe72a89b9021776ea7b57d099d8bf9381d53ce738106fb70e912ef",
                "a5c362565855f1be8d056bfd1fa0a6c4d7f9f118af159c7d479bd37dd46521f1",
                "fd9e905ab69b0f60f2cb01dce060b663877df73dc4aca37a8d59b44e3826698f"
            ],
            "type": "XHR",
            "firstPartyCookies": {},
            "firstPartyCookiesSent": {},
            "exampleSites": [
                "purpleclover.littlethings.com",
                "clutchpoints.com",
                "www.philstar.com",
                "www.prensalibre.com",
                "www.razon.com.mx",
                "www.elvocero.com",
                "mgoblog.com",
                "www.laineygossip.com",
                "www.mediotiempo.com",
                "ndnation.com",
                "www.wishtv.com",
                "www.dpreview.com",
                "culturacolectiva.com",
                "www.thepinknews.com",
                "www.record.com.mx",
                "www.crhoy.com",
                "bossip.com",
                "hellobeautiful.com",
                "www.sportingnews.com",
                "mom.com"
            ]
        },
        {
            "rule": "resetsrv\\.com\\/hbsync",
            "cookies": 0.00015,
            "fingerprinting": 0,
            "subdomains": [
                "ads"
            ],
            "apis": {},
            "sites": 22,
            "prevalence": 0.00015,
            "cnames": [],
            "responseHashes": [
                "7fff1569ea68ef52782ba25b0cf3934627f7a4fc1e8e22f4652de959c5f97978"
            ],
            "type": "Image",
            "firstPartyCookies": {},
            "firstPartyCookiesSent": {},
            "exampleSites": [
                "www.newsweek.com",
                "www.heartlandcollegesports.com",
                "www.wokv.com",
                "www.wsoctv.com",
                "www.wftv.com",
                "www.wishtv.com",
                "www.wsbradio.com",
                "www.huskermax.com",
                "www.troybilt.com",
                "travelnoire.com",
                "www.boston25news.com",
                "www.actionnewsjax.com",
                "face2faceafrica.com",
                "www.therealreal.com",
                "www.wsbtv.com",
                "www.blackenterprise.com",
                "www.krmg.com",
                "www.wpxi.com",
                "news.sanfordhealth.org",
                "www.sportingnews.com"
            ]
        }
    ],
    "categories": [],
    "performance": {},
    "cookies": 0.00127,
    "topInitiators": [
        {
            "domain": "pubmatic.com",
            "prevalence": 0.5205992509363296
        },
        {
            "domain": "first party",
            "prevalence": 0.2247191011235955
        },
        {
            "domain": "resetdigital.co",
            "prevalence": 0.1348314606741573
        },
        {
            "domain": "aditude.io",
            "prevalence": 0.03745318352059925
        },
        {
            "domain": "script.ac",
            "prevalence": 0.033707865168539325
        },
        {
            "domain": "htlbid.com",
            "prevalence": 0.011235955056179775
        },
        {
            "domain": "d14pdm1b7fi5kh.cloudfront.net",
            "prevalence": 0.00749063670411985
        },
        {
            "domain": "mlbstatic.com",
            "prevalence": 0.00749063670411985
        },
        {
            "domain": "lngtdv.com",
            "prevalence": 0.00749063670411985
        },
        {
            "domain": "fullstory.com",
            "prevalence": 0.00749063670411985
        }
    ],
    "types": {
        "Fetch": 46,
        "XHR": 68,
        "Image": 22
    },
    "nameservers": [
        "ns1.digitalocean.com",
        "ns3.digitalocean.com",
        "ns2.digitalocean.com"
    ]
}