{
    "domain": "restockrocket.io",
    "owner": {},
    "source": [
        "DuckDuckGo-US"
    ],
    "prevalence": 0.0000817,
    "sites": 12,
    "subdomains": [
        "app"
    ],
    "cnames": [],
    "fingerprinting": 0,
    "resources": [
        {
            "rule": "restockrocket\\.io\\/api\\/v1\\/setting\\.json",
            "cookies": 0,
            "fingerprinting": 0,
            "subdomains": [
                "app"
            ],
            "apis": {},
            "sites": 10,
            "prevalence": 0.0000681,
            "cnames": [],
            "responseHashes": [],
            "type": "Preflight",
            "firstPartyCookies": {},
            "firstPartyCookiesSent": {},
            "exampleSites": [
                "integrativepro.com",
                "justthrivehealth.com",
                "nutrimill.com",
                "outdoorlegacygear.com",
                "rammount.com",
                "realgoodfoods.com",
                "tifosioptics.com",
                "uptownspirits.com",
                "www.gungoddess.com",
                "www.toa.st"
            ]
        },
        {
            "rule": "restockrocket\\.io\\/api\\/v1\\/setting\\.json",
            "cookies": 0,
            "fingerprinting": 0,
            "subdomains": [
                "app"
            ],
            "apis": {},
            "sites": 10,
            "prevalence": 0.0000681,
            "cnames": [],
            "responseHashes": [
                "299f3bbbe5a84469ceaa57b3c4517bfdb8298c79a4b8a960ae1ae7905f60abb3",
                "a70f632d63d972e41466b758aac366c5bad22e6e71d6706102f8745390b65ba5",
                "e4c99d5a167f1842ca1c5a9f142bb795bb5c0995e5075d6251c976e7fc470792",
                "1abf7b5879754d97c4ddc34cf1c55f829733b5775f8e1629f387bd74b259d341",
                "bbf3ae770358d8d916c2a88109472b0d7d6038cd4768b46f3ec1551d7ec04d04",
                "711cf4d1817a2cba782d876c0078faa9262ec7645b2c6ee7cd8f500a94e5f6b2",
                "97a485b3a2db815f09639b8f2c2d2d8bab58b0ad1b905217256556bb417d29c8",
                "ecca758c482df506dc03174b3707a6a712af70d80ad2d568727aba2c1e07c8d4",
                "a5e38d2b8ca3002f6a721ae0fea5f49d683da656f9ec08f5d705bb578fcf0ef4"
            ],
            "type": "Fetch",
            "firstPartyCookies": {},
            "firstPartyCookiesSent": {},
            "exampleSites": [
                "integrativepro.com",
                "justthrivehealth.com",
                "nutrimill.com",
                "outdoorlegacygear.com",
                "rammount.com",
                "realgoodfoods.com",
                "tifosioptics.com",
                "uptownspirits.com",
                "www.gungoddess.com",
                "www.toa.st"
            ]
        }
    ],
    "categories": [],
    "performance": {},
    "cookies": 0,
    "topInitiators": [
        {
            "domain": "first party",
            "prevalence": 0.9166666666666666
        },
        {
            "domain": "minmaxify.com",
            "prevalence": 0.08333333333333333
        }
    ],
    "types": {
        "Preflight": 10,
        "Fetch": 10
    },
    "nameservers": [
        "dakota.ns.cloudflare.com",
        "hera.ns.cloudflare.com"
    ]
}