{
    "domain": "revinate.com",
    "owner": {},
    "source": [
        "DuckDuckGo-US"
    ],
    "prevalence": 0.000116,
    "sites": 17,
    "subdomains": [
        "twi"
    ],
    "cnames": [],
    "fingerprinting": 1,
    "resources": [
        {
            "rule": "revinate\\.com\\/JavascriptPhoneNumber\\/js\\.aspx",
            "cookies": 0,
            "fingerprinting": 1,
            "subdomains": [
                "twi"
            ],
            "apis": {
                "Document.cookie getter": 14
            },
            "sites": 15,
            "prevalence": 0.000102,
            "cnames": [],
            "responseHashes": [
                "2f167eaf0343002487504593788a55fc6f072f4d721d86b256801e7e4f2955f2",
                "613b0ea5be21039a2ab508ee071b17e77d286ab45bbf18916fc773d88a4b3a82",
                "7a5062f44de4aba15899b2b9dddce8a9cd04df4922bc3ea9e367f7e0dd0702fc",
                "9a077cae75bf7f637cfda1c4fe53f3ae7f63f0b94215c0d29106355019e07342",
                "66534920578a9dc8515c3d3749f04ce6a2fcc6b0c29c909a77cef07865c2c470",
                "eb22ff417a932a3c626f1aab12f246aaac476d7a10d164a3a4195db2f98ea78c",
                "82ccb55f35d143e3ef422bbd2b6d081683ddf90764454d25b419a5987b873246",
                "7ff2da49d0ff7b82a4083faaeeb14b6e7fb1a0e23320355bda0d8761e435dc5d",
                "a69f7e4703b72e90659d166da3e86d3afe1bd82de7a2fbdeb91eddc680fe6e99",
                "d13dab333e353f3c47f14693dd964b24327b4c03979195e5691ef1a366814eec",
                "e1c260bcdcd69947a22f74a9f2c2e310f4854a978968811575e0dd77aa0bfc6d",
                "8a0973978690af53a5e86b157c597390158b126b567bf31116b2cfdb85710fe3",
                "e325860efac5ebffd20d6a7b05fcc413b770aab20bdc8844f80ab5a220a6ed49",
                "35309caf213456c24e240312d9baaacdf235696212171fee0e81496684383189"
            ],
            "type": "Script",
            "firstPartyCookies": {},
            "firstPartyCookiesSent": {},
            "exampleSites": [
                "kiawahresort.com",
                "www.aubergeresorts.com",
                "www.bandondunesgolf.com",
                "www.blueskycabinrentals.com",
                "www.cdaresort.com",
                "www.destinationkohler.com",
                "www.miravalresorts.com",
                "www.mohonk.com",
                "www.nemacolin.com",
                "www.palmettodunes.com",
                "www.sundanceresort.com",
                "www.telluride.com",
                "www.thebreakers.com",
                "www.visitcatalinaisland.com",
                "www.zehnders.com"
            ]
        }
    ],
    "categories": [],
    "performance": {},
    "cookies": 0,
    "topInitiators": [
        {
            "domain": "first party",
            "prevalence": 0.8947368421052632
        },
        {
            "domain": "googletagmanager.com",
            "prevalence": 0.10526315789473684
        }
    ],
    "types": {
        "Script": 15
    },
    "nameservers": [
        "ns-1751.awsdns-26.co.uk",
        "ns-77.awsdns-09.com",
        "ns-816.awsdns-38.net",
        "ns-1524.awsdns-62.org"
    ]
}