{
    "domain": "ringpublishing.com",
    "owner": {},
    "source": [
        "DuckDuckGo-US"
    ],
    "prevalence": 0.00017,
    "sites": 25,
    "subdomains": [
        "cmp",
        "embed.videos",
        "recommendations-onet.aureus"
    ],
    "cnames": [],
    "fingerprinting": 1,
    "resources": [
        {
            "rule": "ringpublishing\\.com\\/1746213\\/get-config",
            "cookies": 0.00015,
            "fingerprinting": 0,
            "subdomains": [
                "cmp"
            ],
            "apis": {},
            "sites": 22,
            "prevalence": 0.00015,
            "cnames": [],
            "responseHashes": [
                "c66c5daeaaef1b1d3989b936cc91b109cf7c87cf6615254653596a4c04262dcc",
                "3bbe93908e26ac78978e712bb714042a67c5a596331f7c5a9962bdb4bfb53c2b",
                "176e23da3190e70c2d175446a3fc146675568cf6e9ca764d326265204ae6afc8",
                "1668564c2105e212ca1b0e7a9cc7566a1dea97e86940eb61c3e7e1867035de5c",
                "3eaa8b7cb4cb1b7d79b478a7b3bdaf9a006be821885fdf6cb4dd1305bd0c1c66",
                "caf88cdf0d2841ce01d82b94ef47c315dfd406210f59e04568cb53edd1fd8ff0",
                "b1ce29d47698888f2ec2152b37bf5c6c5733cb489f33bd7edf939956297e50e0",
                "d7489d6579fd057463acfa87e6ab35c9bb014837c1423b79e88f403a664b7453",
                "0790ac613e2e1d12e9dcdd8aae1bdb6f15ad0241df435b23438664abe17a3dfb",
                "94fe9544262d49b5aa738aeca22650e90897d2e05adca1bc5faf8c00d0597df4",
                "fb8790ab4d45639b75f5d2eaf6fb2cfde4432bf6ce4583ba520576a01f145311",
                "eba0b16a6a9ffceb5ffc54026c2087d14dff7776e492c6f6f3c7aa2124ff6603",
                "d6797774e8305bb81ba6defb4cfd8833bbdd799fce1d1c6dd1853215da21db3a"
            ],
            "type": "Fetch",
            "firstPartyCookies": {},
            "firstPartyCookiesSent": {},
            "exampleSites": [
                "kobieta.onet.pl",
                "www.skapiec.pl",
                "www.medonet.pl",
                "www.onet.pl",
                "pogoda.onet.pl",
                "przegladsportowy.onet.pl",
                "www.komputerswiat.pl",
                "wiadomosci.onet.pl",
                "www.auto-swiat.pl",
                "kultura.onet.pl",
                "poczta.onet.pl",
                "zapytaj.onet.pl",
                "businessinsider.com.pl",
                "sympatia.onet.pl",
                "zywienie.medonet.pl",
                "www.fakt.pl",
                "www.forbes.pl",
                "www.ofeminin.pl",
                "jakdojade.pl",
                "plejada.pl"
            ]
        },
        {
            "rule": "ringpublishing\\.com\\/8756215\\/get-config",
            "cookies": 0.0000136,
            "fingerprinting": 0,
            "subdomains": [
                "cmp"
            ],
            "apis": {},
            "sites": 2,
            "prevalence": 0.0000136,
            "cnames": [],
            "responseHashes": [
                "175397ae42ec0440cbe19db95ff9a13cfa6e713e7aed4c7fb273c3b1df75d2b0"
            ],
            "type": "Fetch",
            "firstPartyCookies": {},
            "firstPartyCookiesSent": {},
            "exampleSites": [
                "gratka.pl",
                "www.morizon.pl"
            ]
        },
        {
            "rule": "ringpublishing\\.com\\/scripts\\/embedCreator\\.js",
            "cookies": 0.0000136,
            "fingerprinting": 1,
            "subdomains": [
                "embed.videos"
            ],
            "apis": {
                "Navigator.prototype.product": 2,
                "Navigator.prototype.userAgent": 2,
                "Date.prototype.getTime": 1
            },
            "sites": 2,
            "prevalence": 0.0000136,
            "cnames": [],
            "responseHashes": [
                "78e64ffccc7ef641c316b27d90c6081986c1701e62fc31162a6d1ca1de15a776"
            ],
            "type": "Script",
            "firstPartyCookies": {},
            "firstPartyCookiesSent": {},
            "exampleSites": [
                "fakt.pl",
                "zywienie.medonet.pl"
            ]
        },
        {
            "rule": "ringpublishing\\.com\\/v1\\/recommend",
            "cookies": 0.0000136,
            "fingerprinting": 0,
            "subdomains": [
                "recommendations-onet.aureus"
            ],
            "apis": {},
            "sites": 2,
            "prevalence": 0.0000136,
            "cnames": [],
            "responseHashes": [
                "effab8b9a497fcd2c37328a0384c9860169f23f43708bc126948f68cb8d63953"
            ],
            "type": "Fetch",
            "firstPartyCookies": {},
            "firstPartyCookiesSent": {},
            "exampleSites": [
                "onet.pl",
                "www.onet.pl"
            ]
        },
        {
            "rule": "ringpublishing\\.com\\/v1\\/recommend",
            "cookies": 0.0000136,
            "fingerprinting": 0,
            "subdomains": [
                "recommendations-onet.aureus"
            ],
            "apis": {},
            "sites": 2,
            "prevalence": 0.0000136,
            "cnames": [],
            "responseHashes": [],
            "type": "Preflight",
            "firstPartyCookies": {},
            "firstPartyCookiesSent": {},
            "exampleSites": [
                "onet.pl",
                "www.onet.pl"
            ]
        }
    ],
    "categories": [],
    "performance": {},
    "cookies": 0.00017,
    "topInitiators": [
        {
            "domain": "first party",
            "prevalence": 0.5952380952380952
        },
        {
            "domain": "onet.pl",
            "prevalence": 0.35714285714285715
        },
        {
            "domain": "pulsembed.eu",
            "prevalence": 0.047619047619047616
        }
    ],
    "types": {
        "Fetch": 26,
        "Script": 2,
        "Preflight": 2
    },
    "nameservers": [
        "ns51.ringpublishing.net",
        "ns49.ringpublishing.net",
        "ns52.ringpublishing.net",
        "ns50.ringpublishing.net"
    ]
}