{
    "domain": "roomrentpast.com",
    "owner": {},
    "source": [
        "DuckDuckGo-US"
    ],
    "prevalence": 0.000143,
    "sites": 21,
    "subdomains": [],
    "cnames": [],
    "fingerprinting": 0,
    "resources": [
        {
            "rule": "roomrentpast\\.com\\/services\\/",
            "cookies": 0,
            "fingerprinting": 0,
            "subdomains": [],
            "apis": {},
            "sites": 21,
            "prevalence": 0.000143,
            "cnames": [],
            "responseHashes": [
                "eb482cb18793a441e82e880c62029eb407e77ba1749d4a63e43b87a1e6d7a346",
                "8bb3fbbd4ab0bf851729e6aef7073d90c71e565f7bbe508f414305f83418173a",
                "f40f3c58bed73bbfdc8326db1a066fc95fe573075b20c7ea519b33be63c34516",
                "cda27103c5794dd9e08c4f0d2fd2b6e820ff761c37674a75a4dc65028254c8c8",
                "d81e7344a9bf9c993e548dec15750d75ccead3d55a43a8c586dec976f0288fda",
                "0489039d028e1cf69e0007a15bbc2c5b278ac61c8f30d66563ec863634634518",
                "99051d9fd43edbcf57a6836356d27aaf676ad74939faa4727afa595c05aeabd5",
                "d4f6ce915d854911dda7c2d40553403914b70d591fe72143262bee05825bcca3",
                "42ae4eb73ff3112c7c05c93c4adb45c39cdcabbdff60e53128514a9bcd2b08fc",
                "0ca7f10eb7b34a76de7340349dd2e1b32ce5c84cc61b8cc9fd5265fe0190d415",
                "86506b667b0469a655465157cd992caad4e6ed4f54adbb126e1c53fb8ff1181f",
                "f3822ed9dfdb2b31e38668a8e0b04db100d1d5d64259cee89c5ed9d14ff6fd74",
                "35434b82780e5f94df5eec46d854737106ce82c2e0e2eedf4f937fe3a6f3537c",
                "42c414b3b668efc57e3545bea5ae3651635a4f98d288c0f01c30c6343e8e5fc0",
                "2776ab96fb928e3f54ec0ed9856f92745ac519f820c4c4d41023deac1178a7af",
                "34487551bb9602c8170698f22c11d5b64688d2ad0f3a51c9f60a0f7175a7763f",
                "08cf15e3d7da9eb2780835e64cc5420ba54e4899f687a2c9a733a9ce5c5fec8b",
                "4ff2016eb63e155ff89f6aacceb8a13f878c82be09fbb6a2fa4238e919ec7e1c",
                "0a445cadaec9426cf411fd23698834fbf0fceae97c1aa5a9b936dc3ec433f8a1",
                "cc4509934dd13165129a4fd29ab5f1c01893afe752eca651eb5c5d462a05494d"
            ],
            "type": "Script",
            "firstPartyCookies": {},
            "firstPartyCookiesSent": {},
            "exampleSites": [
                "pornrusskoe.fans",
                "teenochka.xyz",
                "xcelebs.ru",
                "ww.tizam.pw",
                "pornokran.cc",
                "the.zorox.sex",
                "sexdom.click",
                "pornoanal.me",
                "pornoanal.top",
                "eropic.cc",
                "pornopyanie.xyz",
                "w4w.pornoboss.tv",
                "you-stories.com",
                "babushky.club",
                "the.onporn.fun",
                "topdevka.com",
                "buboob.com",
                "siski.name",
                "domashka.link",
                "ttelka.com"
            ]
        }
    ],
    "categories": [],
    "performance": {},
    "cookies": 0,
    "topInitiators": [
        {
            "domain": "first party",
            "prevalence": 0.9655172413793104
        },
        {
            "domain": "octolinkcom.me",
            "prevalence": 0.034482758620689655
        }
    ],
    "types": {
        "Script": 21
    },
    "nameservers": [
        "dns2.registrar-servers.com",
        "dns1.registrar-servers.com"
    ]
}