{
    "domain": "rss2json.com",
    "owner": {},
    "source": [
        "DuckDuckGo-US"
    ],
    "prevalence": 0.000123,
    "sites": 18,
    "subdomains": [
        "api"
    ],
    "cnames": [],
    "fingerprinting": 0,
    "resources": [
        {
            "rule": "rss2json\\.com\\/v1\\/api\\.json",
            "cookies": 0,
            "fingerprinting": 0,
            "subdomains": [
                "api"
            ],
            "apis": {},
            "sites": 11,
            "prevalence": 0.0000749,
            "cnames": [],
            "responseHashes": [
                "f3441913f133d369e66acf9829a9a052633ccd52bebaa0b8e1b1e2989c64f72c",
                "f14402f98ab0f75130b62fb3df2086df56d77a0c9fda287f080c59307166f20b",
                "935ac351a5605ea24ebc7162b5d6331a5c7d75f391e43adeb077fcc4a13f66c5",
                "b3587bffd910185e79baada0e8a2b262f96fe2b3469657a36d3c1de9efcff864",
                "f16d3f7fe0d47a93283c7fb1c307d73ff73aa91a314dec29c04e311178815fce",
                "0dfa15a34961446c6572e14ce0eec1f9996cf5615f190180f8d43cb85abf4884",
                "6a86e2cb35c7d82474a01448a2ef8111b55d52cd2bb5b6c75f03208a0663e56e",
                "8369c4f3b4ba1f2b4eb174c8c5042e881ce91af0380775759a5541065c569950",
                "5b68e33455352119ecff1ccfe4059b0507c71a54f7555bebfdce6e3c32b0d85f",
                "0c5cfcce5885578a5f77ea43af4bfc683e9b0011369b8089a8108a6eb4eb1db5"
            ],
            "type": "XHR",
            "firstPartyCookies": {},
            "firstPartyCookiesSent": {},
            "exampleSites": [
                "almarsguides.com",
                "forum.corsair.com",
                "learn.adafruit.com",
                "plainenglish.io",
                "www.almarsguides.com",
                "www.bristol.ac.uk",
                "www.matrixgames.com",
                "www.nwmissouri.edu",
                "www.siouxfalls.org",
                "www.slcc.edu",
                "www.upmchealthplan.com"
            ]
        },
        {
            "rule": "rss2json\\.com\\/v1\\/api\\.json",
            "cookies": 0,
            "fingerprinting": 0,
            "subdomains": [
                "api"
            ],
            "apis": {},
            "sites": 2,
            "prevalence": 0.0000136,
            "cnames": [],
            "responseHashes": [
                "e73444b03a363ab44e1f85a452fa9fbdb80da3c20fa7a8e97f8afe972980ed94"
            ],
            "type": "Fetch",
            "firstPartyCookies": {},
            "firstPartyCookiesSent": {},
            "exampleSites": [
                "pastorvlad.org",
                "www.gunowners.org"
            ]
        },
        {
            "rule": "rss2json\\.com\\/v1\\/api\\.json",
            "cookies": 0,
            "fingerprinting": 0,
            "subdomains": [
                "api"
            ],
            "apis": {},
            "sites": 2,
            "prevalence": 0.0000136,
            "cnames": [],
            "responseHashes": [
                "031f2d663361ae1b82c896608586dd89f77d574e2c44d609e5972750d56594dc"
            ],
            "type": "Script",
            "firstPartyCookies": {},
            "firstPartyCookiesSent": {},
            "exampleSites": [
                "chihealth.com",
                "www.mysticstamp.com"
            ]
        }
    ],
    "categories": [],
    "performance": {},
    "cookies": 0,
    "topInitiators": [
        {
            "domain": "first party",
            "prevalence": 0.6388888888888888
        },
        {
            "domain": "ajax.googleapis.com",
            "prevalence": 0.1388888888888889
        },
        {
            "domain": "cloudflare.com",
            "prevalence": 0.1111111111111111
        },
        {
            "domain": "invisioncic.com",
            "prevalence": 0.08333333333333333
        },
        {
            "domain": "jquery.com",
            "prevalence": 0.027777777777777776
        }
    ],
    "types": {
        "XHR": 11,
        "Fetch": 2,
        "Script": 2
    },
    "nameservers": [
        "dawn.ns.cloudflare.com",
        "ben.ns.cloudflare.com"
    ]
}