{
    "domain": "rtbrenab.com",
    "owner": {},
    "source": [
        "DuckDuckGo-US"
    ],
    "prevalence": 0.00105,
    "sites": 154,
    "subdomains": [],
    "cnames": [],
    "fingerprinting": 0,
    "resources": [
        {
            "rule": "rtbrenab\\.com\\/get\\/",
            "cookies": 0,
            "fingerprinting": 0,
            "subdomains": [],
            "apis": {},
            "sites": 125,
            "prevalence": 0.000852,
            "cnames": [],
            "responseHashes": [
                "e2359d502c65f8e1ceced51cd1d348d0b583e498ac7462094b0dc8e4670596c6",
                "85603b7cdd07ac753ec8bd2ddd79b90e4adabf3d0570ffa64dccf00ac68bc839",
                "7400e36c0644eed02c3f22fdc14a3cd53e1b9acd437b8b79d0ad373c5b7a6c8d",
                "0be2fdccf814b96f17b845f506914ede0728f189a49be0441b807b4cc93e5d58",
                "443dd06deb61a5378962ca65473fd7ae41e82ec86948f98038c2f1352f71a03f",
                "40c1d0b0e63e8308aad7db2c579d357b5b34ea4487411833deda4de9f5c5075e",
                "2ede8bacd5af447f12c6f5ba6590b647a912f460c0652fb71c92ce8c6f2bbe1f",
                "401a3a9fb73c35c4297cc284f9a239540fc2baa596f747c3f63b8195a1f9674c",
                "7c2bd4e8766368044c96d502cb7cc4360941635fc04e67cb01d229abc08b4247",
                "e6859cbc4f75924c77bb78715855848f4cfc46356df79ff074da3e6cc958551e",
                "ce1dbeca6dda5921b76e3b60ddbb59abfe131ea134549f33209df7695af729cf",
                "9315e6c61588f70baffca37baff65ffb7642017597771ce16a5be6dd61fe588f",
                "2c0d8a02674b8134dd1a60309b8d9b1ddaae0a689cdd37818a167b946f7b494f",
                "6b7e2833199fc888e27440b7ba797715fc521ece3c0b1bcdf5ae97d6189f7dd9",
                "37e1f132841db39d5359eda44b6430e6f905ef4883e1eae0acd07ebfbd9ffb52",
                "12ed47d18b48a9ca92d785f127205e9273106f8cc5116f5079e1faa525263c18",
                "a7cd7c22048718728722f10564e700984642cd153fb53effe446735c310d0685",
                "2cef5181126e98718d183e684da803a99b57c69c2244da016c3a1cafeff8d0ba",
                "b37bdce6198d22b8b3b16506a310ece2fa2b76676a461db5f93e6ce224842f9e",
                "ca802cb4cb91ab02a9269c3c86013db2b638b05bc2342e0e484f254e510c614b",
                "f24beab7afb04db3b9496cbe215b3c91e2ad085bcea26d9a477a22173a5614d3",
                "6e2c2e08f15f8cce933af725645e9d36e86c4534964f8146a52c8f4db3b7127d",
                "88f29747ffc97e55dd2547e1ed2afef56fb66ceb37af918def86cdbe5c52696d",
                "df253914dcc4428d203ca49d4e3a579088b09deb425afe190026fc32abff8f57",
                "8c7e520636c00a110d0206f4f41351514167507c312e8073d1902a42458036f7",
                "7b8e1428d3aa8d7d134f709052776dd067fb57c61118fd426995e7fbec6e6e62",
                "215627edb0c410fc421bcb8a4d3ad123162455e3b7024ed8617dc21bdbdf0cb8",
                "f2a04275d7e9355b1a74f45222a14e8a11e201993d68abdd7a7cb9c30bce443f",
                "70a0923034c1db90d8083d8761d3b19a6f8c05223c236f333830efaac90df829",
                "2355c220f0b79bfb906bf07a3e45fe8e5e9fb5a13414530adce44f9de192a1d6",
                "aa13ff55280cccea23a933c8d24342894bb1c2722019e2de49a646b4ec72f20d",
                "3ff887fc3f04b7537177c565cab79d36f27f154b9b4beb54e1828e0893ddeb42",
                "41840df6ca6f10d1ddc00ce1689dbcdec4d491527e8dd309b55bc0ab7d25733b",
                "5108b39c0c9062ab3cb9e81e5192a7ad70d327cba17930967a9c2de3b538f64d",
                "d45b9f35a26ea952453e48eb7edbb9030a4e62e798be51dae3a2f171a3a220ef",
                "5b8d2fbc1a419d392063a00b13af5f1fda1184355eeaab73c393e80a3fca2f52",
                "50dfa219e4623619229b64477cacccf408a92bccc3869c2c29bb498ca2a36740",
                "95122030c0f69a1ddb81e41021f6c6de82a3275feb03238adc689122d98b27ca",
                "43c6b5f45abf2689216b07d253f9c88448f50171f922148cb157616bcdbbb12d",
                "fe1d1820d6204387eb3ad3758e33cc783fa0ef232c53eebcc6f07f659ef17d3c",
                "db507f4c8c7205d589a99c1a791b8ecbff3607c6db1ee2b11079254b8ba20ff4",
                "ff4147a0ceee4a1cec8de0829cfe7a47b4fd8ec2de9e60eaab5bd05195f7d00d",
                "d97357c5a96ae716c13e2ec9c31b390c431a5e90366e4f886bc3da33311cd39c",
                "ca3e8931a8f43be84f2feecb74cff8d56cebf4971c8c19c1dcff0af7c989fe46",
                "85a75ea4249b90a926b7434a3d1401b103eb033e1eef3392638c0bb3e8cb343c",
                "b3cbb56ba47ff4b4bd9020fbd426aba70e3021f692e81c0070920db0c73cbabd",
                "657e3d800b1bfe4c880ae3d11ac672ced065d12e81ca4534951a71cc4e26b55f",
                "c1277416c1f89c85326513be062f373699d52bb4607e6d1eaec13cdf46d5713c",
                "6a2d2fb9116102278ff385ce0e92f856fe2e166c36fe2f25755bffefa24afeb0",
                "b018507820ab788505967ea08eebc92efb3086c407f113976e8ad6d0a8853fb4",
                "e8dcba9affc83384117b7d9e1a2a3529473336f62ff791991989ec07ed05e7f3",
                "d396d2050dc5767cb88d04e0a04d63c02c4e50dba291cc0ed3807aa93e28d680",
                "43d7ee1b8b6ad375395dd4e40b7f5b97705b3336622ada34ce82821cba491316"
            ],
            "type": "Document",
            "firstPartyCookies": {},
            "firstPartyCookiesSent": {},
            "exampleSites": [
                "www.dirtyshack.com",
                "javleak.com",
                "linkbokep18.click",
                "www.bokepsin.cam",
                "pornwiss.com",
                "bokepsan.net",
                "operationdisclosureofficial.com",
                "www.xpee.com",
                "bokepsin.today",
                "sangetube.cc",
                "goredb.com",
                "vlxxmovie.com",
                "speedporn.net",
                "www.bokepmesum.cam",
                "rajacolis.cfd",
                "mmsbee24.com",
                "www.voyeur-house.life",
                "www.perverzija.com",
                "pornosub.net",
                "sangelink.xyz"
            ]
        },
        {
            "rule": "rtbrenab\\.com\\/banner\\/in\\/show\\/",
            "cookies": 0,
            "fingerprinting": 0,
            "subdomains": [],
            "apis": {},
            "sites": 119,
            "prevalence": 0.000811,
            "cnames": [],
            "responseHashes": [
                "757492c2b2a1f71aa0b8d0e8a12bc5e81528701e3f39b7ee22f0ea14cf3a117c",
                "b6fd3643f2cd367f1306cb6b761dd7b550b345de136cbc60316d0b0eaaa2f07a",
                "968b17baf99ffc8097fdbe0d8552113c2f6e7da2a63e3967f24811e2e2e0a312"
            ],
            "type": "Document",
            "firstPartyCookies": {},
            "firstPartyCookiesSent": {},
            "exampleSites": [
                "bokepsin.skin",
                "kitacabulsex.click",
                "hentaiz.org",
                "xnxx.club",
                "en.paradisehill.cc",
                "mmsbee24.com",
                "hdxjav.xyz",
                "www.bokepsin.cam",
                "watchpornx.com",
                "photochki.pro",
                "influencersgonewild.art",
                "playcrot.top",
                "pornotaran.com",
                "evexxx.com",
                "videking.com",
                "bollywoodporn.pro",
                "www.onlyporn.tube",
                "avtub.mom",
                "dankwank.net",
                "colmek.link"
            ]
        },
        {
            "rule": "rtbrenab\\.com\\/banner\\/in\\/show\\/",
            "cookies": 0,
            "fingerprinting": 0,
            "subdomains": [],
            "apis": {},
            "sites": 6,
            "prevalence": 0.0000409,
            "cnames": [],
            "responseHashes": [],
            "type": "Image",
            "firstPartyCookies": {},
            "firstPartyCookiesSent": {},
            "exampleSites": [
                "putaxvideos.com",
                "tube.perverzija.com",
                "vlxxmovie.com",
                "www.onlyporn.tube",
                "www.perverzija.com",
                "www.pornhits.com"
            ]
        }
    ],
    "categories": [],
    "performance": {},