{
    "domain": "rtoaster.jp",
    "owner": {
        "name": "BrainPad Inc.",
        "displayName": "BrainPad"
    },
    "source": [
        "DuckDuckGo-US"
    ],
    "prevalence": 0.000211,
    "sites": 31,
    "subdomains": [
        "rt",
        "js"
    ],
    "cnames": [],
    "fingerprinting": 1,
    "resources": [
        {
            "rule": "rtoaster\\.jp\\/t\\/",
            "cookies": 0.00000681,
            "fingerprinting": 1,
            "subdomains": [
                "rt"
            ],
            "apis": {
                "Document.cookie setter": 1
            },
            "sites": 29,
            "prevalence": 0.000198,
            "cnames": [],
            "responseHashes": [
                "20a91ceb4414385653f49eec48e22b9c381a0d2fe46c865a5a88c487ba0776c0",
                "a4e03fe970f6f16f48846334ce03820d22cd8501a8bcaa25bda91376bc56f22a",
                "18a4950861159eb1a7f80cdceaeb789b507e11da8a5d6675ea65d8cc26dae93d",
                "ad845a5b18e27dab2c6f367f5984a1c04c9c3445daeb5677911ad268a1fda0ce",
                "125d956452ea2841cad8369ed619e237a9e35dedf8d7f13278d010c88d30c1a3",
                "faa15c16048ebb283761e31e79f27ac28755d2f63f347964b510def4139124e3",
                "f8bb50e85578c10138ab39574667ffa29f3d9d5b45c491f2458b3d701e0e877a",
                "2ae73d2ffa22be12dd77cca1d22b8b9f8b4a1c3698e28f34199abe830a1e1f10",
                "d8ac467d36f4c50e0e8f5975c9d1d2adae4f6c89b129cfea376b6f10b2576c07",
                "f7b4e8085547dd76be292ad901eb86f955b7a80fdf095ace3fbdb7c45c24f9d7",
                "d4ef8d031e6c685754634f60ceeb1c836f17248e55896b0622e168c155fb36db",
                "f720e7bad6a79c3f99bd458dc4ed2acf05107848071dcc57cb22c773d7819a42",
                "8d51e9dcc6c2068d8b63efc007a15e0d43a679e826d68f0fea2b2703363d8c7d",
                "25b723550a871821efad610fb60d6dded92e14206cd80bbd95727c1687055259",
                "955186893616340aa02b8206c7125ceb97556f54af476fb2280a49beffc01459",
                "3f3182a6355a82405934552dc96ce113ffdde1480a6f7dffd1f84a45c4cf1051",
                "f2cecf2a9454d30908818ba03e301d4c5402a1bcd2085e8cdc8d1b17d9cd5fd2",
                "5b3b4b9ae6b1c27a228b9bd8a781c94a11f26ea53e52f600e75f1c14872713ba",
                "3b87ef8f729c0ae7c7bef22dc6767438e2b654c5888c285ab4d2a709d1ed7755",
                "77453d7da3b2c3707cef61249866a05fcd7b2610892207f19f96f1f760866d12",
                "2c63d577877f0f14d994ec6bb1341b02333c826c79da69f8ad9e2ae225ae32d1"
            ],
            "type": "Script",
            "firstPartyCookies": {
                "_rt.uid": {
                    "ttl": 63158415,
                    "length": 36,
                    "prevalence": 0.000006812035504329049,
                    "uniqueness": 1
                },
                "_rt.xd": {
                    "ttl": 82815,
                    "length": 8,
                    "prevalence": 0.000006812035504329049,
                    "uniqueness": 1
                }
            },
            "firstPartyCookiesSent": {
                "__pid": 0.000006812035504329049,
                "s_previous_uri": 0.000006812035504329049,
                "_rt.uid": 0.000006812035504329049
            },
            "exampleSites": [
                "www.matsui.co.jp",
                "dime.jp",
                "www.biteki.com",
                "www.jreast-timetable.jp",
                "www.smbcnikko.co.jp",
                "jbpress.ismedia.jp",
                "r.nikkei.com",
                "precious.jp",
                "menjoy-digital.jp",
                "www.usj.co.jp",
                "www.melonbooks.co.jp",
                "www.felissimo.co.jp",
                "manabi.benesse.ne.jp",
                "www.sbishinseibank.co.jp",
                "nikkei.com",
                "oggi.jp",
                "www.jreast.co.jp",
                "crosset.onward.co.jp",
                "www.animatetimes.com",
                "www.ntt.com"
            ]
        },
        {
            "rule": "rtoaster\\.jp\\/r\\/",
            "cookies": 0,
            "fingerprinting": 0,
            "subdomains": [
                "rt"
            ],
            "apis": {},
            "sites": 18,
            "prevalence": 0.000123,
            "cnames": [],
            "responseHashes": [
                "55bc2f5f0eef00c654219518d7aeb1eba87ca8d6de5fc6354a561042d8dd6a74",
                "45ad89b72a55e48de70b6953fe5b8730629589b96d50eead96b09d935a6c1be2",
                "fbfb0b6ba86aad1a233f311b6adc2d14dafb3ca1d8519da607eebb2dd449e817",
                "1310d628d4a8fd88666ed9213bfaa32613316d895a00bcf0b2e6347b04845fce",
                "320ccbf5d51a61779b245b6e42380771f1ec061b0f8bdb2be4ee7a7950193a89",
                "30a82d7e57652eb8bc819254d23dcaa32c71d7519f888dcbe4036e8524f1df77",
                "931e5e51ae00869a3738dd8d0810f51bad29baff2892e7ab27fa8d4d0e816073",
                "c3ce6a4dc59937fd9b7e7577dedb9aa4aabf998f65a73d4c2f2a27bcfb37396a",
                "0fe893152f53f569448527f3bff0f5c7697dc9b4595a40418bc63b3504a8334c",
                "0b8010d6fc8f28cf333f9aa1a90c63f061d322a7f715ba148b896f78d82c95e0",
                "ba684251f03f3c8fe568551b15c787046fc2a1c1fe2e0a4e7e65bf59194d326a",
                "a72aadcf36d0176acd604aa45fb704a36c3032935ca4d122dd37eb3f68691f99",
                "59f84eea89721ea9465e7ad22bf13e2556e642048622d35b115ee671c531fd16",
                "ce7c2bad16aebc0f10d3a07d35b42ca7b041f108ff4c580239c3b3bfc5b29ba3",
                "65dffa6a64198b38bc2d5a29c0f27c011d8ec7b55d527d243e02b3aa9769abbb"
            ],
            "type": "Script",
            "firstPartyCookies": {},
            "firstPartyCookiesSent": {
                "__pid": 0.000006812035504329049,
                "_rt.uid": 0.00010899256806926478,
                "s_previous_uri": 0.000006812035504329049
            },
            "exampleSites": [
                "nikkei.com",
                "jbpress.ismedia.jp",
                "r.nikkei.com",
                "rurubu.jp",
                "www.animatetimes.com",
                "www.felissimo.co.jp",
                "www.jal.co.jp",
                "www.jreast-timetable.jp",
                "www.jreast.co.jp",
                "www.matsui.co.jp",
                "www.melonbooks.co.jp",
                "www.nikkei.com",
                "www.ntt.com",
                "www.sbishinseibank.co.jp",
                "www.shiseido.co.jp",
                "www.smbcnikko.co.jp",
                "www.usj.co.jp",
                "www.wowow.co.jp"
            ]
        },
        {
            "rule": "rtoaster\\.jp\\/Rtoaster\\.js",
            "cookies": 0.0000749,
            "fingerprinting": 1,
            "subdomains": [
                "js"
            ],
            "apis": {
                "Document.cookie getter": 18,
                "Document.cookie setter": 11
            },
            "sites": 20,
            "prevalence": 0.000136,
            "cnames": [],
            "responseHashes": [
                "6762615804eea62d385bab7695e0fdeed7c4f66c3fd966798a7f72dd6866bef4"
            ],
            "type": "Script",
            "firstPartyCookies": {
                "_rt.uid": {
                    "ttl": 63158405,
                    "length": 35,
                    "prevalence": 0.00007493239054761953,
                    "uniqueness": 1
                },
                "_rt.xd": {
                    "ttl": 82805,
                    "length": 8,
                    "prevalence": 0.00007493239054761953,
                    "uniqueness": 1
                }
            },
            "firstPartyCookiesSent": {},