{
    "domain": "run-syndicate.com",
    "owner": {},
    "source": [
        "DuckDuckGo-US"
    ],
    "prevalence": 0.000395,
    "sites": 58,
    "subdomains": [
        "cdn"
    ],
    "cnames": [],
    "fingerprinting": 0,
    "resources": [
        {
            "rule": "run-syndicate\\.com\\/sdk\\/v1\\/n\\.css",
            "cookies": 0,
            "fingerprinting": 0,
            "subdomains": [
                "cdn"
            ],
            "apis": {},
            "sites": 56,
            "prevalence": 0.000381,
            "cnames": [],
            "responseHashes": [
                "24b59f4e4fbf1d4a988ffa478952ceb54e0b2f0774da926bcd2cc0376200dbfe"
            ],
            "type": "Stylesheet",
            "firstPartyCookies": {},
            "firstPartyCookiesSent": {},
            "exampleSites": [
                "cin.pw",
                "api.myvidster.com",
                "manhuascan.io",
                "mangajinx.com",
                "123serieshd.art",
                "cz24.news",
                "mangapark.net",
                "webtoonscan.com",
                "www.ohentai.org",
                "adultmanga.us",
                "reaperscans.com",
                "kinokiste.live",
                "manhuascan.com",
                "www.readmng.com",
                "mangaschan.net",
                "moviehax.me",
                "mangaclash.com",
                "mangatoto.com",
                "cin.wtf",
                "www2.hdfilme.best"
            ]
        },
        {
            "rule": "run-syndicate\\.com\\/do2\\/d3f05819168e4e31bf27cd5a3119500f\\/dynamic",
            "cookies": 0.000109,
            "fingerprinting": 0,
            "subdomains": [],
            "apis": {},
            "sites": 16,
            "prevalence": 0.000109,
            "cnames": [],
            "responseHashes": [
                "a24093fb30816978eccfcbfcef683ae010c41a805e6f49c6d12299214873e5d4",
                "4720e8d1baaeafefb002d658aa29b9548038cf38d8245126ca83ab58275f0e49",
                "dee6b2b9756970acd61af991a739c53c845b1947d747b142c1b5819d5223c682",
                "402fc5cc93331f9487c6e77f6b764983da775eddd27e5f47851eb301fd084374",
                "065a41c85fe000e69f159d5baa3214595b80d6f38cecd85efacfc507489f9c2f",
                "27d436ae3602a06e7394fef095c0f3564d7d2ef0d5381d2b2d6cc1b5531ac5fa",
                "6f3638cd879c3bbbd4f81f56e950e10e3b6359e9cd95097332a02d825720a068",
                "bdfdcb5b74625b3bf8930990197db9b044b80b7b92bf9049869d8dd2514ae6e1",
                "f70ae8e4433d6fa41e98e4b3c5b843641b2bd147ea3ff35edba9585f6ec141aa",
                "d40c7926f742dadbdaabd80a66e06a8b48c4f59d67beda8cd0b007c5f9e35a2e",
                "e9a6f948ba88d96ae648eb76ebad531b7a7e0a9ada331e49882fd0685fff3ea3",
                "c7f1c15f84e77744d69abdf867317c56e893e03101f32b10e7d8a2ecc1eacd67",
                "02988a5c61446b844999efd3ca0bb59d8f19a25dd27aaacd9d12c56ddafe9d99",
                "57bb8188511441ab5a6ce197c80828ed2c63253d4c67fe6c5f5f3d4145fb7759",
                "1b2b88bd4522ea5b9cb24378195b60f998904aacc727f407e075749cbaef1307"
            ],
            "type": "Script",
            "firstPartyCookies": {},
            "firstPartyCookiesSent": {},
            "exampleSites": [
                "123series.art",
                "123serieshd.art",
                "dramaid.best",
                "flixhq.watch",
                "hdwatch.stream",
                "kinokiste.live",
                "moviehax.me",
                "online-filmek.me",
                "streamcloud.best",
                "tamilyogi.to",
                "tv.idlixplus.net",
                "tv2.idlixplus.net",
                "www2.hdfilme.best",
                "xmovies8.stream"
            ]
        },
        {
            "rule": "run-syndicate\\.com\\/do2\\/7bde4a562ff44144aeadb1c4b0b394cb\\/dynamic",
            "cookies": 0.000198,
            "fingerprinting": 0,
            "subdomains": [],
            "apis": {},
            "sites": 29,
            "prevalence": 0.000198,
            "cnames": [],
            "responseHashes": [
                "8ce3cf72ac9307ad65ec43ea1d65483ed86e232b66da1ee6310c780c887e939a",
                "b139c3c68a33343fb86a896c164eded829d6ece2429b18ff6b2dcedc2bbe815f",
                "bb2048658901b26fd16555b4d2d30586480ed2a92a8eec866ae336e1789a89eb",
                "eefff9134d8ae6eb8213613806e61bfa35a0155f429b92f8b29b7bb4338ef0fc",
                "8f6595753fbc3fffadc963d3a15e6f732b4dd04e0f15c05efe39b9f153c3d8df",
                "63c428a34e98b816adfdbbaac089e8cb36c454529faa3bbf0674b2a2fda0c06b",
                "cadd24b71fbf1c3654e8897993e3d6bb3e5886453d02333a3143bb20bfbc92c5",
                "f0fdf2a9ba98a89c2ff32c57a27abf45ae3bf2dde05e28aa8b721eb58ae36e0a",
                "7c630bc383fe11d82941f72ca5d8d9a0fde58d220206bd96fee73aedba4b3451",
                "28e649cde65b29fc476f0ca4ddea16f0b50acf4d97bb6a13635527f8ad34ce8f",
                "ea96777a511c31cff2d3f76a936dd19170d3303ef5f7084ead6313306b3e4c39",
                "eede810d72d78179713b726022641f0ceea4aab5a735c276113599715d5833cf",
                "387320e96d88fe34eee34c9c53de62f82731fb6e04bcd12f92230b92995eae16",
                "fe6c5ddc38c804eee6c07b0803385f543e19480c43e8f1ac3ffa814e1cf683f6",
                "3d0a777d80fbb406741131354546d866c1ca6610ec5a7e355900fd82edb0b81a",
                "d3445f47e6ccb608a6cd213eb327db4bfb38b5ffd1a438002ca6f01d49a4bc08",
                "b7ca16bbbdc30db2da436540679eee57c1af6c29159cf3a1bc335c2e957739fb",
                "d70fcd8ddeed06f63f921728e9ecdb586cd238ecb96991d821c69ab8316a9d59",
                "e5b6d9d89cad2ffca815713995dc1dc14ee50dbdd12ca958a82d680eff85a88f",
                "fdf1712db5217876f29772b05100d5e13e7aaf8a2959eb73383d3f586bb03ffb",
                "553b98b54f039c89a799744cdf0386d88f9021bcf4dfc2738e35a8272e1ec06e",
                "405549e143aa0e0b03cc9013489a58a020fe3bbf1b1e01d9f92d9155b5cc3e57",
                "bc6324a508d364d4df9894860b57f5b5f6f945105fd05016b2ae871e2e5eefe5",
                "a901f40157424ecdcf79d35dbf4fc9d47140cae79fa6dd0328a09018c0245034",
                "10d77d37e27b0f96b44f010f0c581d130b313391395ed6c6416d245a611a16cb",
                "29e338e230f4913a8cad89c5801cac83eb8da83653fbecf9a80f4024fbd8463d",
                "40882c2cb078f338713a50e5b0fe1c59ce196c5c562e59ea4684a2c8b3f109dd",
                "49ce31ae4960c76ddcfcfde906bf67339a97068dd37e0b7f116170ab79f1e78f"
            ],
            "type": "Script",
            "firstPartyCookies": {},
            "firstPartyCookiesSent": {},
            "exampleSites": [
                "nontonhentai.top",
                "adultmanga.us",
                "manhuascan.com",
                "batotoo.com",
                "reaperscans.com",
                "www.ohentai.org",
                "cz24.news",
                "tcb-scans.com",
                "cin.wtf",
                "sekaikomik.bio",
                "komikindo.info",
                "cin.pw",
                "rawdex.net",
                "cin.guru",
                "tmomanga.com",
                "bato.to",
                "mangaschan.net",
                "mangatoto.com",
                "manhuascan.io",
                "manhuaus.com"
            ]
        },
        {
            "rule": "run-syndicate\\.com\\/do2\\/fb31d65b95db4b1393943e001dc09d95\\/dynamic",
            "cookies": 0.0000136,
            "fingerprinting": 0,
            "subdomains": [],
            "apis": {},
            "sites": 2,
            "prevalence": 0.0000136,
            "cnames": [],
            "responseHashes": [
                "5829f78cf4ba7612634b0976e612b6007390be447336f31b61ffa2180311a9ad"
            ],
            "type": "Script",
            "firstPartyCookies": {},
            "firstPartyCookiesSent": {},