{
    "domain": "rvmessage.cfd",
    "owner": {},
    "source": [
        "DuckDuckGo-US"
    ],
    "prevalence": 0.000695,
    "sites": 102,
    "subdomains": [],
    "cnames": [],
    "fingerprinting": 0,
    "resources": [
        {
            "rule": "rvmessage\\.cfd\\/feed\\/",
            "cookies": 0.000525,
            "fingerprinting": 0,
            "subdomains": [],
            "apis": {},
            "sites": 82,
            "prevalence": 0.000559,
            "cnames": [],
            "responseHashes": [
                "6e8fb436bc88fefaae10cf2400e378df21a248882bb0e6131374d94bc53c8d96",
                "e3b0c44298fc1c149afbf4c8996fb92427ae41e4649b934ca495991b7852b855",
                "c6d588960133ebe22db15820e2bf9bf6d9765d6d2ab04db9830879625980b73c",
                "9c58637c447882948551b69882b2407c658abf819c702c3902c34fe57f768eba",
                "2f7d423e4c954dbe238105d3e410921fa626ab564cc65f363c42783bcc8ad6da",
                "a9d07d49f1d7f2b2ea2ff9d8fa72c9d04c3ef8679cbbbad17eab3de07fe07a4d",
                "9950aef87e2526fce6062f1aae62b74043323bfe327b27b30cbc43eb7fffee4b",
                "aed5c740d763db341768105b33d25b338947ea4a42e2c49233e584f603d523b2",
                "0b45a5a726a0c717f9bc140c0e711139b9841132a05ff4d194ecc4ad0d62e3f9",
                "9d463287a5df65f8db14fa716c6f198ca241f2bf45ef7925c360364ad5253278",
                "e1c7e2beec9c3d236b9668718ee3c4583dfdaf641f50663d181f86601b613fa4",
                "de33ee29356f96f10d2228f739808cd3602a1e36f6a018ad9fd9055924e27275",
                "02211fe07897d28f3d70670379ad53636d0acbd4817b495c08ec77ecd6f6103e",
                "db41ee08b9116f71d23ae75b40169889e86f04ae42b9feaf6e10d6555d3b30fe",
                "c92d2fbe08264c068c40581ffa320927a8484f9cabb43cb6d2f48359b5bfcc78",
                "9dbc12daa45c3fa806028a9c8d7f1b26b6b8d4487f9eea0b777dab4641147b99",
                "9f7d5911eb8b20c861e26d030697d661e719781b012303490f6e64d4538d504a",
                "494fcc5005dfbdc335e5c7c8e214fc1fd4c727d119539fd3c1292917e310f87c",
                "4338e9d44a84a74d1120023c205fcaa02fff91f287fda64468c47b06e2815845",
                "08ca363b9b9997a0c8d7ae4306454f1d8f83c2e9fe96c4e7f70022b8dd4a04cd",
                "4ce6e77dd165281121c7b9f4b869820ec78b9bac5638e702ff15a8849d03380a",
                "b8ffe90e36e8c3541277140e12d12bf5c8b79c3bf9f02c432a208a0179a9a61b",
                "f0c2d4d2c3966fe0ece8b296ae2ec6b988317d64f9578363409bab0ff70216a4",
                "cc751c9413da6f41f0d234682249e742381d190dfbffeed8efd66734d3109fa4",
                "f30b67fbba558bef5cede5ccb3ee7e12a6c242a89341b12714a32d1d2580cf51",
                "6378864bd97c17774d399c7530a01ed8fabf6269f423b71542468a98afc7274b",
                "0cd8c16dea42c0c11901c785c9572595270054038406eeffd6beeabf5f958de9",
                "c026a8326dd7e0ddc8af8fffdc5d6298a9d8315912ea4c19cd016d6c642b264e",
                "e3ec8dbe739ecb38495e2eb28b9d8e6e214ef88fad8077db526bf32744de4109",
                "5932927ffb19e72f4065a4e3482ac0917031b0a57c2e2575048e9ef687dd645f",
                "e3013670bc2ee13a18b793b738dc38f21f62d8d8e3740e50ca3302bf32abd618",
                "d668453bcc1d68f76b01288f61b54017f75460f311250759bc86db717e748132",
                "28e11445bde446ec92d3df2e92b6900a2358ccfa6f6326becdc5e5e3566558f3",
                "20bceb010c270a4050a674efd9ed78172be7ba4afe2ddf79b6e7ee24576cf164",
                "aa5cde158cb791a3491fdbcd56590bd0ca90a8d3eb69246aa149340edfe8b4ae",
                "23c1028895daca568704f265f5eb4b7c84e47bfc328026e4f68a987bc573876a",
                "6e46d27da72639fff8e9d816bb73eae05e8fe99ffe1c1015ed1c4c43437fc28e",
                "777172a7890fb7adc8ff4880eeee20f18b2b1f28d443064e2914877810b6d523",
                "0edddb7d50ab218341f7e73e48e57f5d47ffbef219881aafea0e1da712e9b02c",
                "87ff4ed0824cfd499ab95adf2d55305accc6c27f1ffb9b4d4c8f758d22cbd32a",
                "9ef5b34d76d6240a0cdd359f7e7f469dfbeb69600f72aa191a3166ad0f54f087",
                "b2b026b1f0abc5b63322a73744a4c59872dfcdf1b8b0d90d19d15264b72230fe",
                "5b6d5131729a8e3505fd18c72f1ae6e04979ea2a8c22f1b6b396c26a4f4edfa1",
                "64749f7f04bfec877fdf280cca949cf155c058f2a4376dd4d1ee2d6e7a6f5dfa",
                "00a6ddcf19ab63aa5d0e18bbf61bec0d808abce90410a5308b1c59370b2bfaff",
                "819311c000defb0ea38c36280209851218c2f7a0b5d8862f17cc932f68cd152d",
                "d6eeeaec6921c6924368dd44f7d53c3d5f74fa128e1f921dcae9f96022cbdb92"
            ],
            "type": "XHR",
            "firstPartyCookies": {},
            "firstPartyCookiesSent": {},
            "exampleSites": [
                "desi-xxx.pro",
                "fuckinganimalsex.com",
                "www.z00.world",
                "amateurbestiality.fun",
                "incestporn.blue",
                "incestporn.pink",
                "horsesexzoo.site",
                "www.bossvideotube.com",
                "the-moms.com",
                "pornforced.net",
                "zoosexporn.pet",
                "stallionanimalsex.com",
                "animalzoosex.best",
                "animalzooporn.rocks",
                "www.zootubenet.com",
                "zooanimalporn.club",
                "xnxxsexclips.com",
                "maturezooporn.space",
                "sexfilmstube.com",
                "zoobeeg.net"
            ]
        },
        {
            "rule": "rvmessage\\.cfd\\/s3\\/pgo\\/3-8034\\/aqvzyqtfwj5weacvkmaaaaaabktqoa3drugbia3cd4aaaaiaaaaaaaaaaaaa",
            "cookies": 0.0000136,
            "fingerprinting": 0,
            "subdomains": [],
            "apis": {},
            "sites": 2,
            "prevalence": 0.0000136,
            "cnames": [],
            "responseHashes": [],
            "type": "Image",
            "firstPartyCookies": {},
            "firstPartyCookiesSent": {},
            "exampleSites": [
                "bossvideotube.com",
                "www.bossvideotube.com"
            ]
        },
        {
            "rule": "rvmessage\\.cfd\\/s3\\/pgo\\/3-8168\\/aswh4qtfc3ddkacvkmaaaaaacqemmaddrugbia7id4aaaal6fmaaaaaaaaaa",
            "cookies": 0.0000136,
            "fingerprinting": 0,
            "subdomains": [],
            "apis": {},
            "sites": 2,
            "prevalence": 0.0000136,
            "cnames": [],
            "responseHashes": [
                "71f4fbd6cec49518d4191a86caa88937aea240e037879a8d4f2c9eb37a24d314"
            ],
            "type": "Image",
            "firstPartyCookies": {},
            "firstPartyCookiesSent": {},
            "exampleSites": [
                "xnxxcomvideos.com",
                "www.xnxxcomvideos.com"
            ]
        },
        {
            "rule": "rvmessage\\.cfd\\/s3\\/pgo\\/3-8997\\/asizcqtfmldtkacvkmaaaaaaog7yeaddrugbiazfemaaaal6fmaaaaaaaaaa",
            "cookies": 0.0000136,
            "fingerprinting": 0,
            "subdomains": [],
            "apis": {},
            "sites": 2,
            "prevalence": 0.0000136,
            "cnames": [],
            "responseHashes": [
                "c349ec0374ea5c41e205f45d21dfda6867cda892ccb614dad26ed6062ae1bd6f"
            ],
            "type": "Document",
            "firstPartyCookies": {},
            "firstPartyCookiesSent": {},
            "exampleSites": [
                "z00.world",
                "www.z00.world"
            ]
        },
        {
            "rule": "rvmessage\\.cfd\\/s3\\/pgo\\/3-8997\\/asizcqtfmldtkacvkmaaaaaaog7yeaddrugbiazfemaaaal6fmaaaaaaaaaa",
            "cookies": 0,
            "fingerprinting": 0,
            "subdomains": [],
            "apis": {},
            "sites": 2,
            "prevalence": 0.0000136,
            "cnames": [],
            "responseHashes": [
                "3153c970308bebb30fbaa9d78bd6e4d940f034a941a792eb0dce414ce796418b"
            ],
            "type": "Image",
            "firstPartyCookies": {},
            "firstPartyCookiesSent": {},