{
    "domain": "safevisit.online",
    "owner": {},
    "source": [
        "DuckDuckGo-US"
    ],
    "prevalence": 0.000736,
    "sites": 108,
    "subdomains": [],
    "cnames": [],
    "fingerprinting": 1,
    "resources": [
        {
            "rule": "safevisit\\.online\\/",
            "cookies": 0.000443,
            "fingerprinting": 1,
            "subdomains": [],
            "apis": {
                "Document.cookie getter": 66,
                "Date.prototype.getTime": 73,
                "Document.cookie setter": 65
            },
            "sites": 73,
            "prevalence": 0.000497,
            "cnames": [],
            "responseHashes": [
                "3cc28937269cfa214eebff4f0bb8df1cccffec57fbd31ca366b81217187998d0",
                "0399d235decbf35d15ed0903332337d062e5dbe1d47076977483b448610c28e6",
                "364594b22698eec757d67bd4e92229b6d1fea424884cb3ef43f053c190f24a18",
                "c9c7c82a2e1c74ed51fde70726f6c4c57ea9ba3038bbe65d72c1c9f855a2c4b3",
                "6ede3e2a3983e323c91c95918d75fd438dac3ae8c16c0dff32351b23d69f1b64",
                "784b5735d91c48c683f60b7c62d8187ee54a5a8ffcbe2b8f26a3ae725920627c",
                "64a2acbf898403420774b5dabf664d36eee04bd81497b83619c47e6bf66e79f2",
                "72c3292f6986cdcc27ac5f21a6cb502cf5e3adb5ab59baf3059ad8a764f6cfa7",
                "ed357b74b33a3ce99418597f87d9030aa7ea59d08dffea1ee93c7744d434fc5d",
                "4ba440050f944ab55ad43278e7de8b370c2edb6c0f2c2d3658156ad71dc49d79",
                "bb64f02b826fd1aa29365b26477fdaf8fca1858df92ec980f0908da4703c64ea",
                "5ae04271092c343fd15c0090ade50adecb50d04d6a23c266f9884aac8a3c2550",
                "7a7e0b39e8ed791e327e93ffc69b67a7b0c8249ae5a363c1efa3e299b5e362e6",
                "cd22e152e35ad836d7319f0551dbcae039ec2d2fe3cdc98d97e49ba7afff1654",
                "af68ba6184dc67ef1681d6f1b867e34839bab6de6482df2e292099b2e4faa0e5",
                "be9f375b4748935828748a1131cf3e5ece62194ed786592b2a6d5d58a0d8a771",
                "1917c0a1e3f3048dc0dea40a91e1d9f07a0fc1adfa223e9424b68756225d2ea2",
                "630d815daae21ceba22266273984afb0b47a4afa72b43fa5c555dbf7634a8b25",
                "0b2f5c8d5e4581d8c579f7ead951adbb31b8dd14eeec8d9322c52ff1b97cc7c1",
                "c4827515394e168321565df7c583a6952e29dd456c11513b5281bef40cad5853",
                "84819a104ea4e6a9507174e69ce3154e725726cc735fc680d31e9a3d1bc0ad42",
                "fc9025cf28ab41b90cbe6b6f73570c6304eff616f2fcc5781aff1b6b9f4f8b1d",
                "e3419756fb5c95aa84510e09083aaa8ea1bff79b509b94b8efcf3de7130955e8",
                "2638be58e7017f86a31b9727b12c25150d6b7b57fb03f6fb901184941b6026e8",
                "d4b09f8f7139efd7917c1a727f05203540c8caf13a34c6d18aaf4da105ec4130",
                "34f83d3ffaf4d306e0515b3a83fde7ee75bfda64859d5b2f495a88b3b38ec4cb",
                "abc21d30ef769338f66e0b96ef0fddcb95d55f29b6963bd468864df06c9e36d1",
                "d256d90546743fef548b9a7dbda2ccbbe5e54e8c4b78d8097f813a495f478822",
                "d59687670c120639eab611265bccf8f22d768320888bf3abf8ff88dd23c11955",
                "a8507ff7b72351dfcff6123388d3489d9f174d35735a72c80a71a75820447efd",
                "5332f82aeb587d121ca3221c66fccb5567dd027bb0af085642bd2d5a2e75f1f7",
                "74a661331030bb251c28b53bd89dcabb3f8a891754d7975b6954823827c248cc",
                "3d129ccda98c829f72055ed29b3beba1facf05f3d5eae87578602a3ada33ddfa",
                "43c5b547b6d4b4e0477b32c9cb58fa1222732f690be9f6b4f2ad8a71bd0e8f82",
                "af73017e7057a782613a85cf37e3b9364cb430448ec1a76952dcdab849265aa8",
                "1ce8cac609e9c5c44b9718dd32d43140da716493e4961e3bd1b804964f1e9434",
                "90370b16c3725ae9ab542c5a970d907c109196aa1ea0297ba1eab5024dca5c51",
                "f14cf23372d5227f6c05bd2e3f9a46a3094ea515376c7392b6fdbc6d9cd3223d",
                "92ebdbd8a2acc40741335c9c03e6efca3769018686e8c341b1f6e142514a0969",
                "01dbfc8db3923db962022a7e400edcc8e92a6e9d3410c8cc45ffd23c3e699c0d",
                "eb624922c0557311c8adc20b856259fa4159eed455a86f85c89aff007b69f063",
                "b446e3e9e1b3826c75121ba184b0fe5bede5be5f55a8afded39bf71d64c65d88",
                "10b0504144e24703672707ee514662deda19c7e9ddae6bbc745f67d5ed8d0fae",
                "f79f1b02077bd414c2a987cfff856e3bdaa61df4b4d4630b45d06e93279d8a0e",
                "1505620310659f3b7ba1dbe46a2b3a60705866dc09db1adf5a16e5794447ddbf",
                "a9814a244b3ab0b2284975fbdaa34817920d1c0ed9183ecfe56a5ec74e7a7e54",
                "e23fa34edf30ff74ea5bc9b65ac5c23d25ba37969ba140e9d80a9bbb86e0f770",
                "4711f73248e984a04370786afb4e6fc5424e1e2ad7e6954204a1e954f95da94b",
                "253c9f2c35e327cc897945d303d77d2bea592d7fe3e64c8e277abae864d33a73",
                "68c01b58850bedb9099492928fa1ac428a69f73a5eec92c3625a4035eb39abb2",
                "06f31ccdca58ef45be8a47dd0eccce8f58aff5ef76b5e5bd85f12fe4ffc93589",
                "9daa5bf1dc31148d6d3ee5a923a661d29f4fbc8ed40a2dd8970ac9581e78e43e",
                "bdaff1d470735737a952b3f95a830befe8c771acb07144420571a2336168f455",
                "e0aaa784e4ceb3f57141b444f7d917737d87adedb481c73f990dc9710e3a2332",
                "d8c934da3adeae07e403fc9dd1ea7ca4a2a1ab16506f82a9f0a48ef9eae619c4",
                "a29511b7dccd10414317b2250cb1db48f3e624450464a6daeb2fb72976ca25d3",
                "bf0f0fd00fe81b288f102397c4e6e0a696e58145395a3df361c787d59d22a913",
                "271e1bafe8c762d363df67961e76fc5eda21c47bb837f8d34ab1c9035cc2b229",
                "d70583328ff9ea13ad2155d0bf005059247855c223544a63ea074277e9ee5470",
                "6c1f4e222cb2cca98f062f75c86662dc12e753902937d8b44042db45c63a9278",
                "4d3c64bbf3003e1dde2263b85118b0657566a0b9f2e11cf1a92446acb43a288d",
                "8ee21f5f19d656c994f37ed21a9ce9cccfc8d57dd245962cf586b5a234ada361",
                "f05cc2610790cb34aced6acd82e15a65ce2902c1ce5bb0b9707ef08fffcffcc6",
                "9777c98f0346aba2b13a19878debbbd12013b0a4a83520bb0d6720e083a2313c"
            ],
            "type": "Script",
            "firstPartyCookies": {
                "smartDash": {
                    "ttl": 2592005,
                    "length": 36,
                    "prevalence": 0.000422346201268401,
                    "uniqueness": 1
                },
                "smartDashLRX": {
                    "ttl": 2592006,
                    "length": 3,
                    "prevalence": 0.0004359702722770591,
                    "uniqueness": 0.015625
                }
            },
            "firstPartyCookiesSent": {},
            "exampleSites": [
                "www.sitkagear.com",
                "www.aspca.org",
                "grundens.com",
                "www.dooney.com",
                "lovesac.com",
                "www.toms.com",
                "www.baggallini.com",
                "www.publicrec.com",
                "www.peepers.com",
                "www.mrsfields.com",
                "www.baers.com",
                "www.jeromes.com",
                "www.doheny.com",
                "www.stio.com",
                "www.fhfgear.com",
                "www.nfm.com",
                "www.blackforestdecor.com",
                "www.nobullproject.com",
                "www.ballarddesigns.com",
                "www.nfpa.org"
            ]
        },
        {
            "rule": "safevisit\\.online\\/",
            "cookies": 0,
            "fingerprinting": 1,
            "subdomains": [],
            "apis": {
                "Date.prototype.getTime": 1
            },
            "sites": 2,
            "prevalence": 0.0000136,
            "cnames": [],
            "responseHashes": [
                "e3b0c44298fc1c149afbf4c8996fb92427ae41e4649b934ca495991b7852b855"
            ],
            "type": "Fetch",
            "firstPartyCookies": {},
            "firstPartyCookiesSent": {
                "smartDash": 0.000006812035504329049
            },