{
    "domain": "salesreps.io",
    "owner": {},
    "source": [
        "DuckDuckGo-US"
    ],
    "prevalence": 0.0000954,
    "sites": 14,
    "subdomains": [
        "api"
    ],
    "cnames": [],
    "fingerprinting": 1,
    "resources": [
        {
            "rule": "salesreps\\.io\\/shopify\\.js",
            "cookies": 0.0000681,
            "fingerprinting": 1,
            "subdomains": [
                "api"
            ],
            "apis": {
                "Document.cookie getter": 10,
                "Date.prototype.getTime": 10,
                "Document.cookie setter": 10
            },
            "sites": 11,
            "prevalence": 0.0000749,
            "cnames": [],
            "responseHashes": [
                "cd7daad49d7f54e399bd804bd1ce7613c1b64b9fd20f92ef28d30116aeb40750",
                "1a8d96f323aca6a950e487025bf97334390575fe821cf3471046773d8071f01b",
                "9b6ba700e86013172d282ec131e83f97ad4f5b338eca8f39b9a25bfb413c0d6a",
                "1c31135fe0fc0abecd022401301c6b5c46f0c6235fc217ccea36c5ef469a47e9",
                "8055d6f09d222812bbcb8b9b86f97bb5b8f6cbe8ca071dad71cc89ba9cf7be08",
                "d0e2e938c3256ff13607d3e7efe89eb20955e5d47d75b3689454cc345164c249",
                "6e6d57decae489f2609365b6144d7934a05d2d5532d04f7baccc37f2e47040c7",
                "b4487186a175faebe180a434327d8d69248237ad5fdb58d9c855080e799e7801",
                "bdb9e51b671f9be363d937fef296bf62bfd046afd51563494ff7f4b8849dd1b2",
                "3e0131308a324e79ffd4db995eba799946e90a3418c288fe807d03f10891fbdb"
            ],
            "type": "Script",
            "firstPartyCookies": {
                "SALESREPS_STATE": {
                    "ttl": 31536009,
                    "length": 13,
                    "prevalence": 0.00006812035504329048,
                    "uniqueness": 1
                },
                "SALESREPS_URL": {
                    "ttl": 31536009,
                    "length": 34,
                    "prevalence": 0.00006812035504329048,
                    "uniqueness": 1
                },
                "SALESREPS_CART_TOKEN": {
                    "ttl": 31536012,
                    "length": 33,
                    "prevalence": 0.000027248142017316195,
                    "uniqueness": 1
                }
            },
            "firstPartyCookiesSent": {},
            "exampleSites": [
                "denalielectronics.com",
                "drclarkstore.com",
                "justthrivehealth.com",
                "northspore.com",
                "senior.com",
                "www.healthycell.com",
                "www.mirasafety.com",
                "www.motionraceworks.com",
                "www.newyorkdress.com",
                "www.transparentlabs.com",
                "www.urotuning.com"
            ]
        },
        {
            "rule": "salesreps\\.io\\/visit\\.js",
            "cookies": 0,
            "fingerprinting": 0,
            "subdomains": [
                "api"
            ],
            "apis": {},
            "sites": 4,
            "prevalence": 0.0000272,
            "cnames": [],
            "responseHashes": [
                "e3b0c44298fc1c149afbf4c8996fb92427ae41e4649b934ca495991b7852b855"
            ],
            "type": "Script",
            "firstPartyCookies": {},
            "firstPartyCookiesSent": {
                "SALESREPS_CART_TOKEN": 0.000027248142017316195,
                "_li_dcdm_c": 0.000006812035504329049,
                "returngo_customer_id": 0.000006812035504329049,
                "swym-cu_ct": 0.000006812035504329049
            },
            "exampleSites": [
                "justthrivehealth.com",
                "www.healthycell.com",
                "www.transparentlabs.com",
                "www.urotuning.com"
            ]
        }
    ],
    "categories": [],
    "performance": {},
    "cookies": 0.0000886,
    "topInitiators": [
        {
            "domain": "first party",
            "prevalence": 1
        }
    ],
    "types": {
        "Script": 15
    },
    "nameservers": [
        "ns2.digitalocean.com",
        "ns1.digitalocean.com",
        "ns3.digitalocean.com"
    ]
}