{
    "domain": "saleago.com",
    "owner": {},
    "source": [
        "DuckDuckGo-US"
    ],
    "prevalence": 0.000307,
    "sites": 45,
    "subdomains": [
        "vc-service"
    ],
    "cnames": [],
    "fingerprinting": 0,
    "resources": [
        {
            "rule": "saleago\\.com\\/api\\/vc\\.json",
            "cookies": 0,
            "fingerprinting": 0,
            "subdomains": [
                "vc-service"
            ],
            "apis": {},
            "sites": 42,
            "prevalence": 0.000286,
            "cnames": [],
            "responseHashes": [
                "3d263bc96d284cad9252fb2906f8085b64588c4ed46692f74ed2c612212aa67a",
                "1e4e2ac65d841d68a939ba32f29c277019c37fd7e7e11ee5f1606b8e72c00497",
                "809bd3f813131e4f20edf9fe984c3ce06b9fce47bdf2db2fc9fbdffb8f434968",
                "c2f9556503627268a6c29218992dd8d46938630d244280919c37c3d6b554780c",
                "083e5880351f770d90ccbf4b2cf4ed0cd44d13556b7f2ebc832e798a7fac29e8",
                "c78c0197f2f8d1428c051cf95b828dbee92dc2770e4f217783644ad0d51977e7",
                "03d633aa2900282d1babfba6fbd5c27646fbbe06f8344a0b760434c63810d47b",
                "3ee7672efcfb9c8f18098a6e0acd7e0ac8398921a1bf683dfee19b94f8f08783",
                "728bf7db5d6d428099b5df1d2584f13da07b12212fbe9309b4e7c80eba586c2f",
                "48d4e5b264ac1a59f3d142e79b74ec3088e7001b3a53fe4c5c53f475929dcdc7",
                "f7fd2c81d667b816f63626ac012a4170974934744407083502aad9b4121c1ffa",
                "385e20d7ac63435fa80b6f02dc5529ecb82918cb167817a3e835de455bcecc89",
                "fbd52ab3c059dcaf89e82ff3f5b6fb4ab5b84460b18400ec792643b727fda459",
                "59c7d89f38962a4e5985493b964c9eb575ee1d2989bd4ec0939fbd8b3a5c6440",
                "c46da8188a005629a0efe85cb717b0e9103ee2e4ebf10560339c9d444f44c1ef",
                "96e2196dc7d5ede97ad54f5000200e3e2241e5c10445a025145004842014aa5d",
                "bf2ac6c9c103f80ed83c03dbb56c1161efab789a618402051f5e46bbb43311fa",
                "7bf79874abbb464f8ac4c35f3ecef42b4281990ce7e620540a6f7f44c0c77e2d",
                "bf91ac2a875af3dff1f63dde9c0e22341d8ad65fbe999340fec530a597c2df0f",
                "a133289645ec8ceb57ad964d37a49e1c4dc45feeef3c820f755db85587915cb2",
                "4be865fb132e4d2c48cecbfee6208714ecf42625ced79d906db2e9248912a9f7",
                "85f0ac4fb479fe6a4fcc86341643d022c95a46d5f4a29b00af6fab89a5ceba23",
                "ead30ee2ef6621d3313e0ebf60c11f198f24684fa6d01141a900397e4d34ed77",
                "870990130b2718eadfe4a6d17d009b4696194df74c52855689e7b62826cb1f61",
                "b7569ecb2c9447ee606309e8d356205084ab307611fb550388b2e0782d4400b3",
                "c20574dc9858467c2f72af6ffa5b6414e7348cdc88984c7f21a723c3cb23a946"
            ],
            "type": "XHR",
            "firstPartyCookies": {},
            "firstPartyCookiesSent": {},
            "exampleSites": [
                "jetsmart.com",
                "www.komputronik.pl",
                "www.monsterzeug.de",
                "wiadomosci.dziennik.pl",
                "www.bricodepot.es",
                "www.nencinisport.it",
                "biletyna.pl",
                "www.primor.eu",
                "www.pts-tools.com",
                "www.knivesandtools.co.uk",
                "www.rp.pl",
                "diag.pl",
                "forsal.pl",
                "ksiegowosc.infor.pl",
                "www.efarma.com",
                "sympatia.onet.pl",
                "www.hsnstore.com",
                "www.theatermania.com",
                "www.knivesandtools.fr",
                "www.helikon-tex.com"
            ]
        }
    ],
    "categories": [],
    "performance": {},
    "cookies": 0,
    "topInitiators": [
        {
            "domain": "salesmanago.pl",
            "prevalence": 0.7333333333333333
        },
        {
            "domain": "first party",
            "prevalence": 0.1111111111111111
        },
        {
            "domain": "salesmanago.com",
            "prevalence": 0.08888888888888889
        },
        {
            "domain": "tiqcdn.com",
            "prevalence": 0.022222222222222223
        },
        {
            "domain": "bigcommerce.com",
            "prevalence": 0.022222222222222223
        },
        {
            "domain": "sizekick.io",
            "prevalence": 0.022222222222222223
        }
    ],
    "types": {
        "XHR": 42
    },
    "nameservers": [
        "ns-cloud-e2.googledomains.com",
        "ns-cloud-e3.googledomains.com",
        "ns-cloud-e1.googledomains.com",
        "ns-cloud-e4.googledomains.com"
    ]
}