{
    "domain": "scorestream.com",
    "owner": {},
    "source": [
        "DuckDuckGo-US"
    ],
    "prevalence": 0.00015,
    "sites": 22,
    "subdomains": [],
    "cnames": [],
    "fingerprinting": 0,
    "resources": [
        {
            "rule": "scorestream\\.com\\/widgets\\/scoreboards\\/horz",
            "cookies": 0.0000886,
            "fingerprinting": 0,
            "subdomains": [],
            "apis": {},
            "sites": 13,
            "prevalence": 0.0000886,
            "cnames": [],
            "responseHashes": [
                "5392f1e7c175086a88f3f408eb2c0576e20bb43c5a8fcb8fdc4afda9c3c7d6e5",
                "08d3dd72e6d133d3e0dd58021f172917018aa437074d57b7c7a88d503bc3afd1",
                "65c5f98d74b68895ef59eb5793f592f63e7a8fa1778385f9a31f02aaf567e5fb",
                "b4c4f195d82a3caec8dda64ecde6aca2acc5fcc08bb921db73c43e4ffe67b531",
                "04bcfee12c3598b42bb325ac59114ef12631f7d82d3724a4a3f5f41a90f03b96",
                "f8dd9b2767919e9453b1a52edd9ed31b75202ac5d808069cc0d932d599dc478d",
                "78b96fbfab2465ac19233abc441b2e0ecae9686754ddeb004d7d23ec0af7c1d7",
                "369acda686b2f65333698e4a91f21f674ab1daef9ae1427ecfa0e54249969da2",
                "b683bd472a97b09ec69125c1b1c92347231c8559703ecbb5c59e40d26d4f7888",
                "cad725f633bb474b540217ca2af0ea9b1ea13e99d7f0b49de6c5f091974b8397",
                "50c51e67aed1c9a4c5d1b3ff37c115b4511f0a1ed86d3d21e25ae72b509237a8",
                "40e32551988b041414dc17224a1eb0967b6cc40941260e87eafe7da48ff7ea9a"
            ],
            "type": "Document",
            "firstPartyCookies": {},
            "firstPartyCookiesSent": {},
            "exampleSites": [
                "1350kman.com",
                "geauxpreps.com",
                "hogville.net",
                "manchesterinklink.com",
                "www.680thefan.com",
                "www.counton2.com",
                "www.eastoregonian.com",
                "www.hometownstations.com",
                "www.ksal.com",
                "www.kxnet.com",
                "www.mytwintiers.com",
                "www.wrganews.com",
                "www.wtaj.com"
            ]
        },
        {
            "rule": "scorestream\\.com\\/api",
            "cookies": 0,
            "fingerprinting": 0,
            "subdomains": [],
            "apis": {},
            "sites": 19,
            "prevalence": 0.000129,
            "cnames": [],
            "responseHashes": [
                "416d30afe5025d39a474f36319cdbf89fd187dfe138ebf7a4d6af15fed5c8d1e",
                "51011901edaeaefa85f8f7e42130995d5ff0c02c0317aa61092f23c72bd250c9",
                "96423ca7e55178f3b32891470b2d08b91e3017b110f1300d44be59d792668d55",
                "711db925f15720d5dbc1b3fd4dc1961cf83284e2479d21b7438ffb45e06cef01",
                "5aa1b5c482abce89dd01ec046837082b3cc6099c1a548a728d7d8f3663862f44",
                "0ec2a530102252cad2c1fc63768686fdff8270a819baebf317306d1262a1dc9e",
                "1c994d9260b6731bccc9f8b61c90bded69f420a5419608a21f3108b003908476",
                "3efdefcfaa59d6823c86b7f51a3143babbb32c49b36fdbefbb957a4021854c65",
                "1580e4731750b9e0cd89614961c887ccd5545a4fa18e9b119357d4cc5ddc2775",
                "08be5a42e44cd44f7f778d8bd5a9935f3d7ad4a5d951fe82aaa3087bf74be8d1",
                "57e44476a2c217eac5a91cc9a33959ef3629416fc17d474d1f7572f2cbac8601",
                "189adc9ba68fbeed11ea9f46fffbb85bc941d77ec8b7c418f8991ae39e4407c0",
                "f0d453e2f32cbf51d1c2ad7cc53863ddd9fa40ffc12d564857fdec8b7166ce7d",
                "2975679f4eb0a5e65c5dd2227b148e8be66589a9e6062fecccbdea3b4f21e22a",
                "1d7476aadcd54380a9ab72b7df44b085e47d5539f76d17bd8c5ca8ebf24f219a"
            ],
            "type": "XHR",
            "firstPartyCookies": {},
            "firstPartyCookiesSent": {},
            "exampleSites": [
                "1350kman.com",
                "centraloregondaily.com",
                "geauxpreps.com",
                "hogville.net",
                "manchesterinklink.com",
                "monvalleyindependent.com",
                "texas.rivals.com",
                "wjon.com",
                "www.680thefan.com",
                "www.counton2.com",
                "www.eastoregonian.com",
                "www.everythinglubbock.com",
                "www.fox44news.com",
                "www.hometownstations.com",
                "www.ksal.com",
                "www.kxnet.com",
                "www.mytwintiers.com",
                "www.wrganews.com",
                "www.wtaj.com"
            ]
        },
        {
            "rule": "scorestream\\.com\\/apiJsCdn\\/widgets\\/embed\\.js",
            "cookies": 0,
            "fingerprinting": 0,
            "subdomains": [],
            "apis": {},
            "sites": 12,
            "prevalence": 0.0000817,
            "cnames": [],
            "responseHashes": [
                "7045c61804b60873fa82197c53a562488dc56df663b8a11b458a3fb74f9bd2d1"
            ],
            "type": "Script",
            "firstPartyCookies": {},
            "firstPartyCookiesSent": {},
            "exampleSites": [
                "centraloregondaily.com",
                "hogville.net",
                "manchesterinklink.com",
                "monvalleyindependent.com",
                "www.counton2.com",
                "www.eastoregonian.com",
                "www.everythinglubbock.com",
                "www.fox44news.com",
                "www.hometownstations.com",
                "www.ksal.com",
                "www.mytwintiers.com",
                "www.ushsfootball.com"
            ]
        },
        {
            "rule": "scorestream\\.com\\/api",
            "cookies": 0,
            "fingerprinting": 0,
            "subdomains": [],
            "apis": {},
            "sites": 6,
            "prevalence": 0.0000409,
            "cnames": [],
            "responseHashes": [],
            "type": "Preflight",
            "firstPartyCookies": {},
            "firstPartyCookiesSent": {},
            "exampleSites": [
                "centraloregondaily.com",
                "hogville.net",
                "monvalleyindependent.com",
                "www.everythinglubbock.com",
                "www.fox44news.com",
                "www.mytwintiers.com"
            ]
        },
        {
            "rule": "scorestream\\.com\\/widgets\\/scoreboards\\/vert",
            "cookies": 0.0000477,
            "fingerprinting": 0,
            "subdomains": [],
            "apis": {},
            "sites": 8,
            "prevalence": 0.0000545,
            "cnames": [],
            "responseHashes": [
                "0794b8cae5e911bf7ca81ed394047f82779b8e38bc0d9403a83edfd2c422ddd6",
                "991d2827137dd1a075c33d40aea99c77d47d6cccaba4d596de90196bb296ae3d",
                "1865cf978ffe67340c3f367413ed350fb4ba69a2d16928f68fd41acfca23bd58",
                "5bd51e123c3db50686ce5318d5ea3e040ae77869d2720a1372dccef1075f37b9",
                "86b566a4ebfc82d2fb7a5ec35b8adb65e3ed9389676ef572be6f3fe2736c0832",
                "b0dae6ba55443c84b9ca1b0a25a6ade6640b79976624ab840bca6db9c0cf8cf2"
            ],
            "type": "Document",
            "firstPartyCookies": {},
            "firstPartyCookiesSent": {},
            "exampleSites": [
                "centraloregondaily.com",
                "hogville.net",
                "monvalleyindependent.com",
                "texas.rivals.com",
                "wjon.com",
                "www.everythinglubbock.com",
                "www.fox44news.com",
                "www.mytwintiers.com"
            ]
        }
    ],
    "categories": [],
    "performance": {},
    "cookies": 0.000136,
    "topInitiators": [
        {
            "domain": "first party",
            "prevalence": 0.30434782608695654
        },
        {
            "domain": "cloudflare.com",