{
    "domain": "sealsubscriptions.com",
    "owner": {},
    "source": [
        "DuckDuckGo-US"
    ],
    "prevalence": 0.000184,
    "sites": 27,
    "subdomains": [
        "cdn-app",
        "app"
    ],
    "cnames": [],
    "fingerprinting": 1,
    "resources": [
        {
            "rule": "sealsubscriptions\\.com\\/shopify\\/public\\/js\\/sealsubscriptions\\.js",
            "cookies": 0,
            "fingerprinting": 0,
            "subdomains": [
                "cdn-app"
            ],
            "apis": {},
            "sites": 19,
            "prevalence": 0.000129,
            "cnames": [],
            "responseHashes": [
                "8622c9f387c912080eb1a53aa5b45c3334790ffe0ac136e9f109ff62d9f464fd",
                "b65fee2a0396ddfaf8c725c6c2799a84c33abd170d178257a521d92029cb329c",
                "9d07c26ce5d1c064ef6458a012a736a6289623cabf41842759bb660f0b087848",
                "6cf15cbd577c8c4321e9a0e223499fb70e61581a34f3c0904e20ce45528f2c62",
                "2850fc16497754c310bb982694d6389e0fdd3971b24b2890c6d8672b3786c24c",
                "883ccc7b2f9a66a56965cedd140d2d90db959e62f9263f961ebbe584ee795ceb",
                "8008761a33f540d1cd905f7bcb8ff3fbff97495012d45ffab2cd2f0a1d9da86c",
                "6bde0b02bdbe0f7c40c379f8803e5619665cb56b765c855a7f5d1b4ffd87d253",
                "d8155ecd3a05535859d0160b86d44ed4144278fb2ef159d8aff3f9993ede19d4",
                "c5ebb1d05e5179efb7ac8875c7ed013786805c76d7a772dfc0cf638911f920fd",
                "84a4bd546578ebffd3ecb4b3ee82dd907fef0cf273401d3bec59df66f7814e58",
                "c2587b04e2c59840b95dff4c1b3d9a7c953b9d2376dd1809d98b9468683957d7",
                "9e8952d93b9a8fa09e689975f5a20110f4957ce1be9fc5bc915f78b6f200767b",
                "d4f40dcc7e857161c8650e216260adec58a76bbe854d743fc0fb372061354ec7",
                "b0a1a6030d52a13e01befe6fbc54ab819171f0237268e5c5e51da0f93bf7bc5c",
                "d1d8a4a5f61ab87fe1a2c03f10b81190d714ce075d29377dc5648ccfc1f708e2",
                "ab7d76f3f108335108d484c501098b74aaaae8464edcd943569c483039831adc",
                "8f22a3945b38c826f23351d7883bbdf020c1c58b59beabc7b4468d770935cf46"
            ],
            "type": "Script",
            "firstPartyCookies": {},
            "firstPartyCookiesSent": {},
            "exampleSites": [
                "artfultea.com",
                "boompositive.com",
                "casadesante.com",
                "clarkarmory.com",
                "countycomm.com",
                "fortworthfabricstudio.com",
                "lgparts.com",
                "longaberger.com",
                "madeinnewmexico.com",
                "michaelberryshow.com",
                "samsungparts.com",
                "shop.teslarati.com",
                "weatherwool.com",
                "www.herb-pharm.com",
                "www.janiesmill.com",
                "www.newair.com",
                "www.scentsplit.com",
                "www.sweetleaf.com",
                "www.therazorcompany.com"
            ]
        },
        {
            "rule": "sealsubscriptions\\.com\\/shopify\\/public\\/js\\/sealsubscriptions-main\\.js",
            "cookies": 0,
            "fingerprinting": 1,
            "subdomains": [
                "cdn-app"
            ],
            "apis": {
                "Navigator.prototype.userAgent": 18
            },
            "sites": 21,
            "prevalence": 0.000143,
            "cnames": [],
            "responseHashes": [
                "c1a2ed8dc22c90bf303b97b69bbb16b086b78b66d227a10efbf1f608f2e1786c",
                "d4b509d0871c6bf4ef0328cd7df7cbf62eb50465859ad6c673f68ce3aef232dd",
                "4cb2e01cb81c4116e8bdd08589f3759d02a4fa19e447da16ce894e5f03f88399",
                "e3b0c44298fc1c149afbf4c8996fb92427ae41e4649b934ca495991b7852b855",
                "aab6cf352341175698841b0d409728592fd2ce4f8f6828cbd55726a445c2bc77",
                "90f238daa3005d4a81e36b1ccaf45770e9df66cfae15ca06dea00fd6fffc9096",
                "b3cf49ae8e4d90244d3d28f1667f1bda87f1881fbdfe9ea61b622d890b1c619e",
                "ba0f87346259cbe7852d83a4cec92e1235a35f916e9a74574d44ee8c4b8f4dd6",
                "4111129208f31486a4d25804d46c91c13515096589c4c34e22f9d44fb771e7c2",
                "43fe7b072ce421ca3ba12321d438ee0a4f6b530438d5fe9bf3e3b21190438b48",
                "d948242b6f0a2a265bf29c125983d5775bc93571915c295e62b5795b0aebbe01",
                "7242a31b57c0cfa179fd301e3af181a699ffc043244bc688533f4d71d4bbe868",
                "58ff0c09ea098474f99fba3a54d680ebf5da0014ed12c29315273f8c9138755b",
                "7245c75135f4ac395430a70f3f15d5b724dde0ee12d5c9b075d5870c0c65ebb6",
                "dea7415797acf7f096c97255c052e7b30bdd8974e36841c4eb4d7f0d86bdfe43",
                "a472ab20ffaf5fee2d876e7f564c12928c8e77cdb6221fbea20cbf0c826b5703",
                "e316266b80d40efd3a017408595b87b28d8b4aa89e05735edbc1639cc9261259",
                "b36cff31c4545adc713568d620b0113c2f2edacaf1ebc89dc9aedf33b73b43a5"
            ],
            "type": "Script",
            "firstPartyCookies": {},
            "firstPartyCookiesSent": {},
            "exampleSites": [
                "www.therazorcompany.com",
                "madeinnewmexico.com",
                "clarkarmory.com",
                "www.newair.com",
                "countycomm.com",
                "bluebonnetnutrition.com",
                "www.janiesmill.com",
                "artfultea.com",
                "lgparts.com",
                "longaberger.com",
                "casadesante.com",
                "www.scentsplit.com",
                "boompositive.com",
                "shop.teslarati.com",
                "www.herb-pharm.com",
                "michaelberryshow.com",
                "samsungparts.com",
                "www.gistyarn.com",
                "fortworthfabricstudio.com",
                "weatherwool.com"
            ]
        },
        {
            "rule": "sealsubscriptions\\.com\\/shopify\\/public\\/js\\/seal-ac-module\\.js",
            "cookies": 0,
            "fingerprinting": 0,
            "subdomains": [
                "cdn-app"
            ],
            "apis": {},
            "sites": 18,
            "prevalence": 0.000123,
            "cnames": [],
            "responseHashes": [
                "827b0912347366f52dcc5064acd1e9081cabba319092a232f204c5c0f515a5c0",
                "9939f1aaecb9a1e16ea6f4a37752f8afa44a2fffd7c5eb71f7aee90e26d8fe01",
                "f9a8e1ccc584ef476f141b1770a91fa9c33699a9575ef7a1eac9af5cf095ed3e",
                "7723dbd8622a0be4f4a99e35321a795ab06758c52a614164a73f1a3bac67b8f3",
                "48079b03d69aae54eef71c1cb9c4eb3af6a77adb5890b6dbc8014a016fb3d972",
                "35892c3e464410a454eeb27ce609d845adcd30af9ebcaeed23a6e449198548cb",
                "b8493133cd4870c2652d679694755d5b8cc8f6b5baed4bc13d1b4b26dc8492b6",
                "0938596b6900b8d8a4693b89729f140c1c0d441b0319e9fd6980038730732144",
                "b77944c1024a2c634f889fe9e11f588c99f0f18695e1acf415142cfdc57c003c",
                "5cebb9b9f77b74608bf157dc92a63fcbcbf6a1f2826854bf957c39c163045ab7",
                "6ad1a829b1f89f5a5b4c18ea4bab320e2a4eac6fb594829877f77c1b45a1c6f1",
                "b726b738a82051063159502b1febd1e6c655a72c0e225af2734f9e5a3cb0033b",
                "e7face62c499782ed312b13ed8da6dd3473d4c0b45a2daa795a1f73d9013d95e",
                "b9170967e02881f16c96021b1f778a681d074fb5b910b52c46ffd8e557fdb745",
                "75c2743c5607e7daf5801c8b34fb2df45ce774e6eac2025f158a0bc208049728",
                "ae7e991e373ae25e90489b9c54988331c2cc70ace644c161750d21f0b37e77db",
                "de21ab27bc727bbf71c305711807bddbf1d07bda443de3860480690c4fc27bbb"
            ],
            "type": "Script",
            "firstPartyCookies": {},
            "firstPartyCookiesSent": {},