{
    "domain": "secureaddisplay.com",
    "owner": {},
    "source": [
        "DuckDuckGo-US"
    ],
    "prevalence": 0.00049,
    "sites": 72,
    "subdomains": [],
    "cnames": [],
    "fingerprinting": 1,
    "resources": [
        {
            "rule": "secureaddisplay\\.com\\/au\\/bmd\\/",
            "cookies": 0.000157,
            "fingerprinting": 0,
            "subdomains": [],
            "apis": {},
            "sites": 23,
            "prevalence": 0.000157,
            "cnames": [],
            "responseHashes": [
                "0e62ef275fbe76c2d2adeb9e101a705dc141029bdeca274d9807ee138e235058",
                "f8f4b9bb45cd259a13c3caa5f5c80eeae004c6726e4ee24a46320257f6637332",
                "d591d70e51f5df23d9afe9093bc942fce4d7c80eeb15d55e9cd441684d4b3bb3",
                "dcedbcde39c62a43830a254ddd7651d0a53e6de3dbfa12c08476b88f7982c89e",
                "58c6fd13797d3840996b375ad39aac19d839fa700e72c41136095701b9b5d4f9",
                "7ddcfc2e5588a7edff673edac13a1a9a7cbdc3683f3e02495bf0aac0665b7e04",
                "10c5bde5458cf342d97d72fa97d0cff628d4de33f305812e5cadb4e8dcd665b4",
                "b2ed48698c2f54c742ce2eec5e41b5bd6f296ab581edb3b7406f47cf0578089e",
                "58a3129e747173b8f5289bdef64552a33a7ce915d159aff38bf504addbf7f8e0",
                "94745e8800d2531510962389189994892435999c5f7fa2883cf072409989c46e",
                "7124c76a108ede00d49b1f32040a7583265208a8fa73dec0c30fdd23e79015e1",
                "61c20eb1121365ed54a5184b3042be9f923c9ebd6f63fa62bce10e588fe979af",
                "be9e74fb3124eb763326ffab666450620ecf863339d72b9c57965f15c20de4e2",
                "84cb12c1973804495f02c71f5623b91635408be68ff817d79e73ab2baba30983",
                "3da11d186a7a2abbdc9e43027a4822ef9e81227a4626dc8feeda159e631499a1",
                "a61caf3ce8dd91a6a5f49136b52061f1248bb95457e375d5c2dcc788e24a1afa",
                "235483e8f2c7e04b8185c89f535b5b40b2bcc1da7ce236a75f365cc8ab3d1e60",
                "cf94d7db1a2288ccce2db154f6d4513a937a46fc5ee124a9907e3a5c8a889d5d",
                "40381cfab38cc0539e76805830ad32cb53c7ada2d454e1772662e01266a688b5",
                "71fcb2636d4afab55ef10aff6506e7f2b1fdac60e02a6444b88a061a9e6e3dc5",
                "7d64151545d8d1c939076de0800ee3bd694d60606cb510a100eaf32ab9b0fe9b",
                "84d6690a397c1b57f321c75ff24a774268771598722aa4e11d39124c66d40b5c"
            ],
            "type": "Script",
            "firstPartyCookies": {},
            "firstPartyCookiesSent": {},
            "exampleSites": [
                "www.churchpop.com",
                "www.catholic365.com",
                "www.timesleader.com",
                "www.catholicworldreport.com",
                "crisismagazine.com",
                "www.catholiceducation.org",
                "catholicstand.com",
                "www.spiritdaily.com",
                "ipwithease.com",
                "www.americamagazine.org",
                "www.newadvent.org",
                "artdaily.com",
                "onepeterfive.com",
                "aleteia.org",
                "bustedhalo.com",
                "www.ncregister.com",
                "www.goldenskate.com",
                "www.askacatholic.com",
                "www.ourcatholicprayers.com",
                "disntr.com"
            ]
        },
        {
            "rule": "secureaddisplay\\.com\\/ctp\\/js\\/",
            "cookies": 0,
            "fingerprinting": 1,
            "subdomains": [],
            "apis": {
                "Document.cookie getter": 2
            },
            "sites": 3,
            "prevalence": 0.0000204,
            "cnames": [],
            "responseHashes": [
                "02c1118e9734dd2763dd75f1902644968ad062c15c0f8724f6ea4976f4ccfcd5"
            ],
            "type": "Script",
            "firstPartyCookies": {},
            "firstPartyCookiesSent": {},
            "exampleSites": [
                "ascensionpress.com",
                "ocp.org",
                "www.ocp.org"
            ]
        },
        {
            "rule": "secureaddisplay\\.com\\/au\\/",
            "cookies": 0.000177,
            "fingerprinting": 0,
            "subdomains": [],
            "apis": {},
            "sites": 26,
            "prevalence": 0.000177,
            "cnames": [],
            "responseHashes": [
                "f8650452131c4968fd0e441c380d0ac251f8ef09518b65c4c8d1aa5373cd7e4b",
                "6945f85b88f1f45f973b5dab755c30c7adcbc2a31f13d278a40b94b36f061993",
                "72b98b452ec73684928de1d31f8c6f38b250122687bc866683b3d757cc5949b0",
                "1cd92667df8c9083c5c1a701eac10025730c2cd2dbe2a29291ebc868e5646952",
                "6aa61be9a8367422e4aa639971fad8818a3ea3bdcdbae4584b21870217c6876c",
                "d4ebd84d7099a95f6d749160225f889be5c01371a1ba63fd84d993a4647014c1",
                "b7b81c512f7f2c841d45a6ca918657e54aea6f0ef70f95e3bd95341ce198a84e",
                "7b7693be2062a0711a3fc913445e93ecb7437e5147a019060043101b67f2a2b6",
                "32025b6f557d2fc19e69e5bce6f8f7ffe3617a49d0edd5bba2d1d195b960f531",
                "794f4a91c044be7c4f410cdfb1a66678a6c218ffa8bed0eecac3ad1dbfb71f39",
                "dfcdd895946faecd937dd341bdc479f513344f279df095fea6dd543c20281236",
                "5cfb7bf63cfff85bb35a950f4e3daff52903d5a79d5138b7af05e8a80d0b5efa",
                "2bfb0827a025afb90bb9aa0b6ae1f556de21832f3105492885cc4d9d1d3ebb6b",
                "88afed3f40b501be76732832bbedb59566e97a2a0e4b094cb8f18f8e934661cf",
                "fa041880f753dc9ae5df10dc77c78d761c3ddfebf689b379141ba6bcbe7b20d7",
                "a5de305469bfb660a94e598e1a3c0ee5d928bb819d82e3945399e0fe607daaed",
                "0c7628f2b9d1f552180833f797dd2e46e50bd526dbd8386e183b3a68d4d63615",
                "a34bcdab72795321cea41d572ac9154029f2c4506caa35b5cd08ae47f8df5a44",
                "cf334e05e8457043ec77a583db1fe4e258b59076e5c18cce09c2855c9d192146",
                "9af6215c19ec47941c20f13cf17f2a4ceff1b2ebbcc7812d5f3f5b1e0a4a9c88",
                "19eec6f006254333a88316f4ab546046cf59c9efff599199485f664d201e0e2a",
                "e3390dac6f2ab1672c1f76ffe19381d4b214b04196cbdb861315f05fc2f3b8f1",
                "cff39f53ffab7dba095c5307e132eafeac3787ede0826c8fc0995bc0984f35c2",
                "ba5d1bd1c1c983cf9fcee6388ca2ff9bf643d0d60f9f5331859d5ca13a539daf",
                "c72422e6bd30d3725ab24348697bdf5cfde496f1b9a05f6b04f41b4d12cf03f0"
            ],
            "type": "Script",
            "firstPartyCookies": {},
            "firstPartyCookiesSent": {},
            "exampleSites": [
                "canon212.com",
                "www.simplycatholic.com",
                "www.ncronline.org",
                "news.radio-online.com",
                "epicpew.com",
                "pulpitandpen.org",
                "uscatholic.org",
                "www.askacatholic.com",
                "www.thecatholiccrusade.com",
                "www.ncregister.com",
                "catholic-daily-reflections.com",
                "showerofrosesblog.com",
                "www.catholic365.com",
                "ratings.radio-online.com",
                "catholicstand.com",
                "www.catholicworldreport.com",
                "mycatholic.life",
                "bigpulpit.com",
                "disntr.com",
                "catholicchurch.directory"
            ]
        },
        {
            "rule": "secureaddisplay\\.com\\/ctp\\/js\\/lp\\/",
            "cookies": 0,
            "fingerprinting": 0,
            "subdomains": [],
            "apis": {},
            "sites": 3,
            "prevalence": 0.0000204,
            "cnames": [],
            "responseHashes": [
                "d73be84a750a23f1820326d8d080352442bcf6f491f1c54a4246ae500d5183fd"
            ],
            "type": "Script",
            "firstPartyCookies": {},
            "firstPartyCookiesSent": {},