{
    "domain": "seon.io",
    "owner": {},
    "source": [
        "DuckDuckGo-US"
    ],
    "prevalence": 0.000116,
    "sites": 17,
    "subdomains": [
        "shopify"
    ],
    "cnames": [],
    "fingerprinting": 1,
    "resources": [
        {
            "rule": "seon\\.io\\/app\\.js",
            "cookies": 0,
            "fingerprinting": 1,
            "subdomains": [
                "shopify"
            ],
            "apis": {
                "window.sessionStorage": 10
            },
            "sites": 11,
            "prevalence": 0.0000749,
            "cnames": [],
            "responseHashes": [
                "5b19c8ac3275bf6f63e7bc956acbfafb036bb8e7b8c8033eed031beb1231c1c1",
                "852c199df1fed22abd705f9f75b7e44540f724665fa50dd60b3f3cc2f22efb07",
                "225471afac6fbe6075ba36c16ba708aaf65356936e33952b9fc0a5237e99b7e4",
                "5ca2bf3e79e9b79e7fff3ba6eee68db3b65c857dad728aed787cab3f82196e7b",
                "df36da967dd1b23c3f7d0da80c09d2ecae7de65c5114ee5bf611e77ffb1f86f4",
                "7e38b0a544d4e754b2311b3e719c40c6b690675c281cb27c81daada7da938328",
                "e689123dd02ee29d876e706d3604142905265d5ab25b6aa5d5872fd6ac9f53c7",
                "4f112387edbac44454dd95780888ebbc61f4106e7dd9e3d6bae2e3b8d7c85ac6",
                "c685d9f7734d7136f860d7619a567210d5efc00d2f4567d284326ae1bf0fa2d9"
            ],
            "type": "Script",
            "firstPartyCookies": {},
            "firstPartyCookiesSent": {},
            "exampleSites": [
                "gurunanda.com",
                "pittsburghsprayequip.com",
                "shop.flipperzero.one",
                "uniden.com",
                "us.roborock.com",
                "vinia.com",
                "vivo-us.com",
                "www.aneros.com",
                "www.kachava.com",
                "www.laurageller.com",
                "www.svsound.com"
            ]
        }
    ],
    "categories": [],
    "performance": {},
    "cookies": 0,
    "topInitiators": [
        {
            "domain": "first party",
            "prevalence": 0.8947368421052632
        },
        {
            "domain": "yottaa.com",
            "prevalence": 0.10526315789473684
        }
    ],
    "types": {
        "Script": 11
    },
    "nameservers": [
        "ns-565.awsdns-06.net",
        "ns-1824.awsdns-36.co.uk",
        "ns-137.awsdns-17.com",
        "ns-1167.awsdns-17.org"
    ]
}