{
    "domain": "setupad.net",
    "owner": {},
    "source": [
        "DuckDuckGo-US"
    ],
    "prevalence": 0.00064,
    "sites": 94,
    "subdomains": [
        "prebid-stag"
    ],
    "cnames": [],
    "fingerprinting": 0,
    "resources": [
        {
            "rule": "setupad\\.net\\/cookie_sync",
            "cookies": 0,
            "fingerprinting": 0,
            "subdomains": [
                "prebid-stag"
            ],
            "apis": {},
            "sites": 71,
            "prevalence": 0.000484,
            "cnames": [],
            "responseHashes": [
                "57ce2b08ef8da65d0f5627d6e41c7725efd32d3e377dea3c91025a375ae93fdf",
                "43ea6b36ce70f0d25973c56af34b53d5d659ae47848ee61805011123b8cb9de4",
                "24dc8adde6e7644293534053b2bc9af788064dab2dff3146ede94b621a07382f",
                "dcb381724f0dbee4c07ee5afa52d31db92d0e6e6b5c64a54c9e25103fb9796ce",
                "713707cdb26286fcec9c86ee084354aedf0504b6c32ac36fe5c10a08c4571748",
                "ea1323a3660caec42310e1772f3a4c2e3a04381c0258297949947e018d3aadcd",
                "741f8fbf3e675e059f486bc16326d0439b4f55d055dafa848ddb0b7227efc098",
                "3f577103bca8cc834a056c320e7f14c53ed1767a0a853585f83d11ef864809ef",
                "6dbf2362941bf02eb088d133d741d35d53ba5b12bc44ed9dca420d53cefa3f17",
                "4f7367b8702a277de688d6eda6af312d9ed6d528050d2db4fe202ad72a3e1137",
                "acaae3d4aa1ea84cbc599926bb49f9863a1661e77dcbc209ae5dd8095518ad80",
                "1aa8a216f6bcd2e1192f74a717062d0d037fe15f851cb0376c1afbd1b1e45fe1",
                "6cfe7a2161e9df29247958a4dd65334bb07db3e5b9a721841474c3949840d2c7",
                "d33fd122b4443205afdc89f1da4f6355f5de0ccbe7369bd962eb2c6946bf1e2b",
                "7b3737f37ecf629ca51dfdc6f49dcbee128b5b8d76bdf64a0cbd84286f1c72c0",
                "3892d8f9771f86b1d335cd37a4a3eeb94469c7cbead3b41fe0484c4f31b53d17",
                "b5e418c356b0489eec6a7fd55f922261393ac5a164d295d6ad46a3e2ea1d178a",
                "43dab10dfa3541c4e54d562a9c49c5da57e77898b8037e1cf1c3d013ae0a20f2",
                "bd0adc1324ef9d4ffbd4fd2b6809a5891c64fd95a840c7bae86d8afa8e3d960d",
                "da2e8a627f9e82335bbbf20e7fa3617a6aef1d177562b8b7fd7adf95221a8cce"
            ],
            "type": "XHR",
            "firstPartyCookies": {},
            "firstPartyCookiesSent": {},
            "exampleSites": [
                "www.la.lv",
                "www.eleccircuit.com",
                "airportinfo.live",
                "pcmacstore.com",
                "test-english.com",
                "tme.net",
                "www.mycarspecs.com",
                "meteofor.com.ua",
                "www.ascii-code.com",
                "www.tv3.lt",
                "restaurantjump.com",
                "calculator-converter.com",
                "www.easilyfixit.com",
                "original.misterpoll.com",
                "www.polovniautomobili.com",
                "samfw.com",
                "press24.net",
                "www.howmanysyllables.com",
                "jadwalnonton.com",
                "www.arabic.chat"
            ]
        },
        {
            "rule": "setupad\\.net\\/openrtb2\\/auction",
            "cookies": 0,
            "fingerprinting": 0,
            "subdomains": [
                "prebid-stag"
            ],
            "apis": {},
            "sites": 70,
            "prevalence": 0.000477,
            "cnames": [],
            "responseHashes": [
                "0473479d59bb94a72a3f922eff761e428a685c52487fedafee84ef75bf0de046",
                "a29379da65f56d99aa2a5ef1c1fc1e7922bfcc413f0e8214097efcb1546fbd61",
                "004ff8ffee469644eaf03c7a092fc671e3cf990c4f471b2b3383228c0c2cf958",
                "d548e8ab1c1c03cfa70f3b0b47beccf1b6ef0c4c1cd11ed2ef473c66c4b8b27f",
                "c086afd0fcf39bca70589023070eca513378800a4bb1652bfc5923c259445046",
                "34d853f927d18ed6b55893d5c8747a63321a2adc2ae280c90d50037b282b2757",
                "6497b9df77a56042c92dcef8c8587a1c7e3d764ac5d90440639667c5c079591e",
                "a14e226e35eaf522a60dc2a1a105e4051ce3c90192124e0a94707fd0a8f549b3",
                "42cde72162e914063f6e29b176f6024d7ad5744f11443c9fbd39785d1b5a52b8",
                "a4b6567b4cde4c09ffca3845ec3fae02c34919d505b5444a1b0aa9ee2fa0d8de",
                "2d4fe258d85ee4f295d3248417d82b6b8b498306aa1130211423b35f682bb75a",
                "bf21621e034d4a6a7653a2a84f418459847cc2ab8ceb0479fec88c369965fa01",
                "ef8afc6326b07234937caf6b3d8400525e414be27baf7162eb4b7fa108fbf5d9",
                "3653e1d0600590a2303027d37bfd6fc4014f777b94d6c5ce6be4407e010d1d56",
                "09e2459ba5cb91cd0a23f10d9fd8972dfe80e9def634ebf5e8c617824ce16365",
                "34a1b2d6eacf1c255557317b50169b24d15914bdd8477cfc2233a393814a6795",
                "8ffb64e16dc2ea095626bc0512d1192f5d338747b4fb6657a1f8f02a99a8e8ce",
                "17cf4f1774c43f015aa770abfd8eba31e0abe3b477cdea8db3dd9812f3b93a3d",
                "0bb654ee14bcc6396d26ae90631db3e50552289574306caa66909ecfc9dd9f22",
                "efd3f32e74f2eb2ff7f5276208403f5dff6b2e485a67594da13eb5c65f30ec06",
                "98734a66c003ffd873558580ebcf6cab83ad69de9b0ecc913fcc84c99e3f3546",
                "20dc0b10c1ca344f80fa28fd0ca672b21a1974aa6f1c2fc51136efd926b970f4",
                "b4d0e12df0f7484dd466d8db0a48b2dfaf48b3d006b438767c1234c7ad9fd7e0",
                "a1d944200285c149f7fb38bdf399b6871af30e78cd98d35a2f5697b4ed14ab3d",
                "60ae1734c640655ef697c15ad04250074186b9fabda2551369688f714f893615",
                "df58eddf0afa87887a1a094cc53bd6f1a09bdd71f5a7fb9de4b0f0baf88f6573",
                "e0e38e4d56c712b1cd389fb2f1546019a6d25ce58ad4c7d08844dec836b7e8e8",
                "2daf65743934ceea55ef4f3d3c45029d9dab9e9532b534a0e148ac0e179c7516",
                "646ce6f047c88dcd9cd4782d25e3a9da35f201055cab3a6528f2290d9e9c19a8",
                "18e90a48c7de364a54a648e91e5a298a1c559c193314673a91615f27a971d00b",
                "69c1c5368c29843305736a0cbd30a349a0a3fb48c2c6e30fadf778b20ef59c5b",
                "53df17e19d36e170662fde7b559ff41cb7898e5ee9f86ba915f4f640816de3fd",
                "642090bae267f88583fc330484003bc50cce7cf3958707dd95e9792543566a80",
                "7a3a7f6961e05f2d804585eef1a4c822d7d8d291453c923b428fc69c01f78651",
                "a29344a703397259986ccbd8426933a0197e5e9fa65bd89212d942cf6634ece0",
                "d081ee18484a24d00c76a1142b0eac47cb263785f817e17451be0e6f4460c774",
                "f5751d26087cddd9f744621ca8d31b1da5287ece23516dde0a1bb76610dd4879",
                "d929289ba1df6b14d136a967afa921519265b864842b4ad0df74dfc4b975c8a1",
                "f0ed10164226649503ea8f813a766a30c67bdd5d7b8bc5be0a4b333d8b2efaf2",
                "19cc3e2c525e5a21288fd1c0984924bd244119c6faaaf837841043ac7bbcc4be",
                "dfb68d785d7a71af49d6c98e7d1bddc54b58dda92e44c97b9ef84c96519cd2f3",
                "e41b01029b7568cfe23974a649a42cdbf7de41ed4105446f45b4ce058f7addcd",
                "f47198032c4ddc55e92bb18fda095d77efeff59916d6b3d87703c5dff3d9b73c",
                "3d4c4de419a695b5674a3196d6c2582cd1d12c38d5745b5282a775be0938acba",
                "056faad894a835417965a18b46e93103a42ad52f4d24bece331993ff7941f2d5",
                "9d8f37abee29ef248f32103bdd2cfde73f9e502a1fd387ea39e1ea831913eb2c",
                "db40ed5cfc01ec1259379f727c92d276ba0f2e947409b09d68ac1daa6f557e16",
                "5e5bae943f46f51619d227bba89f3f5bb2639627ba2464469e2aab56e0eaad7c",
                "55a71c552708d176962e950a644e3e701242aa1fecb4e383344d00847eadc419",
                "e8aafaa0748d52f57d1efa937ba266ce99fff0363f2a2c2039dc2adbae1ec5a2",
                "7fd6f133ec3cb8cc1eedaead22eaf5d2d9504ec47fc6c9aec3b2ef93e29c749d",
                "acb3a06a687c9ef715a523c6ed6b79d5534b76e3806ec92ae91a6ece74a0596d",
                "8b071a6db978872a8865acbe30f1276e8d1dfb97fae9ca8c00a7cfcbe1b3682f",
