{
    "domain": "setubridgeapps.com",
    "owner": {},
    "source": [
        "DuckDuckGo-US"
    ],
    "prevalence": 0.000157,
    "sites": 23,
    "subdomains": [
        "estimated-delivery-days",
        "www"
    ],
    "cnames": [],
    "fingerprinting": 1,
    "resources": [
        {
            "rule": "setubridgeapps\\.com\\/estimated-delivery-days\\/app\\/src\\/public\\/checkEDDPayment",
            "cookies": 0,
            "fingerprinting": 0,
            "subdomains": [
                "estimated-delivery-days"
            ],
            "apis": {},
            "sites": 12,
            "prevalence": 0.0000817,
            "cnames": [],
            "responseHashes": [
                "b9f7bf627719ffe3c5ea10460501dc2d23285c93ecd3b9fb373f4537004fb9cb",
                "adcf7126c9cebe8f4bff200e26b6e324dabc1855ea8b5d2a047ccd330dbeea58",
                "f48e47f6118864f6a3b4f222cbb7535294ade07803065e961130de43e26eec04",
                "ddb55b055bb6f99e5c9de37517b802a1373c9c3360cc11603c853987ed3f7a0b",
                "13a364fd9ca1b6313ced411fc452d846238ea5380bd9030d68ee153e2196e34f",
                "915367db7df4670739139df81ad2d0c96e506ae03b28891e22c6c5d5fbab66b1",
                "c6b4333d37909cf8e6aa8a9b4c63912375b97fb11ff3090dbd9a58d5081cfed1",
                "94775e257d63be744abb87de3cf4dfaf894747bcccf66c97d3f4252a7a5e2556",
                "f3aa37067e0d0e2f6de48bc91fc5aef3d6997dfb950fcaebeafc2bedf1191959",
                "6fdde0e86550a6674be9b0df2c2e25d191ce3ffb18dedceb71cdb351ecf9e1b8",
                "11ea2f6052acbc9a484dcce613164e4bfe52b2b72ee8a51e157e52d0ca04d177"
            ],
            "type": "XHR",
            "firstPartyCookies": {},
            "firstPartyCookiesSent": {},
            "exampleSites": [
                "addictedtoaudio.com.au",
                "buildasoil.com",
                "pittsburghsprayequip.com",
                "remotesandkeys.com",
                "steelsupplements.com",
                "takomogolf.com",
                "thedailygraceco.com",
                "www.aviatornation.com",
                "www.bridgecomsystems.com",
                "www.dormeousa.com",
                "www.rockymountainoils.com",
                "www.zipscanners.com"
            ]
        },
        {
            "rule": "setubridgeapps\\.com\\/estimated-delivery-days\\/app\\/edd-proxy\\/main\\/edd\\.js",
            "cookies": 0,
            "fingerprinting": 1,
            "subdomains": [
                "estimated-delivery-days"
            ],
            "apis": {
                "Navigator.prototype.userAgent": 7
            },
            "sites": 7,
            "prevalence": 0.0000477,
            "cnames": [],
            "responseHashes": [
                "6d0a18f8c55fa73b4b0830077369920f1ed5db6b811805a8a82b3491d205e27b"
            ],
            "type": "Script",
            "firstPartyCookies": {},
            "firstPartyCookiesSent": {},
            "exampleSites": [
                "buildasoil.com",
                "pittsburghsprayequip.com",
                "steelsupplements.com",
                "www.aviatornation.com",
                "www.beyondretro.com",
                "www.scentsplit.com",
                "www.zipscanners.com"
            ]
        },
        {
            "rule": "setubridgeapps\\.com\\/estimated-delivery-days\\/app\\/edd-proxy\\/main\\/edd_additional_script\\.js",
            "cookies": 0,
            "fingerprinting": 0,
            "subdomains": [
                "estimated-delivery-days"
            ],
            "apis": {},
            "sites": 6,
            "prevalence": 0.0000409,
            "cnames": [],
            "responseHashes": [
                "d1321c83001970281d888d365e465f2377a560fdc2427a750a0e6cb6b26871ef"
            ],
            "type": "Script",
            "firstPartyCookies": {},
            "firstPartyCookiesSent": {},
            "exampleSites": [
                "buildasoil.com",
                "pittsburghsprayequip.com",
                "steelsupplements.com",
                "www.beyondretro.com",
                "www.scentsplit.com",
                "www.zipscanners.com"
            ]
        },
        {
            "rule": "setubridgeapps\\.com\\/estimated-delivery-days\\/app\\/edd-proxy\\/main\\/edd_admin_new\\.js",
            "cookies": 0,
            "fingerprinting": 1,
            "subdomains": [
                "estimated-delivery-days"
            ],
            "apis": {
                "Navigator.prototype.userAgent": 4,
                "Document.cookie getter": 3
            },
            "sites": 4,
            "prevalence": 0.0000272,
            "cnames": [],
            "responseHashes": [
                "19f623e92f9b2b6f44e25785f61ed133303331fadd97a7eafb36bbfe0fe4b243"
            ],
            "type": "Script",
            "firstPartyCookies": {},
            "firstPartyCookiesSent": {},
            "exampleSites": [
                "pittsburghsprayequip.com",
                "steelsupplements.com",
                "www.beyondretro.com",
                "www.zipscanners.com"
            ]
        },
        {
            "rule": "setubridgeapps\\.com\\/estimated-delivery-days\\/app\\/edd-proxy\\/main\\/element_picker_for_change_message_position\\.js",
            "cookies": 0,
            "fingerprinting": 0,
            "subdomains": [
                "estimated-delivery-days",
                "www"
            ],
            "apis": {},
            "sites": 4,
            "prevalence": 0.0000272,
            "cnames": [],
            "responseHashes": [
                "735c85b7db0d4b835069bb2b53fa57eebcb669c861f0adc95c1c6475e169d1ab",
                "e3b0c44298fc1c149afbf4c8996fb92427ae41e4649b934ca495991b7852b855"
            ],
            "type": "Script",
            "firstPartyCookies": {},
            "firstPartyCookiesSent": {},
            "exampleSites": [
                "aviatornation.com",
                "www.aviatornation.com",
                "www.coolinastore.com",
                "www.scentsplit.com"
            ]
        },
        {
            "rule": "setubridgeapps\\.com\\/estimated-delivery-days\\/app\\/edd-proxy\\/main\\/optimized_script_delivery\\.js",
            "cookies": 0,
            "fingerprinting": 0,
            "subdomains": [
                "www"
            ],
            "apis": {},
            "sites": 2,
            "prevalence": 0.0000136,
            "cnames": [],
            "responseHashes": [
                "e3b0c44298fc1c149afbf4c8996fb92427ae41e4649b934ca495991b7852b855"
            ],
            "type": "Script",
            "firstPartyCookies": {},
            "firstPartyCookiesSent": {},
            "exampleSites": [
                "coolinastore.com",
                "www.coolinastore.com"
            ]
        },
        {
            "rule": "setubridgeapps\\.com\\/estimated-delivery-days\\/moment_cutoftime\\.js",
            "cookies": 0,
            "fingerprinting": 0,
            "subdomains": [
                "www"
            ],
            "apis": {},
            "sites": 2,
            "prevalence": 0.0000136,
            "cnames": [],
            "responseHashes": [
                "e3b0c44298fc1c149afbf4c8996fb92427ae41e4649b934ca495991b7852b855"
            ],
            "type": "Script",
            "firstPartyCookies": {},
            "firstPartyCookiesSent": {},
            "exampleSites": [
                "selfrelianceoutfitters.com",
                "www.selfrelianceoutfitters.com"
            ]
        },
        {
            "rule": "setubridgeapps\\.com\\/estimated-delivery-days\\/moment-with-locales\\.min\\.js",
            "cookies": 0,
            "fingerprinting": 0,
            "subdomains": [
                "www"
            ],
            "apis": {},
            "sites": 2,
            "prevalence": 0.0000136,
            "cnames": [],