{
    "domain": "sexad.net",
    "owner": {
        "name": "ICF Technology, Inc",
        "displayName": "ICF"
    },
    "source": [
        "DuckDuckGo-US"
    ],
    "prevalence": 0.000361,
    "sites": 53,
    "subdomains": [
        "as"
    ],
    "cnames": [],
    "fingerprinting": 1,
    "resources": [
        {
            "rule": "sexad\\.net\\/as\\/if",
            "cookies": 0.000279,
            "fingerprinting": 1,
            "subdomains": [
                "as"
            ],
            "apis": {
                "Date.prototype.getTime": 38
            },
            "sites": 41,
            "prevalence": 0.000279,
            "cnames": [],
            "responseHashes": [
                "428606bdb087f114fa9c195dc74c0d80e3fa4e63b9116d284935072bbfb4e368",
                "2d76e437779aac11a7c4c33a5ba3e2f2932d6e942feb5752304594d7aa8b05a1",
                "281a1fbda264fe0b7454681505c64d26d6c69a43eea2b8365cb96c6c4842e8b9",
                "64a8a647783ede3697d9d66f0b7336e62be5d68180a8921607548fe9358b9447",
                "0b2e55be6370e1a8ec9f2027599bed970143877598c0e8931c71e51e0ea46778",
                "e319caec3749dd7e99cc80d32831f3f9a1b80034d7631c6830bc708703b480ad",
                "91225714fc113e64c881cbb5b47e6b3e28f96ddfc699aef034eae21f21881766",
                "4c551f588b81d3331379b0dc5cb416b05380adce0310c2a4be1e7b189f4fd7d1",
                "8b8734e654e714d8d438ffd185f81ded79a84f3788f12ac72cb6a507a68becc7",
                "541e9b829b13a6c84712c996df9e0123888eb9efbc1cbabf6c17859ba4b17c4c",
                "383ec9a4b1bb6f7e97bdf84773fa702b61088ebcbbc97983cd19595a4f6064f0",
                "403676073f37c2c378c1958afca8c62fc1c398fd412070754ad1bfc790b2a443",
                "29a843b849e46f20bb52fd2be1d5e83c1e2ec503e8f6140e863f64c75dfeb788",
                "7badf1197b307747e0c0a1fb391999d02012bb27b682fe151e95e05a70d0c564",
                "854e2cd96688b0b3c60e6fbf581adb505397372ae51e6116203b2afc0c30120f",
                "e1bd3df55ae6db797ec81b2083f5577c341176d7dc907fb7b772a0b819dee1dc",
                "17750b594a730c6d388f54735448d1be0ce6ee02159672c902ce57a4da550ede",
                "a55aca2d57f444dba2695ead0f4b3c11c07fa74021c59faf15b217fa79ba7b84",
                "bc8a45f403f7c1bf7233adc6d5e14c51e383b47633ee327c24fba1183e25e7be",
                "f2f5aee149bdbfe381e9b6dc669fbbdae4c6e3754ba53793321fadc8611e6c05",
                "dc1455b4bc7642f65390bfb41ee2e983a2dde596a1dcdad6e588ab2a78edde2a",
                "ef128743f51725f4ddd33dc6cbf2996146513d00cdf61b17dac311e7ae52231c",
                "2930ddfdac9b949da252205d8b196cd41a9d868d916b864397b5e832ddc15803",
                "c9f8f26b3445c18a4872b592f8e80dd73ce1caab8ee5ce6bb216991f1a47f967",
                "fcff0b5aa7b5714c15979fc8202e9643492cf251d0d40562d8cf4526d09c0dbd",
                "344b86def85ce6d546b1a248ef7adee78f71aae6d0d7bbd914777f39e68ad0ec",
                "c44de53736944a21493b5c7710fd4c328355dac50f2236fe10e15b46893fdce8",
                "8af591b9fe5923e292a6d3f35daa6e8ea121d0d851c1d5fd3a4723fe96b86d61",
                "09629d8bf9caa5cfea36123b26e23de053765f26ec749a8f8ae660fd4d1bcf11",
                "7004e1d6119031a0f69e8e5948044ca66353cde15d7a1b2244c34f2367d3dd5c",
                "24053b0ea195c0099a86b9f97560a958909653cc98863cb491203fdb644c11dc",
                "752e65615cff59d40d239d7bb8880d30909a2ae0bcc3b0fe3ca7d8aa69950b9a",
                "138261d0c5e2790cc58b2d908904da72ebdce6a6db1d4a2a35ef7e751b3e34e1",
                "ff8b50c3aef4c23d82adead83b34f12aeba5359c6a6dc686e1881ec733c8054f",
                "4981f60fe8b7d6cad0b57874c7439bb062a74f44bc13dfdff82361edf3652888",
                "974dfe322a718e117c7af1937eb63161ef810e83d1d3ffcf7499c9606c60eeee",
                "7ad819fba478394c2f7e0b460d8c0cf581c0c832aa4d583163afc01b120d3206",
                "00825755970f4b39cc9da70c8457871385b128b0903824244ca4ed170d9db8c1",
                "795d45e799bbaca21bc3a4602012dfa23b860e1f0872232a666565058de98d2d"
            ],
            "type": "Document",
            "firstPartyCookies": {},
            "firstPartyCookiesSent": {},
            "exampleSites": [
                "www.youjizz.com",
                "fullporner.org",
                "www.xporn.tv",
                "www.ice-gay.com",
                "www.kink.com",
                "adultconfessions.com",
                "xxxymovies.com",
                "www.xnx.icu",
                "hentaizap.com",
                "handjobhub.com",
                "uploads.youjizz.com",
                "www.needgayporn.com",
                "www.primecurves.com",
                "yaoimangaonline.com",
                "pornobae.net",
                "netfapx.com",
                "www.tnaflix.com",
                "castingporntube.com",
                "www.gaytag.net",
                "beeg.icu"
            ]
        },
        {
            "rule": "sexad\\.net\\/px\\.gif",
            "cookies": 0.000279,
            "fingerprinting": 0,
            "subdomains": [
                "as"
            ],
            "apis": {},
            "sites": 41,
            "prevalence": 0.000279,
            "cnames": [],
            "responseHashes": [
                "dcdf6c37f5caf6a54f0c7f2238d669e015901b674c7fc55099acc7fe629db356"
            ],
            "type": "Image",
            "firstPartyCookies": {},
            "firstPartyCookiesSent": {},
            "exampleSites": [
                "www.youjizz.com",
                "adultconfessions.com",
                "xnx.icu",
                "www.xxbrits.com",
                "yoursmokingfetish.com",
                "pornobae.net",
                "beeg.icu",
                "castingporntube.com",
                "atkingdom.com",
                "javcrave.com",
                "hentaienvy.com",
                "fullporner.org",
                "www.tnaflix.com",
                "handjobhub.com",
                "shooshtime.com",
                "www.povaddict.net",
                "comicporn.xxx",
                "www.ice-gay.com",
                "naughtyroulette.webcam",
                "javfullmovie.com"
            ]
        }
    ],
    "categories": [],
    "performance": {},
    "cookies": 0.000361,
    "topInitiators": [
        {
            "domain": "first party",
            "prevalence": 0.390625
        },
        {
            "domain": "camschat.net",
            "prevalence": 0.390625
        },
        {
            "domain": "realsrv.com",
            "prevalence": 0.109375
        },
        {
            "domain": "orbsrv.com",
            "prevalence": 0.0625
        },
        {
            "domain": "magsrv.com",
            "prevalence": 0.03125
        },
        {
            "domain": "exoclick.com",
            "prevalence": 0.015625
        }
    ],
    "types": {
        "Document": 41,
        "Image": 41
    },
    "nameservers": [
        "ns2.flyingcroc.net",
        "ns1.flyingcroc.net"
    ]
}