{
    "domain": "sexfortokens.com",
    "owner": {},
    "source": [
        "DuckDuckGo-US"
    ],
    "prevalence": 0.000293,
    "sites": 43,
    "subdomains": [
        "go"
    ],
    "cnames": [],
    "fingerprinting": 0,
    "resources": [
        {
            "rule": "sexfortokens\\.com\\/api\\/models",
            "cookies": 0.000225,
            "fingerprinting": 0,
            "subdomains": [
                "go"
            ],
            "apis": {},
            "sites": 33,
            "prevalence": 0.000225,
            "cnames": [],
            "responseHashes": [
                "e1796987fdd0ea579724dd5b1060384089af6b335930ba5b4524346b20dcdcd1",
                "53641ed3b22d7a0cd64be945539c0069bc2603a2338426cf7957c05d4eafe6a3",
                "c207921d503f2e980a29e404286a5512d7f034105834ff4c6de3d63e505c03ec",
                "c455e75051eff139ce00a68bf920b570498db33a594cde4d7c57727ee61c41d7",
                "ec67c22ecff742eec792e5feba6313a7ce6df09c2ec434a0c34532a2be989fa1",
                "cd5f431c5e03b6e4be8dca74996879f49944eef40318ca67f707e5dbe1d211e2",
                "482abc0ff107d760f9e92345ae085eb12949425182b848888afad44e521e7125",
                "c6e4d870a7b6a9e46618bdfb49a70f3183e22211de40aac18e175ac59bf53f47",
                "9c0e5ca426d0e2e281eeeccd01222c38cf44f89d8cce67d7cc3e20385046b6a9",
                "d0cefb7735d9a851861ed1261999c2fa10912255166cb49965480b7328c053fb",
                "f76eb96c3a958448031fe235eabf76a27ba34d650bc257e204fbb360f7086901",
                "ea34145d14fc2e37a43cde0b0a8f267734a83a50d4895d2667ee376bb99a2261",
                "25eb5c01062bbd0efd308c73dfd43c2930ed6c4af5b8035656f626adbf04d185",
                "10c9d36b4c80ff80f1a9bcf91c9b267e08910375cb9c2bc7f1ba77b7b199a127",
                "10f682a928adcf26cfa5b7a88b69030a27ddafdd8d90126c2d981e8f7a017055",
                "9a55a9e977d74df8657e8b4f079a2506f598dc87ce89bbf2ce94b21fd40d964f",
                "9707e3543a20659e11260836a82caa6f26d53b9cda7a3fba791e5a738010c1cd",
                "dc41af636d57220f3f491df81d778cb83b01df6bb6dabe1a2de751fcfa233b1f",
                "854cbd3c034daa7e6ca16d7bc6e7ee1dfacaa1aedd04d97c712c71a26abad4bd",
                "8a3be263e02a5d57d9486686cb98d3d128d7b40a8ea00acd6067a19b81d1916f",
                "d771e178ea2ff7a5ad6199c3406942176cb7f833516a5ca8fadeb10247a6680b",
                "cf403e1c790099fe5321e5f979397ced37b91baea0bf0cc824a94bd51444fe42",
                "b632fb8de62bb9e777c47f2c112abfb0bd08d2257fca3b8c03f8642726db7850",
                "dc85bc5862e8c4cc43e48a93e03bf92aec0644ecf5204d9ee1e2fc7ba27fbc14",
                "365b92c98a7dcb3f23345f9ead356f76a3fc60499a3e740eeb121710b970bb5c",
                "3bf750d26d0a616f1d6d17eb6359ae7b75d6df9464b223ba3079457d2cb2c565",
                "5e4888af9692cffbb94289b5cb1716f57a4e36d373ee5625c1baf530b2d8b1ab",
                "a9a58426ad61852aa5f3cd57b8f1c9f2ff474db5a4dc61ccd17b0e41faa722ee",
                "972fab0bd40c8ef4a7eb0d3f9ced63ae0beec05366f618da12b7aef02834541b",
                "e2655fe3d8b273e890fddeed9004b120ecd92fca5b5ae55df746860b70225e23",
                "d0df700fcae3549a1106a751dbe7211b19c3c246af15f3f7ab59b755635218ff"
            ],
            "type": "Fetch",
            "firstPartyCookies": {},
            "firstPartyCookiesSent": {},
            "exampleSites": [
                "castingporntube.com",
                "atkingdom.com",
                "zenporn.com",
                "www.xxbrits.to",
                "www.homemadecuckold.com",
                "realpornclip.com",
                "www.javxxxporn.com",
                "doooood.co",
                "www.xxbrits.com",
                "spankbang.porn",
                "hentaiera.com",
                "hentaienvy.com",
                "javbigo.com",
                "roshy.tv",
                "www.xporn.tv",
                "hentairox.com",
                "javgiga.com",
                "netfapx.com",
                "pornobae.net",
                "shemalepower.xyz"
            ]
        },
        {
            "rule": "sexfortokens\\.com\\/abc\\.gif",
            "cookies": 0,
            "fingerprinting": 0,
            "subdomains": [
                "go"
            ],
            "apis": {},
            "sites": 32,
            "prevalence": 0.000218,
            "cnames": [],
            "responseHashes": [
                "e3b0c44298fc1c149afbf4c8996fb92427ae41e4649b934ca495991b7852b855"
            ],
            "type": "Image",
            "firstPartyCookies": {},
            "firstPartyCookiesSent": {},
            "exampleSites": [
                "zenporn.com",
                "www.fpo.xxx",
                "www.javhoo.com",
                "atkingdom.com",
                "fullporner.org",
                "comicporn.xxx",
                "castingporntube.com",
                "www.xxbrits.to",
                "shemalepower.xyz",
                "www.xfreehd.com",
                "www.boy18tube.com",
                "pornobae.net",
                "bokeptop.ink",
                "www.javxxxporn.com",
                "hentaiera.com",
                "tubepornyoung.com",
                "www.xporn.tv",
                "hentairox.com",
                "hentaizap.com",
                "www.homemadecuckold.com"
            ]
        },
        {
            "rule": "sexfortokens\\.com\\/thumbs\\/view",
            "cookies": 0.0000341,
            "fingerprinting": 0,
            "subdomains": [
                "go"
            ],
            "apis": {},
            "sites": 5,
            "prevalence": 0.0000341,
            "cnames": [],
            "responseHashes": [
                "b481666e2c3e9eeb38d606810fcbe3982de4acd6d7223e87742201171a869d03",
                "f93da5cded50b899d9b6ad2249c65ca0334d900650d37995bc3c5eb9e266928e",
                "49aa5553e79521c2a06446f4b02bc54f46e92c840917dd6e49057e0e4d7fc9a8",
                "ee4882690a4d481de96e34ad7343f633e78e0e2c609656d4ed1bed8e1c1e3d31"
            ],
            "type": "Fetch",
            "firstPartyCookies": {},
            "firstPartyCookiesSent": {},
            "exampleSites": [
                "javbigo.com",
                "www.javhoo.com",
                "www.javxxxporn.com",
                "www.trannyteca.com",
                "zenporn.com"
            ]
        },
        {
            "rule": "sexfortokens\\.com\\/easy",
            "cookies": 0.0000204,
            "fingerprinting": 0,
            "subdomains": [
                "go"
            ],
            "apis": {},
            "sites": 3,
            "prevalence": 0.0000204,
            "cnames": [],
            "responseHashes": [
                "1043c00d600686cebd10b02131e977e8e153384ed26416b4c687d718cbf11480",
                "115956d5b37a3f5942e1aef815ab7e7df3b87cf9be4772da1ac6318404d740a1"
            ],
            "type": "XHR",
            "firstPartyCookies": {},
            "firstPartyCookiesSent": {},
            "exampleSites": [
                "freeporn8.com",
                "www.freeporn8.com",
                "zbporn.com"
            ]
        },
        {
            "rule": "sexfortokens\\.com\\/api\\/models\\/vast",
            "cookies": 0.0000204,
            "fingerprinting": 0,
            "subdomains": [
                "go"
            ],
            "apis": {},
            "sites": 3,
            "prevalence": 0.0000204,
            "cnames": [],
            "responseHashes": [
                "1043c00d600686cebd10b02131e977e8e153384ed26416b4c687d718cbf11480",
                "4cf698edf3abb66203f62fceef832afdc2640b4be2d5ea07abda55c1e517a77d"
            ],
            "type": "XHR",
            "firstPartyCookies": {},
            "firstPartyCookiesSent": {},
            "exampleSites": [
                "freeporn8.com",
                "www.freeporn8.com",
                "zbporn.com"
            ]
        }
    ],
    "categories": [],
    "performance": {},
    "cookies": 0.000293,