{
    "domain": "sf-syn.com",
    "owner": {},
    "source": [
        "DuckDuckGo-US"
    ],
    "prevalence": 0.000123,
    "sites": 18,
    "subdomains": [
        "b"
    ],
    "cnames": [],
    "fingerprinting": 0,
    "resources": [
        {
            "rule": "sf-syn\\.com\\/badge_js",
            "cookies": 0,
            "fingerprinting": 0,
            "subdomains": [
                "b"
            ],
            "apis": {},
            "sites": 12,
            "prevalence": 0.0000817,
            "cnames": [],
            "responseHashes": [
                "e7a73e5ae0d6920d88c643d3440221e453ee5503232f0f479f0884e3265cee92",
                "b1b09871c3aee33958f44a6b57b229c42f99805a16e952003e083fa69e04b9a9",
                "700c4a6e9cea4367375d9f4aa1b693a7ec410d17432ada192052cc487842e017",
                "6a4b52dac6845fc28dce106b069b55d5d6622184b8e71687b9c6bff0f60ea161",
                "a7354832e2b21ed9e0077f3dd4636b0bf815beed202685df493d97b67429300e",
                "2267886c7b2c860e2cb96bebc43ed3e3e5e2eb05eb9f7b2c111e8aab4b5afcd4",
                "b6af24d8327ac4c961a5e71b719229028da68e2c4b7ca77321902a79eaaa36f7",
                "3822cb26240f54268c9f6c81b4883c0abac88638d2ddc58b452d8ee5f4d70da5",
                "ce34ab173d7de2cf996ce54e72ebec4e72af5ac94c38d37ecbc3df789dea1bb0",
                "237c8ec1a529690a336c2ce8cc4ecf05544e5cc77a15e3616f0780cb5ba4975e",
                "95840c8f0ed872324ead4f49159d5bb69a27fc2826e442db4ea4eee4af3cf240"
            ],
            "type": "Script",
            "firstPartyCookies": {},
            "firstPartyCookiesSent": {},
            "exampleSites": [
                "chirotouch.com",
                "dealroom.net",
                "saturncloud.io",
                "skyciv.com",
                "truckstop.com",
                "wsjt.sourceforge.io",
                "www.act.com",
                "www.emclient.com",
                "www.linuxliteos.com",
                "www.pdfforge.org",
                "www.qrcode-tiger.com",
                "www.sodapdf.com"
            ]
        },
        {
            "rule": "sf-syn\\.com\\/badge_img\\/3082783\\/top-performer-summer-white",
            "cookies": 0,
            "fingerprinting": 0,
            "subdomains": [
                "b"
            ],
            "apis": {},
            "sites": 2,
            "prevalence": 0.0000136,
            "cnames": [],
            "responseHashes": [
                "ccfd5278144d36d06d93c0b72911a72628bc64e2a3b34df19f0c6ce74b5a036e"
            ],
            "type": "Image",
            "firstPartyCookies": {},
            "firstPartyCookiesSent": {},
            "exampleSites": [
                "pdfforge.org",
                "www.pdfforge.org"
            ]
        },
        {
            "rule": "sf-syn\\.com\\/badge_img\\/3395288\\/light-default",
            "cookies": 0,
            "fingerprinting": 0,
            "subdomains": [
                "b"
            ],
            "apis": {},
            "sites": 2,
            "prevalence": 0.0000136,
            "cnames": [],
            "responseHashes": [
                "d33a379fe8c1cd06c4ecc604aab2d198687d704feebee276de21966263ce5775"
            ],
            "type": "Image",
            "firstPartyCookies": {},
            "firstPartyCookiesSent": {},
            "exampleSites": [
                "qrcode-tiger.com",
                "www.qrcode-tiger.com"
            ]
        },
        {
            "rule": "sf-syn\\.com\\/badge_img\\/3395288\\/customers-love-us-white",
            "cookies": 0,
            "fingerprinting": 0,
            "subdomains": [
                "b"
            ],
            "apis": {},
            "sites": 2,
            "prevalence": 0.0000136,
            "cnames": [],
            "responseHashes": [
                "e2debef664bab2bac996f0dad7a296a7e72af281979272f2e210313d01da772a"
            ],
            "type": "Image",
            "firstPartyCookies": {},
            "firstPartyCookiesSent": {},
            "exampleSites": [
                "qrcode-tiger.com",
                "www.qrcode-tiger.com"
            ]
        },
        {
            "rule": "sf-syn\\.com\\/badge_img\\/3395288\\/top-performer-winter-white",
            "cookies": 0,
            "fingerprinting": 0,
            "subdomains": [
                "b"
            ],
            "apis": {},
            "sites": 2,
            "prevalence": 0.0000136,
            "cnames": [],
            "responseHashes": [
                "47bd9b5eaee2db31ee52502b2481f4758a4285e70ac055423a6453c989b84537"
            ],
            "type": "Image",
            "firstPartyCookies": {},
            "firstPartyCookiesSent": {},
            "exampleSites": [
                "qrcode-tiger.com",
                "www.qrcode-tiger.com"
            ]
        }
    ],
    "categories": [],
    "performance": {},
    "cookies": 0,
    "topInitiators": [
        {
            "domain": "first party",
            "prevalence": 0.9565217391304348
        },
        {
            "domain": "fsdn.com",
            "prevalence": 0.043478260869565216
        }
    ],
    "types": {
        "Script": 12,
        "Image": 8
    },
    "nameservers": [
        "mira.ns.cloudflare.com",
        "simon.ns.cloudflare.com"
    ]
}