{
    "domain": "shogakukan-web-api.net",
    "owner": {},
    "source": [
        "DuckDuckGo-US"
    ],
    "prevalence": 0.0000613,
    "sites": 9,
    "subdomains": [],
    "cnames": [],
    "fingerprinting": 0,
    "resources": [
        {
            "rule": "shogakukan-web-api\\.net\\/rest\\/get-common-footer\\/site",
            "cookies": 0,
            "fingerprinting": 0,
            "subdomains": [],
            "apis": {},
            "sites": 8,
            "prevalence": 0.0000545,
            "cnames": [],
            "responseHashes": [
                "4d41a7dbc376e1ad2dbb468dd6a2600198194ae2adff9a6b30ab1168f19453a7",
                "0e93da8caf3fbc21e7c5942af19fa5f386e3c851ff79f65c7b4a9be3b41c8d89",
                "ca2a7a616bc0a56c901f0b6e85b77322df3cceef685fed205306d4fc05cb11bc",
                "ad13422c26db1f46d3719604c317edc6e537d8d1109c059655c5c3337cffb35c",
                "19bba65ad86f94d14d933cc82d6321959228fc064916b1b97411b51a3ca4da79",
                "78e07c9f87f2784b9bdb0a0c244720066d31c77ddcb12d44e685a5f610a3986b",
                "3863479bc29bdfab4d0ca06e1f49790c266f3359f0f63a796d12ccbb7f8fecd5"
            ],
            "type": "Script",
            "firstPartyCookies": {},
            "firstPartyCookiesSent": {},
            "exampleSites": [
                "cancam.jp",
                "domani.shogakukan.co.jp",
                "hugkum.sho.jp",
                "kufura.jp",
                "menjoy-digital.jp",
                "oggi.jp",
                "serai.jp",
                "www.biteki.com"
            ]
        }
    ],
    "categories": [],
    "performance": {},
    "cookies": 0,
    "topInitiators": [
        {
            "domain": "first party",
            "prevalence": 1
        }
    ],
    "types": {
        "Script": 8
    },
    "nameservers": [
        "ns-1088.awsdns-08.org",
        "ns-1778.awsdns-30.co.uk",
        "ns-838.awsdns-40.net",
        "ns-407.awsdns-50.com"
    ]
}