{
    "domain": "shopapps.site",
    "owner": {},
    "source": [
        "DuckDuckGo-US"
    ],
    "prevalence": 0.000545,
    "sites": 80,
    "subdomains": [
        "motivate",
        "options",
        "loy"
    ],
    "cnames": [],
    "fingerprinting": 1,
    "resources": [
        {
            "rule": "shopapps\\.site\\/motivator\\.php",
            "cookies": 0.00000681,
            "fingerprinting": 1,
            "subdomains": [
                "motivate"
            ],
            "apis": {
                "Date.prototype.getTime": 13,
                "Document.cookie getter": 13,
                "Document.cookie setter": 1
            },
            "sites": 23,
            "prevalence": 0.000157,
            "cnames": [],
            "responseHashes": [
                "fdb007b8200825c5881e500b9b39975c741364de0056e968a8beb282c12da469",
                "52e32ff24c1fd44c3c2d747973a90ed02215e51e6d5eb8085f5e43b17b9bcc5f",
                "5c8f5af7c83bc999ba7d2756e8222cb4faec12a2ff691482fa490a9e1e799843",
                "f0be4dd50b0cc79e4562f436f94bb2bb7dd3d0c91abb22776ed3af2299a4846a",
                "8934511c064dc485447f6501b00eaf922f176cbaba997eacc2bbc2fc695f19d6",
                "d6d734fc17ba18858aefd2399d7081ea51216cfe857d69705589327909f8fdca",
                "0ef5a98593f4753c7bc9d0ae65339a8c2684bd9a1934c1d93fd6b55538de784d",
                "e0cdb1e0e9e42191194badd76c55b73a7339b59bd50df7156b655b247abbac23",
                "06c0de879ab6ffa6851519aa98aefce75d8d14ea133a9363cdc3ee382ece7133",
                "ce8cb3a007513297b56a89f14e6ba06ed46004a5aa4f1ab8fc84f47ab9f57657",
                "514c4a437e2fce3cd309968c04d797e0312b4bc8ad8e7cdea1f2fa0983a42c70",
                "2555ed039e873400fd6651fb724a2d7a3f1f57af2b6d8ec5c45a5781bdeda919",
                "627489a8d7f49a3ca94a1d7dd6d2e3155806865470311012dfba2aed0ae7e2c1",
                "995671d166d00f006a274d528b313604b2da248dd970e184ba306794ff988c8e",
                "453e9c72d15f4781d5aaf7d99e14b84fe5c6ee711826f011f3f5abc6d7c4f179",
                "efb3f117ab6f300b296ed429351129aebab6e1bcc94af4bc65ac4a5da6d939dc",
                "27709314a30e4cd9f31f7cfc6d859b02b613cfbbcefa4432dad6c0e0aa3780ee",
                "0e02ab6a4ce3f342146c228a84f4a40b285f489f3e462d865584f18bc4015c3f",
                "bedb5ba3d04b32d0e0aa1c90ad37e3ba84b69e18edde694c55bc377001dec26f",
                "01b4516e626287591967dac158af8a5441face711f567d8f488e910d3dc6e38d",
                "de95e4a8d83a5902255294a42e6e20bdad3d8e8d033ea0dc072ccc89308f3118",
                "b63cb0433388ad6d8fbaa53cab93a00933f4d7fe73eac3543b6f7bf8eb5d20a7"
            ],
            "type": "Script",
            "firstPartyCookies": {
                "motivator_initialised_20660": {
                    "ttl": 3607,
                    "length": 1,
                    "prevalence": 0.000006812035504329049,
                    "uniqueness": 1
                }
            },
            "firstPartyCookiesSent": {},
            "exampleSites": [
                "www.alaskankingcrab.com",
                "elitearchery.com",
                "www.drakewaterfowl.com",
                "outdoorsmans.com",
                "www.harrisseeds.com",
                "coastportland.com",
                "www.classicshaving.com",
                "pinklily.com",
                "2xist.com",
                "nakednutrition.com",
                "nydj.com",
                "www.breyerhorses.com",
                "www.healthrangerstore.com",
                "www.blackriflecoffee.com",
                "www.innosupps.com",
                "www.sweetleaf.com",
                "thewoollythistle.com",
                "darkestfox.com",
                "www.getgrinds.com",
                "www.suzannesomers.com"
            ]
        },
        {
            "rule": "shopapps\\.site\\/get_premium_goals\\.php",
            "cookies": 0,
            "fingerprinting": 0,
            "subdomains": [
                "motivate"
            ],
            "apis": {},
            "sites": 13,
            "prevalence": 0.0000886,
            "cnames": [],
            "responseHashes": [
                "4f53cda18c2baa0c0354bb5f9a3ecbe5ed12ab4d8e11ba873c2f11161202b945",
                "0b7586f396b978f8c0bf37675ac1fa834612446ada3252ae43f9ae41d320e177"
            ],
            "type": "XHR",
            "firstPartyCookies": {},
            "firstPartyCookiesSent": {
                "Rollie": 0.000006812035504329049
            },
            "exampleSites": [
                "2xist.com",
                "coastportland.com",
                "darkestfox.com",
                "elitearchery.com",
                "evannex.com",
                "nakednutrition.com",
                "pinklily.com",
                "www.alaskankingcrab.com",
                "www.asp-usa.com",
                "www.breyerhorses.com",
                "www.healthrangerstore.com",
                "www.innosupps.com",
                "www.sweetleaf.com"
            ]
        },
        {
            "rule": "shopapps\\.site\\/js\\/options\\.js",
            "cookies": 0,
            "fingerprinting": 1,
            "subdomains": [
                "options"
            ],
            "apis": {
                "Navigator.prototype.userAgent": 24
            },
            "sites": 25,
            "prevalence": 0.00017,
            "cnames": [],
            "responseHashes": [
                "96b1d1c0272759e0af1511ac3de34832f86e0b9e7ddb665e9c73084d7d034e94"
            ],
            "type": "Script",
            "firstPartyCookies": {},
            "firstPartyCookiesSent": {},
            "exampleSites": [
                "www.woodsplitterdirect.com",
                "shop.lifefitness.com",
                "fourbrothersinc.com",
                "www.jkboots.com",
                "www.wolftoothcomponents.com",
                "www.wrightleatherworks.com",
                "www.shocksurplus.com",
                "agilitegear.com",
                "www.usamm.com",
                "tacomabeast.com",
                "www.maperformance.com",
                "www.clubfurniture.com",
                "guitarkitworld.com",
                "www.urotuning.com",
                "www.vanguardmil.com",
                "www.diamonddcustomleather.com",
                "issautomotive.com",
                "www.grayboe.com",
                "thesatanictemple.com",
                "buildasoil.com"
            ]
        },
        {
            "rule": "shopapps\\.site\\/v2\\/js\\/loyaltiesWidget\\.js",
            "cookies": 0,
            "fingerprinting": 0,
            "subdomains": [
                "loy"
            ],
            "apis": {},
            "sites": 2,
            "prevalence": 0.0000136,
            "cnames": [],
            "responseHashes": [],
            "type": "Script",
            "firstPartyCookies": {},
            "firstPartyCookiesSent": {},
            "exampleSites": [
                "trainz.com",
                "www.trainz.com"
            ]
        }
    ],
    "categories": [],
    "performance": {},
    "cookies": 0.00000681,
    "topInitiators": [
        {
            "domain": "first party",
            "prevalence": 0.5547945205479452
        },
        {
            "domain": "boldapps.net",
            "prevalence": 0.3835616438356164
        },
        {
            "domain": "yottaa.com",
            "prevalence": 0.0273972602739726
        },
        {
            "domain": "rollbar.com",
            "prevalence": 0.00684931506849315
        },
        {
            "domain": "d2fj3s7h83rb61.cloudfront.net",
            "prevalence": 0.00684931506849315
        },
        {
            "domain": "donately.com",
            "prevalence": 0.00684931506849315
        },
        {
            "domain": "d5zu2f4xvqanl.cloudfront.net",
            "prevalence": 0.00684931506849315
        },
        {
            "domain": "shopifyorderlimits.s3.amazonaws.com",