{
    "domain": "shoplift.ai",
    "owner": {},
    "source": [
        "DuckDuckGo-US"
    ],
    "prevalence": 0.000163,
    "sites": 24,
    "subdomains": [
        "app"
    ],
    "cnames": [],
    "fingerprinting": 0,
    "resources": [
        {
            "rule": "shoplift\\.ai\\/assets\\/shoplift\\.js",
            "cookies": 0,
            "fingerprinting": 0,
            "subdomains": [
                "app"
            ],
            "apis": {},
            "sites": 19,
            "prevalence": 0.000129,
            "cnames": [],
            "responseHashes": [
                "205637906024ac4f2ad930fc377d4b9d78cc8cfdbba60beb7492ae42fee09c49",
                "3a4cef5eda267b94bb7185072229b2de55d47eb089f5a0544f79a1ec4d11e16d",
                "08c09e10db0e3bd6f1bc0957efae3fe70f28524bfca22a6fcfac2be98371b7bd",
                "fc98471bb6e7428ccbccc6441bb371be0648e22e0b006c06fe1a18a9675d4a58",
                "5dc25ee3ba8733d33cb332595a8faab25a9e6df731229d02e748e84a8776f1f2",
                "ba11f03b5b6ed6584939224f9096424325f831dd8bc185091b3cba93195ec06d",
                "04c2b8972241873d244afe7004a4ede1ffc660252401d1e24052b0646c598021",
                "af22ff0c6c813c092ad3df7e9cf9197bc77aa7ccef6f324ebcc586fbb6afcb17",
                "4015fc6ea746516e08ddec04c0ff1156a09ef0b06b51f3df33c4d6d447592f88",
                "6a82c7eb8a38e4851607a523926ec787eaaf7402819772d3402f7e95f92cfa61",
                "927342fad252719df3452e6f6458bbe9eeb0532a80ff310831001068244525fb"
            ],
            "type": "Script",
            "firstPartyCookies": {},
            "firstPartyCookiesSent": {
                "_li_dcdm_c": 0.000006812035504329049
            },
            "exampleSites": [
                "avalonking.com",
                "bjjfanatics.com",
                "blackforestsupplements.com",
                "everythingfor420.com",
                "evryjewels.com",
                "hunterboots.com",
                "kith.com",
                "kosas.com",
                "medterracbd.com",
                "pittsburghsprayequip.com",
                "thefurnaceoutlet.com",
                "theinsolestore.com",
                "www.amishbaskets.com",
                "www.ayr.com",
                "www.bioliteenergy.com",
                "www.bistromd.com",
                "www.naturallife.com",
                "www.tascperformance.com",
                "www.usamm.com"
            ]
        },
        {
            "rule": "shoplift\\.ai\\/api\\/events\\/cart",
            "cookies": 0,
            "fingerprinting": 0,
            "subdomains": [
                "app"
            ],
            "apis": {},
            "sites": 10,
            "prevalence": 0.0000681,
            "cnames": [],
            "responseHashes": [
                "e3b0c44298fc1c149afbf4c8996fb92427ae41e4649b934ca495991b7852b855"
            ],
            "type": "XHR",
            "firstPartyCookies": {},
            "firstPartyCookiesSent": {},
            "exampleSites": [
                "bjjfanatics.com",
                "evryjewels.com",
                "kith.com",
                "kosas.com",
                "theinsolestore.com",
                "www.ayr.com",
                "www.bioliteenergy.com",
                "www.bistromd.com",
                "www.naturallife.com",
                "www.tascperformance.com"
            ]
        },
        {
            "rule": "shoplift\\.ai\\/api\\/events\\/cart",
            "cookies": 0,
            "fingerprinting": 0,
            "subdomains": [
                "app"
            ],
            "apis": {},
            "sites": 10,
            "prevalence": 0.0000681,
            "cnames": [],
            "responseHashes": [],
            "type": "Preflight",
            "firstPartyCookies": {},
            "firstPartyCookiesSent": {},
            "exampleSites": [
                "bjjfanatics.com",
                "evryjewels.com",
                "kith.com",
                "kosas.com",
                "theinsolestore.com",
                "www.ayr.com",
                "www.bioliteenergy.com",
                "www.bistromd.com",
                "www.naturallife.com",
                "www.tascperformance.com"
            ]
        },
        {
            "rule": "shoplift\\.ai\\/api\\/events\\/page-view",
            "cookies": 0,
            "fingerprinting": 0,
            "subdomains": [
                "app"
            ],
            "apis": {},
            "sites": 8,
            "prevalence": 0.0000545,
            "cnames": [],
            "responseHashes": [],
            "type": "Fetch",
            "firstPartyCookies": {},
            "firstPartyCookiesSent": {},
            "exampleSites": [
                "bjjfanatics.com",
                "kith.com",
                "kosas.com",
                "theinsolestore.com",
                "www.ayr.com",
                "www.bioliteenergy.com",
                "www.naturallife.com",
                "www.tascperformance.com"
            ]
        }
    ],
    "categories": [],
    "performance": {},
    "cookies": 0,
    "topInitiators": [
        {
            "domain": "first party",
            "prevalence": 1
        }
    ],
    "types": {
        "Script": 19,
        "XHR": 10,
        "Preflight": 10,
        "Fetch": 8
    },
    "nameservers": [
        "ns-128.awsdns-16.com",
        "ns-843.awsdns-41.net",
        "ns-1386.awsdns-45.org",
        "ns-1804.awsdns-33.co.uk"
    ]
}