{
    "domain": "sibautomation.com",
    "owner": {
        "name": "Dual Technologies Services",
        "displayName": "Dual Technologies Services"
    },
    "source": [
        "DuckDuckGo-US"
    ],
    "prevalence": 0.00104,
    "sites": 153,
    "subdomains": [],
    "cnames": [],
    "fingerprinting": 1,
    "resources": [
        {
            "rule": "sibautomation\\.com\\/sa\\.js",
            "cookies": 0.000722,
            "fingerprinting": 1,
            "subdomains": [],
            "apis": {
                "Document.cookie getter": 109,
                "Date.prototype.getTime": 110,
                "Document.cookie setter": 106
            },
            "sites": 112,
            "prevalence": 0.000763,
            "cnames": [],
            "responseHashes": [
                "170be8230b71c7276d7f1b8ae46638f893216bb2dc3f9cb4d7320e88fa558dd0",
                "738ffd2c2152a8ff02bda7809b3c2f0ace23ff6ed109ec2a1fc5e4b6b67bdbde",
                "0e2074dcf9f0d9b180c73f320b89c9b2fed158163065bd6b36d67d8af968019f",
                "517e33082e51738240b48e13b0a2adc7fdff38b863db843c62538b2fc48fb9fe",
                "4c89aca6d995f7d334b449fdbd54db76bb32af61d1f9cefabfdffbc41544982b",
                "f9819301318b8f8885fe1d0df02921f52c8889ab489f5d8811db1740eff88aa8",
                "dbc4f6dfadfedc6632e34f025e5364164db4a8d7de1b7e34ae69bf32802a916f",
                "5c172708a70a01b08349c7f65d249260cb9397b89a01de134f039df1b12aec5d",
                "ed6552ca2ea9bad80c12719d73441c1a51bb7c0af6c4f4bf6a404ce65b5d687b",
                "eaf856f728cb28ff1a995cfbe03d86396bb2190bdb1813862f2c74c1e57e097b",
                "e3b0c44298fc1c149afbf4c8996fb92427ae41e4649b934ca495991b7852b855",
                "1a0e155b23146ad4c9cc53b232d68c77db16d0b07ac5448e96ee1ef55f11b18a",
                "41756636689a798dc8937ce99918bb800f2aaddc330512f7bb0ebee00c2f49df",
                "d5bc6a38c691257ca75dc9808b105b97cff6c3c83bb5972eaa2cc31925d32b88"
            ],
            "type": "Script",
            "firstPartyCookies": {
                "sib_cuid": {
                    "ttl": 15692403,
                    "length": 36,
                    "prevalence": 0.0007220757634588791,
                    "uniqueness": 1
                }
            },
            "firstPartyCookiesSent": {},
            "exampleSites": [
                "sandymusiclab.com",
                "improvesailing.com",
                "www.myamericannurse.com",
                "www.medela.de",
                "www.lmctruck.com",
                "gopowersolar.com",
                "moto-station.com",
                "www.healthy-holistic-living.com",
                "www.zoneadsl.com",
                "www.appliancefactory.com",
                "www.jns.org",
                "gettysburgconnection.org",
                "www.billetreduc.com",
                "www.hvacinformed.com",
                "www.solarquotes.com.au",
                "www.paperpapers.com",
                "www.restaurant.com",
                "www.mr-bricolage.be",
                "electricityrates.com",
                "www.valeursactuelles.com"
            ]
        },
        {
            "rule": "sibautomation\\.com\\/cm\\.html",
            "cookies": 0.000123,
            "fingerprinting": 1,
            "subdomains": [],
            "apis": {
                "Date.prototype.getTime": 87,
                "Document.cookie getter": 19,
                "Document.cookie setter": 18
            },
            "sites": 87,
            "prevalence": 0.000593,
            "cnames": [],
            "responseHashes": [
                "3ebecf02cc5c03eaa3c994b9a5e2ae39c8efe800cd1b806f55cadd7f36e76ec5",
                "d409261777b1b4c6eca1ec3de462db83e0490b82bb5b3c08c62d7b89aa8e4471",
                "750956097f2f80be26aecb53b1095442a0c0e349442b2305836160c24a68c1f9",
                "66e3c8c2a9dbb865fc5ed43c8288f4cd570b0216bab019a257282f2803bf5974",
                "b51f86eb8b335c1cfbce14fec6d7ad335a0dd12f1ca3629ad0274edfbd8b4e2d",
                "1ad21c65340f89ddc693a0a342c65ac7b00145fe84d6025d74c45b80450128b3",
                "cd1c24d512c464f88d19efa68a935857d265ab69518b8bfcc9ab4781a096a5be",
                "a4acaa55615b2aa43fa1da0c22bb917cc480e0d367004a343ec3c9a5137d37c0",
                "c9814cd90ef2e899280164d958c19a52fb2a84ef5fab2351ee77cb792bb1689f",
                "e476082872f2ab037552f7e55bde512a67e77082feb15975b00e42008f2d4943",
                "d6c6c2ead0f59a8bd2a08ce99a684c73aaefef123b6b227f91542b944b4a3092",
                "16fe9c3b66170277f2fa5fa676a1e1ca25745c26e825fc96aa5e6a17b4ea9328",
                "94fa0291762f96ee9b3a48ebff4b384f3ef8d6f30b22985070ee0bd0be3d4976",
                "65ec991ebd431e256018594fb4f31557e38400d2dd9a54269d71df6a86c33d08",
                "b6276e1148b6346a979110b2891bbda9445e21d03cf730641c4f9b6a86b635af",
                "720cf0609d6448943498b7edf6081af80c99c23d5444bb859e00256957e243bd",
                "223a5d970ca8d62286b8db576a8818384ccdb21256c86a9b39375880750e4143",
                "4e596dd06f5bb4159b5dcf869d138deb4225fb3ea227d2772f5c8b3b48e6a90b",
                "38724f8f793debede71cee01d0c03e8ae3d1f0a22569ebd9db17254d1497b4d7",
                "6fbb64170841e4a9c3e8b96c1089a419e45ed28f8d73e73ce77d76bf38cfca4d",
                "8da6baef611fc908c3a9ae4e76664ef959a16994a7bacc5a96884b79a70338cb",
                "957be48062ca16db48006db57a6b87b207a6b03ab4ddce30ff071aea6f37190c",
                "e2ef40874f26a865544982a162add3f233377611368f8a17c5d21d5e1af39002",
                "2f3ebb7d4aa11e42fb8a5ba992281313dfe9c6cb462ad89e4b3a1f038d7a9035",
                "3efa7bebbc57c8185c33e1a847e323113fa49561b0dbc67c2b71a8cf6ae1c9a8",
                "cf2fa01f69d8c23eb9171c956ea6113835f9d3cfb22ff171cace614c406cf0c2",
                "4b6c6ae6942c37e83e54e6dab5c66aee8b63e08ef325b5340dcebc6e41cac763",
                "f63f2225332ea96a08fbe5652d14dcf192d2a9e74383ec53adfda148dd7a8db4",
                "a69aa28398a2b2819cd19b1eca83d0e7548e7ca69eb45ae5d3bd5402b9110fe1",
                "c893b458fca25e68f7d89a4376363942285bfbf036b3758541603caacb774b9a",
                "6b324233610fd9ab64131a0068120c297e09e4f8c6e6d2c87f08942dc7636c97",
                "f54241ce982e2da6f288959e5c2287fc9405e1478132c589577209d36e7b98f0",
                "79c21b1825ac8896b7f87ccfe63ef7757ee459e1afd69689274d19981781d342",
                "5e84593d0a10b65d9a58e4b5e9fa15967dc0925b0f16b497e5a927bc35696e29",
                "5630ce5b5b0f92f7218bf4e2e152761c9a3ddba4f508a2f86e5bbe1e34e06fd7",
                "57fae47a037558095355b5c53b85cb4352e65b29b781b7f4a36c04f818e8dbf6",
                "ca09d29631cac092067848b3bb5972e198344237028083318b93d5424ea8e5ed",
                "764677fba65e2a1e2d8eec6338b6eab36190ac532571b961e5a64995e0916403",
                "a93f0ea2d07ad117f9654150fe99d9f0b5f782e59f37bae8f85ef07a1741df45",
                "79e3d4d50a5941b2e74f9c1f578dba5248d05eb776b165f9f309cb2badd083d7",
                "8e65b734ca575e66d9ec0186991b32c9685fb129a85e4fe9fb81486b082e3145",
                "112094b7a95c791f42004109fdc4e6ef9910e339559dc75788ccc33f2728a9a7",
                "a9a50feb563819fcf65794ac398ea23917281833ab12dc15b01953e7e344507c",
                "c7ad392e773b532e64a51e76efb9e0aafea0ce69ff8facf7f34a7e92bd81f045",
                "23c06c35ee17397286c65c72a6678da09523bd4f654079c84eefefb7819134fd",
                "5b9f569d1c93b4c5768fb974c6869c028559c54b33ace93ccc928d38b978d07c",
                "f1b83db19b974705e3ae57c0530d80f7683ed7271b2624bddaa883151c75ab6d",
                "3c28e01805e1586d71fac63f98aa882b59d044d9048a32a4aac95be91074c377",
                "d819ac40934a839675454ded72ece9e19ab2c43249763fc2bd251f198410cad1",
                "3788ed6c0b11248c973f5efae56aa5f9106bdcf6b0f56d1e41aac9d415495ee6",
                "35f4ae61ead637ad0a17d6fb6d5b28f27c838443ef8ba0ce176d92dbfe01b4ba",
                "9ffba04f0e961b4c0694b5ba844eb794ba526e8c36a1a201c37760e0a2a663d6",
