{
    "domain": "signalintent.com",
    "owner": {},
    "source": [
        "DuckDuckGo-US"
    ],
    "prevalence": 0.000218,
    "sites": 32,
    "subdomains": [
        "embed"
    ],
    "cnames": [],
    "fingerprinting": 2,
    "resources": [
        {
            "rule": "signalintent\\.com\\/js\\/embedded\\.js",
            "cookies": 0,
            "fingerprinting": 0,
            "subdomains": [
                "embed"
            ],
            "apis": {},
            "sites": 27,
            "prevalence": 0.000184,
            "cnames": [],
            "responseHashes": [
                "5fc96ad1725fcc3a7982872fe396f8f4ff6c315f671e762cfc1616cbcc0523aa",
                "8a500b4c6de6bea9b9f95243a073a2fdf22e0a3c0c578d7558fb6c254f36dec4",
                "8762de1c0feca533084ccd9d343c8177f24f045c2623183ea3e697e61687fe59",
                "00cf89d94e3da8204a0e177bfd6e6ae92e702a3c1eada4842da48f1b761291f4",
                "44ee78085a3916c86fe934e9897ffad3d3a69ae6c1a74800ce97c1d23fbbe889",
                "234e575f1a580b0b49393bc321c6e736fe651f38736fe9356f048685d5c819e7",
                "5fbca0f7a42a61ab3a67aa1cc5f56a93cdbaea260d6939fe76f176abd54d32bd",
                "621a31a57202ca57193076a7d6f2dc759edcea05b17dc48a5c72693ab3b23aee",
                "320259aece1c02b7036e51faa0a7128457225c325f9cd4001fd7656c657e1fc9",
                "9404b1cd0c91ca5e764355d5b7999020bee98580a390240646acd672b9404077",
                "028245f27f0032f91b656027e658da3dafbd5079d928d10acbb5b2d8489af1b9",
                "05d1709021673053c44edbb6c58c0e2004dcbc757cc681a005db0725d5099e25",
                "37ac09178fdc0f7763a7011ae9bd5230109cba07ebafb8bca25f5921819fea76",
                "32b7cc091d93ca47db02c52e9e2f16b25f81e2ccc968a3c85a484dcc6dc0ef7e",
                "60e27bf594a82302dcb40a32d6b43c9c0b7840662238cf9137815a3087ed78d4",
                "524e2634c9073170d68ed2044518eb7b75fc1bb48e15f4771e11f737ff69919b",
                "63d5af1064fd389196ff53365a595cfcb76768f5e20b71041fc53f769536ca96",
                "6727c5862b5640e76eb300f2306902266530cc496281ffdeea1799b131711757",
                "56de290385a0f0f7d36b656351990074e76f92363916d45caf04a611fc38fa55",
                "79bd49bdf6aa0375fae2ee0fca70501d8fdc8cba10b02da9dcfddb7e379c39bb",
                "b0ef993eb6a711f97a32eeca0c2668cee3780ba6a05e65ba875b78acb23f24eb",
                "60da09da916bfe7f748fa0d07df1582b31f7346472278f495ea777551570bbb2",
                "1f492c36904a836ec76b6e89ad9ecc301b2153df306ab7bfbb2683fd04289b4e",
                "83c749fa80f4d172f50fc86ef2f25706a61c6d63ce8388438057292635a29316",
                "543e2227512bc819d210633c911aa4d250beafeeedb601f0de650980dc4ee337",
                "e232ba0ec09af6ecf1a5fb9ce53199fe3a73c4a70444d7a870c1564adf4fe9a1"
            ],
            "type": "Script",
            "firstPartyCookies": {},
            "firstPartyCookiesSent": {},
            "exampleSites": [
                "www.quorumfcu.org",
                "www.gtefinancial.org",
                "www.fscb.com",
                "www.towerfcu.org",
                "www.everwisecu.com",
                "www.rfcu.com",
                "www.selco.org",
                "allincu.com",
                "www.gecu.com",
                "www.cccu.com",
                "www.texastrustcu.org",
                "www.dupaco.com",
                "www.lmcu.org",
                "www.bellco.org",
                "www.affinityfcu.com",
                "www.scfederal.org",
                "www.bcu.org",
                "clearwatercreditunion.org",
                "www.bankwithunited.com",
                "www.valley.com"
            ]
        },
        {
            "rule": "signalintent\\.com\\/main\\.b968b7959cd14be1da2d\\.js",
            "cookies": 0.000143,
            "fingerprinting": 2,
            "subdomains": [
                "embed"
            ],
            "apis": {
                "Navigator.prototype.userAgent": 22,
                "Event.prototype.timeStamp": 22,
                "window.localStorage": 21,
                "Navigator.prototype.product": 22,
                "Date.prototype.getTime": 22,
                "Navigator.prototype.cookieEnabled": 22,
                "Document.cookie setter": 21,
                "Document.cookie getter": 21,
                "Navigator.prototype.onLine": 22,
                "window.innerWidth": 2,
                "window.innerHeight": 2,
                "Navigator.prototype.language": 2
            },
            "sites": 22,
            "prevalence": 0.00015,
            "cnames": [],
            "responseHashes": [
                "d1bf71a3304479d1b586a276964f6c7e330e9f97b3e0e2fe415bc53461cc5fe3"
            ],
            "type": "Script",
            "firstPartyCookies": {
                "ajs_anonymous_id": {
                    "ttl": 31536006,
                    "length": 36,
                    "prevalence": 0.000013624071008658098,
                    "uniqueness": 1
                }
            },
            "firstPartyCookiesSent": {},
            "exampleSites": [
                "www.soundcu.com",
                "www.cccu.com",
                "www.nw.bank",
                "www.gecu.com",
                "www.selco.org",
                "www.fscb.com",
                "allincu.com",
                "fccu.org",
                "www.westerracu.com",
                "www.globalcu.org",
                "www.scfederal.org",
                "www.gtefinancial.org",
                "www.rfcu.com",
                "www.dupaco.com",
                "www.togethercu.org",
                "www.quorumfcu.org",
                "www.bankwithunited.com",
                "www.everwisecu.com",
                "clearwatercreditunion.org",
                "www.lmcu.org"
            ]
        },
        {
            "rule": "signalintent\\.com\\/main\\.cebb15dc5fa3f11796e1\\.css",
            "cookies": 0,
            "fingerprinting": 0,
            "subdomains": [
                "embed"
            ],
            "apis": {},
            "sites": 22,
            "prevalence": 0.00015,
            "cnames": [],
            "responseHashes": [
                "217352d2b073b7e113391c2b04ac2d1921ccd1823d804e5beb9e8ea388f39688"
            ],
            "type": "Stylesheet",
            "firstPartyCookies": {},
            "firstPartyCookiesSent": {},
            "exampleSites": [
                "www.nw.bank",
                "www.gecu.com",
                "www.selco.org",
                "www.scfederal.org",
                "www.dupaco.com",
                "www.globalcu.org",
                "www.everwisecu.com",
                "www.westerracu.com",
                "fccu.org",
                "www.gtefinancial.org",
                "www.fscb.com",
                "www.soundcu.com",
                "www.quorumfcu.org",
                "www.bankwithunited.com",
                "www.achievacu.com",
                "www.cccu.com",
                "www.togethercu.org",
                "allincu.com",
                "www.rfcu.com",
                "www.towerfcu.org"
            ]
        },
        {
            "rule": "signalintent\\.com\\/ajs-destination\\.776ce7c10ba9f573f628\\.js",
            "cookies": 0,
            "fingerprinting": 0,
            "subdomains": [
                "embed"
            ],
            "apis": {},
            "sites": 22,
            "prevalence": 0.00015,
            "cnames": [],
            "responseHashes": [
                "4f4e8e22a35a638c71d87f897354a37c6bd59a00bc037cf04dd00eed7c91dcb3"
            ],
            "type": "Script",
            "firstPartyCookies": {},
            "firstPartyCookiesSent": {},