{
    "domain": "sitedataprocessing.com",
    "owner": {},
    "source": [
        "DuckDuckGo-US"
    ],
    "prevalence": 0.000157,
    "sites": 23,
    "subdomains": [
        "fe"
    ],
    "cnames": [],
    "fingerprinting": 1,
    "resources": [
        {
            "rule": "sitedataprocessing\\.com\\/fewv1\\/ProcessStats\\.aspx",
            "cookies": 0.0000613,
            "fingerprinting": 1,
            "subdomains": [
                "fe"
            ],
            "apis": {
                "Document.cookie setter": 9
            },
            "sites": 12,
            "prevalence": 0.0000817,
            "cnames": [],
            "responseHashes": [
                "e3218e4ba40153dbb704b65d2c213e96f86e7990126f1ed95ffa8bf8d5f069a5",
                "e3b0c44298fc1c149afbf4c8996fb92427ae41e4649b934ca495991b7852b855",
                "deb81f8c8b2521ba63b1c4e972b68dae514ff08d72a07ee474d351ea8395e1bb",
                "1cb53a062a99310a18aed780e04118795dad72bc3a2e7c4a89d5ee62882d5f85",
                "1ee366946a5bb4eec58dfb917bd92a49a1974f3958fd3e7394826cde7747dd02",
                "afc1ca5a5460b91cbe78c806fb00c7bdea12e4cdff54f6695846c48892a2b0a1",
                "9bf5be71a9d8ff18b0c4202c66b26d5759acd26b5dc3afc0f5b4f85702e3835b",
                "4639a7b279575a967d30e914d766e6a49cd62fcd5fbc6aa1b316fb29eb88bed7",
                "5cbed4655876de33dc0847732b24ce38d3a1f1cf7ec201d7fdfece5a2228eb48",
                "b0bd94230b1f048ecabc87082accdca903e99200c0b54887e1de1ef68d374b00"
            ],
            "type": "Script",
            "firstPartyCookies": {
                "vv_session_id": {
                    "ttl": 1802,
                    "length": 46,
                    "prevalence": 0.00006130831953896144,
                    "uniqueness": 1
                },
                "vv_visitor_id": {
                    "ttl": 94698002,
                    "length": 31,
                    "prevalence": 0.00006130831953896144,
                    "uniqueness": 1
                }
            },
            "firstPartyCookiesSent": {
                "IR_gbd": 0.000006812035504329049,
                "_li_dcdm_c": 0.000006812035504329049
            },
            "exampleSites": [
                "horsetrailertrader.com",
                "www.costcoinsider.com",
                "www.hillel.org",
                "www.icanotes.com",
                "www.kollmorgen.com",
                "www.llflooring.com",
                "www.pcrf.net",
                "www.skyscrapercenter.com",
                "www.smcusa.com",
                "www.visualvisitor.com",
                "www.windowfilmdepot.com",
                "www.woodworkingnetwork.com"
            ]
        },
        {
            "rule": "sitedataprocessing\\.com\\/cscripts\\/edIpAO0QQP-64a98e2e\\.js",
            "cookies": 0,
            "fingerprinting": 0,
            "subdomains": [
                "fe"
            ],
            "apis": {},
            "sites": 2,
            "prevalence": 0.0000136,
            "cnames": [],
            "responseHashes": [
                "e3b0c44298fc1c149afbf4c8996fb92427ae41e4649b934ca495991b7852b855"
            ],
            "type": "Script",
            "firstPartyCookies": {},
            "firstPartyCookiesSent": {},
            "exampleSites": [
                "cnccookbook.com",
                "www.cnccookbook.com"
            ]
        },
        {
            "rule": "sitedataprocessing\\.com\\/cscripts\\/PUaVD78Pzo-64cbb0e2\\.js",
            "cookies": 0,
            "fingerprinting": 1,
            "subdomains": [
                "fe"
            ],
            "apis": {
                "Document.cookie getter": 2,
                "Navigator.prototype.userAgent": 2,
                "Screen.prototype.width": 2,
                "Screen.prototype.height": 2
            },
            "sites": 2,
            "prevalence": 0.0000136,
            "cnames": [],
            "responseHashes": [
                "2da55463f72bb7da5be8cd69f62ae6ec840d2a06faab1d73776c41035445c74f"
            ],
            "type": "Script",
            "firstPartyCookies": {},
            "firstPartyCookiesSent": {},
            "exampleSites": [
                "llflooring.com",
                "www.llflooring.com"
            ]
        }
    ],
    "categories": [],
    "performance": {},
    "cookies": 0.0000886,
    "topInitiators": [
        {
            "domain": "first party",
            "prevalence": 0.5769230769230769
        },
        {
            "domain": "processwebsitedata.com",
            "prevalence": 0.19230769230769232
        },
        {
            "domain": "googletagmanager.com",
            "prevalence": 0.15384615384615385
        },
        {
            "domain": "osano.com",
            "prevalence": 0.07692307692307693
        }
    ],
    "types": {
        "Script": 16
    },
    "nameservers": [
        "ns45.domaincontrol.com",
        "ns46.domaincontrol.com"
    ]
}