{
    "domain": "sitkainsights.com",
    "owner": {},
    "source": [
        "DuckDuckGo-US"
    ],
    "prevalence": 0.0000681,
    "sites": 10,
    "subdomains": [
        "dashboard"
    ],
    "cnames": [],
    "fingerprinting": 0,
    "resources": [
        {
            "rule": "sitkainsights\\.com\\/feedback\\/embed\\/",
            "cookies": 0,
            "fingerprinting": 0,
            "subdomains": [
                "dashboard"
            ],
            "apis": {},
            "sites": 5,
            "prevalence": 0.0000341,
            "cnames": [],
            "responseHashes": [
                "1e59b32a976fd407aae2030924c4b8a7ddc8a0bbbe62f60d502c0925cc16b1b2",
                "112ee246c1c505e3d492cd3ec54bd86905d2d43da54561bd2340e63b33949d03",
                "b8eab2cfbe9d76df18c0ceb0c30b5b53e027b25d1c92d49753c2492da177c32a",
                "a25edd3f10e1101e00387cb28fed99cdf336214628cbf83b565ae2740159158b"
            ],
            "type": "Script",
            "firstPartyCookies": {},
            "firstPartyCookiesSent": {},
            "exampleSites": [
                "bendoregon.gov",
                "www.cityoftacoma.org",
                "www.ifm.org",
                "www.metroparkstacoma.org",
                "www.mytpu.org"
            ]
        },
        {
            "rule": "sitkainsights\\.com\\/feedback\\/embedload\\/",
            "cookies": 0,
            "fingerprinting": 0,
            "subdomains": [
                "dashboard"
            ],
            "apis": {},
            "sites": 7,
            "prevalence": 0.0000477,
            "cnames": [],
            "responseHashes": [
                "031b36ada0916e6848aa6bf142076ba479e399ef8f4dd887d426f6a0c209af10",
                "293b47459aae0de22c330ec145093d00e041a30c9788f02659976a22a4942c5a",
                "f59b335253fd349112b527e13831991663512e82b0ce8d2659956fe405f6717c",
                "6a0cf43296af62de6cba4ecde44120cb1b807267e2382a0f3fa44d9f8497232e",
                "199080499bd246e4e3231a4e88e5196dd4e7123749a03e0cb0d2bb728c897543",
                "6004e1540035b1adc3ccc18acc59d78e0e70e5c137bfed95ada492b0b0bf9b10"
            ],
            "type": "Script",
            "firstPartyCookies": {},
            "firstPartyCookiesSent": {},
            "exampleSites": [
                "bendoregon.gov",
                "www.cityoftacoma.org",
                "www.ifm.org",
                "www.metroparkstacoma.org",
                "www.missionfed.com",
                "www.multicare.org",
                "www.mytpu.org"
            ]
        },
        {
            "rule": "sitkainsights\\.com\\/feedback\\/embed",
            "cookies": 0,
            "fingerprinting": 0,
            "subdomains": [
                "dashboard"
            ],
            "apis": {},
            "sites": 3,
            "prevalence": 0.0000204,
            "cnames": [],
            "responseHashes": [
                "2931b8f1f49ad5261302d3c21b13c5f2e1c9806ba12540cc271d460f7dc2e3f2",
                "435e0e99e6c94fc063074152a2239594aef72f49aa00678a155c82c647c7e189"
            ],
            "type": "Script",
            "firstPartyCookies": {},
            "firstPartyCookiesSent": {},
            "exampleSites": [
                "missionfed.com",
                "www.missionfed.com",
                "www.multicare.org"
            ]
        }
    ],
    "categories": [],
    "performance": {},
    "cookies": 0,
    "topInitiators": [
        {
            "domain": "first party",
            "prevalence": 0.8333333333333334
        },
        {
            "domain": "gearlabnw.net",
            "prevalence": 0.16666666666666666
        }
    ],
    "types": {
        "Script": 15
    },
    "nameservers": [
        "clark.ns.cloudflare.com",
        "emily.ns.cloudflare.com"
    ]
}