{
    "domain": "sjsmartcontent.ru",
    "owner": {},
    "source": [
        "DuckDuckGo-US"
    ],
    "prevalence": 0.000102,
    "sites": 15,
    "subdomains": [],
    "cnames": [],
    "fingerprinting": 2,
    "resources": [
        {
            "rule": "sjsmartcontent\\.ru\\/wns\\/top2",
            "cookies": 0.0000886,
            "fingerprinting": 0,
            "subdomains": [],
            "apis": {},
            "sites": 13,
            "prevalence": 0.0000886,
            "cnames": [],
            "responseHashes": [
                "0c3ab6f4f99e42d6fc6b5586719e34eced7b9b632f9c4a849f6e871452bcb3c0",
                "a24bea37f8f08008f534716a15af9a3ec4011ea96f999330132d6cfba90c9fb8",
                "f9ddd9a4d35f74dbe57245900fefe5bb4503bfafa3fb9802649a5131cea3b71f",
                "a3fe470975693db61aeb837ec978a090d5948479c5d6fa205c71814aceb9594c",
                "2fd663b90b78886d49174aa4c003affaa669f914901676fbb42eff338e3a3f5e",
                "2660c9ee3141d94eaeba9e313285bce9e817fa488f212d4f81ab1734ab936990",
                "4f53cda18c2baa0c0354bb5f9a3ecbe5ed12ab4d8e11ba873c2f11161202b945",
                "5dda45898b75387efcd8b7938b630463b51fa46dde5d55e8df990ef7e8ae4973",
                "240439899b189735f13b948d9f7f64ade24e88e125fc0a898d505d3469fe80e8",
                "dbdaef9a9f51758da5a8bedbd5ad4c173859e4d59d439f6aed731a5be6eb045b",
                "0b27aabbbddba8f2cca7cb14c34513229e9ec7d21cbc3573417e976de5541210",
                "444f0ab88ad16b0a643c03842117f24de45e129858ae04431488cc69bd7ee161"
            ],
            "type": "XHR",
            "firstPartyCookies": {},
            "firstPartyCookiesSent": {},
            "exampleSites": [
                "bartleylawoffice.com",
                "bezboleznej.ru",
                "clinic-a-plus.ru",
                "dntuyt.ru",
                "igry-gid.ru",
                "karpov-clinic.ru",
                "kompyutery-programmy.ru",
                "medvisor.ru",
                "obrazovanie-gid.ru",
                "sprosivracha.com",
                "supersoda.ru",
                "www.ayzdorov.ru",
                "www.consmed.ru"
            ]
        },
        {
            "rule": "sjsmartcontent\\.ru\\/wns\\/event",
            "cookies": 0,
            "fingerprinting": 0,
            "subdomains": [],
            "apis": {},
            "sites": 11,
            "prevalence": 0.0000749,
            "cnames": [],
            "responseHashes": [
                "44136fa355b3678a1146ad16f7e8649e94fb4fc21fe77e8310c060f61caaff8a"
            ],
            "type": "Ping",
            "firstPartyCookies": {},
            "firstPartyCookiesSent": {},
            "exampleSites": [
                "bezboleznej.ru",
                "clinic-a-plus.ru",
                "dntuyt.ru",
                "igry-gid.ru",
                "karpov-clinic.ru",
                "kompyutery-programmy.ru",
                "obrazovanie-gid.ru",
                "sprosivracha.com",
                "supersoda.ru",
                "www.ayzdorov.ru",
                "www.consmed.ru"
            ]
        },
        {
            "rule": "sjsmartcontent\\.ru\\/static\\/plugin-site\\/js\\/sjplugin\\.js",
            "cookies": 0,
            "fingerprinting": 2,
            "subdomains": [],
            "apis": {
                "window.localStorage": 9,
                "HTMLMediaElement.prototype.canPlayType": 9,
                "Navigator.prototype.userAgent": 9,
                "Navigator.prototype.platform": 9,
                "window.sessionStorage": 9,
                "Screen.prototype.width": 9,
                "Screen.prototype.height": 9,
                "window.devicePixelRatio": 9
            },
            "sites": 9,
            "prevalence": 0.0000613,
            "cnames": [],
            "responseHashes": [
                "479b060abfdecaaad3029cb17ed62871dafa55d04a78f8578fd623c4a7175813"
            ],
            "type": "Script",
            "firstPartyCookies": {},
            "firstPartyCookiesSent": {},
            "exampleSites": [
                "clinic-a-plus.ru",
                "dntuyt.ru",
                "igry-gid.ru",
                "karpov-clinic.ru",
                "kompyutery-programmy.ru",
                "obrazovanie-gid.ru",
                "sprosivracha.com",
                "www.ayzdorov.ru",
                "www.consmed.ru"
            ]
        }
    ],
    "categories": [],
    "performance": {},
    "cookies": 0.000102,
    "topInitiators": [
        {
            "domain": "sjsmartcontent.org",
            "prevalence": 0.55
        },
        {
            "domain": "first party",
            "prevalence": 0.45
        }
    ],
    "types": {
        "XHR": 13,
        "Ping": 11,
        "Script": 9
    },
    "nameservers": [
        "ns3-l2.nic.ru",
        "ns4-l2.nic.ru",
        "ns8-l2.nic.ru",
        "ns8-cloud.nic.ru",
        "ns4-cloud.nic.ru"
    ]
}