{
    "domain": "smart-data-systems.com",
    "owner": {},
    "source": [
        "DuckDuckGo-FR"
    ],
    "prevalence": 0.000606,
    "sites": 6,
    "subdomains": [
        "get"
    ],
    "cnames": [],
    "fingerprinting": 1,
    "resources": [
        {
            "rule": "smart-data-systems\\.com\\/gq",
            "cookies": 0.000101,
            "fingerprinting": 1,
            "subdomains": [
                "get"
            ],
            "apis": {
                "window.localStorage": 6,
                "Screen.prototype.width": 6,
                "Screen.prototype.height": 6,
                "Document.cookie getter": 5,
                "Navigator.prototype.language": 6,
                "Navigator.prototype.userAgent": 6,
                "Date.prototype.getTime": 2,
                "Document.cookie setter": 1
            },
            "sites": 6,
            "prevalence": 0.000606,
            "cnames": [],
            "responseHashes": [
                "9c7be688ae60ec39b61282ca6221505bf96bdf29dad1d029f9ab2aad7399a480",
                "99864de5527eb3826dff0940a98c6d1edb90809d37feb2e9243926151cd819b3",
                "3e79321915179655206036cb41aa4ff9400d10d465adf51f13acacfce199bc34",
                "dec1d6fbb817c6ecbe808570a78ebc86f1e43815410fa520c986404d42c38a7b",
                "982ef25c592bd4318818e60a64f881c1b42c2433ded0a33f04e8049108f42fe9"
            ],
            "type": "Script",
            "firstPartyCookies": {
                "cluid": {
                    "ttl": 31539,
                    "length": 36,
                    "prevalence": 0.00010097950116126426,
                    "uniqueness": 1
                },
                "eqy_sessionid": {
                    "ttl": null,
                    "length": 32,
                    "prevalence": 0.00010097950116126426,
                    "uniqueness": 1
                },
                "_first_pageview": {
                    "ttl": 600,
                    "length": 1,
                    "prevalence": 0.00010097950116126426,
                    "uniqueness": 1
                },
                "_jsuid": {
                    "ttl": 31536000,
                    "length": 9,
                    "prevalence": 0.00010097950116126426,
                    "uniqueness": 1
                }
            },
            "firstPartyCookiesSent": {},
            "exampleSites": [
                "global-exam.com",
                "start.lesechos.fr",
                "www.cordial.fr",
                "www.edfenr.com",
                "www.hyundai.com",
                "www.primagaz.fr"
            ]
        }
    ],
    "categories": [],
    "performance": {},
    "cookies": 0.000101,
    "topInitiators": [
        {
            "domain": "googletagmanager.com",
            "prevalence": 0.8333333333333334
        },
        {
            "domain": "google-analytics.com",
            "prevalence": 0.16666666666666666
        }
    ],
    "types": {
        "Script": 6
    },
    "nameservers": [
        "ns18.ovh.net",
        "dns18.ovh.net"
    ]
}