{
    "domain": "smct.co",
    "owner": {
        "name": "SMARTER CLICK TECHNOLOGY LTD",
        "displayName": "SMARTER CLICK"
    },
    "source": [
        "DuckDuckGo-US"
    ],
    "prevalence": 0.000552,
    "sites": 81,
    "subdomains": [
        "ls",
        "ep",
        "events",
        "dc"
    ],
    "cnames": [],
    "fingerprinting": 1,
    "resources": [
        {
            "rule": "smct\\.co\\/tm",
            "cookies": 0,
            "fingerprinting": 1,
            "subdomains": [],
            "apis": {
                "window.sessionStorage": 8,
                "Date.prototype.getTime": 1,
                "window.localStorage": 1
            },
            "sites": 19,
            "prevalence": 0.000129,
            "cnames": [],
            "responseHashes": [
                "10e1c6bc3be8bfa91b1d3ec2551c1c1e4c531b7a5b77fb0022c858e29bbb4b73",
                "88c32287d586aae37704ce6ffd83d3f475797a5882ce04faba228eba123559be",
                "7ee0f609faca8a05f8fe46b108fb743f2302baa692749d47f0b75b8a33934c7c",
                "9caaf63c56c1c71954614002f8ed486b9092d9066d679c83139fb74c864f99d3",
                "35f821bc57680410719dbb11647917595152881ad4a4803a445e0ce62045fa25",
                "5321b1d579b04cd9ecf498fecc83df5797a50579878d6cacb5bca38a1444567c",
                "bf0f7eb350f71f56061c901ba354787099d4969320949d0fb2a9f14cedb606dd",
                "d38ed2bfd0c5f5de220b349ed7a179f73c0c4e6c1eacb86769bd770e220d5783",
                "24b448665bbc4f2c299e045e698e81e052401555eae1a28d540096e80d8199f2",
                "681d7e7729ab9fac5d4de0e68220eb1a1539c2fa55cd2bca4b0a7559c5c29cb2",
                "0833a6bca9d427e87ee1a59a38e22ac2a345f0d259745e6af170359c58900273",
                "fdecf17a29dcaca879a57b345889aa58e691b90f1ff065be4c7182b0e73a59e2",
                "fd1faaec7ab746a0474a6bb13d0fa75713bab4e050156928d340c6404d2cf7c4",
                "13380eed31e5a3991b4a4322e58f6e65ee90870e247b629a92ff1cdcf6498531",
                "3fae990d8d4ac600769c3e12e3d3aea4c5c47080d94d73d4169fd50a38c3f6c6",
                "651e762b28600e64bbee07352ddd1b4e04f7c6f2c0cc0b9500b82161f97f2b0d",
                "efa59a6275c1b9a3b0d5cab98db72d093b3070d4d6af89c25994ce1b3d157942"
            ],
            "type": "Script",
            "firstPartyCookies": {},
            "firstPartyCookiesSent": {
                "IR_gbd": 0.000006812035504329049
            },
            "exampleSites": [
                "britishgas.co.uk",
                "new.talktalk.co.uk",
                "www.box.co.uk",
                "www.britishgas.co.uk",
                "www.canvaschamp.com",
                "www.conforama.es",
                "www.decluttr.com",
                "www.esrgear.com",
                "www.goldsmiths.co.uk",
                "www.harmonystore.co.uk",
                "www.hivehome.com",
                "www.jessops.com",
                "www.musicmagpie.co.uk",
                "www.pdsa.org.uk",
                "www.protyre.co.uk",
                "www.rac.co.uk",
                "www.sky.com",
                "www.waterford.com",
                "www.wexphotovideo.com"
            ]
        },
        {
            "rule": "smct\\.co\\/tm\\/",
            "cookies": 0,
            "fingerprinting": 1,
            "subdomains": [],
            "apis": {
                "window.sessionStorage": 30,
                "Date.prototype.getTime": 2,
                "window.localStorage": 3,
                "Navigator.prototype.userAgent": 1,
                "Screen.prototype.width": 1
            },
            "sites": 44,
            "prevalence": 0.0003,
            "cnames": [],
            "responseHashes": [
                "a73a0880ef4d13000bb04a5cfefb90ca91fa013fb860ec590ca3a3949d67a4b0",
                "e2ff55d482064ab9bf6dfd776c36fced5dc9a972d7b6559ed190e602eebee82e",
                "2fdcf7f4bc86706ab6c86da957b51a67f6f1f6e3cc51ac6835116b39115411c1",
                "c9af2d9dca533f365c734ba06c93d93c7b4207940a63974986267dea0dac914c",
                "ce615370335033b8bffbc9394b513ce2406e407b236634b54295f29a16b45f4f",
                "65570324d5039b33db3d3d28e024eb1d8f84ad4dc44eb0c3a9d9c067fc7221d9",
                "dcbc7cc41dfaa000a1eaeae1679590d28edc37b786e4deaf98ccd1793a0bdea8",
                "97a11f456e566b270c7ebb3a2bb966ea0bc6efccdaaf77ad071c130755d94244",
                "9e653e75bdbbff7ede11512eca074b3c31f8a7e2734e49811eaa5b740228ef28",
                "3cbabe50c9c8434e68b413662876249ff8758e5c411ad78337e82a9f4cde57ed",
                "0d06202fdd2fcf340af865073c2097f5f2a6101334b9d6bcc18a759062648728",
                "2be5d70670bf4041b430caece48d6658ba099b61c1ae42c4ca977f18403ddb4f",
                "3885a95cb7805f7bb1546e0a369c83f5d740b4db9285e8a70b1538544703713d",
                "64e823c09b3ed493c9fb85a3cb6963ab3ea9a6163041f1a234e550bb30197e0d",
                "8569bab3422fa11910df61bd4591dc20aca818656174638df4b42323a6800dc8",
                "565be6b8c3bc4c74ad156df21b26e13730369fb02914a4e1c6480cbb3756b59d",
                "c66773b36302898511e5ef5e1f3d77c9087b8d0c204a4f90bd6fe5ed7b7055b3",
                "48fa95ed27d6c86da8acdd84fc6f282cdba110f80a415fe535e6db8584fd2471",
                "cfaa26934859fdfa7ed57b5a5970f90c3715fd95f159c8be957a0e9d6f88dbae",
                "769f7680ff1494c82e16fe000e4ea36c0174c3a5d74734df9acb2647d1609422",
                "2600b54bbed003e3824f728f008f16e90b78c445c860a8913726d9e8cd7bb3cb",
                "8b5c515cd53540111ee28fe73b7022288eb30ebc9f4f6c1fa351df875d1c111a",
                "913dfedb58e756e6547ec51a85176def2b58235d3bd2218eafd840564ecac03c",
                "8a86012377ad9c8216ae3dcc88c14c41b5f780250104be797d114ee29eb38661",
                "50a906ec187fa952e2eb8d3b339992274254ea583c35167dc5b6756956c5e2b6",
                "70d3ef30faf3e5dff9018564651d40d9a1593c6e71b330b00b2465783f35ffc6",
                "847815d8a0d5703ca1c286a5f925156e3dc97a1aa29086a7f78bdfba42d507ef",
                "bca21859722ef78e8adaf555a5091880b8e528b8cb4a282a24ba4b8e7d51061e",
                "35f821bc57680410719dbb11647917595152881ad4a4803a445e0ce62045fa25",
                "ba80bdb896be451d027698f1b305b76523f1b5687874769cd4d39358dc1aa771",
                "3bbeece5642c0160a9ad4691150f3a7223621f4efde5d07a4fd2b9d4887e9d0a",
                "5832326096a6156c8200232ed50cd70d33f7228e2e3aab59731b58189a5100cc",
                "0b0283841f8560a55aaeb313b6a4a34e15c10d74475572f6a7b38920fb75ff2c",
                "08e167fc162068903c60ca1cb295149cf161b32089ab5a81a4671904814fda29",
                "6dc1afc25270ef680010ca059627ae4e28a3c78d69f46a549cf53a52b68c9927",
                "a26183344cd758b1a73037200c7daa992ab70a3cd2c51edf8d8784ccd709e5f8",
                "f43b45ba1144045ca3af56619e331294e624f0000086c8b7f88985060f53b26e",
                "86dd9d47a2140a4f78e279e568d4c48785489a008953e755eb41c468ee52bdee",
                "01990198efd2a6f1a0fc44f195a3ac8bb8823dbe10102e419ace625f0e939650"
            ],
            "type": "Script",
            "firstPartyCookies": {},
            "firstPartyCookiesSent": {
                "lotame_domain_check": 0.000006812035504329049,
                "IR_gbd": 0.000006812035504329049
            },