{
    "domain": "smopy.com",
    "owner": {},
    "source": [
        "DuckDuckGo-US"
    ],
    "prevalence": 0.00015,
    "sites": 22,
    "subdomains": [
        "d"
    ],
    "cnames": [],
    "fingerprinting": 2,
    "resources": [
        {
            "rule": "smopy\\.com\\/d\\/",
            "cookies": 0,
            "fingerprinting": 2,
            "subdomains": [
                "d"
            ],
            "apis": {
                "Document.cookie getter": 4,
                "Navigator.prototype.userAgent": 1,
                "Navigator.prototype.mimeTypes": 1,
                "window.innerWidth": 1,
                "window.innerHeight": 1,
                "window.screenX": 1,
                "window.screenLeft": 1,
                "window.screenY": 1,
                "window.screenTop": 1,
                "Screen.prototype.height": 2,
                "Screen.prototype.width": 2,
                "Date.prototype.getTime": 1,
                "window.localStorage": 1
            },
            "sites": 15,
            "prevalence": 0.000102,
            "cnames": [],
            "responseHashes": [
                "e3b0c44298fc1c149afbf4c8996fb92427ae41e4649b934ca495991b7852b855",
                "a4613a0d488c41004f157bfd0c1edc68283094e571876694c5376a2228dbc05d",
                "eae4861b0de356be20f25b6c24829e0ef3d0da34b11e02844b55445a572f23c9",
                "93345c682e6d207102b4b4a1ad033b275df4c3247dd38f36e87c0fea65eeca34",
                "ebfd27207fbe4fbcf766953a9c35f7a07cc6839f6f65f58a122b854d3f36e433",
                "40bcd6b666cd27afdf45c0de0980099bfb280014bf1de47047e31a204563cc8e",
                "65280a410efa95e04674b43738243a4c02aeeb6d530d02c60d9f2fd8ece3e7f2",
                "1cb5d295fd523ffb67981bc621eefb266e08b9b3c3532a9361b64f5a321ecac7",
                "b25e0d1e036a100adee23be2bda6f5ac461d6bdbaf106f64ecd2972f49d85239",
                "4d3897d0f8db3fb00bc21de684a02a9a0304479185e0dc110e5b61f2a462c503",
                "e5df4b022842202dc61f896f8de462a374a757087e956bb4953e5bdfa1a1fed1",
                "b8c3fafb1cc6c956ef5e40c1441d182b4b7827b5f9e6f8836765bd6d668891b8",
                "9ee3a09f30b0a185b599d7321ece2f810bd3c093307c1c5d15047ec89b64e58e"
            ],
            "type": "Script",
            "firstPartyCookies": {},
            "firstPartyCookiesSent": {},
            "exampleSites": [
                "1bigclub.com",
                "bestporncomix.com",
                "bigo.video",
                "chatropolis.com",
                "cheemsporn.com",
                "eromeporn.com",
                "javhay.net",
                "milftoon.site",
                "realpornclip.com",
                "spankwire1.com",
                "www.chatropolis.com",
                "www.marathit.com",
                "www.tamilporn.video",
                "www.vintage-nude.com",
                "xgifer.com"
            ]
        }
    ],
    "categories": [],
    "performance": {},
    "cookies": 0,
    "topInitiators": [
        {
            "domain": "first party",
            "prevalence": 1
        }
    ],
    "types": {
        "Script": 15
    },
    "nameservers": [
        "brad.ns.cloudflare.com",
        "erin.ns.cloudflare.com"
    ]
}