{
    "domain": "smsbump.com",
    "owner": {},
    "source": [
        "DuckDuckGo-US"
    ],
    "prevalence": 0.000375,
    "sites": 55,
    "subdomains": [
        "subscription-forms",
        "api",
        "forms-akamai",
        "forms"
    ],
    "cnames": [],
    "fingerprinting": 2,
    "resources": [
        {
            "rule": "smsbump\\.com\\/quick-subscribe-check",
            "cookies": 0,
            "fingerprinting": 0,
            "subdomains": [
                "subscription-forms"
            ],
            "apis": {},
            "sites": 38,
            "prevalence": 0.000259,
            "cnames": [],
            "responseHashes": [
                "76d09402f26b132307df286dd2ae98a3859c565580da6f1034083fe56fcece34",
                "1e65f6e4f234e45d752c1f1a9f54f69aa28052aad249ae769ddd477b1a0d9938",
                "5a98257ca54292080532b3d6250416a399144e9acddcd57fe0c3a6d024ab8ead",
                "774e7a96830295333438c9f57d9bd952650d17db74b1ccbab657c738ec33fe81",
                "cdaac23cf2a62c4d99f166dc0ba235e38c6d4bd4abdeead05a103ef852114aa0",
                "2cf38f7558459feef259fc20c897f2f5cf398a9fbaf10cfa6a3fff09dd81e303",
                "2130d084cc0ce259be9824a056cc6e63ed689805c415792ac2d85454f45e39cc",
                "034c7fa4daa9db0d57dfc138c9e21a0a51f01f32253a136b57ae9827593692a4",
                "1f0563e1711d45e7115c33fb1d0ec5f88e0f7fa88455d00475c2b63c3e165e15",
                "f92657e7aa4da489238a9ba57e92f9bbc95851ccd6c3c1809dfa9d884542917e",
                "249632849b6750b83ed6e0f03d3641158442037420921d7e1f6dae2b43d85adf",
                "1eb7659a5bc7d3d701e4799d08cc344d6bfe0c2117f41a2a4ce585fd45e3c7ea",
                "faf4acd02195157641d66736b32a0eb11b1cd03a160f03238ff37da3b10e662f",
                "c76e74b33311526cd7104c29683c384920ce4d0cae7a53670feeffa5372f6e37",
                "5cf26acb166f374f77cf904a46718f08599e531799b528ca71b2936968e3c95c",
                "24495dd836d5f14b594f0e43216a0e309a5b9028c6a262b895c33e854f89d011",
                "2905f186302f87b6b97e08b7c05a353e96512399bc0f600d4c6f9302baab2bf8",
                "9d3380fae6612fcac13b995bc8f54190acf59dfba1a2308e381dfb23bfe6e2a1",
                "fe9cacf7ac849788ee717ef182b881b85259123c5ebaa26c105f7bd83f5dbd7b",
                "7d1a0d1c2fc930af9528c2fb43611e0eb67c3b2ab371df31a3e4d1058b7fee7b",
                "e2e43db18a869ecd9f835e91c97063a16c711e1c1de030f54349536adafad887",
                "c3b72183dc41caab32b3508035d3d3914f6976ff3c0eeed1e3b19c9e3baa4897",
                "0af7a0a8380390e36824382efd5868b02a52b5602b4ea5181b84c739125f64ea",
                "db0629645346ed0dd57e5c49d4035cb43a9d59b27115e3263060c26258b0c119",
                "ade1b31f4fdcd86e80e3342af865728a1dc12c085e7959feecc32c22c7010266",
                "5fadb03b308c54a7141a24095337cca1ab8b0de7a2fff0e0e6047a9226821e7c",
                "5689810a4fa9f694c7a272cfd5a2cfc6f64565e7f95844b03d30432b054995bb",
                "637e42906a7022f12d2f52e22010018a758843f25abdb8c75007640ed1f15195",
                "8bd3983ecf674e9fa694dcc86bad6512ef79b995db0ce05af8fb4adb89fc8dfe",
                "a0a541cfb9370c7fb9650d5a7e7343c1e19079d73f575e4d3c8d441871c8384b",
                "99c86652265a705a4c1b2ff6ee4842a928b8a5c6ea3a105869d34b6ac7d2b435",
                "a4567519539f3a167fb7fa5d4b7a5b4cfbde8ac3dd1fb68a4fdf02fb7561a6eb",
                "2b8c61662a96647d2ee6ffa107c3e68e4b5e7cc16c3ac6c2295617512985d653",
                "42849175b280c19e060dcf71b507fb771bf0764123462eb91f153ba665682bb1",
                "60028593764103b4aa11fd63dc09cba5868ded76be65097434b16d7db8fea995",
                "4bbe0c6c7e5dfc3bc9c177ef32236a4e0b3c01344b30d6620592852278d2e1d4",
                "6cf2d0b15ea7f1631ee82f5be076804f19b1506837f24c0492f085e2e3a84bcd"
            ],
            "type": "Fetch",
            "firstPartyCookies": {},
            "firstPartyCookiesSent": {},
            "exampleSites": [
                "vinegarsyndrome.com",
                "www.eightvape.com",
                "us.kamik.com",
                "cosori.com",
                "thejeepsterman.com",
                "www.luglife.com",
                "takethesis.com",
                "repfitness.com",
                "www.turtlebeach.com",
                "brooklyntweed.com",
                "www.peltzshoes.com",
                "steelsupplements.com",
                "masienda.com",
                "altfragrances.com",
                "dimebeautyco.com",
                "batteryjunction.com",
                "www.keepsakequilting.com",
                "dazzledry.com",
                "justingredients.us",
                "tomboyx.com"
            ]
        },
        {
            "rule": "smsbump\\.com\\/v2\\/formsPublic\\/getCountries",
            "cookies": 0,
            "fingerprinting": 0,
            "subdomains": [
                "api"
            ],
            "apis": {},
            "sites": 6,
            "prevalence": 0.0000409,
            "cnames": [],
            "responseHashes": [
                "e74c7f433dd2b0ae8b2a0230dfb8ef36a79d89b05ea4b2feb01e647ef0f37e02"
            ],
            "type": "Fetch",
            "firstPartyCookies": {},
            "firstPartyCookiesSent": {},
            "exampleSites": [
                "brooklyntweed.com",
                "heatonist.com",
                "steelsupplements.com",
                "us.princesspolly.com",
                "vinegarsyndrome.com",
                "www.heybike.com"
            ]
        },
        {
            "rule": "smsbump\\.com\\/151752\\/fonts\\/obviously-extended-bold%20%281%29\\.woff2",
            "cookies": 0,
            "fingerprinting": 0,
            "subdomains": [
                "forms-akamai"
            ],
            "apis": {},
            "sites": 2,
            "prevalence": 0.0000136,
            "cnames": [],
            "responseHashes": [
                "97260faed9df0e5a798182f77e26b48c3924b89bb1b7e449ebd405b379d04612"
            ],
            "type": "Font",
            "firstPartyCookies": {},
            "firstPartyCookiesSent": {},
            "exampleSites": [
                "princesspolly.com",
                "us.princesspolly.com"
            ]
        },
        {
            "rule": "smsbump\\.com\\/411928\\/form_213692\\.js",
            "cookies": 0,
            "fingerprinting": 0,
            "subdomains": [
                "forms"
            ],
            "apis": {},
            "sites": 2,
            "prevalence": 0.0000136,
            "cnames": [],
            "responseHashes": [
                "5096d16c162d9e3c80e11efa8372b32589da56f16b2b24fe31c9d1a29fd3dd8d"
            ],
            "type": "Script",
            "firstPartyCookies": {},
            "firstPartyCookiesSent": {},
            "exampleSites": [
                "tonies.com",
                "us.tonies.com"
            ]
        },
        {
            "rule": "smsbump\\.com\\/558870\\/user_file654144ec27a88\\.png",
            "cookies": 0,
            "fingerprinting": 0,
            "subdomains": [
                "forms-akamai"
            ],
            "apis": {},
            "sites": 2,
            "prevalence": 0.0000136,
            "cnames": [],
            "responseHashes": [
                "0d8cb21c4eed29bbf23af2e17996ce3ab37be341d4d9cc08b563b70c8adc87ee"
            ],
            "type": "Image",
            "firstPartyCookies": {},
            "firstPartyCookiesSent": {},
            "exampleSites": [
                "aviatornation.com",
                "www.aviatornation.com"
            ]
        },
        {
            "rule": "smsbump\\.com\\/483326\\/user_file6508b018d6105\\.png",
            "cookies": 0,
            "fingerprinting": 0,
            "subdomains": [
                "forms-akamai"
            ],
            "apis": {},
            "sites": 2,
            "prevalence": 0.0000136,
            "cnames": [],