{
    "domain": "socy.pro",
    "owner": {},
    "source": [
        "DuckDuckGo-US"
    ],
    "prevalence": 0.000252,
    "sites": 37,
    "subdomains": [
        "rbx-mat",
        "gra7-mat",
        "bhs5-mat"
    ],
    "cnames": [],
    "fingerprinting": 0,
    "resources": [
        {
            "rule": "socy\\.pro\\/mat\\.php\\/check",
            "cookies": 0,
            "fingerprinting": 0,
            "subdomains": [
                "rbx-mat",
                "gra7-mat",
                "bhs5-mat"
            ],
            "apis": {},
            "sites": 32,
            "prevalence": 0.000218,
            "cnames": [],
            "responseHashes": [
                "53864bcf141bd258149285921b03165ff094824550278cddd3b2d15e7ff11b4f",
                "ca33a5d09c613d7ae3cde4137f22ce014e9a61ace780968cf94538ee15314d33",
                "76214851116f972dab36c17e5201a50e2396a3c5250695ae47e76fa9bb094f55",
                "b551b0fae155b155356bd08713fa5cfb87f249fe4f082fc78ef805683fb769cc",
                "d5ee8002c87cc96e87af8db8e609d70328fe73496186d8648b693cf77246514e",
                "ccf7ef9326dd6c69119cf09508368e67acbc687add061b4dc8cb5078fc2194d6",
                "1ca6938148886022c2f037ddc9b283865c5e14263f1f4dc9f6e94ffb0a61b2a2",
                "51b8d33091b2d5f3fe53e551f6e49c9df88d3ca4c9c20e86be541f44623b069f",
                "c7b6facc9184c9a0767a6c0a67f3b94524450c7c68d953f333dc51ea97f7181e",
                "8b7926214b4a6add38248246b7faa6bf32b672f694fc5b08f90ad23f143f067e",
                "52290d5c7a57f371c8d81576f2c14193fc9ced4a4f05f1ea75a0e698c97e93e1",
                "226fe80aa2ec43f457cdba4e8894405251e46fd31fe27eddf719fe1783711067",
                "7df8ef32e22358b71f8ac1adc3453260481668c7669c8b07323b9e33cc378029",
                "faba0ffbbac61f6eeec3d158bed78670524abf5fa6777169ab27e1e12be75832",
                "dece8e973fe6c6187f44f114cbecc84bdbb7fc3dbbb860990713d453e72f5acc",
                "48fbeb172d7f5672795f5643df836b3e05cd285d5877449e22d0b576c07ecacc",
                "c97a2b2302dd5b22d65aecd16a0b6d76b108514296bd636d8d24e7198c89bd26",
                "6551fccf2a4420de84fdeb94c5923072a3c6fcfa0478c3db1d27766b94c1e168",
                "2f7d652355fd6d519c48be94f4d3cc1976c9e7206b3237220af5bbf1ff764c7a",
                "8c72c2d4789fd720a05575c8a270c70ac57457cbaa5fe8c833104410fa416f83",
                "ac195a7d44e88993e8a91cf106515cd3e27d9cefa3c91319b5dccf8b86d0f0da",
                "139a4901f8706c7a526f950293dfc30d4ef3a26065549b1ccfd42cd53ef6a0c7",
                "74a8ed96010cbab36d71fd72258bbf272ca6ae2ba416781550f5280b3d211a54",
                "3e54988f2368ae64ff420cae9dd786df8520a1aec64ee7d218de3291a6a28b17",
                "07551e74520aebe7912973cda49a68c17f0fa9b1a89b0b88aa1893c38adf743a",
                "b4a0a659045fa8f0d4b5b41eb6d1c1b7842e6a898433509eadc8faff82a1c28e",
                "c40a78f20fe194fdd2ea4a96170983d7bdfb1ce0769ad70ed5438638ac87fec9",
                "977bd0275b3e52268b1d68634769b121247ed511bccb96bd22bc5701f058de8b",
                "a95383c8604766d81e1c2a5841c863908995e167e04126108b7ba4c649fadae0",
                "246d98765adb12a82e9874ee2cd936d3585c2c787203a1141abc877c88d8d222"
            ],
            "type": "XHR",
            "firstPartyCookies": {},
            "firstPartyCookiesSent": {},
            "exampleSites": [
                "www.sport.es",
                "www.superdeporte.es",
                "peru21.pe",
                "www.xatakahome.com",
                "www.xatakamovil.com",
                "www.genbeta.com",
                "www.noticiasdenavarra.com",
                "cadenaser.com",
                "www.trendencias.com",
                "www.vidaextra.com",
                "www.xataka.com",
                "en.as.com",
                "los40.com",
                "www.noticiasdegipuzkoa.eus",
                "www.xatakandroid.com",
                "www.huffingtonpost.es",
                "www.espinof.com",
                "www.wradio.com.co",
                "www.resultados-futbol.com",
                "www.elperiodico.com"
            ]
        },
        {
            "rule": "socy\\.pro\\/mat\\.php\\/api\\/xandr_usermapping",
            "cookies": 0,
            "fingerprinting": 0,
            "subdomains": [
                "rbx-mat",
                "gra7-mat",
                "bhs5-mat"
            ],
            "apis": {},
            "sites": 19,
            "prevalence": 0.000129,
            "cnames": [],
            "responseHashes": [
                "f3c77f6091beaa5d6b96fc040c70943a5ada356f58464b108d28ccace42eafff",
                "fd29325e71c4bc205cb69240aba0e76b21ea3f3cad22811009d955a24a3bb91b",
                "b74676d0a5882966f43c46753163fbc177110dae3642d30b1caa965c23325dad",
                "ae36463ea00de8a64d61f246965268ae6f80511195de69859e52e6ca5b64e4ca",
                "2c87b8cded120e1f3a26ed6be1c38112f82335c65a7767f38d8af1781be2c68d",
                "0695b9ea105f498ff6d699e5a32c22fe9cb69389c91d9f583069ccfa972fa930",
                "5df8136a8297243d75fb5a65d1e3beb51a682576bde4295f6204f9f2609c2d03",
                "00fc3444b6786df74d3306958505a7aa4a84681cdc3bb42aa1727bac23a3c602",
                "3fdaabd47fa1f97045cb8ce04ec2b4c42f3463b3cb58a54113604a26aaa2df35",
                "eab45ccbeeb1fd59f7d09ed22c1ec2ab536c33c24406c63ccc62312b6f2dfda9",
                "fcd60cd0a95409990e41545714fbc9229020f6719ba20bed97b6a072414de446",
                "2b7301427b3e9189fca2be664561e18b35d4a09ac784ac9c6f065de9b34c4869",
                "a4755b629b530d2ecb74185e0f3583ac50ea9f354ef9ddf96e17d8fda802000e",
                "79baad3dcf9b11352a912bc11feb2c11d3c230a0b0f9093fbb08f939fc3e2168",
                "4a77e86045022b6a68f7414d7389420109b995b0259d0e6f6fb4879fde7d74b0",
                "7abfab7185ae6c97d5c49a0bdb62ff0ac8d790636658a9e843d088af9147ec23",
                "377c1e31f7f5915fadf115039103f5cda6e0677cec9c83ea1fc07b36f7ddba11"
            ],
            "type": "Script",
            "firstPartyCookies": {},
            "firstPartyCookiesSent": {
                "_MAT_XUM_": 0.00012261663907792289,
                "SPC_XUM": 0.00012261663907792289
            },
            "exampleSites": [
                "as.com",
                "cadenaser.com",
                "caracol.com.co",
                "en.as.com",
                "los40.com",
                "motor.elpais.com",
                "www.applesfera.com",
                "www.directoalpaladar.com",
                "www.genbeta.com",
                "www.huffingtonpost.es",
                "www.resultados-futbol.com",
                "www.trendencias.com",
                "www.vidaextra.com",
                "www.vitonica.com",
                "www.wradio.com.co",
                "www.xataka.com",
                "www.xatakahome.com",
                "www.xatakamovil.com",
                "www.xatakandroid.com"
            ]
        },
        {
            "rule": "socy\\.pro\\/mat\\.php\\/load\\/yc\\/master\\/297\\/",
            "cookies": 0,
            "fingerprinting": 0,
            "subdomains": [
                "bhs5-mat"
            ],
            "apis": {},
            "sites": 2,
            "prevalence": 0.0000136,
            "cnames": [],
            "responseHashes": [
                "c62f5e70aedaef945b5694a0447a3242fc2d505d208b50e6c123328e1d5e9f27"
            ],
            "type": "XHR",
            "firstPartyCookies": {},
            "firstPartyCookiesSent": {
                "_MAT_TK_": 0.000013624071008658098
            },
            "exampleSites": [
                "as.com",
                "en.as.com"
            ]
        },
        {
            "rule": "socy\\.pro\\/mat\\.php\\/load\\/yc\\/master-2\\/378\\/",
            "cookies": 0,
            "fingerprinting": 0,
            "subdomains": [
                "gra7-mat"
            ],
            "apis": {},
            "sites": 2,
            "prevalence": 0.0000136,
            "cnames": [],