{
    "domain": "sofinpushpile.com",
    "owner": {},
    "source": [
        "DuckDuckGo-US"
    ],
    "prevalence": 0.0000477,
    "sites": 7,
    "subdomains": [],
    "cnames": [],
    "fingerprinting": 2,
    "resources": [
        {
            "rule": "sofinpushpile\\.com\\/lv\\/esnk\\/1859593\\/code\\.js",
            "cookies": 0,
            "fingerprinting": 0,
            "subdomains": [],
            "apis": {},
            "sites": 7,
            "prevalence": 0.0000477,
            "cnames": [],
            "responseHashes": [
                "9a0b00fe7ff40481831d0ee25ba13c45bd977f2676e77b2e523d99dd63eafd8a"
            ],
            "type": "Script",
            "firstPartyCookies": {},
            "firstPartyCookiesSent": {},
            "exampleSites": [
                "adownloadbokep.com",
                "xbokep2.online",
                "xbokepindo123.net",
                "zbokepy.online"
            ]
        },
        {
            "rule": "sofinpushpile\\.com\\/lv\\/esnk\\/1859593\\/code\\.js",
            "cookies": 0,
            "fingerprinting": 0,
            "subdomains": [],
            "apis": {},
            "sites": 7,
            "prevalence": 0.0000477,
            "cnames": [],
            "responseHashes": [
                "e3b0c44298fc1c149afbf4c8996fb92427ae41e4649b934ca495991b7852b855"
            ],
            "type": "Other",
            "firstPartyCookies": {},
            "firstPartyCookiesSent": {},
            "exampleSites": [
                "adownloadbokep.com",
                "xbokep2.online",
                "xbokepindo123.net",
                "zbokepy.online"
            ]
        },
        {
            "rule": "sofinpushpile\\.com\\/get\\/1859593",
            "cookies": 0.0000477,
            "fingerprinting": 0,
            "subdomains": [],
            "apis": {},
            "sites": 7,
            "prevalence": 0.0000477,
            "cnames": [],
            "responseHashes": [
                "db87c058e5b634792063a9c622833f465cbb8285ee8e0975d218a73faf4d19ff",
                "9b70da1a5cd099e3950473a12e716398523c97aa1cd4ef301ca23574d4fbce87",
                "cc4f005f553fd97c213b0f594d30f2414eb580dd166cf2c3c7c9e35e21d294ba",
                "c10f0fb4e7aaeee108a7a0ea07f4bd6c4b294e7950a7a20c59680b490f2d21ed",
                "8d35aee3c071646b0355c0ec86e93ce9e819151e102a53449f6a9d5c2d8a1c71",
                "79c0dee1d24ff496206ddac0687e4692d958fbde80a522aba27d27e81008ec68"
            ],
            "type": "Script",
            "firstPartyCookies": {},
            "firstPartyCookiesSent": {},
            "exampleSites": [
                "adownloadbokep.com",
                "xbokep2.online",
                "xbokepindo123.net",
                "zbokepy.online"
            ]
        },
        {
            "rule": "sofinpushpile\\.com\\/chicken\\.gif",
            "cookies": 0,
            "fingerprinting": 0,
            "subdomains": [],
            "apis": {},
            "sites": 7,
            "prevalence": 0.0000477,
            "cnames": [],
            "responseHashes": [
                "0fd9847719cee6f95c1c5f685e7af46acc4f7f5c40941dd960fc02dc0fe14779"
            ],
            "type": "Image",
            "firstPartyCookies": {},
            "firstPartyCookiesSent": {},
            "exampleSites": [
                "adownloadbokep.com",
                "xbokep2.online",
                "xbokepindo123.net",
                "zbokepy.online"
            ]
        },
        {
            "rule": "sofinpushpile\\.com\\/whob\\.gif",
            "cookies": 0,
            "fingerprinting": 0,
            "subdomains": [],
            "apis": {},
            "sites": 4,
            "prevalence": 0.0000272,
            "cnames": [],
            "responseHashes": [
                "0fd9847719cee6f95c1c5f685e7af46acc4f7f5c40941dd960fc02dc0fe14779"
            ],
            "type": "Image",
            "firstPartyCookies": {},
            "firstPartyCookiesSent": {},
            "exampleSites": [
                "adownloadbokep.com",
                "xbokep2.online",
                "xbokepindo123.net",
                "zbokepy.online"
            ]
        }
    ],
    "categories": [],
    "performance": {},
    "cookies": 0.0000477,
    "topInitiators": [
        {
            "domain": "first party",
            "prevalence": 1
        }
    ],
    "types": {
        "Script": 14,
        "Other": 7,
        "Image": 11
    },
    "nameservers": [
        "ns-1946.awsdns-51.co.uk",
        "ns-1527.awsdns-62.org",
        "ns-408.awsdns-51.com",
        "ns-564.awsdns-06.net"
    ]
}