{
    "domain": "sp-trk.com",
    "owner": {},
    "source": [
        "DuckDuckGo-US"
    ],
    "prevalence": 0.000211,
    "sites": 31,
    "subdomains": [],
    "cnames": [],
    "fingerprinting": 3,
    "resources": [
        {
            "rule": "sp-trk\\.com\\/u",
            "cookies": 0,
            "fingerprinting": 0,
            "subdomains": [],
            "apis": {},
            "sites": 31,
            "prevalence": 0.000211,
            "cnames": [],
            "responseHashes": [
                "fca1ac52e90e279a8b2c0eed52c78b49ca7e89be16cb1e2d6b0f70a35023c8f1",
                "c3e35746bb676cdf38bc6f4379cc8dd6e8f285142cda52345ca9f263977fd678",
                "c58a9b6231397e355360a938e539c88e236159d9263ce7afb25ff2e4159906af",
                "fc419a86de894c98b35fbef6ca3d5aca4e4acd6e354c6e237f0a6d744fc56897",
                "96d56ff4a03c6aeb68ffcc8496092990bbab0122f3fb970231afea2af038a4d0",
                "dc4b269e32acca4abcafa6ab13419af3db849df8745acc8cd931bfc91af90c47",
                "9a3281d30d1c407cd389e586f9ce387f9176f25114ad72c38132235decf285f9",
                "b4c5a43f8f64c63711d5d00b40bf387059ebe46ec3ff3edc918d354c8d008d73",
                "17e11e143b9c1b5cd9871e232dae8f3e4137eb284f500f770c27a36f1d5503ff",
                "605ee231c412586913392653b4ca02a2989aa1ba4a5d0108cf2395f8febfd6f6",
                "6816cdf8b9ecdf998a9d4d89204a4df5d30d98805fcf9f4558175dbb3952f2a0",
                "2350932dfa33202d333561b3247548dc7a428f5ec714b7b1e105593ffd7c413b",
                "123c804f996f277edc2da38e9a810c09421f37af76e3082cc59b6aa405978e60",
                "d06999a15ec137bf005c9f10ee82b2b355301dd1039dbb5945ca350fcdf04d53",
                "bae4221af82a8f8a0a8e2b69a597fdf80dc133c032ac77436712a93bf0d97e88",
                "25424390bcb2753d75900151d734ed70ddb9ab57cdf53bd6f14ac5f5697d3eea",
                "cb9165dd4a47bb33a4b8d70eaf5f8090238fdc68576bac134aad592b55de12fb",
                "5f63e37f2be3552677bccc11a91db6ff6045f2c4740094c0287c21f1e1268df6",
                "bb73f93a30f70396bb36e594d398b3040ab1da7f4835b635d4899599f84a2f7f",
                "7cd9ac86c60385d1aa9a6f9aea8cdbdd4649f9dd2fbb164ea3bcc3ffcaf14e7d",
                "71c39b5f5fc817b60bfbb136557fcc5c8ccb350bf1b3562481a3f93c7419b1bd",
                "aff8501292e4d9d27eb55fcff430bcbb722a9a951d5ad2e33492439f3ac9ca7d",
                "3b9f96be26c5adc7d19708a5e9d78f00eec6314a0fc9c0fbb99c6b391e7f97a9",
                "4317d4571e43a4a61e57c9cdba23e74f8d15842d1445b5f3b8136908266f2c7b",
                "c4e23c97127db469896dbc4d854bde47727f7a9b405d1b12a8bc8367ec025897",
                "d82c7dfa33310c2cd7795dfc908289b8cc4af6984970b18d45a6722bbf372c50",
                "49b6afe9c9160aa795065c8bfb7c3c10136fabc44acc27e79e0798a578c0dcbb",
                "9e11f848c12edb49a07a961bbd5326d44f02dedb315c29bfe4bca1825e1268a2",
                "3328a985fc7eeac8478a96429e7c814fa7a4a51a0830b7f7378cb535ae9ba966",
                "be34e820759abae0c4551f4022da22d92fbd633064d6d4dd9cae3ed7762d1b71"
            ],
            "type": "Script",
            "firstPartyCookies": {},
            "firstPartyCookiesSent": {},
            "exampleSites": [
                "suumo.jp",
                "search.travel.rakuten.co.jp",
                "s.kakaku.com",
                "www.dospara.co.jp",
                "store.united-arrows.co.jp",
                "www.jal.co.jp",
                "www.felissimo.co.jp",
                "raksul.com",
                "search.kakaku.com",
                "www.dot-st.com",
                "zozo.jp",
                "en-gage.net",
                "www.broadbandgenie.co.uk",
                "nanboya.com",
                "www.skylark.co.jp",
                "www.y-aoyama.jp",
                "network.mobile.rakuten.co.jp",
                "www.princehotels.co.jp",
                "www.baitoru.com",
                "www.freee.co.jp"
            ]
        },
        {
            "rule": "sp-trk\\.com\\/t\\/gvti2l7u",
            "cookies": 0.0000272,
            "fingerprinting": 3,
            "subdomains": [],
            "apis": {
                "Date.prototype.getTime": 4,
                "Navigator.prototype.webdriver": 4,
                "Screen.prototype.orientation": 4,
                "Navigator.prototype.platform": 4,
                "Navigator.prototype.language": 4,
                "Screen.prototype.width": 4,
                "Screen.prototype.height": 4,
                "Screen.prototype.availLeft": 4,
                "Screen.prototype.availTop": 4,
                "window.screenX": 4,
                "window.screenLeft": 4,
                "window.screenY": 4,
                "window.screenTop": 4,
                "window.outerWidth": 4,
                "window.outerHeight": 4,
                "Screen.prototype.availWidth": 4,
                "Screen.prototype.availHeight": 4,
                "Screen.prototype.colorDepth": 4,
                "window.devicePixelRatio": 4,
                "Intl.DateTimeFormat.prototype.resolvedOptions": 4,
                "Date.prototype.getTimezoneOffset": 4,
                "Navigator.prototype.hardwareConcurrency": 4,
                "Navigator.prototype.deviceMemory": 4,
                "window.sessionStorage": 4,
                "window.localStorage": 4,
                "Notification.permission": 4,
                "window.indexedDB": 4,
                "Navigator.prototype.maxTouchPoints": 4,
                "WebGLRenderingContext.prototype.getExtension": 4,
                "WebGLRenderingContext.prototype.getParameter": 4,
                "Document.cookie setter": 4,
                "Document.cookie getter": 4,
                "Navigator.prototype.javaEnabled": 4,
                "window.innerWidth": 4,
                "window.innerHeight": 4,
                "Navigator.prototype.connection": 4,
                "HTMLCanvasElement.prototype.toDataURL": 4
            },
            "sites": 4,
            "prevalence": 0.0000272,
            "cnames": [],
            "responseHashes": [
                "b1184911d8acf3e1e143341c84a478401d4d8721cad7b822740ee9c6b86334f8",
                "cfb41b32e0cbdc9ff035505349ddf6a5889b54eb06cf2971f87ac778b6a71fb9",
                "735846907141ca6376378667d57b54938ea8b8aae4e60dd3f6f3f48ade0b915c"
            ],
            "type": "Script",
            "firstPartyCookies": {
                "t": {
                    "ttl": -136074877,
                    "length": 1,
                    "prevalence": 0.000027248142017316195,
                    "uniqueness": 0.25
                }
            },
            "firstPartyCookiesSent": {},
            "exampleSites": [
                "kakaku.com",
                "s.kakaku.com",
                "search.kakaku.com",
                "sumaity.com"
            ]
        },
        {
            "rule": "sp-trk\\.com\\/i\\/gvti2l7u",
            "cookies": 0,
            "fingerprinting": 0,
            "subdomains": [],
            "apis": {},
            "sites": 4,
            "prevalence": 0.0000272,
            "cnames": [],
            "responseHashes": [
                "4d3297285a211333da6e0204feefe8627cbf12538d10ddd0d58934b17865bd56",
                "52f3ca034f2b7400791afdc4ad6d488dd8cb2259f8051ddc49b468b94e1c7159",
                "9563b3a00021c1fc7fc88acac2927f3d910e5dade41ebd37cb498b57e1d30e38"
            ],
            "type": "XHR",
            "firstPartyCookies": {},
            "firstPartyCookiesSent": {},
            "exampleSites": [
                "kakaku.com",
                "s.kakaku.com",
                "search.kakaku.com",
                "sumaity.com"
            ]
        }
    ],
    "categories": [],
    "performance": {},
    "cookies": 0.000198,
    "topInitiators": [
        {
            "domain": "googletagmanager.com",
            "prevalence": 0.71875
        },
        {
            "domain": "first party",