{
    "domain": "spiral.world",
    "owner": {},
    "source": [
        "DuckDuckGo-US"
    ],
    "prevalence": 0.000143,
    "sites": 21,
    "subdomains": [
        "prod-configuration-app",
        "prod-consumer-app"
    ],
    "cnames": [],
    "fingerprinting": 1,
    "resources": [
        {
            "rule": "spiral\\.world\\/app\\/script",
            "cookies": 0,
            "fingerprinting": 1,
            "subdomains": [
                "prod-configuration-app"
            ],
            "apis": {
                "Date.prototype.getTime": 12,
                "window.localStorage": 12,
                "Document.cookie getter": 12
            },
            "sites": 12,
            "prevalence": 0.0000817,
            "cnames": [],
            "responseHashes": [
                "9c63b4126dfe6912eababf6fa91dec5a75f422e11ef36b833e31059f239aa07d",
                "2673bb7df19048dabcad9142109f870ee13f83d4400a1712f3072877b27b226d",
                "c873c87bf15c2b9b6e6a9d45fed0d6518eb3cf623160244beb545f0ff82446a0",
                "0eb988670a8ebec9c45d9d5df1d9a5db84f5544fc79963b1e94d7a68ab6edfa1",
                "e2047b8ba2f20a6317f2bb7a335316c9168f7bd5a4b04becabd094d8fdda38b8",
                "a095261fa506fde6d691ad2b3684339d94abc723394430531cc611d3464b2f24",
                "9d48f57be74d33a848ff3f5a5602047fcdc29179f3daf1ec76e37b6e17bf0dc1",
                "c1066fdb0512d2db68368e2f1203f4aee9d0a37371ebf1c6e875dd0fde750935",
                "ee344fe5bfef267e14296ce9c2a768c50d05ae2dbdb1b2939a06916a83a0f5b6",
                "e9972099dab4dd1a69e7d6b59f7ae5c6fd434efca280ec5173c23792b7d27b66"
            ],
            "type": "Script",
            "firstPartyCookies": {},
            "firstPartyCookiesSent": {},
            "exampleSites": [
                "oliveandjune.com",
                "ooni.com",
                "rapsodo.com",
                "us.zwift.com",
                "www.allbirds.com",
                "www.loloirugs.com",
                "www.lovepop.com",
                "www.peets.com",
                "www.tommyjohn.com",
                "www.universaltennis.com",
                "www.wearfigs.com",
                "www.zwift.com"
            ]
        },
        {
            "rule": "spiral\\.world\\/events\\/custom",
            "cookies": 0,
            "fingerprinting": 0,
            "subdomains": [
                "prod-consumer-app"
            ],
            "apis": {},
            "sites": 2,
            "prevalence": 0.0000136,
            "cnames": [],
            "responseHashes": [
                "e3b0c44298fc1c149afbf4c8996fb92427ae41e4649b934ca495991b7852b855"
            ],
            "type": "Fetch",
            "firstPartyCookies": {},
            "firstPartyCookiesSent": {},
            "exampleSites": [
                "oliveandjune.com",
                "us.zwift.com"
            ]
        }
    ],
    "categories": [],
    "performance": {},
    "cookies": 0,
    "topInitiators": [
        {
            "domain": "first party",
            "prevalence": 0.7708333333333334
        },
        {
            "domain": "datadoghq-browser-agent.com",
            "prevalence": 0.14583333333333334
        },
        {
            "domain": "trackjs.com",
            "prevalence": 0.041666666666666664
        },
        {
            "domain": "googletagmanager.com",
            "prevalence": 0.041666666666666664
        }
    ],
    "types": {
        "Script": 12,
        "Fetch": 2
    },
    "nameservers": [
        "ns-989.awsdns-59.net",
        "ns-145.awsdns-18.com",
        "ns-1208.awsdns-23.org",
        "ns-1787.awsdns-31.co.uk"
    ]
}