{
    "domain": "srvtrck.com",
    "owner": {},
    "source": [
        "DuckDuckGo-US"
    ],
    "prevalence": 0.0000341,
    "sites": 5,
    "subdomains": [
        "js",
        "i",
        "hades"
    ],
    "cnames": [],
    "fingerprinting": 1,
    "resources": [
        {
            "rule": "srvtrck\\.com\\/v1\\/js",
            "cookies": 0.0000204,
            "fingerprinting": 1,
            "subdomains": [
                "js"
            ],
            "apis": {
                "Document.cookie getter": 4,
                "Date.prototype.getTime": 3,
                "Document.cookie setter": 3
            },
            "sites": 5,
            "prevalence": 0.0000341,
            "cnames": [],
            "responseHashes": [
                "95e43e9195d0e8609b7da5f62f50bb235602833541ba49f8bff83a69133b9a5a",
                "70dbeafa8bd45c8eb5d38e4686946a9d15814ed202494e6f4c7b3b01838438b2",
                "0fd61b218008432fb18907cfd21d3539838b664b71fcdbe6d6492808a66571a4",
                "6d43f5a28194b77d040f797a1564c6c01301df1708d07537d46cd47410ee3e00"
            ],
            "type": "Script",
            "firstPartyCookies": {
                "vidyk": {
                    "ttl": 31536006,
                    "length": 1,
                    "prevalence": 0.000020436106512987146,
                    "uniqueness": 0.3333333333333333
                },
                "svidyk": {
                    "ttl": 1806,
                    "length": 1,
                    "prevalence": 0.000020436106512987146,
                    "uniqueness": 0.3333333333333333
                }
            },
            "firstPartyCookiesSent": {},
            "exampleSites": [
                "pcgameshardware.de",
                "simontok.en.softonic.com",
                "www.buffed.de",
                "www.erfahrungen.com",
                "www.igorslab.de"
            ]
        },
        {
            "rule": "srvtrck\\.com\\/v1\\/i",
            "cookies": 0.0000204,
            "fingerprinting": 0,
            "subdomains": [
                "i"
            ],
            "apis": {},
            "sites": 4,
            "prevalence": 0.0000272,
            "cnames": [],
            "responseHashes": [
                "370dbc0a7e85181d81ecf29999a4782fc0fde9621e538b4d17887e2d1af1522d"
            ],
            "type": "Image",
            "firstPartyCookies": {},
            "firstPartyCookiesSent": {},
            "exampleSites": [
                "pcgameshardware.de",
                "www.buffed.de",
                "www.erfahrungen.com",
                "www.igorslab.de"
            ]
        },
        {
            "rule": "srvtrck\\.com\\/v2\\/uuid\\.html",
            "cookies": 0,
            "fingerprinting": 0,
            "subdomains": [
                "hades"
            ],
            "apis": {},
            "sites": 3,
            "prevalence": 0.0000204,
            "cnames": [],
            "responseHashes": [
                "cd45713beee6c2428f11ad6444c6e2a6bbe1bfad330e68002052e9832a5dcc03"
            ],
            "type": "Document",
            "firstPartyCookies": {},
            "firstPartyCookiesSent": {},
            "exampleSites": [
                "buffed.de",
                "www.erfahrungen.com",
                "www.igorslab.de"
            ]
        },
        {
            "rule": "srvtrck\\.com\\/static\\/json2\\.js",
            "cookies": 0,
            "fingerprinting": 0,
            "subdomains": [
                "hades"
            ],
            "apis": {},
            "sites": 3,
            "prevalence": 0.0000204,
            "cnames": [],
            "responseHashes": [
                "caba961cf71d7213df26fc8d5f11212204b5968f62698056ce768dada4656676"
            ],
            "type": "Script",
            "firstPartyCookies": {},
            "firstPartyCookiesSent": {},
            "exampleSites": [
                "buffed.de",
                "www.erfahrungen.com",
                "www.igorslab.de"
            ]
        },
        {
            "rule": "srvtrck\\.com\\/static\\/hades-server2\\.js",
            "cookies": 0,
            "fingerprinting": 1,
            "subdomains": [
                "hades"
            ],
            "apis": {
                "window.localStorage": 1,
                "Document.cookie getter": 1
            },
            "sites": 3,
            "prevalence": 0.0000204,
            "cnames": [],
            "responseHashes": [
                "e3e8ec7865f2d8dffcd47b65e40efda889633cc02962596a6bf3d1be6d19a6dd"
            ],
            "type": "Script",
            "firstPartyCookies": {},
            "firstPartyCookiesSent": {},
            "exampleSites": [
                "buffed.de",
                "www.erfahrungen.com",
                "www.igorslab.de"
            ]
        },
        {
            "rule": "srvtrck\\.com\\/v1\\/profile",
            "cookies": 0,
            "fingerprinting": 0,
            "subdomains": [
                "hades"
            ],
            "apis": {},
            "sites": 3,
            "prevalence": 0.0000204,
            "cnames": [],
            "responseHashes": [
                "7b9a45f9b8bdd8badbd1e899bd91f396c8014f7e7c9fa6a5eb838086cbc5300b"
            ],
            "type": "Image",
            "firstPartyCookies": {},
            "firstPartyCookiesSent": {},
            "exampleSites": [
                "buffed.de",
                "www.erfahrungen.com",
                "www.igorslab.de"
            ]
        }
    ],
    "categories": [],
    "performance": {},
    "cookies": 0.0000204,
    "topInitiators": [
        {
            "domain": "first party",
            "prevalence": 0.8333333333333334
        },
        {
            "domain": "googletagmanager.com",
            "prevalence": 0.16666666666666666
        }
    ],
    "types": {
        "Script": 11,
        "Image": 7,
        "Document": 3
    },
    "nameservers": [
        "fay.ns.cloudflare.com",
        "ben.ns.cloudflare.com"
    ]
}