{
    "domain": "sskzlabs.com",
    "owner": {},
    "source": [
        "DuckDuckGo-US"
    ],
    "prevalence": 0.000388,
    "sites": 57,
    "subdomains": [
        "pbjs"
    ],
    "cnames": [],
    "fingerprinting": 0,
    "resources": [
        {
            "rule": "sskzlabs\\.com\\/bid",
            "cookies": 0,
            "fingerprinting": 0,
            "subdomains": [
                "pbjs"
            ],
            "apis": {},
            "sites": 28,
            "prevalence": 0.000191,
            "cnames": [],
            "responseHashes": [
                "503dcdcf7fc135e2cc05c3edc2c72cb6968c02e44a65130c65c540b7948498c4",
                "3de37ede0f0d390d83f6395831a36b1b58087904d4f3c582344357d6f3f8d632",
                "8b96ca84e4ea03963611ccf52cff9570a0c3fb3d94c96f1d335cc76416f1c5d6",
                "31b19c804a1cb586af32269c108e0465a9791d206fdd66b2d36f4d351b498a7f",
                "bf3b0cec6b5882d2a9484e20a0cd17741607655aece604df5661633bc08dc178",
                "1f2c36964dea666394e77a13a068177671bec4ec5570572c0f3b1ebe5b4baf36",
                "6be3e58cc84eb3886305a7cfba831d84cb04a8057d910cbbf226f9a123c09d51",
                "23981437abe31bf83c085ecda9da176f24c86336e78e76dd56fa2bc4ec9391a0",
                "92b25dfe509dc0eecc6f829e2a68dd0927d20e7f57de7e4a3b3a4641690bde4f",
                "d140b6e88a5870dacec9ed9a07a7bc9e9ffa4717c244f7df8119253b29bd13f8",
                "549660d25b321d600a0fdff5267a88cf828c9f1ca003c32e05818831bfda897c",
                "f7df554744a1eb7f9e89038a3af05d9a69f8f3bb6ccd7c1907f9dfaff17b974a",
                "3ea347dd8d708de61f5a768918490f0d26d0c73bfa224beef95e015f04824488",
                "2e012322413f2a90bd03b5f7bde3dd275d758a57644ae2bda88238f786a713c9",
                "1acd58ac0b1a457d91e09d7526332aecfbf6eebeeddf38e48c291fcadefb4cc4",
                "3245a8d9920fc025d04e7f71b871793e1b771b187b3ab0f660c499f4d190d03c",
                "96bd821024674a5912e751b30734859162101bfa2851c65b4a14c5f160b86fb8",
                "0bb097bf4a2c5496d8e5ab181e38d7979779ddfff2dc2be68861570ce867553c",
                "c64b6679f61451b928af9dd2bc27d5b501c45cce5f1ae3a10801fa15491342a0",
                "3d6a9bd2968020038b22c7432faff09b9611b8e176f42bad5336fdf2a68dac70",
                "8fa3c4c38454220a67e2d0e5d8243a16000b777ac3ca9decfe5833a63c2fd4ee",
                "7be0a115469b7607c96fb3306119475279691c833d5eea373dc79ab51acfe8b5",
                "644f9a6a3bb851515cd28c70d73e6e7186792a820c4567a6153aca3010cbef0d",
                "03a1964b05076a6131f3d86c6ca1763911cdb4f5aea3284fea58fe60f2c669f9",
                "b90be2f3e3cbf3885be0cd8ceef7dd2dc5c47e493e0ddc3fab133f96d26ff65b"
            ],
            "type": "XHR",
            "firstPartyCookies": {},
            "firstPartyCookiesSent": {},
            "exampleSites": [
                "www.journaldunet.fr",
                "www.commentcamarche.net",
                "www.journaldesfemmes.fr",
                "br.ccm.net",
                "forums.commentcamarche.net",
                "it.ccm.net",
                "us.soccerway.com",
                "bricolage.linternaute.com",
                "int.soccerway.com",
                "www.soccerway.com",
                "www.coniugazione.it",
                "uk.soccerway.com",
                "es.ccm.net",
                "www.linternaute.fr",
                "droit-finances.commentcamarche.com",
                "sante.journaldesfemmes.fr",
                "linternaute.com",
                "www.journaldunet.com",
                "cuisine.journaldesfemmes.fr",
                "www.linternaute.com"
            ]
        },
        {
            "rule": "sskzlabs\\.com\\/notify",
            "cookies": 0,
            "fingerprinting": 0,
            "subdomains": [
                "pbjs"
            ],
            "apis": {},
            "sites": 46,
            "prevalence": 0.000313,
            "cnames": [],
            "responseHashes": [
                "6e826f55a5ce8affe1e1ff4f14e3affb390c715e5e47095002c5b35bf415834c",
                "1786b6bb14bbfecd5a2c2485bc1d641db5a4769a61db29b6d277ae7aad0420cd",
                "6e883b479edcf6a4c329725811529ba6b7289d04636fcf819e91430a27177366",
                "8b96ca84e4ea03963611ccf52cff9570a0c3fb3d94c96f1d335cc76416f1c5d6",
                "7abe74f55d3d33fee966281ebe6be30f07c069cff8a00980b99f62933519b68b",
                "5b472b4c3ac4ffc95a95c4e34d2a3f1f432c3db61fe42a60b3dc2e0b70168484",
                "106bfa10ee106923f2859e75b5ce22d318e4b2ba470c7279846156220e843dfa",
                "84a61afb73bcb87c8f4ee9f5d90618073e83d2f1154e2d4069aeae5e6c3b857d",
                "dc212c2ac0348dd07ba5e2f23b6cc4828434fed764fbcf014013afde7abac9a8",
                "3fecfc338d667dcdb7e0cd79cbb0925fe55742e2633f97c4b6f1947b9555c6dd",
                "44b21485b06cd1a567f6d2fb19e97999ecc32603079b54083ee7749d9fca9c24",
                "d140b6e88a5870dacec9ed9a07a7bc9e9ffa4717c244f7df8119253b29bd13f8",
                "40110c8b792e7b75a074ea6dbb5f1dfa7ae03e9b8e2b68cce13a2a1a8cb1effd",
                "77c4bb6f1e84df5d4ddcbbad977d964ea71ccda2b80f67690cc5d801264b8c35",
                "549660d25b321d600a0fdff5267a88cf828c9f1ca003c32e05818831bfda897c",
                "333ba790040dec1d73a7b8c91c254751d6b89fdbed8ef420707cd6f06cf66616",
                "8b438990845a366ac2b56ca0ca1288e87e8954d95b2e8f06121c9c084237cc01",
                "762b54b094c6df932b32beb59b29c69ae39bced7fab7b0b0a79bf58ab493ddc3",
                "6dca324b0807af52dda6e63ba63ad8c1562c9158a272cf8c16bbf8c85e374d39",
                "d87b6363428c477ce938181e09ed519eccc531c7aa418bcb23b6418ab9af9cfc",
                "8645300b658c84d38e3d5145b1355abce7989d71e2006220cadfb7696faedd68",
                "985ce9409ad4ddea873fcc416631819c7bbf2bd1376048053d81c25e5931a240",
                "3f24e50fdf803017c10610ab8afed3bdca17cae00da05682857e7faf396e476b",
                "72af03cccbf4007ea690997dc3cfdf986a75b830b89e36865495a52ed22718b5",
                "07efe9d27c35759a857d5baab269e45a02658507ff17102a769764074df8109d",
                "d5eaa0556228b9df1d30420d65c32f067f6e3d0c1c70b8f1a2ee6eb1fb20669d",
                "e672e408c2b83b4daa15f4041c9579cde83013246fcb4bd5fb33522fa2e62cd3",
                "f33c634bcc3152db6fb15d67ab6f9fbb209183f90890ace4f7e2b12f217e55c3",
                "b81658579b69b6c3b82528bed94c756b879e4f18799c48df5849acb013812c49",
                "9ad9dec5a5e63808c8d978b80ceb045bc0ec10b9970267b0990f73f64b7cea00",
                "16e657035e7ac9a633b05c98b5bb1fd1d0c34bc8dbbd2c0b0a920aa1c71610a6",
                "dbf5ebe8a17c4c042b042c65e9c99c22335b0b17abef68a4d060a7ccbb4820ab",
                "b21d5d64f3d71507361029783b326920cfac0571d946f29abdb591f75c706eeb",
                "f906a3d1fff84e2041d0855808448be75313d8d46e66e135bd17d71a514c689f",
                "578fdd559b4de31e900a259ef18ad08242bdf5ece4513a4a9197420a4c7675ee",
                "8f7d4edc32cbe2b296a15b8c4899edd606630f43aed55d781ef564369124dbc8",
                "85ced979f26dc07e4f2c76a86302c22c3b8741e724272bbbefb04bbc98f79cc7",
                "f0c2524ff0e45125d875dbb0150d3829cc4cf7bbc960e367221bd7f03a48381d",
                "9d8f214ba166383bc79a5534435070678e087ca12cffb12b84301cb39045fadb",
                "5b455714a84f9a55143187ecf2302f18b0477f8d2570ad622a401678999af53a",
                "49ac3721ffa257f4e135d85b91cf4136b25ab52d237a91370759846225d5f256",
                "197a0d0b6f5a70b6341a2dc4ea1e15ab80b3f5ce687afd47f160cd565585fe5c",
                "27f943baa928b0a62511b8df6789912a80137098d6680596db02908055b47cab",
                "497adb65ee713abce309eb6b5039e8bc33edebca1b06919c314eb1c8a1c73a79"
            ],
            "type": "XHR",
            "firstPartyCookies": {},
            "firstPartyCookiesSent": {},