{
    "domain": "statstrk01.com",
    "owner": {},
    "source": [
        "DuckDuckGo-US"
    ],
    "prevalence": 0.000361,
    "sites": 53,
    "subdomains": [
        "cdn"
    ],
    "cnames": [],
    "fingerprinting": 1,
    "resources": [
        {
            "rule": "statstrk01\\.com\\/assets\\/javascripts\\/sdk2\\.js",
            "cookies": 0.000211,
            "fingerprinting": 1,
            "subdomains": [
                "cdn"
            ],
            "apis": {
                "window.sessionStorage": 36,
                "Document.cookie getter": 35,
                "window.localStorage": 35,
                "Document.cookie setter": 31,
                "window.innerWidth": 1,
                "window.innerHeight": 1
            },
            "sites": 37,
            "prevalence": 0.000252,
            "cnames": [],
            "responseHashes": [
                "16403cc82ca43fd645c0436685810d4596fe735c7580362bff890dc68a4e9002"
            ],
            "type": "Script",
            "firstPartyCookies": {
                "streamstats_anon_id_512139": {
                    "ttl": 31536000,
                    "length": 36,
                    "prevalence": 0.000006812035504329049,
                    "uniqueness": 1
                },
                "streamstats_anon_id_513453": {
                    "ttl": 31536000,
                    "length": 36,
                    "prevalence": 0.000006812035504329049,
                    "uniqueness": 1
                },
                "streamstats_anon_id_513647": {
                    "ttl": 31536000,
                    "length": 36,
                    "prevalence": 0.000006812035504329049,
                    "uniqueness": 1
                },
                "streamstats_anon_id_511873": {
                    "ttl": 31536000,
                    "length": 36,
                    "prevalence": 0.000006812035504329049,
                    "uniqueness": 1
                },
                "streamstats_anon_id_510551": {
                    "ttl": 31536000,
                    "length": 36,
                    "prevalence": 0.000006812035504329049,
                    "uniqueness": 1
                },
                "streamstats_anon_id_513649": {
                    "ttl": 31536000,
                    "length": 36,
                    "prevalence": 0.000006812035504329049,
                    "uniqueness": 1
                },
                "streamstats_anon_id_512673": {
                    "ttl": 31536000,
                    "length": 36,
                    "prevalence": 0.000006812035504329049,
                    "uniqueness": 1
                },
                "streamstats_anon_id_513595": {
                    "ttl": 31536000,
                    "length": 36,
                    "prevalence": 0.000006812035504329049,
                    "uniqueness": 1
                },
                "streamstats_anon_id_513593": {
                    "ttl": 31536000,
                    "length": 36,
                    "prevalence": 0.000006812035504329049,
                    "uniqueness": 1
                },
                "streamstats_anon_id_511721": {
                    "ttl": 31536000,
                    "length": 36,
                    "prevalence": 0.000006812035504329049,
                    "uniqueness": 1
                },
                "streamstats_anon_id_509451": {
                    "ttl": 31536000,
                    "length": 36,
                    "prevalence": 0.000006812035504329049,
                    "uniqueness": 1
                },
                "streamstats_anon_id_513641": {
                    "ttl": 31536000,
                    "length": 36,
                    "prevalence": 0.000006812035504329049,
                    "uniqueness": 1
                },
                "streamstats_anon_id_513635": {
                    "ttl": 31536000,
                    "length": 36,
                    "prevalence": 0.000006812035504329049,
                    "uniqueness": 1
                },
                "streamstats_anon_id_509899": {
                    "ttl": 31536000,
                    "length": 36,
                    "prevalence": 0.000006812035504329049,
                    "uniqueness": 1
                },
                "streamstats_anon_id_509771": {
                    "ttl": 31536000,
                    "length": 36,
                    "prevalence": 0.000006812035504329049,
                    "uniqueness": 1
                },
                "streamstats_anon_id_510147": {
                    "ttl": 31536000,
                    "length": 36,
                    "prevalence": 0.000006812035504329049,
                    "uniqueness": 1
                },
                "streamstats_anon_id_513351": {
                    "ttl": 31536000,
                    "length": 36,
                    "prevalence": 0.000006812035504329049,
                    "uniqueness": 1
                },
                "streamstats_anon_id_512437": {
                    "ttl": 31536000,
                    "length": 36,
                    "prevalence": 0.000006812035504329049,
                    "uniqueness": 1
                },
                "streamstats_anon_id_510815": {
                    "ttl": 31536000,
                    "length": 36,
                    "prevalence": 0.000006812035504329049,
                    "uniqueness": 1
                },
                "streamstats_anon_id_500781": {
                    "ttl": 31536000,
                    "length": 36,
                    "prevalence": 0.000006812035504329049,
                    "uniqueness": 1
                },
                "streamstats_anon_id_513125": {
                    "ttl": 31536000,
                    "length": 36,
                    "prevalence": 0.000006812035504329049,
                    "uniqueness": 1
                },
                "streamstats_anon_id_512307": {
                    "ttl": 31536000,
                    "length": 36,
                    "prevalence": 0.000006812035504329049,
                    "uniqueness": 1
                },
                "streamstats_anon_id_512709": {
                    "ttl": 31536000,
                    "length": 36,
                    "prevalence": 0.000006812035504329049,
                    "uniqueness": 1
                },
                "streamstats_anon_id_512351": {
                    "ttl": 31536000,
                    "length": 36,
                    "prevalence": 0.000006812035504329049,
                    "uniqueness": 1
                },
                "streamstats_anon_id_504175": {
                    "ttl": 31536000,
                    "length": 36,
                    "prevalence": 0.000006812035504329049,
                    "uniqueness": 1
                },
                "streamstats_anon_id_507849": {
                    "ttl": 31536000,
                    "length": 36,
                    "prevalence": 0.000006812035504329049,
                    "uniqueness": 1
                },
                "streamstats_anon_id_512591": {
                    "ttl": 31536000,
                    "length": 36,
                    "prevalence": 0.000006812035504329049,
                    "uniqueness": 1
                },
                "streamstats_anon_id_512981": {
                    "ttl": 31536000,
                    "length": 36,
                    "prevalence": 0.000006812035504329049,
                    "uniqueness": 1
                },
                "streamstats_anon_id_513467": {
                    "ttl": 31536000,
                    "length": 36,
                    "prevalence": 0.000006812035504329049,
                    "uniqueness": 1
                },
                "streamstats_anon_id_503331": {
                    "ttl": 31536000,
                    "length": 36,
                    "prevalence": 0.000006812035504329049,