{
    "domain": "stnvideo.com",
    "owner": {},
    "source": [
        "DuckDuckGo-US"
    ],
    "prevalence": 0.000163,
    "sites": 24,
    "subdomains": [
        "playlist"
    ],
    "cnames": [],
    "fingerprinting": 0,
    "resources": [
        {
            "rule": "stnvideo\\.com\\/player\\/data\\/index\\.php",
            "cookies": 0,
            "fingerprinting": 0,
            "subdomains": [
                "playlist"
            ],
            "apis": {},
            "sites": 24,
            "prevalence": 0.000163,
            "cnames": [],
            "responseHashes": [
                "c953724f69a2b15931c441bfabad943dd3c03eca64b31c006557e2363c86417a",
                "80be55e2b82f4bd829872a5d9405d15c937cdb6ed224aa0c3e156764f01e6b22",
                "539ae6f0b41759766211a8fe5a8a01d7bfa66d37d9275bb59dd8be83ffb2f24e",
                "70a8441b1fc7e0db96ead27557337c39afbc2435fc49ebfd956713794160d39b",
                "f80353ab1dda9ad67bfc6cc6ce1ad8a426fe68efdc87777277a39368d393895d",
                "d9433610b455f1040ed4ae3548f7a77a84b8cea718c9b60cfb4fc23fa06d5fa9",
                "d67824df825bd5087c65b485ea8e53925d453f04f555f5fd76417354420ca7ec",
                "da2018208016bdf8db4f93e7ed13f862adcfb6aea46f5f9335c52206ec01c4c0",
                "db9f18ba5d685b6c871bd404ffe7b223977e113cb06f383f13ad73ef69b50944",
                "2c140e2adef864f566d35cdf61487c4c71011f63bb85ff2bc643df0d5a0ead9e",
                "aea5ea23889a52f092e6637e7801a19519ca3e5d288ab04e8f2ab616b3c92a8c",
                "21ca379a688345957271c44d44dae4e9d8f3ab520bef1f58b8bb8c4426cfbd78",
                "1e4b67f95fb22d234a68a6ec8960bab4811530bb3aec2f75435231693d6028b9",
                "4be4cc107915efab3e209f487756ce878a910381f30378331a8867e92ecddd4f",
                "e3f291ddcfea14edb642526afee38aaf171cc0077ac13e26a852719a23bb0742",
                "64e8c57a644b512d19405199ef02bbe22de2b63a62a8842fad0684cb107ffb69",
                "26b9a7ddfa1839a68454d56ce1d5207a51c732b3cad5726ee110bc7e58b37ced",
                "88c265a63ecc4de6293484a1a52309c78ef4d411420f63bc0596343711893871",
                "99e5e611391aca87c385fe132e409cbd7ce553050be01e00eadb63e0be9f2aef",
                "d366ea78d2ac6916caa3c974d46abb53908b25f214c650102d95462f51bc0bc4"
            ],
            "type": "Fetch",
            "firstPartyCookies": {},
            "firstPartyCookiesSent": {
                "__pid": 0.000006812035504329049,
                "lotame_domain_check": 0.00004768424853030334,
                "_li_dcdm_c": 0.00007493239054761953
            },
            "exampleSites": [
                "www.timesleader.com",
                "www.sfexaminer.com",
                "www.rotowire.com",
                "www.bangordailynews.com",
                "www.bladeofsteel.com",
                "www.firstforwomen.com",
                "mobilesyrup.com",
                "www.orlandosentinel.com",
                "www.mytwintiers.com",
                "www.nydailynews.com",
                "www.dailypress.com",
                "www.ibtimes.com",
                "www.tennisworldusa.org",
                "www.ibtimes.co.uk",
                "www.mcall.com",
                "985thesportshub.com",
                "www.sun-sentinel.com",
                "www.pilotonline.com",
                "www.texasfootball.com",
                "www.statmuse.com"
            ]
        }
    ],
    "categories": [],
    "performance": {},
    "cookies": 0,
    "topInitiators": [
        {
            "domain": "sendtonews.com",
            "prevalence": 0.76
        },
        {
            "domain": "script.ac",
            "prevalence": 0.12
        },
        {
            "domain": "first party",
            "prevalence": 0.08
        },
        {
            "domain": "d3plfjw9uod7ab.cloudfront.net",
            "prevalence": 0.04
        }
    ],
    "types": {
        "Fetch": 24
    },
    "nameservers": [
        "ns-362.awsdns-45.com",
        "ns-721.awsdns-26.net",
        "ns-1859.awsdns-40.co.uk",
        "ns-1329.awsdns-38.org"
    ]
}