{
    "domain": "streampsh.top",
    "owner": {},
    "source": [
        "DuckDuckGo-US"
    ],
    "prevalence": 0.000102,
    "sites": 15,
    "subdomains": [
        "js"
    ],
    "cnames": [],
    "fingerprinting": 2,
    "resources": [
        {
            "rule": "streampsh\\.top\\/ps\\/ps\\.js",
            "cookies": 0.0000613,
            "fingerprinting": 2,
            "subdomains": [
                "js"
            ],
            "apis": {
                "Navigator.prototype.languages": 9,
                "Navigator.prototype.userAgent": 9,
                "window.innerWidth": 9,
                "window.localStorage": 9,
                "Notification.permission": 8
            },
            "sites": 9,
            "prevalence": 0.0000613,
            "cnames": [],
            "responseHashes": [
                "d36392e63674d6b9a9e51664c044bbddec2580cf52e4181d7038105284b3f0be",
                "4ca1794eb8b378233d18ef6f978fc1cd8b07a18744a004119717d2f9e58a6eb2",
                "daa44b32839197da97d50fe2ed2a7fd3d9d7146f040755b770e2292848cc70ae",
                "4c3f2e5448490aedfe286962580c3c9d6bd790afe27b2b0e703aa2a0b79a251d",
                "c79aab7cd38fffa7e966118f0cb449139f8a1e229d98790bd83fbfb6c024dd69",
                "c9bc69f3f22d457dcb1195ce86ecd0b930db0386ed56c5d10940dbe4d89efb50",
                "7a8f716cec893fc26207a02657e81fae2267f48d06db2e565714f1b4aa5ad14c",
                "f10a02bc7b5504261c662c0da65b35c29d98da248cbbe900b91080455da6af8e"
            ],
            "type": "Script",
            "firstPartyCookies": {},
            "firstPartyCookiesSent": {},
            "exampleSites": [
                "1techpc.de",
                "4tube.hu",
                "newsblog.pl",
                "pornone.com",
                "www.amateurporn.me",
                "www.desikahani2.net",
                "www.desitales2.com",
                "www.hentaicloud.com",
                "youngporntv.com"
            ]
        },
        {
            "rule": "streampsh\\.top\\/ps\\/pp\\.js",
            "cookies": 0,
            "fingerprinting": 0,
            "subdomains": [
                "js"
            ],
            "apis": {},
            "sites": 2,
            "prevalence": 0.0000136,
            "cnames": [],
            "responseHashes": [
                "478bafd69e3bf5a6709f8ac6edcb4717592b041b22ccf989d0e879e59f5be7fc"
            ],
            "type": "Script",
            "firstPartyCookies": {},
            "firstPartyCookiesSent": {},
            "exampleSites": [
                "xxx18.uno",
                "xxxxvideo.uno"
            ]
        }
    ],
    "categories": [],
    "performance": {},
    "cookies": 0.0000817,
    "topInitiators": [
        {
            "domain": "first party",
            "prevalence": 1
        }
    ],
    "types": {
        "Script": 11
    },
    "nameservers": [
        "merlin.ns.cloudflare.com",
        "adaline.ns.cloudflare.com"
    ]
}