{
    "domain": "streetuptowind.com",
    "owner": {},
    "source": [
        "DuckDuckGo-US"
    ],
    "prevalence": 0.0000817,
    "sites": 12,
    "subdomains": [],
    "cnames": [],
    "fingerprinting": 0,
    "resources": [
        {
            "rule": "streetuptowind\\.com\\/services\\/",
            "cookies": 0,
            "fingerprinting": 0,
            "subdomains": [],
            "apis": {},
            "sites": 11,
            "prevalence": 0.0000749,
            "cnames": [],
            "responseHashes": [
                "87c46389ca4bc8263ed208cf568008e9a0318d0e015d8f1066df571983876bb0",
                "b8ac692c4765dbc8d318c0cab7868bab4d5b67741cc786ec4a39e942b9a52cc7",
                "357b9862b2ceb60cbe9aa318fafb7d13105b4ab6fa7209a0e9c0e5c00f5f30a8",
                "5a46f6154b55451b48b0c2a07ff9dbc581ffdc382deef6bfaacee81dfa9f587a",
                "9daad7f9a2bc96ad7c022a53de4d74e24a04544e4bf3e9cabfa2a3fa1eca4c24",
                "24ae2c28c974b48700e12c8af2b678f3a30614b01491d7e5e228ca304958291e",
                "af8ec30ece95226a7254f9f3bae29d04036e349828c7f80cf9e6f3f224a22b4f",
                "4f27abded05e60e4e30ffeca2bb59ad18b5b567e1adcbd63d3c8542b5c0648bb",
                "877e8e79aea2fd3327387614306e2d257b9db1435495a16268d4e0b6916c7507",
                "1110817bb16d280d9a9f54bb3e409aa06dceda04d0f3691f6ff13acbbc7d610b"
            ],
            "type": "Script",
            "firstPartyCookies": {},
            "firstPartyCookiesSent": {},
            "exampleSites": [
                "flibusta.site",
                "gidonline.eu",
                "hd-rezka.biz",
                "kinobratan.com",
                "kinozal.tv",
                "mangamammy.ru",
                "new-rutor.org",
                "nnmclub.to",
                "rutor.info",
                "vkino.lafa.site",
                "www.rutor.info"
            ]
        }
    ],
    "categories": [],
    "performance": {},
    "cookies": 0,
    "topInitiators": [
        {
            "domain": "first party",
            "prevalence": 0.9166666666666666
        },
        {
            "domain": "123rutor.su",
            "prevalence": 0.08333333333333333
        }
    ],
    "types": {
        "Script": 11
    },
    "nameservers": [
        "dns1.registrar-servers.com",
        "dns2.registrar-servers.com"
    ]
}