{
    "domain": "sutraf.com",
    "owner": {},
    "source": [
        "DuckDuckGo-US"
    ],
    "prevalence": 0.000307,
    "sites": 45,
    "subdomains": [
        "d",
        "s"
    ],
    "cnames": [],
    "fingerprinting": 1,
    "resources": [
        {
            "rule": "sutraf\\.com\\/t\\.php",
            "cookies": 0.000218,
            "fingerprinting": 0,
            "subdomains": [
                "d"
            ],
            "apis": {},
            "sites": 32,
            "prevalence": 0.000218,
            "cnames": [],
            "responseHashes": [
                "e3b0c44298fc1c149afbf4c8996fb92427ae41e4649b934ca495991b7852b855"
            ],
            "type": "Image",
            "firstPartyCookies": {},
            "firstPartyCookiesSent": {},
            "exampleSites": [
                "www.marathit.com",
                "xgifer.com",
                "www.tamilporn.video",
                "tnudes.to",
                "1bigclub.com",
                "wankgod.com",
                "cumception.com",
                "datawav.club",
                "femdomizetube.com",
                "j2j.kz",
                "italianvidxxx.com",
                "javhay.net",
                "bigo.video",
                "sexosintabues30.com",
                "www.femdomtb.com",
                "nude-leaks.com",
                "shemalepower.xyz",
                "bobsvagene.club",
                "poopeegirls.com",
                "forum.tnudes.to"
            ]
        },
        {
            "rule": "sutraf\\.com\\/d\\/",
            "cookies": 0,
            "fingerprinting": 0,
            "subdomains": [
                "d"
            ],
            "apis": {},
            "sites": 24,
            "prevalence": 0.000163,
            "cnames": [],
            "responseHashes": [
                "e01e9462483d95eb6d0411bfef5cb6e54e1a777a4202e46b9e3e7e502277e315",
                "7d23e94a8d9d71f8f52b3ad0a95bcc66e4fcb2503545325501503740e36e2a41",
                "1140c9facf9b816cc8607725667f161e17a345944a0838bc4e19ddf076cd7df9",
                "7788214c5b61da7d55e1fb3d9e6e9b6a8d01d0b3fdba54ae00a176f5f5b1fc71",
                "42da854cc98db4ce1c0b00e829c85f3d2925bbb006919edd0c41a2f71c05e383",
                "d04ad16d65e2ba3c8d0bd9e426799ed953c5c2c94650e82e2dd00a805625d622",
                "667e7d481e528d3385456a7d1563b709841e8a2ef6f0ad51b8270f927b52cb1f",
                "34f09be2592f9bedd60639040d7440d0b01add64f885edfd6c60efdde1aeaac6",
                "e0304dc7a42cf977be1c19720e6defb05ba2efd03733cab79a3b71cd38bd52d8",
                "128df71c24c12665b0b84abf5c3966dcc3ee625348bad27ed06f2e798009d12d",
                "f51ce4e0b986fe3e9c3a5ff2771498bc7979340d780537cb03182ef16df994b7",
                "d7c7d6267d42e6a04de41338f4d6189118761ebb9f87d73810eb5762056763e7",
                "436ed1f1d94b9d90447581589dc163600856a5c3519106dd176993d412520375",
                "f38bd7899fcb290d666c2212baa5d1a6698ff3be924291eab3404020cc012988",
                "a0bff865149f2c370d7c8cfe76c041bb17e380a626b23162d6bf053aff054d65",
                "8b8a926798cf215d6a307d7691c7a4280905f0fad35c9c4e5f0b5b981cedc369",
                "32a2c9d06fe1a9603d83eb1c7b00f9cc53cc528928b9fa2ec6e646405f31d005",
                "e223fbe28dff4d1eb4b6100c051747074c97a67b482e1916dac38307c776ae6c",
                "27696a57d65da1132d1f17e34a2f02181749efbe6d78771553b3544d0d636ae3",
                "62d35139a54e0c29555c08293b8a097b464e86a911613ff412be0edfbe9d4305",
                "607623234e9e75a9c6a73103e6f30c68355d0993d58020dcf67cb1edb26fb457",
                "1fbf03046cc96b5f9eb3a6f7bf4ccb019cfd3dfddb12055905b9e222aa1d5398"
            ],
            "type": "XHR",
            "firstPartyCookies": {},
            "firstPartyCookiesSent": {
                "lotame_domain_check": 0.000006812035504329049
            },
            "exampleSites": [
                "cumception.com",
                "rule34hentai.net",
                "spankwire1.com",
                "poopeegirls.com",
                "www.marathit.com",
                "bigo.video",
                "femdomizetube.com",
                "bobsvagene.club",
                "j2j.kz",
                "nude-leaks.com",
                "comicspornow.com",
                "chatropolis.com",
                "bondagevalley.cc",
                "www.tamilporn.video",
                "realpornclip.com",
                "tnudes.to",
                "sexosintabues30.com",
                "datawav.club",
                "www.femdomtb.com",
                "cheemsporn.com"
            ]
        },
        {
            "rule": "sutraf\\.com\\/d\\/n\\/iframe",
            "cookies": 0,
            "fingerprinting": 1,
            "subdomains": [
                "d"
            ],
            "apis": {
                "Document.cookie getter": 4,
                "Notification.permission": 7
            },
            "sites": 9,
            "prevalence": 0.0000613,
            "cnames": [],
            "responseHashes": [
                "2ff3de064ca5a084a9d80812e11739426f56fd1c016131e59e6862967b644546",
                "dadf583d4d93f1ec51024b4731db0cf04c2d7942ebe1b184bb435d629192076e",
                "84d9972981e5464a2b8051b66681f9f9e11a34188cdb9e7e49e5af9132531f22",
                "f10f8e6312bf0e8ebdfe3c19b8c641b534150573764c77942d4588de77cc19c9",
                "8ba0151dc85def94a69325b309c130299a4cbeb395232b40efb874fb2049e288",
                "949caafe653f4c69af96baa27309d90146edb5cb3f4eeb84b3ecd74292e44673",
                "3c7a5bd396e4188d62d9702d4510590d078e3b04ca0a4fe8dc72849c94c6d21b",
                "a79e83d95e4cbaefa93f0b220babe45bd2638fbce6d4457ee2591f14c9f6cbf3"
            ],
            "type": "Document",
            "firstPartyCookies": {},
            "firstPartyCookiesSent": {},
            "exampleSites": [
                "bigo.video",
                "bobsvagene.club",
                "comicspornow.com",
                "cumception.com",
                "datawav.club",
                "j2j.kz",
                "nude-leaks.com",
                "sexosintabues30.com",
                "wankgod.com"
            ]
        },
        {
            "rule": "sutraf\\.com\\/prplugs\\/0\\/1242455\\/240x180\\.jpg",
            "cookies": 0,
            "fingerprinting": 0,
            "subdomains": [
                "s"
            ],
            "apis": {},
            "sites": 2,
            "prevalence": 0.0000136,
            "cnames": [],
            "responseHashes": [
                "61ef00a9f51402966c29e6bd89e9ab81975fa60710ecbb152cbf4430adf89ef6"
            ],
            "type": "Image",
            "firstPartyCookies": {},
            "firstPartyCookiesSent": {},
            "exampleSites": [
                "bigo.video",
                "rule34hentai.net"
            ]
        },
        {
            "rule": "sutraf\\.com\\/prplugs\\/0\\/1257068\\/240x180\\.jpg",
            "cookies": 0,
            "fingerprinting": 0,
            "subdomains": [
                "s"
            ],
            "apis": {},
            "sites": 2,
            "prevalence": 0.0000136,
            "cnames": [],
            "responseHashes": [
                "d97aa6ed3ad273ca2f8713e97db1241ee1bf55d61b62847968420365bcc2a4c7"
            ],
            "type": "Image",
            "firstPartyCookies": {},
            "firstPartyCookiesSent": {},
            "exampleSites": [
                "bigo.video",
                "rule34hentai.net"
            ]
        },
        {
            "rule": "sutraf\\.com\\/prbanners\\/2018\\/08\\/05\\/aLcbD1ijS7rTwTWa9FapeUJTdCdfCJ",
            "cookies": 0,
            "fingerprinting": 0,
            "subdomains": [
                "s"
            ],
            "apis": {},
            "sites": 7,
            "prevalence": 0.0000477,
            "cnames": [],