{
    "domain": "syfpayments.com",
    "owner": {},
    "source": [
        "DuckDuckGo-US"
    ],
    "prevalence": 0.000123,
    "sites": 18,
    "subdomains": [
        "widgets",
        "pdpone"
    ],
    "cnames": [],
    "fingerprinting": 2,
    "resources": [
        {
            "rule": "syfpayments\\.com\\/",
            "cookies": 0.0000477,
            "fingerprinting": 0,
            "subdomains": [
                "widgets"
            ],
            "apis": {},
            "sites": 7,
            "prevalence": 0.0000477,
            "cnames": [],
            "responseHashes": [
                "e3b0c44298fc1c149afbf4c8996fb92427ae41e4649b934ca495991b7852b855"
            ],
            "type": "Script",
            "firstPartyCookies": {},
            "firstPartyCookiesSent": {},
            "exampleSites": [
                "lovesac.com",
                "vintageking.com",
                "www.abcwarehouse.com",
                "www.airportappliance.com",
                "www.kenssewingcenter.com",
                "www.lovesac.com",
                "www.unlimitedfurnituregroup.com"
            ]
        },
        {
            "rule": "syfpayments\\.com\\/syf-widget\\.js",
            "cookies": 0.0000477,
            "fingerprinting": 1,
            "subdomains": [
                "widgets"
            ],
            "apis": {
                "Navigator.prototype.userAgent": 7,
                "Date.prototype.getTime": 7,
                "Document.cookie getter": 7,
                "Document.cookie setter": 7,
                "window.sessionStorage": 3
            },
            "sites": 7,
            "prevalence": 0.0000477,
            "cnames": [],
            "responseHashes": [
                "e565012dc1aa6d07cc8cb8c9e29927049dd611c7ac5c229180b80182d90fe5a3",
                "1f8419bd36247cbf20d92a0b104036598f1db774641748070fd9d7a99b5935e3",
                "9e58cfb93469a077aaef3c207d4ce26c1a0b4ea0751b5ad7b461714e4b107370",
                "9cb587506226bfd493c14da356204f89de682c88b5b5c5a62542c80d54a97e7a",
                "2b2298407fdf92447074eeec6cb190276db621ac692032773273b9f6482215e2",
                "413e78648cd77e180fa5aabf56e8f1fc61bd393b60c74e2253397ed3f2bcc3d4"
            ],
            "type": "Script",
            "firstPartyCookies": {
                "syf-widget-token": {
                    "ttl": 7200,
                    "length": 36,
                    "prevalence": 0.00004768424853030334,
                    "uniqueness": 1
                }
            },
            "firstPartyCookiesSent": {},
            "exampleSites": [
                "mikesbikes.com",
                "vintageking.com",
                "willcuttguitars.com",
                "www.chicagomusicexchange.com",
                "www.dxengineering.com",
                "www.lovesac.com",
                "www.thedump.com"
            ]
        },
        {
            "rule": "syfpayments\\.com\\/mpp\\/UniFi\\.js",
            "cookies": 0,
            "fingerprinting": 1,
            "subdomains": [
                "pdpone"
            ],
            "apis": {
                "Navigator.prototype.product": 4,
                "Navigator.prototype.userAgent": 4
            },
            "sites": 4,
            "prevalence": 0.0000272,
            "cnames": [],
            "responseHashes": [
                "411df9f12a32fd4b74a384e87a7d25211533a223ddb9738329227bca6bed2e55"
            ],
            "type": "Script",
            "firstPartyCookies": {},
            "firstPartyCookiesSent": {},
            "exampleSites": [
                "relaxtheback.com",
                "www.abcwarehouse.com",
                "www.dxengineering.com",
                "www.thedump.com"
            ]
        },
        {
            "rule": "syfpayments\\.com\\/mpp\\/env-config\\.js",
            "cookies": 0,
            "fingerprinting": 0,
            "subdomains": [
                "pdpone"
            ],
            "apis": {},
            "sites": 4,
            "prevalence": 0.0000272,
            "cnames": [],
            "responseHashes": [
                "e0ee9621ee06311ac7ea9e7b8af7a8867382acb2967660f822af77346594af9d"
            ],
            "type": "Script",
            "firstPartyCookies": {},
            "firstPartyCookiesSent": {},
            "exampleSites": [
                "relaxtheback.com",
                "www.abcwarehouse.com",
                "www.dxengineering.com",
                "www.thedump.com"
            ]
        },
        {
            "rule": "syfpayments\\.com\\/syf-widget-internal\\.html",
            "cookies": 0.0000272,
            "fingerprinting": 0,
            "subdomains": [
                "widgets"
            ],
            "apis": {},
            "sites": 4,
            "prevalence": 0.0000272,
            "cnames": [],
            "responseHashes": [
                "12adc211bdf9aa63b9adceef98efb8464a297c2fe1dfd0b4578890f47fe0b164",
                "1b4b5272776978a0f17d5f11121f7d41712380d528cbb925ed0f204243c3398b",
                "e69c8496437f1a6b93bcf4578c3877db9e512a8c77305f7119122540fd091feb"
            ],
            "type": "Document",
            "firstPartyCookies": {},
            "firstPartyCookiesSent": {},
            "exampleSites": [
                "vintageking.com",
                "www.dxengineering.com",
                "www.kenssewingcenter.com",
                "www.lovesac.com"
            ]
        },
        {
            "rule": "syfpayments\\.com\\/syf-widget-internal\\.latest\\.js",
            "cookies": 0,
            "fingerprinting": 2,
            "subdomains": [
                "widgets"
            ],
            "apis": {
                "Navigator.prototype.userAgent": 4,
                "Navigator.prototype.product": 4,
                "window.localStorage": 4,
                "Navigator.prototype.appName": 4
            },
            "sites": 4,
            "prevalence": 0.0000272,
            "cnames": [],
            "responseHashes": [
                "cc9e5d4bd0688abd79c263f1392d274ea51e177827192e6e569283f78f128e15",
                "c3d28f30a1d8cd248ba47e3f2d1b7802997d2fd89b9444914b512760687e8fc8",
                "255f4ab8409f03433a86c6cbfcabc01911ca891ed1561c14a40085734dca4368"
            ],
            "type": "Script",
            "firstPartyCookies": {},
            "firstPartyCookiesSent": {},
            "exampleSites": [
                "vintageking.com",
                "www.dxengineering.com",
                "www.kenssewingcenter.com",
                "www.lovesac.com"
            ]
        },
        {
            "rule": "syfpayments\\.com\\/content",
            "cookies": 0.0000204,
            "fingerprinting": 0,
            "subdomains": [
                "widgets"
            ],
            "apis": {},
            "sites": 3,
            "prevalence": 0.0000204,
            "cnames": [],
            "responseHashes": [
                "6687f3bf22749c4eae620631993b9c4206c7cbfd89c53e11bde1355971607888",
                "17311f2da76c32dc6ad8dbc9cf17fd6551b59b978c4dbe884463277ea2d63fe0"
            ],
            "type": "Fetch",
            "firstPartyCookies": {},
            "firstPartyCookiesSent": {},
            "exampleSites": [
                "vintageking.com",
                "www.dxengineering.com",
                "www.lovesac.com"
            ]
        }
    ],
    "categories": [],
    "performance": {},
    "cookies": 0.000116,
    "topInitiators": [
        {
            "domain": "syfpos.com",
            "prevalence": 0.5454545454545454
        },
        {
            "domain": "first party",
            "prevalence": 0.4090909090909091
        },
        {
            "domain": "bolt.com",
            "prevalence": 0.045454545454545456
        }
    ],
    "types": {
        "Script": 26,
        "Document": 4,
        "Fetch": 3
    },