{
    "domain": "tapnative.com",
    "owner": {},
    "source": [
        "DuckDuckGo-US"
    ],
    "prevalence": 0.0000954,
    "sites": 14,
    "subdomains": [
        "dmp",
        "content",
        "health"
    ],
    "cnames": [],
    "fingerprinting": 1,
    "resources": [
        {
            "rule": "tapnative\\.com\\/adx-tag-manager\\/container",
            "cookies": 0,
            "fingerprinting": 0,
            "subdomains": [
                "dmp"
            ],
            "apis": {},
            "sites": 7,
            "prevalence": 0.0000477,
            "cnames": [],
            "responseHashes": [
                "c6e5c4ddd09095a25757f6a1dc3d26547e799e377d5f0f5311d33104418e2399",
                "a708ecd2d2ad1657f8857fd4bd330970d81cbbedd2a68acdaddbb677ac2063eb",
                "9f948a0ee5e8987b5a4e61290689fa5b6ebc90e45a24e4abe59c40b6e37e69c1",
                "740e2a3fa6ec470f28825ca19b97e97f609e217c75840e30e2657dab5cb1428b",
                "12899429b15a0ea58bc963998538ac7ed1955f678399a95d6853bee2d97e5bc2",
                "8d3ff2bf0779f0d2deb5577ab086d8c2359cd8771c4e84c261de59bb47ab4d51"
            ],
            "type": "Document",
            "firstPartyCookies": {},
            "firstPartyCookiesSent": {},
            "exampleSites": [
                "diabetesjournals.org",
                "familydoctor.org",
                "www.aad.org",
                "www.diabetesfoodhub.org",
                "www.healingwell.com",
                "www.intechopen.com",
                "www.urologyhealth.org"
            ]
        },
        {
            "rule": "tapnative\\.com\\/tn\\/",
            "cookies": 0.0000409,
            "fingerprinting": 1,
            "subdomains": [
                "content"
            ],
            "apis": {
                "window.localStorage": 7,
                "Document.cookie getter": 7,
                "Document.cookie setter": 6
            },
            "sites": 7,
            "prevalence": 0.0000477,
            "cnames": [],
            "responseHashes": [
                "c9d5c37412b802a5d800375e1bae33402f876cbbc3add2fe805ad73359793053",
                "e113a9a0e354c6d817ded587390ccf13c61f92ee93158d2eba55de7a400e527e",
                "85312e4306a2ffee2c98ac7c084338b8f1c6d30f95a17d31614afe0adaa51750",
                "56555d110a765b7b5ed5bb97f1d75cf513017d52b73718702568f9b76c02bf9d",
                "4de4e7a11c72097891ff66c6d5d0ee680ba01c635e150323dcea6a02721e961e",
                "de4d2b75d02f401f05620a6c30a1f2c8a80af9a3dcce402aec7163f0d474f236"
            ],
            "type": "Script",
            "firstPartyCookies": {
                "adx_profile_guid": {
                    "ttl": 414900565,
                    "length": 39,
                    "prevalence": 0.00004087221302597429,
                    "uniqueness": 1
                }
            },
            "firstPartyCookiesSent": {
                "_li_dcdm_c": 0.000006812035504329049,
                "lotame_domain_check": 0.000013624071008658098
            },
            "exampleSites": [
                "familydoctor.org",
                "globalrph.com",
                "teachmeanatomy.info",
                "www.everydayhealth.com",
                "www.healingwell.com",
                "www.intechopen.com",
                "www.pollen.com"
            ]
        },
        {
            "rule": "tapnative\\.com\\/adx-dir-d\\/ads-1p\\/",
            "cookies": 0.0000477,
            "fingerprinting": 0,
            "subdomains": [
                "health"
            ],
            "apis": {},
            "sites": 7,
            "prevalence": 0.0000477,
            "cnames": [],
            "responseHashes": [
                "e3b0c44298fc1c149afbf4c8996fb92427ae41e4649b934ca495991b7852b855"
            ],
            "type": "Script",
            "firstPartyCookies": {},
            "firstPartyCookiesSent": {
                "adx_profile_guid": 0.00004768424853030334,
                "_li_dcdm_c": 0.000006812035504329049,
                "lotame_domain_check": 0.000013624071008658098
            },
            "exampleSites": [
                "familydoctor.org",
                "globalrph.com",
                "teachmeanatomy.info",
                "www.everydayhealth.com",
                "www.healingwell.com",
                "www.intechopen.com",
                "www.pollen.com"
            ]
        }
    ],
    "categories": [],
    "performance": {},
    "cookies": 0.0000477,
    "topInitiators": [
        {
            "domain": "ehealthcaresolutions.com",
            "prevalence": 0.43478260869565216
        },
        {
            "domain": "first party",
            "prevalence": 0.34782608695652173
        },
        {
            "domain": "hcn.health",
            "prevalence": 0.17391304347826086
        },
        {
            "domain": "cdnintech.com",
            "prevalence": 0.043478260869565216
        }
    ],
    "types": {
        "Document": 7,
        "Script": 14
    },
    "nameservers": [
        "ns-18.awsdns-02.com",
        "ns-816.awsdns-38.net",
        "ns-1586.awsdns-06.co.uk",
        "ns-1307.awsdns-35.org"
    ]
}