{
    "domain": "tctm.xyz",
    "owner": {},
    "source": [
        "DuckDuckGo-US"
    ],
    "prevalence": 0.00015,
    "sites": 22,
    "subdomains": [
        "415417",
        "435088",
        "415435",
        "53665",
        "444982",
        "436336",
        "416923",
        "366856",
        "456637",
        "416176",
        "446359",
        "420529",
        "418234",
        "421195",
        "448765",
        "424171"
    ],
    "cnames": [],
    "fingerprinting": 1,
    "resources": [
        {
            "rule": "tctm\\.xyz\\/t\\.js",
            "cookies": 0.000102,
            "fingerprinting": 1,
            "subdomains": [
                "415417",
                "435088",
                "415435",
                "53665",
                "444982",
                "436336",
                "416923",
                "366856",
                "456637",
                "416176",
                "446359",
                "420529",
                "418234",
                "421195",
                "448765"
            ],
            "apis": {
                "Document.cookie getter": 10,
                "Navigator.prototype.userAgent": 11,
                "window.localStorage": 11,
                "Date.prototype.getTime": 11,
                "Document.cookie setter": 10,
                "window.innerWidth": 1,
                "window.innerHeight": 1
            },
            "sites": 15,
            "prevalence": 0.000102,
            "cnames": [],
            "responseHashes": [
                "d4fd838f46cff39065cb652f4b50d86177cc738ab7f9267ab650882100bc06c0",
                "01ba4719c80b6fe911b091a7c05124b64eeece964e09c058ef8f9805daca546b",
                "9af8e6d4ee97455e633b7d16e3fc69b8313c6c03f111f7a1244a5c9bdd65c0ca",
                "fd63f5455c6e00dd4f560e84f074dda90af61e620794a0155256172e3a192ed5",
                "5886b9982bdf4bb09afba8ea3baf602c8143abab8650f6c16e47bf15366dfd65",
                "348fa0748de4a506a196a8ecf92634eb2b916a66f26c340f9882d3d0a5e5407d",
                "f0424e6daa419df5255be6ddeadb8efedccd368b98e0ab6a96da9f9cf76917a3",
                "771c3f99eed44f924e5da8e29182a8e08fbaf4f4180897b76f0a98b20e9055c7",
                "d55aca65926e898f0c51bc0247bbe9d888e39f7fe6fea00d4cfc55ae449e114b",
                "678a622bebd4b1a1dae245eae9ecb947ae4f6806133de06bd08fb782631f3bd7",
                "00334269771eac6d96f5dab15189df593ac8bb9e98da7b9381af78469156ebba",
                "19c26c009c76232e8ec241d82ca99a5cc7a121261f03fc6fb956a27ea2eb2d72",
                "98ffbf73e9fbe6e716be7468c727dd6c4c566fb41d84750ed4908fd64acadc23"
            ],
            "type": "Script",
            "firstPartyCookies": {
                "__ctmid": {
                    "ttl": 2592005,
                    "length": 24,
                    "prevalence": 0.00006812035504329048,
                    "uniqueness": 1
                }
            },
            "firstPartyCookiesSent": {},
            "exampleSites": [
                "getsafeandsound.com",
                "gialliance.com",
                "senchateabar.com",
                "www.banyantreatmentcenter.com",
                "www.benjaminfranklinplumbing.com",
                "www.collegehunkshaulingjunk.com",
                "www.crystalcruises.com",
                "www.davesmith.com",
                "www.giftcardgranny.com",
                "www.hattiesburgclinic.com",
                "www.hccfl.edu",
                "www.ifm.com",
                "www.nghs.com",
                "www.otterbein.edu",
                "www.soundpro.com"
            ]
        },
        {
            "rule": "tctm\\.xyz\\/p\\.js",
            "cookies": 0.0000204,
            "fingerprinting": 0,
            "subdomains": [
                "424171",
                "416923",
                "418234"
            ],
            "apis": {},
            "sites": 3,
            "prevalence": 0.0000204,
            "cnames": [],
            "responseHashes": [
                "d30ff9f26efc96d2f00bdba4a33bdc746ead499529faacb3b6255a0259e9b478",
                "6aa178f9b5d01f6d6585254c464f2511040ec65d8b79a38ff1502db21ef7257c"
            ],
            "type": "Script",
            "firstPartyCookies": {},
            "firstPartyCookiesSent": {
                "__ctmid": 0.000013624071008658098
            },
            "exampleSites": [
                "riahealth.com",
                "www.crystalcruises.com",
                "www.nghs.com"
            ]
        },
        {
            "rule": "tctm\\.xyz\\/x\\.json",
            "cookies": 0,
            "fingerprinting": 0,
            "subdomains": [
                "424171",
                "416923",
                "418234"
            ],
            "apis": {},
            "sites": 3,
            "prevalence": 0.0000204,
            "cnames": [],
            "responseHashes": [],
            "type": "Preflight",
            "firstPartyCookies": {},
            "firstPartyCookiesSent": {},
            "exampleSites": [
                "riahealth.com",
                "www.crystalcruises.com",
                "www.nghs.com"
            ]
        },
        {
            "rule": "tctm\\.xyz\\/x\\.json",
            "cookies": 0,
            "fingerprinting": 0,
            "subdomains": [
                "424171",
                "416923",
                "418234"
            ],
            "apis": {},
            "sites": 3,
            "prevalence": 0.0000204,
            "cnames": [],
            "responseHashes": [
                "e3b0c44298fc1c149afbf4c8996fb92427ae41e4649b934ca495991b7852b855"
            ],
            "type": "XHR",
            "firstPartyCookies": {},
            "firstPartyCookiesSent": {},
            "exampleSites": [
                "riahealth.com",
                "www.crystalcruises.com",
                "www.nghs.com"
            ]
        }
    ],
    "categories": [],
    "performance": {},
    "cookies": 0.00015,
    "topInitiators": [
        {
            "domain": "first party",
            "prevalence": 0.5806451612903226
        },
        {
            "domain": "googletagmanager.com",
            "prevalence": 0.41935483870967744
        }
    ],
    "types": {
        "Script": 18,
        "Preflight": 3,
        "XHR": 3
    },
    "nameservers": [
        "ns-69.awsdns-08.com",
        "ns-1762.awsdns-28.co.uk",
        "ns-1377.awsdns-44.org",
        "ns-871.awsdns-44.net"
    ]
}