{
    "domain": "teachmewind.com",
    "owner": {},
    "source": [
        "DuckDuckGo-US"
    ],
    "prevalence": 0.000259,
    "sites": 38,
    "subdomains": [],
    "cnames": [],
    "fingerprinting": 0,
    "resources": [
        {
            "rule": "teachmewind\\.com\\/services\\/",
            "cookies": 0,
            "fingerprinting": 0,
            "subdomains": [],
            "apis": {},
            "sites": 38,
            "prevalence": 0.000259,
            "cnames": [],
            "responseHashes": [
                "0eae957ffb8f341d5523a151089c07cee07e7eba61e0363747b0f7a56bba1ca8",
                "3de8f6262026db97c6012501362bf2e1672e55fc9c431dee2bba91344a1380a3",
                "4e3bb674b2849bb2b0b8a1a3b8cc0e225cb60dabd8178469c570e891045360e5",
                "df4c48357ef33245cdfe9830c953eb4ba15e2c66b69f30877877c61a7998e393",
                "64adb29520e696192b5b8be1c5778512d637618f6268d24eb43d5794c2973244",
                "0402c147d73ee78df885014f9c0206ef01274a52824d7ff51fc4f0d52167dc38",
                "07f7bbccb1ff59e115b8799f2c7c5c4f29caa938e5845ca54f6d118b17f2d9a7",
                "9d64a86c25fdec51fc2cdcbfe0cadb6512cfd8bb93c975f85ebd509004296944",
                "f6cacf652a771cacedc81f3edd787a7ce5352c26eddc05e6922a4ccc25d4511a",
                "6eb1bc6e60b13f354cff4c97519ff6ab7dbcc069b07eecfff185c5979226406d",
                "101092e1e06116172853d9456cf016e1ea86e4855d665dc003167a3a5caae2fa",
                "2ec5aa63a71c67a249dd5d676cf15c978c05542e57099b0fc3f0311ddbd0e89f",
                "cb9c05efe333c91fb06d6d2e1fcbc969d2a453835a1a718687b43634f106ea71",
                "5a9362ad55ad0f05a0e07bbee61a3c49839912bd48b84c55dc1cee3cc3f54d2d",
                "74682a48afce628166c2170b69a1cb4a7f04d662fe72f0c4fdced2378b0046d1",
                "9f515692531ff6b4c55b6fb10dcd8b06b63b32773addcc14c1ccf5d2a4be3d74",
                "d3b23fafe3809d45b1e14f6c85b279af107254c03dae298a27bc23cc521fce2e",
                "5e83bae3770f4eef781b667238b8f16d5af84eb49cbdf1db3093302242337548",
                "c9795b32d30521f33722a70bf56236565b612d208ab922476f668cd38bf0c8bc",
                "0b2ea03110660b94fb24291a5f4f0f0ce43fb2b0892328d2274f9b6896212d42",
                "45ad8cce90e6b3a5af52c94b4e31be5ae5dcb79cc06b4391059a8496e223df3f",
                "b4ea7ca7df9450329be0d0322e771d646c3903981c27261a1fd762d9218cae4a",
                "f47515a2343535152bb70d8bfd682a23d704b617f9f2f86840bd03ac262d6812",
                "e5572afa86daa07144f06c63504f1a539fa50bb9bfff47bf4a6ef50a27dd6f00",
                "2b03a717a2f37c1f642694298f208cfbdaf836d7d4acc78162012dd361063156",
                "a9824476225dffbee587d82bda68b2cf68002830bd2d2afb9ac6b1cadd815bfb",
                "245e75d6b77a1332f5cc378171d512c7eff290507147dace09525590098becab",
                "682360eff5047cdd9a9bacbb1a0f11cfedb1b045f5fb18bc6f4686e73ea2fd35",
                "c684001f8231103594a783e960fcd316c888ead15a7875b20f53e7c98f0865a0",
                "1988739d3edd527d98c9956b2374049cb134f95d14ad97ee7cbc0e5c766dcc91",
                "4c6ce5c784effd8062dd79dd958cb4193fbf6f7d6a0d7e048532eabefd05211b",
                "083e91ff3908475602d0f7840457af9a95752e2655f7869041cb9627c1bb05f3",
                "1ac6f8735e053f0ad5332f948efa516822d0940c42f3722e761e8149e6a9da1b",
                "3b651b5eb9b9ce685f8cd8b71de0e27610de57a29cd9428af900f8fd8df99b17",
                "f87be154b7d3f96b76092a744926966b3e44b8dd5285a99baa2c51e66f03d733",
                "aa7e1489c32d8fc4cf53ff68ff8d2bdb733015b66efbcd77fc94d5c6b6b76fb7",
                "af1b387603def847178a7dccbe930d4ab7eb0fa77d0ea902f95eb9723e81e262"
            ],
            "type": "Script",
            "firstPartyCookies": {},
            "firstPartyCookiesSent": {},
            "exampleSites": [
                "pornoanal.me",
                "teenochka.xyz",
                "pornoanal.top",
                "www.ruporno21.com",
                "www.dozrel.com",
                "www.drochilovo.com",
                "kinosalo.me",
                "russkoe21.com",
                "pornonayti.com",
                "xcelebs.ru",
                "www.ebalkino.net",
                "www.rusxporno.net",
                "prostoporno.group",
                "pornosiska.com",
                "sexeporn.org",
                "www.perdos.la",
                "sexdom.click",
                "3sexuals.org",
                "trahkino.me",
                "you-stories.com"
            ]
        }
    ],
    "categories": [],
    "performance": {},
    "cookies": 0,
    "topInitiators": [
        {
            "domain": "first party",
            "prevalence": 0.9210526315789473
        },
        {
            "domain": "rdrctgoweb.com",
            "prevalence": 0.05263157894736842
        },
        {
            "domain": "riamiavid.com",
            "prevalence": 0.02631578947368421
        }
    ],
    "types": {
        "Script": 38
    },
    "nameservers": [
        "dns1.registrar-servers.com",
        "dns2.registrar-servers.com"
    ]
}