{
    "domain": "tend-table.com",
    "owner": {},
    "source": [
        "DuckDuckGo-US"
    ],
    "prevalence": 0.0000681,
    "sites": 10,
    "subdomains": [
        "engine"
    ],
    "cnames": [],
    "fingerprinting": 0,
    "resources": [
        {
            "rule": "tend-table\\.com\\/cgi-bin\\/WebLog\\.dll",
            "cookies": 0,
            "fingerprinting": 0,
            "subdomains": [
                "engine"
            ],
            "apis": {},
            "sites": 10,
            "prevalence": 0.0000681,
            "cnames": [],
            "responseHashes": [
                "6125ec9e2c42fc4e3d190bfaa7bb1b6c7d0dec18a8e6a68669530c19551e4fb3",
                "80df26195e87ee5449af4cc9b112e85d724e3ff97cd2ed8fd1a402e9377c8fd6",
                "9a27246f15d2e084970701fdea72920924be0b4bc1a973fe365cb93406519be4",
                "7bda4dd0be8f32dc0429abbb329146bfc5dd1a76a86e32db1205cb523434f8e4",
                "2ab206bb51547757f379f9614ee6fe7922d99278355bd660c78d3566b1adce51",
                "b58d018d245e7efb749c77a12abaa363140637cc7a9e0c0d07cca13334727ab8",
                "ba97a6bfcc809b4b9f60d02722753fd6f14c453bb9e7ec07375d4fb009a9cdc3",
                "cc828c5d42c130e7a703df5ae66ee29e6856f17f18b1b3b4fd788824620ef562"
            ],
            "type": "Document",
            "firstPartyCookies": {},
            "firstPartyCookiesSent": {
                "_ynx153": 0.000006812035504329049
            },
            "exampleSites": [
                "gifsf.com",
                "koreajoongangdaily.joins.com",
                "mlbpark.donga.com",
                "www.chosun.com",
                "www.heye.kr",
                "www.ilbe.com",
                "www.issuya.com",
                "www.joongang.co.kr",
                "www.koreaherald.com",
                "www.koreatimes.co.kr"
            ]
        },
        {
            "rule": "tend-table\\.com\\/cgi-bin\\/WebLog\\.dll",
            "cookies": 0.0000545,
            "fingerprinting": 0,
            "subdomains": [
                "engine"
            ],
            "apis": {},
            "sites": 8,
            "prevalence": 0.0000545,
            "cnames": [],
            "responseHashes": [
                "64a0c38e91767fafc305dc34e65c52834e5d4772cd3a4c17a7662b0981055ff7"
            ],
            "type": "Script",
            "firstPartyCookies": {},
            "firstPartyCookiesSent": {},
            "exampleSites": [
                "gifsf.com",
                "koreajoongangdaily.joins.com",
                "mlbpark.donga.com",
                "www.heye.kr",
                "www.ilbe.com",
                "www.issuya.com",
                "www.koreatimes.co.kr",
                "www.koreaherald.com"
            ]
        }
    ],
    "categories": [],
    "performance": {},
    "cookies": 0.0000545,
    "topInitiators": [
        {
            "domain": "ad4989.co.kr",
            "prevalence": 1
        }
    ],
    "types": {
        "Document": 10,
        "Script": 8
    },
    "nameservers": [
        "ns1.4in.co.kr",
        "ns2.4in.co.kr"
    ]
}