{
    "domain": "thrive.today",
    "owner": {
        "name": "Thrive Commerce, LLC",
        "displayName": "Thrive Commerce"
    },
    "source": [
        "DuckDuckGo-US"
    ],
    "prevalence": 0.0000886,
    "sites": 13,
    "subdomains": [
        "integrate"
    ],
    "cnames": [],
    "fingerprinting": 1,
    "resources": [
        {
            "rule": "thrive\\.today\\/",
            "cookies": 0.0000681,
            "fingerprinting": 1,
            "subdomains": [
                "integrate"
            ],
            "apis": {
                "Date.prototype.getTime": 10,
                "Document.cookie getter": 10,
                "Document.cookie setter": 9
            },
            "sites": 10,
            "prevalence": 0.0000681,
            "cnames": [],
            "responseHashes": [
                "076133beaa6ac8cdbc54e0adceb211e8aad6e9f6dbbf11347755f5836bf1244a",
                "aac8746ef441f308350231827d5457e3ed8a9b15a24c290a3f91cc17ae20e75f",
                "e98609b51e1a86ea4e9639360078efbc0e36b0fdf63a77424a198945e8100062",
                "7fea324dc18add9be514c000ea89537c69ede9156535684318cbc0a4f5ed898a",
                "1bb0836606c98c688fa2a0b9f0ceb804cd0a66444660e4e7831639cf9a134b0c",
                "9dde42316446ba7af4f00188566dd4dbbe6c39cc744b0824398a6fe5a0a83442",
                "a12fd49653922ebb2d593ca6fe8ee957afee9d926d610710f506c7651f3d2acd",
                "6f272ecfca1fea40db8bf6c0cd1ef14328dfffd7f594175f1456e2061e96e6a4",
                "c560bfd411ca7dfbfcec6867c72cd128bb5ce1fd167f09818873b1fd17f15b7d"
            ],
            "type": "Script",
            "firstPartyCookies": {
                "va6uyAb": {
                    "ttl": 1456869588,
                    "length": 56,
                    "prevalence": 0.00006130831953896144,
                    "uniqueness": 1
                },
                "thrive_lp_msec": {
                    "ttl": 1456869588,
                    "length": 13,
                    "prevalence": 0.00006130831953896144,
                    "uniqueness": 1
                },
                "thrive_lp": {
                    "ttl": 1456869588,
                    "length": 44,
                    "prevalence": 0.00006130831953896144,
                    "uniqueness": 0.8888888888888888
                }
            },
            "firstPartyCookiesSent": {},
            "exampleSites": [
                "advanceautoparts.com",
                "kutfromthekloth.com",
                "shop.advanceautoparts.com",
                "stores.shoecarnival.com",
                "www.grunt.com",
                "www.northerner.com",
                "www.shoesensation.com",
                "www.shoestation.com",
                "www.soccer.com",
                "www.worldsoccershop.com"
            ]
        }
    ],
    "categories": [],
    "performance": {},
    "cookies": 0.0000886,
    "topInitiators": [
        {
            "domain": "first party",
            "prevalence": 0.7272727272727273
        },
        {
            "domain": "googletagmanager.com",
            "prevalence": 0.22727272727272727
        },
        {
            "domain": "tiqcdn.com",
            "prevalence": 0.045454545454545456
        }
    ],
    "types": {
        "Script": 10
    },
    "nameservers": [
        "ns-1539.awsdns-00.co.uk",
        "ns-1199.awsdns-21.org",
        "ns-48.awsdns-06.com",
        "ns-847.awsdns-41.net"
    ]
}