{
    "domain": "thunderhead.com",
    "owner": {
        "name": "Thunderhead.com Limited",
        "displayName": "Thunderhead.com"
    },
    "source": [
        "DuckDuckGo-US"
    ],
    "prevalence": 0.000211,
    "sites": 31,
    "subdomains": [
        "na5",
        "na5.cdn",
        "ap1.cdn",
        "eu2.cdn",
        "ap1"
    ],
    "cnames": [],
    "fingerprinting": 1,
    "resources": [
        {
            "rule": "thunderhead\\.com\\/one\\/rt\\/js\\/one-tag\\.js",
            "cookies": 0.0000204,
            "fingerprinting": 1,
            "subdomains": [
                "na5",
                "na5.cdn",
                "ap1.cdn",
                "eu2.cdn",
                "ap1"
            ],
            "apis": {
                "Document.cookie getter": 4,
                "window.localStorage": 4,
                "Navigator.prototype.userAgent": 2,
                "Date.prototype.getTime": 4,
                "Document.cookie setter": 3
            },
            "sites": 16,
            "prevalence": 0.000109,
            "cnames": [],
            "responseHashes": [
                "f5a93e4ad8e1e404ead2c98e8ee62ba9fd907e010b653c9e75b90c81d4a47934",
                "209809419acc6c223d8250e4e12ee659c4ad368809c7f925d067f085c58a6e8a",
                "7b2de78178ba38338a847ffe12d382d103621b5897167dc770d3ace6c282ef85",
                "85a5f6b7dc067c0a810951792ff6e155ef596c2685e48e06ef7b989327633ded",
                "8a1ae93ba581e938638671acf452834b1d0abee18859969e3fdaf98aa31e1745",
                "3db947adf85c474033c7546c86479c717d2f31e746da1de1e5d9e97690900090",
                "e871c58bf14b6a0274ec1ac27924382fc2c8a8d6f2529721caf6560cd789e511",
                "d397ef2f01ea2c8b3f01397cfe384e9509417bf2d0b51276b61c03a0c001addb",
                "906828454edf9737aa9aba079528691d11c2c5a6981706da6a1673841037e658",
                "89796e9d70fe91f296c6773735a2a753f6d4ce5116e32a51cd2631a095f063a5",
                "ac9d5ede3cd586666bbba369a6368810d4c27f744fb4b0d9c3c683deed398eda",
                "3b29e8b6b27c851eb9f865f93228ff01d8aeef89b02b726f293e77c5ee2b3ef5",
                "9303e463e65ac8f49a80b6cb6fdce35156a92c62f1ea3e4ffea5d0a05fd3fff5"
            ],
            "type": "Script",
            "firstPartyCookies": {
                "_one_ODAwNg": {
                    "ttl": 62985612,
                    "length": 36,
                    "prevalence": 0.000013624071008658098,
                    "uniqueness": 1
                },
                "_one_ODAwMg": {
                    "ttl": 62985609,
                    "length": 36,
                    "prevalence": 0.000006812035504329049,
                    "uniqueness": 1
                }
            },
            "firstPartyCookiesSent": {},
            "exampleSites": [
                "auburntigers.com",
                "denverpioneers.com",
                "luxuryescapes.com",
                "store.ubisoft.com",
                "umassathletics.com",
                "utrockets.com",
                "www.arsenal.com",
                "www.bge.com",
                "www.budgetdirect.com.au",
                "www.chasingcars.com.au",
                "www.forever21.com",
                "www.goodwood.com",
                "www.infomoney.com.br",
                "www.invesco.com",
                "www.prucenter.com",
                "www.telstra.com.au"
            ]
        },
        {
            "rule": "thunderhead\\.com\\/one\\/rt\\/web\\/v1\\/ONE-G8V3SQCVEX-2062",
            "cookies": 0.0000204,
            "fingerprinting": 0,
            "subdomains": [
                "na5"
            ],
            "apis": {},
            "sites": 3,
            "prevalence": 0.0000204,
            "cnames": [],
            "responseHashes": [
                "34804fcde4dc12d86e36421911a8bf903043dd39386d1d58aa3b16ce967d1f34",
                "a985d7c1d28d93a2720a6a0047d91136601059814db5a353517d911166b433ea"
            ],
            "type": "XHR",
            "firstPartyCookies": {},
            "firstPartyCookiesSent": {},
            "exampleSites": [
                "att.com",
                "www.att.com",
                "www.wireless.att.com"
            ]
        },
        {
            "rule": "thunderhead\\.com\\/one\\/rt\\/web\\/v1\\/ONE-ZR8RN9UNYV-2060",
            "cookies": 0.0000136,
            "fingerprinting": 0,
            "subdomains": [
                "na5"
            ],
            "apis": {},
            "sites": 2,
            "prevalence": 0.0000136,
            "cnames": [],
            "responseHashes": [
                "6f1d57b744e45064a7cf5528f9724febd6b1e2f8f72d89385eb11eea59606dec"
            ],
            "type": "XHR",
            "firstPartyCookies": {},
            "firstPartyCookiesSent": {},
            "exampleSites": [
                "att.com",
                "www.firstnet.com"
            ]
        },
        {
            "rule": "thunderhead\\.com\\/one\\/rt\\/web\\/v1\\/ONE-WNLDKAOQ41-1776",
            "cookies": 0.0000136,
            "fingerprinting": 0,
            "subdomains": [
                "ap1"
            ],
            "apis": {},
            "sites": 2,
            "prevalence": 0.0000136,
            "cnames": [],
            "responseHashes": [
                "35991affcd1f61e94e1c7f8260a9d53c8df885752b2fa0757382a7d216fe5c9f"
            ],
            "type": "XHR",
            "firstPartyCookies": {},
            "firstPartyCookiesSent": {},
            "exampleSites": [
                "budgetdirect.com.au",
                "www.chasingcars.com.au"
            ]
        },
        {
            "rule": "thunderhead\\.com\\/one\\/rt\\/web\\/v1\\/ONE-5MLXTGGMUC-1258",
            "cookies": 0.0000136,
            "fingerprinting": 0,
            "subdomains": [
                "na5"
            ],
            "apis": {},
            "sites": 2,
            "prevalence": 0.0000136,
            "cnames": [],
            "responseHashes": [
                "e2edbc779b7eb65395dbc26acfe8da4b1601fe06da89e07f05b620a1f6109abe"
            ],
            "type": "XHR",
            "firstPartyCookies": {},
            "firstPartyCookiesSent": {},
            "exampleSites": [
                "att.com",
                "www.business.att.com"
            ]
        },
        {
            "rule": "thunderhead\\.com\\/one\\/rt\\/web\\/v1\\/ONE-5MLXTGGMUC-1258\\/error",
            "cookies": 0,
            "fingerprinting": 0,
            "subdomains": [
                "na5"
            ],
            "apis": {},
            "sites": 2,
            "prevalence": 0.0000136,
            "cnames": [],
            "responseHashes": [
                "7fff1569ea68ef52782ba25b0cf3934627f7a4fc1e8e22f4652de959c5f97978"
            ],
            "type": "Image",
            "firstPartyCookies": {},
            "firstPartyCookiesSent": {
                "_one_ODgwMDU": 0.000013624071008658098
            },
            "exampleSites": [
                "att.com",
                "www.business.att.com"
            ]
        }
    ],
    "categories": [],
    "performance": {},
    "cookies": 0.0000954,
    "topInitiators": [
        {
            "domain": "first party",
            "prevalence": 0.5263157894736842
        },
        {
            "domain": "adobedtm.com",
            "prevalence": 0.15789473684210525
        },
        {
            "domain": "transcend.io",
            "prevalence": 0.13157894736842105
        },
        {
            "domain": "quantummetric.com",
            "prevalence": 0.07894736842105263
        },
        {
            "domain": "googletagmanager.com",
            "prevalence": 0.07894736842105263
        },
        {
            "domain": "msecnd.net",
            "prevalence": 0.02631578947368421
        }
    ],
    "types": {
        "Script": 16,
        "XHR": 9,
        "Image": 2
    },