{
    "domain": "tiktokv.us",
    "owner": {},
    "source": [
        "DuckDuckGo-US"
    ],
    "prevalence": 0.000293,
    "sites": 43,
    "subdomains": [
        "mon16-normal-useast5"
    ],
    "cnames": [],
    "fingerprinting": 0,
    "resources": [
        {
            "rule": "tiktokv\\.us\\/monitor_web\\/settings\\/browser-settings",
            "cookies": 0,
            "fingerprinting": 0,
            "subdomains": [
                "mon16-normal-useast5"
            ],
            "apis": {},
            "sites": 42,
            "prevalence": 0.000286,
            "cnames": [],
            "responseHashes": [
                "4fee9cf25b82ee331af82734475c872b9b4b012e9cfb81a4ae94972ce85bbc96",
                "60d51abc7e5b62dde1ed2d0edd2203f69c03665d34133cf9509f07b500cdaf5c",
                "0534bb00bf792e6b8960f8b0a45f1a20c8cb8fc3ca775ef2488fc88b8a6280c2",
                "2ee2e9d51d39ea9b13dc6da8631e745ea2de3f15224b4618476810feef450db6",
                "f513ba19c34414842a3dec58d4503813754338af4ebaf9f2f36ec3caaa2a902c",
                "90a89d77550fb9c252e4db92a665acae0d90cb13bec401fe4de807cada11a29b",
                "09e9780176b8e19719e7c40c07dfcdf84248fc3f0fa3b7514477770ae6e016cb",
                "705c1d0e4f5232d1ee192592827bc17592effa3f2d34f22ab4e15b5da56e5f8d",
                "5f18b120c7d4c06b6a88907c3a6937cff29118fec9984c0ea40e9652f66a8a76",
                "e5c24f7ca8b205c8a0239b4a772b168311079182624a7be88b05b238d2f38982",
                "ea91987643a8de264355c5b2e8f99180d15da6e9dec5b1c9734a942e1a367b55",
                "4c5f80af91f06885deea46ec5d52c9d4e00a1dffb3c1ccc62bca721b7814fae6",
                "e5488f004779aa9a4a6f22c44bfd0ed8b75ba19ad988cc91812f9b741ec2fa14",
                "4e76235f7fc594e166d996ff3339f5df6dfa898412c90c55bcfe858493493c45",
                "536fbb816e780befb42026703b16f4379f2a324569eda388a34f2411b20df525",
                "d51bf9a03a6e93a7b4aa4cf261e1168b8e56ab69d51b302fb05053c57b6ec821",
                "d808ad9149cbe00ceedb0a5f42b686dc7d0063ae209942f0ccc42bf7d62e1a87",
                "a496cff66032b4e4abbde7d49e40815f189426b7a0eb15aa88c126d1cd527b10",
                "9dcf2cc4580b96ec46bebcc4a3a4404e39d41d3d0105728fa7dab30981dbdad3",
                "e3117815c4ddca48ff253c7bcbb5c634b566b28d7912cbc9aceb344691cae212",
                "9f7ff0778c8e95e02970ec6dadb6c7935c6abfa76439ff7369952d82772db838",
                "383a1618c79a95308f6b71aaec224a90e537f1e4003878ba63c12b7a89e6a9ce",
                "58c4436222adf38aba8cf19b347422911ab4a4c9b9c19382f79b61c79b757970",
                "13a46e1660b291bacc78111918955fcb0c029c6d811584fd2455f13cf4070169",
                "8bd888bb32378d504009e7337a6ae6daab35ea7136e29a84510afc405f8b334f",
                "285f7e46a7052279fe7b86775500a3fa59fa835da1eaba8518c82394239a9f6c",
                "beed86f926c751705d92bd55628981b782acfff262848dc39b1505df3587ad96",
                "36ca5e34ab7eac21ae4b12696d6e3c7ff85d314110d75ff551d58a00e972f975",
                "49dc1c57a2722cb6f8d47715042037b6f36742fead9cb12d5157fadb765df44d",
                "103ac930cf75042d5ce35fc0b936195863f051dd6cd0acde58acf0e0f0486ead",
                "3f20aaf51075f33045ede1e0ca5ee10b6c87be909c310c93dfa46e435e3df1c4",
                "827d810276e7d35f4928e10aa5917412b3ffec10ae9cdf4d66d39d19c3690b80",
                "57c3213ba0633399c0fb773ec21fdbb37cccdf1ea7b803c06af94e3feb1692d4",
                "81c868f2cd2ea42669307571159d06d2a8cd3c106840ef0a0b68d72edca28c98",
                "77e522fefe6df42a414e5d0c00bbf35db8b13c4c597c0aee70cf3a239a17974e",
                "785049e6bbb5413fd1bb7b7ad507ce4be7db81a26b636e3ae480a78799236b5b",
                "d6a761733292fa052940181e19e0c7e26fc23b7573a114e120091e77b046b8db",
                "e83dfb4b0fee8447ff438bd1e907e66b2e6968be715d3de692c212296b87cfd1",
                "f35670d789bd674b1c25ecdb5f3944e67c4be112107abec640502edf83b38ab9",
                "a0225b42d6fa0423f2500fc13ec3e85a2b2aba24df692067885877c0d63cd75a"
            ],
            "type": "XHR",
            "firstPartyCookies": {},
            "firstPartyCookiesSent": {},
            "exampleSites": [
                "www.buzzfeed.com",
                "www.theworldandthensome.com",
                "emojisprout.com",
                "eltelevisero.huffingtonpost.es",
                "www.theyucatantimes.com",
                "www.buruhtinta.co.id",
                "nastyz28.com",
                "tirto.id",
                "wikifamouspeople.com",
                "www.intheknow.com",
                "www.morrissey-solo.com",
                "www.speechandlanguagekids.com",
                "leadstories.com",
                "hypebae.com",
                "www.foodiesmagazine.nl",
                "sproutsocial.com",
                "www.tokyoweekender.com",
                "www.stereogum.com",
                "www.teachingexpertise.com",
                "hungryhappens.net"
            ]
        },
        {
            "rule": "tiktokv\\.us\\/monitor_web\\/settings\\/browser-settings",
            "cookies": 0,
            "fingerprinting": 0,
            "subdomains": [
                "mon16-normal-useast5"
            ],
            "apis": {},
            "sites": 42,
            "prevalence": 0.000286,
            "cnames": [],
            "responseHashes": [],
            "type": "Preflight",
            "firstPartyCookies": {},
            "firstPartyCookiesSent": {},
            "exampleSites": [
                "www.buzzfeed.com",
                "www.philadelphiaunion.com",
                "hungryhappens.net",
                "www.tokyoweekender.com",
                "www.wikifamouspeople.com",
                "emojisprout.com",
                "eltelevisero.huffingtonpost.es",
                "www.halfbakedharvest.com",
                "hypebae.com",
                "cupstograms.net",
                "www.toolup.com",
                "littlehouse.edu.vn",
                "newsroom.tiktok.com",
                "wiki.sportskeeda.com",
                "www.foodiesmagazine.nl",
                "www.webboh.it",
                "www.palousebrand.com",
                "drbrighten.com",
                "thetab.com",
                "tirto.id"
            ]
        },
        {
            "rule": "tiktokv\\.us\\/monitor_browser\\/collect\\/batch\\/",
            "cookies": 0,
            "fingerprinting": 0,
            "subdomains": [
                "mon16-normal-useast5"
            ],
            "apis": {},
            "sites": 40,
            "prevalence": 0.000272,
            "cnames": [],
            "responseHashes": [],
            "type": "Preflight",
            "firstPartyCookies": {},
            "firstPartyCookiesSent": {},
            "exampleSites": [
                "www.24-horas.mx",
                "www.webboh.it",
                "hypebae.com",
                "wiki.sportskeeda.com",
                "cupstograms.net",
                "www.fanpage.it",
                "eltelevisero.huffingtonpost.es",
                "vashiva.com",
                "leadstories.com",
                "www.speechandlanguagekids.com",
                "www.halfbakedharvest.com",
                "www.stereogum.com",
                "www.vcas.us",
                "sproutsocial.com",
                "www.toolup.com",
                "www.goodfinancialcents.com",
                "hungryhappens.net",
                "www.buruhtinta.co.id",
                "www.theworldandthensome.com",
                "www.wikifamouspeople.com"
            ]
        },
        {
            "rule": "tiktokv\\.us\\/monitor_browser\\/collect\\/batch\\/",
            "cookies": 0,
            "fingerprinting": 0,
            "subdomains": [
                "mon16-normal-useast5"
            ],
            "apis": {},
            "sites": 40,
            "prevalence": 0.000272,
            "cnames": [],