{
    "domain": "tonemedia.com",
    "owner": {},
    "source": [
        "DuckDuckGo-US"
    ],
    "prevalence": 0.000327,
    "sites": 48,
    "subdomains": [
        "srv"
    ],
    "cnames": [],
    "fingerprinting": 1,
    "resources": [
        {
            "rule": "tonemedia\\.com\\/showads\\/adunit\\.php",
            "cookies": 0.000232,
            "fingerprinting": 0,
            "subdomains": [
                "srv"
            ],
            "apis": {},
            "sites": 34,
            "prevalence": 0.000232,
            "cnames": [],
            "responseHashes": [
                "6da0c4c65ea8c4442c0ab33542a8da34173d601060f11d8e8b249ce0215e997f",
                "b624e72299ec90b16c146e4dc740b6d20609609203925226d573c17c3398338a",
                "f47d2afb6769a5761323cb9ab4a534635b97f6c2728af08cc35461419c12710d",
                "97fc9c5b27dff24b2a969ea649cb27899db57d50d87411952997691e8ff0e168",
                "8d98ac99c0fcf37e30ac8f8224cb9765950a5bde55d2d8ae1e665201d43db750",
                "1d9e1af42fa43b52024fb070dcb8d869087e5eca7ea549594fe50f3f20d73189",
                "d231dde61e95195e95d56be6d0e8249719dcff55d84fb229b36a53bac7388e50",
                "67890394dcd102345545e9a5f3ae5fc88340c266338c7b933dd18a3bbd8df5b6",
                "99df9381be37dc1c32a66c30b2028d274db5a988d596cb3280d74e6b0264866d",
                "d594ae6d89a72847b52dec79b3a82ee10e78586939c9b20838ed8489e7305a5b",
                "ad3e64e714474407d8d553dc20f15cb1a921a39841419b998406b5597c4017f5",
                "b7411b02bc7e5091a438fb03cc7979521386e0ec145c1944156e98e45c2d2c27",
                "25e2c013a6ee67e874e92532bfc0f6a8096c3935d0febffa48e68f12d5edf7f7",
                "d5cbeb1c438a199694eb9f4aadb210d4ad6fc45f2ffee00d58d6486b9f822342",
                "bb2a20fe6d07ac9972a8a6e9380d5ac13887b7ddeda960a7eed3c16a267445af",
                "2a597c0e8b2abfdeb1e4eef6334420c94fa9ae146616cb5b39687841048389fe",
                "ce9699b5443764b845c9c8aae31b0c7e1a164d134e733e8951c71520eb6bc592",
                "a88f81f355da13f44e98c311573ee533a5c5f7feffa3e3f4e1113625128d5697",
                "c1b09d42c2d7c229766e2f6a3c95af4ddd07494f7e030dfb03a3f350d1f32e65",
                "d3bcf267a326210fde1dc3cf23c847bb1f975d64c4ffdb5996022b5ed37922d0",
                "69fae7f00d18f8756e5263a261e21744607cd73537c84c2e4ae2e2da52a50649",
                "41f9fa21a2d1c27bb13b9b7b0f60ff75f4951eaf64f711997bd113de07554490",
                "90d8b723acc3498145f550b54aaeac5bb8d07ce120ad59f89b6e9c46368351f2",
                "f2a39af349f5ece460e74cff76d2758c39b04699c3ee6841b067fd2c9362b370",
                "e87d1d520c559d845ee168ecb7f6a7c3909024c90983c7bc584ba08b855f2fcf",
                "029353174753c795244c3185fbad02226236329277282d58bec0f94f8570d9ba",
                "0c42419e7d9209b5b36fcc043c6153f31d82c34b57778847d71ed713141fbe9b",
                "db9ea674ffc89a73fdc6069767fa034fbb4ad1d8359c174999d2c4d82d1d7251",
                "f7c867913bf0e74cf45a410272d24923c31107bb059959b574625b85664e6165",
                "5951aa2345e5fea9cc932a6afabae8aa6a56063bf09f8693ba10d487e2a4d104",
                "ae9b259f6209f1949c0e0e33ef7bc3a48885bfd5dea8ffd43fe089c02de7ede8",
                "69e927be5db8d585965241dd1cc8538a728610218299dafbef81522d0dd125af",
                "083ed710ad1f0f420474273bdd275852f3a4a871a77465de2345483cc0434ce3"
            ],
            "type": "Script",
            "firstPartyCookies": {},
            "firstPartyCookiesSent": {
                "lotame_domain_check": 0.000006812035504329049
            },
            "exampleSites": [
                "getsongbpm.com",
                "www.infoconcert.com",
                "www.cineman.ch",
                "countryrebel.com",
                "tvshowpilot.com",
                "www.lyrics.com",
                "www.azchords.com",
                "www.metalsucks.net",
                "www.joysound.com",
                "www.tablyrics.com",
                "www.vagalume.com.br",
                "de.muztext.com",
                "www.last.fm",
                "www.mychordbook.com",
                "www.sputnikmusic.com",
                "www.setlist.fm",
                "www.cowboylyrics.com",
                "azlyrics.biz",
                "allhiphop.com",
                "www.accordiespartiti.it"
            ]
        },
        {
            "rule": "tonemedia\\.com\\/showads\\/track\\/imp\\.php",
            "cookies": 0.000232,
            "fingerprinting": 0,
            "subdomains": [
                "srv"
            ],
            "apis": {},
            "sites": 42,
            "prevalence": 0.000286,
            "cnames": [],
            "responseHashes": [
                "fdac71109000ee5e21163bc6b60221d4077f59d8224d3e7cb16fa994a184440b"
            ],
            "type": "XHR",
            "firstPartyCookies": {},
            "firstPartyCookiesSent": {
                "lotame_domain_check": 0.000013624071008658098,
                "_li_dcdm_c": 0.000006812035504329049,
                "ncmp.domain": 0.000006812035504329049
            },
            "exampleSites": [
                "tvshowpilot.com",
                "www.whosampled.com",
                "www.tablyrics.com",
                "www.songfacts.com",
                "www.setlist.fm",
                "www.sputnikmusic.com",
                "www.chords-and-tabs.net",
                "www.cineman.ch",
                "www.songtell.com",
                "www.letssingit.com",
                "www.lyrics.com",
                "www.vagalume.com.br",
                "chordseasy.com",
                "www.cowboylyrics.com",
                "www.musixmatch.com",
                "www.hypebot.com",
                "www.lacoccinelle.net",
                "m.e-chords.com",
                "allhiphop.com",
                "jambands.com"
            ]
        },
        {
            "rule": "tonemedia\\.com\\/ads\\/adunit\\.php",
            "cookies": 0,
            "fingerprinting": 0,
            "subdomains": [
                "srv"
            ],
            "apis": {},
            "sites": 8,
            "prevalence": 0.0000545,
            "cnames": [],
            "responseHashes": [
                "1282a879944680c75f1a4bf0f9a39644f1871122297a9b7ff84f3310f3fc2b16",
                "76ec5389ba3e00276807d135f919f828e505b005bb7a05545c0f99574140e9d5",
                "c23ee8c0091fade83da31ea723c7f186cf1d57e7fecc8e83762a07de849abc8f",
                "417fac3737feb429fff1e05f1df7d326ebe21bd23dc53d7259363ab9875b972e",
                "a34a47cc07f72a27a0d460c10b317c83fbc0809b88aea21cd803533c6bd8f23c",
                "d686f0ff1c2cd4905b936ad20d85d741ccf34a3bd63d2875ec5b996395f3630c",
                "472ceee67c7f9d8ac099af969bc58eeca715eec6fc2fb912eb43c403bf9f393f"
            ],
            "type": "XHR",
            "firstPartyCookies": {},
            "firstPartyCookiesSent": {
                "_li_dcdm_c": 0.000006812035504329049,
                "lotame_domain_check": 0.000006812035504329049,
                "ncmp.domain": 0.000006812035504329049
            },
            "exampleSites": [
                "e-chords.com",
                "www.chords-and-tabs.net",
                "www.e-chords.com",
                "www.letssingit.com",
                "www.lyrical-nonsense.com",
                "www.lyricsbox.com",
                "www.songfacts.com",
                "www.songtell.com"
            ]
        },
        {
            "rule": "tonemedia\\.com\\/showads\\/css\\/flex\\.min\\.css",
            "cookies": 0,
            "fingerprinting": 0,
            "subdomains": [
                "srv"
            ],
            "apis": {},
            "sites": 3,
            "prevalence": 0.0000204,
            "cnames": [],
            "responseHashes": [
                "d0bdffc356ed0615540f4cac598814aeb24dbfe2a3ae87c5292dac0dfd35db20"
            ],
            "type": "Stylesheet",
            "firstPartyCookies": {},