{
    "domain": "torcai.com",
    "owner": {},
    "source": [
        "DuckDuckGo-US"
    ],
    "prevalence": 0.000157,
    "sites": 23,
    "subdomains": [
        "publisher",
        "cdn"
    ],
    "cnames": [],
    "fingerprinting": 3,
    "resources": [
        {
            "rule": "torcai\\.com\\/audtrack\\/cookiesync\\/ckread\\/write",
            "cookies": 0.0000886,
            "fingerprinting": 0,
            "subdomains": [
                "publisher"
            ],
            "apis": {},
            "sites": 14,
            "prevalence": 0.0000954,
            "cnames": [],
            "responseHashes": [
                "a9d3d40639718af40c7ad6830778adab934d16fb47b86af2e2e88f1f01d0c299",
                "a48a15910937f598d29bbb1d7390b371b4760a7b4cde3908088bcc31370c235c",
                "ed23bce8cdecbb10bd17e8e2bb9fd89d7ab4f124df9a69770f9c02908269552b",
                "070e8f64cdf0a0a755e1b4192bb752b42cc17b25c0e75caf60242980190f4cc4",
                "dc16e5444ba126297e7057666081a4959f8fc886e6deda6f44bacf0ff56d2cd8",
                "56bd4ee4bfb83dd59cad836ec75ee906480322f6d4b20bfca7d3b351610449e2",
                "87796af6385612bf1e5742bc324f4379d8233f2083489abce286ee0af9e98b73",
                "48087372a4e02cd8905488dcd3ec624ff1b2566b998f2d3101b861b439014833",
                "75de2cc02a3a26bce14dcbb591cf34292c69d771547423e9097b4263e4205e20",
                "b990d2e65149152792dfbe3822d28455a0074d072aabf4ad016187ba81d58a28",
                "44adbf885f7c7c69262438356eb1ddeb381eb049ab98dc8901bcfc396c71c56f",
                "3374a53ac9a1576cc0a03686e5b47ffde3dd71ab481d97b90bb130093fa0c1b8"
            ],
            "type": "XHR",
            "firstPartyCookies": {},
            "firstPartyCookiesSent": {},
            "exampleSites": [
                "kompas.com",
                "bola.kompas.com",
                "denpasar.kompas.com",
                "health.kompas.com",
                "internasional.kompas.com",
                "lifestyle.kompas.com",
                "megapolitan.kompas.com",
                "money.kompas.com",
                "nasional.kompas.com",
                "otomotif.kompas.com",
                "regional.kompas.com",
                "tekno.kompas.com",
                "travel.kompas.com",
                "www.kompas.com"
            ]
        },
        {
            "rule": "torcai\\.com\\/audtrack\\/cookiesync\\/ckread\\/write",
            "cookies": 0.0000954,
            "fingerprinting": 0,
            "subdomains": [
                "publisher"
            ],
            "apis": {},
            "sites": 14,
            "prevalence": 0.0000954,
            "cnames": [],
            "responseHashes": [],
            "type": "Preflight",
            "firstPartyCookies": {},
            "firstPartyCookiesSent": {},
            "exampleSites": [
                "kompas.com",
                "bola.kompas.com",
                "denpasar.kompas.com",
                "health.kompas.com",
                "internasional.kompas.com",
                "lifestyle.kompas.com",
                "megapolitan.kompas.com",
                "money.kompas.com",
                "nasional.kompas.com",
                "otomotif.kompas.com",
                "regional.kompas.com",
                "tekno.kompas.com",
                "travel.kompas.com",
                "www.kompas.com"
            ]
        },
        {
            "rule": "torcai\\.com\\/dmp\\/pixels\\/549\\/MNCIOHDatasync\\.js",
            "cookies": 0,
            "fingerprinting": 3,
            "subdomains": [
                "cdn"
            ],
            "apis": {
                "Date.prototype.getTime": 7,
                "Navigator.prototype.vendorSub": 7,
                "Navigator.prototype.productSub": 7,
                "Navigator.prototype.vendor": 7,
                "Navigator.prototype.maxTouchPoints": 7,
                "Navigator.prototype.doNotTrack": 7,
                "Navigator.prototype.connection": 7,
                "Navigator.prototype.plugins": 7,
                "Navigator.prototype.mimeTypes": 7,
                "Navigator.prototype.webkitTemporaryStorage": 7,
                "Navigator.prototype.webkitPersistentStorage": 7,
                "Navigator.prototype.hardwareConcurrency": 7,
                "Navigator.prototype.cookieEnabled": 7,
                "Navigator.prototype.appCodeName": 7,
                "Navigator.prototype.appName": 7,
                "Navigator.prototype.appVersion": 7,
                "Navigator.prototype.platform": 7,
                "Navigator.prototype.product": 7,
                "Navigator.prototype.userAgent": 7,
                "Navigator.prototype.language": 7,
                "Navigator.prototype.languages": 7,
                "Navigator.prototype.onLine": 7,
                "Navigator.prototype.webdriver": 7,
                "Navigator.prototype.keyboard": 7,
                "Navigator.prototype.mediaDevices": 7,
                "Navigator.prototype.storage": 7,
                "Navigator.prototype.deviceMemory": 7,
                "Navigator.prototype.mediaCapabilities": 7,
                "Navigator.prototype.permissions": 7,
                "Navigator.prototype.presentation": 7
            },
            "sites": 7,
            "prevalence": 0.0000477,
            "cnames": [],
            "responseHashes": [
                "38cd25b572d85fac3d52ab556aaae54334d2a826e9e75bf3bc46006215bd9bcc"
            ],
            "type": "Script",
            "firstPartyCookies": {},
            "firstPartyCookiesSent": {},
            "exampleSites": [
                "sindonews.com",
                "kalam.sindonews.com",
                "lifestyle.sindonews.com",
                "metro.sindonews.com",
                "nasional.okezone.com",
                "news.okezone.com",
                "www.sindonews.com"
            ]
        },
        {
            "rule": "torcai\\.com\\/dmp\\/ifrm\\/ifrmevent\\.html",
            "cookies": 0,
            "fingerprinting": 0,
            "subdomains": [
                "cdn"
            ],
            "apis": {},
            "sites": 7,
            "prevalence": 0.0000477,
            "cnames": [],
            "responseHashes": [
                "a3774fd676c131ba7fce652d397f9d7a76cc0254835bb1db70daa2c58d83500e"
            ],
            "type": "Document",
            "firstPartyCookies": {},
            "firstPartyCookiesSent": {},
            "exampleSites": [
                "sindonews.com",
                "kalam.sindonews.com",
                "lifestyle.sindonews.com",
                "metro.sindonews.com",
                "nasional.okezone.com",
                "news.okezone.com",
                "www.sindonews.com"
            ]
        },
        {
            "rule": "torcai\\.com\\/comjs\\/fingerprint2\\.min\\.js",
            "cookies": 0,
            "fingerprinting": 0,
            "subdomains": [
                "cdn"
            ],
            "apis": {},
            "sites": 7,
            "prevalence": 0.0000477,
            "cnames": [],
            "responseHashes": [
                "ba50544bc52682e3884d79402fa65bbc8149866ff097223c48d9da54bb02e280"
            ],
            "type": "Script",
            "firstPartyCookies": {},
            "firstPartyCookiesSent": {},
            "exampleSites": [
                "sindonews.com",
                "kalam.sindonews.com",
                "lifestyle.sindonews.com",
                "metro.sindonews.com",
                "nasional.okezone.com",
                "news.okezone.com",
                "www.sindonews.com"
            ]
        },
        {
            "rule": "torcai\\.com\\/dmp\\/js\\/v2\\/event\\.js",
            "cookies": 0,
            "fingerprinting": 0,
            "subdomains": [
                "cdn"
            ],
            "apis": {},
            "sites": 7,
            "prevalence": 0.0000477,
            "cnames": [],