{
    "domain": "townsquareblogs.com",
    "owner": {
        "name": "Townsquare Media",
        "displayName": "Townsquare Media"
    },
    "source": [
        "DuckDuckGo-US"
    ],
    "prevalence": 0.000116,
    "sites": 17,
    "subdomains": [
        "cdn.production"
    ],
    "cnames": [],
    "fingerprinting": 2,
    "resources": [
        {
            "rule": "townsquareblogs\\.com\\/wp-content\\/uploads\\/static\\/prebid\\/carbon\\/pb\\.js",
            "cookies": 0.0000817,
            "fingerprinting": 2,
            "subdomains": [
                "cdn.production"
            ],
            "apis": {
                "NavigatorUAData.prototype.brands": 11,
                "NavigatorUAData.prototype.platform": 11,
                "window.sessionStorage": 11,
                "Date.prototype.getTime": 12,
                "window.innerWidth": 12,
                "window.innerHeight": 12,
                "Navigator.prototype.doNotTrack": 12,
                "Navigator.prototype.userAgent": 12,
                "Navigator.prototype.language": 12,
                "Navigator.prototype.cookieEnabled": 12,
                "Screen.prototype.height": 12,
                "Screen.prototype.width": 12,
                "window.localStorage": 12,
                "window.name": 11,
                "Navigator.prototype.connection": 12,
                "Date.prototype.getTimezoneOffset": 12,
                "window.devicePixelRatio": 12,
                "Document.cookie getter": 5
            },
            "sites": 12,
            "prevalence": 0.0000817,
            "cnames": [],
            "responseHashes": [
                "cdab718046083e0a07cdd8cb578ed6317d98b32d43db6ecb506202fefe5cfb0a",
                "4f94f32e75582cece91d47643585c15063b32b67ebcf61a7aaf955e32496b06f",
                "69e5f814009ce50631ad02eb93a838eb4cde3ee83ba203fa30ef049e944b2dcc",
                "0a46d9a4f955d195ae6a0d8e4769f3de3de7796bc955fa0eeef0c33907a89b17",
                "72fca673f8a49a50e31caaa61300ba4ffa171af66802ec976e9222af4b80a435",
                "fe3dc35acb68ef74942f6d032fc34f1037672a363070c57666dcf98d28d564b5",
                "d02375579de03c76c2d0f20a2b6b8eed5f564e868ea1ac9afac886b6be1eb320",
                "66273b4f7cc5a8877d816fa47720c7fe0618d7bdd762cd94d914c0a33d1103e6",
                "9acbbd34859cdfe7a52ed938cb5e3376b537ce66c27149556b5b56e5c954cd8e",
                "aeb642911634e6c4232f916d13c10b6a3bcc81cd9d0e1e5c4136947a1bbce601",
                "ffdb6ba36c19e853ad06ce24a8a3df714d9e6d0c2626e5042769571ccef20f8f"
            ],
            "type": "Script",
            "firstPartyCookies": {},
            "firstPartyCookiesSent": {
                "lotame_domain_check": 0.000006812035504329049
            },
            "exampleSites": [
                "710keel.com",
                "kpq.com",
                "loudwire.com",
                "missoulacurrent.com",
                "newstalkkgvo.com",
                "tasteofcountry.com",
                "theboot.com",
                "wjon.com",
                "wnbf.com",
                "wpst.com",
                "www.xxlmag.com",
                "wyrk.com"
            ]
        },
        {
            "rule": "townsquareblogs\\.com\\/aleph\\/",
            "cookies": 0.0000817,
            "fingerprinting": 1,
            "subdomains": [
                "cdn.production"
            ],
            "apis": {
                "Document.cookie getter": 12
            },
            "sites": 12,
            "prevalence": 0.0000817,
            "cnames": [],
            "responseHashes": [
                "e455c9481ab43afb3fe882d539f47ad82eb560651f6c68a99f4dfb8ff4249d88"
            ],
            "type": "Document",
            "firstPartyCookies": {},
            "firstPartyCookiesSent": {},
            "exampleSites": [
                "710keel.com",
                "kpq.com",
                "loudwire.com",
                "missoulacurrent.com",
                "newstalkkgvo.com",
                "tasteofcountry.com",
                "theboot.com",
                "wjon.com",
                "wnbf.com",
                "wpst.com",
                "www.xxlmag.com",
                "wyrk.com"
            ]
        },
        {
            "rule": "townsquareblogs\\.com\\/rest\\/high\\/api\\/cogitoergosum",
            "cookies": 0.0000817,
            "fingerprinting": 0,
            "subdomains": [
                "cdn.production"
            ],
            "apis": {},
            "sites": 12,
            "prevalence": 0.0000817,
            "cnames": [],
            "responseHashes": [
                "790d0e5ffc415fce994f6ecacf507251f427293b89981382dd9a18d4095cb043",
                "a83073d5364c153a3cb73a9486258ea08c1bc21327ba1368dff319e91555ecb4",
                "c3da64a3072a7d2852e46ade62e0063b42f3d27a1b6ef0d9b7b142c6e6cc7f64",
                "ea8474b65850ca116d028ea4b3c735a2d38dc0e412f78ffd9afc4178cf20c30f",
                "e2b44b0359040cbb949abd92d75caf2e55bf887b459a39fc88f7cfac773c4013",
                "bdabba8e556eefdd562a7aca3342c14d2db8e4cfb7331cb5582309df98094cbf",
                "1b66de7599ee7fffee6f84b302699f2606bb97da70a8e7468f25d9c8f4236669",
                "f4089a57eeac7f3414b4fbc789001c12a52087dff02adc7c953dfb837aa89e43",
                "c9d0b3642ab0a638e4606bd311821ec426c44bc4a5cdc84a562c04a4fd8f6693",
                "0f5e4f3066745c14847ab75024e2646841bdf6bf849b12e7a652d7377e63a610",
                "fa89e21140c52c4b913f7af3b6ab18acafa876f7b781493390afe92406906bd1"
            ],
            "type": "Fetch",
            "firstPartyCookies": {},
            "firstPartyCookiesSent": {},
            "exampleSites": [
                "710keel.com",
                "kpq.com",
                "loudwire.com",
                "missoulacurrent.com",
                "newstalkkgvo.com",
                "tasteofcountry.com",
                "theboot.com",
                "wjon.com",
                "wnbf.com",
                "wpst.com",
                "www.xxlmag.com",
                "wyrk.com"
            ]
        }
    ],
    "categories": [],
    "performance": {},
    "cookies": 0.000116,
    "topInitiators": [
        {
            "domain": "first party",
            "prevalence": 0.7142857142857143
        },
        {
            "domain": "osano.com",
            "prevalence": 0.2571428571428571
        },
        {
            "domain": "script.ac",
            "prevalence": 0.02857142857142857
        }
    ],
    "types": {
        "Script": 12,
        "Document": 12,
        "Fetch": 12
    },
    "nameservers": [
        "ns2.g10.cfdns.biz",
        "ns4.g10.cfdns.co.uk",
        "ns1.g10.cfdns.net",
        "ns3.g10.cfdns.info"
    ]
}