{
    "domain": "trackwilltrk.com",
    "owner": {},
    "source": [
        "DuckDuckGo-US"
    ],
    "prevalence": 0.000688,
    "sites": 101,
    "subdomains": [
        "r"
    ],
    "cnames": [],
    "fingerprinting": 0,
    "resources": [
        {
            "rule": "trackwilltrk\\.com\\/s1\\/54e73dcc-123a-4ecd-bac6-12de02007da0",
            "cookies": 0.0000272,
            "fingerprinting": 0,
            "subdomains": [
                "r"
            ],
            "apis": {},
            "sites": 4,
            "prevalence": 0.0000272,
            "cnames": [],
            "responseHashes": [
                "a73e3082d7363407e2d61bdb5849a7712c2a4ef363141aed6643ff1393655011",
                "188045a0287a1a395c43cc6a1424311e67c9bf956ba9d229dd7f64d46c329b33",
                "b3e84770530898056c93c6431156e137fcdf3b236334ec567aaa95f9aebf38ed"
            ],
            "type": "Document",
            "firstPartyCookies": {},
            "firstPartyCookiesSent": {},
            "exampleSites": [
                "3hentai.net",
                "es.3hentai.net",
                "fra.3hentai.net",
                "pt.3hentai.net"
            ]
        },
        {
            "rule": "trackwilltrk\\.com\\/s1\\/f64bc7c8-4de1-4e70-b251-6ce246a9afe1",
            "cookies": 0.0000545,
            "fingerprinting": 0,
            "subdomains": [
                "r"
            ],
            "apis": {},
            "sites": 8,
            "prevalence": 0.0000545,
            "cnames": [],
            "responseHashes": [
                "216b43d84d8d432e7fc5e69bd43102ec8b0bc41cc3bcafbe5c386db725e80691",
                "5a3fcc645dc3e89be40175deafdfa604439ee0f937580926fc016850ffde2748",
                "951cfc376b0de1038ad3c005513afc35e44a5d17a128aee78da733a86bd855d1",
                "98bcd568c41ddc9e0b541ea0eac15c44b613a69b61a299556df5081c697cab20",
                "391b20ab1e1eb101406a6de1abddab620f0c0c6d424ad81227c006afa5f5c28c",
                "ef5e277c5ab1d37ca608583de481ddbd12531a57a3d08476114ba76b15a59ac2",
                "30d75542f75345824cc7229d535d3e7492be04b841c2b1612c90c2a12701ba1b"
            ],
            "type": "Document",
            "firstPartyCookies": {},
            "firstPartyCookiesSent": {},
            "exampleSites": [
                "85tube.com",
                "avgle.com",
                "bokepmontok.com",
                "javx.cc",
                "javxsub.com",
                "www.247fap.com",
                "www.orgazmax.com",
                "www.xsemok.com"
            ]
        },
        {
            "rule": "trackwilltrk\\.com\\/s1\\/1c3d665f-a99b-4b9e-a1f0-d2344b1d3854",
            "cookies": 0.0000341,
            "fingerprinting": 0,
            "subdomains": [
                "r"
            ],
            "apis": {},
            "sites": 5,
            "prevalence": 0.0000341,
            "cnames": [],
            "responseHashes": [
                "cf916456d466cb3058681af648101a5646dc3e727abc906b0b82689361f9fae0",
                "fd4dab5b42ffd9877f75ea0b340564b8801fcd0a2612f4ffb50d1670dee6b263",
                "9c06f39f2117b9e8a86eabeaa18313f4609c67ee7c8a45e0f5019ad881dc1190",
                "5e10fb56e2cd00ee932144ce1c071583cb117b7af5a486461c12931fe4b51096"
            ],
            "type": "Document",
            "firstPartyCookies": {},
            "firstPartyCookiesSent": {},
            "exampleSites": [
                "arcjav.com",
                "avgle.com",
                "muchohentai.com",
                "porndude.tv",
                "www.vintagepornfun.com"
            ]
        },
        {
            "rule": "trackwilltrk\\.com\\/s1\\/a07e547b-49b9-41f3-9d4b-f6343c4a8d0b",
            "cookies": 0.0000136,
            "fingerprinting": 0,
            "subdomains": [
                "r"
            ],
            "apis": {},
            "sites": 2,
            "prevalence": 0.0000136,
            "cnames": [],
            "responseHashes": [
                "b33a9d79c21d94c8c7812f47aba0ed8bc0d753d7a76e1bb5669f6de5f2091de5"
            ],
            "type": "Document",
            "firstPartyCookies": {},
            "firstPartyCookiesSent": {},
            "exampleSites": [
                "arcjav.com",
                "www.vintagepornfun.com"
            ]
        },
        {
            "rule": "trackwilltrk\\.com\\/s1\\/728c6a32-3939-4076-ab81-46a7713ae6fb",
            "cookies": 0.0000272,
            "fingerprinting": 0,
            "subdomains": [
                "r"
            ],
            "apis": {},
            "sites": 4,
            "prevalence": 0.0000272,
            "cnames": [],
            "responseHashes": [
                "e393aa1a9d3fb31ae05ca6ad1014d3ec641c6fd12d7f3689d25b217f0ee9b1dd",
                "0dc533c7ca6c5afe0f483caff69c9dde2927f8f3b26ad9865f66b8c1109061aa",
                "0c03a4e809a8bd6e560cd7e86e4975dd2503a3035a619e42cc434b2e7039664a"
            ],
            "type": "Document",
            "firstPartyCookies": {},
            "firstPartyCookiesSent": {},
            "exampleSites": [
                "arcjav.com",
                "javleak.com",
                "pemersatudotfun.com",
                "pemersatufun.site"
            ]
        },
        {
            "rule": "trackwilltrk\\.com\\/s1\\/75c0e507-8b96-41c4-9015-f760805d7d15",
            "cookies": 0.0000204,
            "fingerprinting": 0,
            "subdomains": [
                "r"
            ],
            "apis": {},
            "sites": 3,
            "prevalence": 0.0000204,
            "cnames": [],
            "responseHashes": [
                "6b69f6d2546e42c336dbcb6b5cbc47ba7cff007596c5626ce927ec9aa713d9b2",
                "6ab98d5f938daa828e9a8bb6900c2bb551fcff7f3ef20b0e189bde881e9852e3"
            ],
            "type": "Document",
            "firstPartyCookies": {},
            "firstPartyCookiesSent": {},
            "exampleSites": [
                "avgle.com",
                "porndude.tv",
                "www.vintagepornfun.com"
            ]
        },
        {
            "rule": "trackwilltrk\\.com\\/s1\\/484e831e-6425-4794-880f-43855677928b",
            "cookies": 0.0000136,
            "fingerprinting": 0,
            "subdomains": [
                "r"
            ],
            "apis": {},
            "sites": 2,
            "prevalence": 0.0000136,
            "cnames": [],
            "responseHashes": [
                "97330bb0647fe1fa683c91716030fc1590a503c0f761bb90602a0d99aad04591"
            ],
            "type": "Document",
            "firstPartyCookies": {},
            "firstPartyCookiesSent": {},
            "exampleSites": [
                "avple.tv",
                "en.avple.tv"
            ]
        },
        {
            "rule": "trackwilltrk\\.com\\/s1\\/7df8ce6c-a2f6-4abf-a26a-d1a3f8c86c25",
            "cookies": 0.0000136,
            "fingerprinting": 0,
            "subdomains": [
                "r"
            ],
            "apis": {},
            "sites": 2,
            "prevalence": 0.0000136,
            "cnames": [],
            "responseHashes": [
                "c74daf259e1f6959e8f6bd60a72209ed0b83aad72776982e9a34971194556f9c"
            ],
            "type": "Document",
            "firstPartyCookies": {},
            "firstPartyCookiesSent": {},
            "exampleSites": [
                "spankbang.com",
                "jp.spankbang.com"
            ]
        },
        {
            "rule": "trackwilltrk\\.com\\/s1\\/6fa81972-0158-4526-b360-789bd8f83de6",
            "cookies": 0.0000136,
            "fingerprinting": 0,
            "subdomains": [
                "r"
            ],
            "apis": {},
            "sites": 2,
            "prevalence": 0.0000136,
            "cnames": [],
            "responseHashes": [
                "cc8f71d9603201eac5821924f941b2e99a15f802f0a8d961339359c08960d8ba"
            ],
            "type": "Document",