{
    "domain": "tradingview-widget.com",
    "owner": {},
    "source": [
        "DuckDuckGo-US"
    ],
    "prevalence": 0.000722,
    "sites": 106,
    "subdomains": [
        "www"
    ],
    "cnames": [],
    "fingerprinting": 1,
    "resources": [
        {
            "rule": "tradingview-widget\\.com\\/embed-widget\\/ticker-tape\\/",
            "cookies": 0,
            "fingerprinting": 1,
            "subdomains": [
                "www"
            ],
            "apis": {
                "Document.cookie getter": 7
            },
            "sites": 10,
            "prevalence": 0.0000681,
            "cnames": [],
            "responseHashes": [
                "8f936040e6d8b3170e6dd7aa972b905c7f5879178d70f068663a02910ddfafa5",
                "8e7e95efe66300bb4535900415bffb259cb56981c8689ea837f86aa65437489c",
                "6b83e4777a8cda01e00c0010f017a313282f7c4d8f88565c3b125ed9b84ad527",
                "1e15bb7e2d1cb19b3bf1cbd850fe6709960b1c0f3c87136f7d21b818e66dbfbd",
                "aadefb9b797c7a02494a24df211acafcd36925e636df25fffd08180ef025964c",
                "be8d180b67905281a12b2ead4f95e5cb27fdc57415912473d3960881a01d75de",
                "6303dcf50b47ae1776e9f8ee530cabe3ff6a4a3560aa85f90df483936b392aa0",
                "02c9b65cc7b7e7639b4c28ab36fc4b4b3a5ce7e0600b8e89df81adfed781b0cc"
            ],
            "type": "Document",
            "firstPartyCookies": {},
            "firstPartyCookiesSent": {},
            "exampleSites": [
                "americanfaith.com",
                "beforeitsnews.com",
                "goldprice.com",
                "macdailynews.com",
                "trendsjournal.com",
                "www.aerotime.aero",
                "www.elcolombiano.com",
                "www.ibtimes.co.uk",
                "www.investopedia.com",
                "www.pymnts.com"
            ]
        },
        {
            "rule": "tradingview-widget\\.com\\/sheriff\\/api\\/v1\\/rules\\/search",
            "cookies": 0,
            "fingerprinting": 0,
            "subdomains": [
                "www"
            ],
            "apis": {},
            "sites": 95,
            "prevalence": 0.000647,
            "cnames": [],
            "responseHashes": [
                "e1059a397e40424c0bf21c55b9db9a89f7cd1dffca2f4d7caa3d9c9cdc0380b9"
            ],
            "type": "Fetch",
            "firstPartyCookies": {},
            "firstPartyCookiesSent": {
                "lotame_domain_check": 0.0004904665563116915,
                "_li_dcdm_c": 0.000006812035504329049
            },
            "exampleSites": [
                "www.investopedia.com",
                "www.realclearmarkets.com",
                "www.presspubs.com",
                "www.mmnews.de",
                "americanfaith.com",
                "www.mtairynews.com",
                "www.soldionline.it",
                "goldpricez.com",
                "www.davisenterprise.com",
                "thecannabiswatcher.com",
                "www.fltimes.com",
                "www.elcolombiano.com",
                "www.elconfidencial.com",
                "www.williamsonherald.com",
                "www.times-herald.com",
                "www.messenger-inquirer.com",
                "www.wyomingnews.com",
                "www.laconiadailysun.com",
                "ussanews.com",
                "www.guampdn.com"
            ]
        },
        {
            "rule": "tradingview-widget\\.com\\/embed-widget\\/market-overview\\/",
            "cookies": 0,
            "fingerprinting": 1,
            "subdomains": [
                "www"
            ],
            "apis": {
                "Document.cookie getter": 50
            },
            "sites": 73,
            "prevalence": 0.000497,
            "cnames": [],
            "responseHashes": [
                "fde687e88a8623773b039dafe74e58d8ae4171f114f571a5e1f6de86449d46b6",
                "f319dcfab18d5a5086902b2aca1ff54e4dd89196c36b4c3e4cb656d0278c1c9f",
                "a6647f39e43d3a5d10d6e1433b8cc6615f7b716912c187c8c1cfc27bbdce7769",
                "3c2e3e5b5b92458b28f0270e2688c2676f5dbdcf410dd6ee7bf1dd6fb05565f4",
                "c5ba59cf4334004572694309c49aed95716f284cdcb47aac4b404ebbda53bba4",
                "45e715cc97f5755f6e1c1127bb3ecd500463a33a0df2b3c5f7bc702b14a5cd9c",
                "be0aaee4fe8b34326793a2c4988831660e24decff3cc9ff63006485e4e1a4ed7",
                "7f2a61a8db5a821df3fae2bedeedbee05473c30100fbe8a5a73f2eea35a02987",
                "ea7004820d44142cac354c7ed718dd29d1ca0bef280bd58bdf53e0cfcc4923c7",
                "434061579da6ffff6e873d43f4c8e441a5f607be983883de07ae218f0130a82e",
                "2fc6dc697c80299c94c52e461db77ed1696a6e71b98827ff6082d04643a77c35",
                "44ce2bc3a7f187b8ecc6784338000d3b153abd40133037682b946c18e025f193",
                "a8f0ab18c0b3be826370b03453399cda65b1f0cee4e3337aa5aebe8ee0705106",
                "afdfee85b269458051ae49b39f0d0b9de35b9c4238a49ab63ad5e09a0539420f",
                "7d4987f348beae625de984185f85dc89ce2eb554982aec2928c7031cc86bbf1e",
                "742bddbdcf1505682a8a521bbedb4b07be2cb0f699a0c37ecfebbe8755758965",
                "61644e42cbfa3a588d5fa97ab913695262a732507cbf51588ce60447427e2b1a",
                "6a77956a69e5f393959fe27db45e4d32c6868142420a5f7a4d0dd5227576ff42",
                "2f57e30f35543cc4b327b3c5dc41d308d1e450bc93b715b7bf2caac16cedfe93",
                "fa66860ac35654fd47270884a350e0819a6f15b7dad9293132de9fb45baafd52",
                "fa631b84ddb793f35482b0ee14211a210af264b009b0085a3f629cfdf6bd0b62",
                "fdabf93e5024e76aefb690ae1288bfeb0de22440758e3b81d44ac38916a91ed2",
                "eaa5e0244bd74e8921d3d4b1e245c2bd2765a168998d0990b2277569688511cb",
                "2e3d6971d52e0e7f8c46ef126067acb2ac28b49aafdb249b3a6aeb1b7123918b",
                "c022b15049751a49b1b65de509cb41ac6de35257f4dfa3eb8e952d6868b5e4dd",
                "ac90df0ee72773c26f2e95cfdffaff8a38360865052d27301d03f92a387a9458",
                "78b4558d73ffb17284e1039e4ea222bcaf3fb0d78272b9977c52efbfa627169d",
                "e1c182e8d02aa523ebee1e0035e1f50420ade943ce495bf4dc5f98dea2b5ba34",
                "706b3360073f52ff982679e3c593438d4b6cd602cfae56f2fa9652ab6ee4502d",
                "8583703ebc289a82fc0517bb88f2d552c5f37c94e5f57e32a2e057af27926a24",
                "508ca73be1e6a88cdfecf81b271328c9ef00c1f6403e08a435d64af13c797703",
                "09c525d139b1f86f3d7da9f8778ebbc0a014538be0da543b753fc42b8d7fb334",
                "940faedc942596660fb6b606e9b716e5f42fba6a34ed2a797aaed2bf00d510c2",
                "9ac6cd15a0a63b5bb05de24983b0a23e3ffb7d100761fc0be60d53e0c075da42",
                "57f27582d985f19dce9f990e39b4582bb5188d4b013270613e1c7edb25293aff",
                "5f5cd50b11ff18b6ca740d5b212a0eab7f957eedcedb3c2ee9f4424a05e1ab4b",
                "e479b6ea98448d804597145aeecafc1a4c408aa2ba2dec0d640b9133ceb5f000",
                "1bc717f26a075cc6904cc6b4cb4a3adafc5a349b438406f1c6dcb8b67b7c83bd",
                "22eaeda4d56e972f231bf166f2697e3e80ab9d970dfbd1b5a4307d94c889976d",
                "102cec08244859f76fd55f820ec879a3cbd629711c1f64b1505ffc03121fdbe9",
                "fc5f972212b78a87647348092db4b5b92260540d34b0fdb2df3d5b2b8a91142f",
                "ab592fd54b0fa248440350df3d373284f5cb3292942e5d675baf228ae6120c0a",
                "18472ba18f258f3a331666898ec7ec6db4250bacf97d6749fc4ac3fcca1552db",
                "b5525fb1f8cbd25af39b2394ee3db8f0c3a5fa13ae1463062ded37f3b7bbcc7a",
                "f38c49e99dbe522b36ba0127dd28ebd99da13318871daf99e2d32d501467b4c8",
                "2842a578d79529b33dbaca3ade45342968a54fda9e981653bbccc3f9e830602e",
                "ce5a7afd4eff3712ce023d44a8661c0105be7fc2811779863f8348e793359959",
                "4f52e74deabe4411a190093bdc38f2456e9a484de0c981286ddeb4b8095b54b9",
                "d44dc876d72473db85b12fa4470e977e4a50799f1ba78698bd10e3333099a474",
