{
    "domain": "trmads.eu",
    "owner": {},
    "source": [
        "DuckDuckGo-US"
    ],
    "prevalence": 0.0000954,
    "sites": 14,
    "subdomains": [],
    "cnames": [],
    "fingerprinting": 0,
    "resources": [
        {
            "rule": "trmads\\.eu\\/get",
            "cookies": 0,
            "fingerprinting": 0,
            "subdomains": [],
            "apis": {},
            "sites": 15,
            "prevalence": 0.000102,
            "cnames": [],
            "responseHashes": [
                "fca11a4848ab8b6e58d7032206824d50f5e4c643f78d132b57cbda7a3b8787b8",
                "39e2b338166a2ed9a736f2679999df53ef217f62c6b6daa52bf633899bc4b4fe",
                "47b18ff1b5bb2e7d3bab901a44103a07c061a05f7a8f044ee4c8c69ff782c542",
                "1d88df0945c758a4d6261d1849372ffb31e327d617ad43b9fed766c89391e154",
                "f78315f473539b55f777054ccf62f9837fc2d52359b58f6627cc9cf9de000643"
            ],
            "type": "Script",
            "firstPartyCookies": {},
            "firstPartyCookiesSent": {},
            "exampleSites": [
                "aachener-zeitung.de",
                "www.aachener-zeitung.de",
                "www.abendzeitung-muenchen.de",
                "www.badische-zeitung.de",
                "www.berliner-kurier.de",
                "www.esslinger-zeitung.de",
                "www.lr-online.de",
                "www.moz.de",
                "www.nordkurier.de",
                "www.pz-news.de",
                "www.rockhard.de",
                "www.stuttgarter-nachrichten.de",
                "www.stuttgarter-zeitung.de",
                "www.suedostschweiz.ch",
                "www.swp.de"
            ]
        },
        {
            "rule": "trmads\\.eu\\/get",
            "cookies": 0,
            "fingerprinting": 0,
            "subdomains": [],
            "apis": {},
            "sites": 14,
            "prevalence": 0.0000954,
            "cnames": [],
            "responseHashes": [
                "04ee63b39aedac42ad4f21590c0ebbecad36a4df538bcf547f56bf8e53fb3a5a",
                "f190cfa9f42446853837a01636e128b4999b4a9a8443775bbc6c1b287ff6c58e",
                "917f3bd274fe29f87d0b59cc3d7700a6d670d3f5d455fe717a849a49955159e1",
                "0f2aa8da201b009d5655d3deca67b88df4d882a8df313ef15cfa4483d255d583"
            ],
            "type": "Stylesheet",
            "firstPartyCookies": {},
            "firstPartyCookiesSent": {},
            "exampleSites": [
                "aachener-zeitung.de",
                "www.abendzeitung-muenchen.de",
                "www.badische-zeitung.de",
                "www.berliner-kurier.de",
                "www.esslinger-zeitung.de",
                "www.lr-online.de",
                "www.moz.de",
                "www.nordkurier.de",
                "www.pz-news.de",
                "www.rockhard.de",
                "www.stuttgarter-nachrichten.de",
                "www.stuttgarter-zeitung.de",
                "www.suedostschweiz.ch",
                "www.swp.de"
            ]
        }
    ],
    "categories": [],
    "performance": {},
    "cookies": 0,
    "topInitiators": [
        {
            "domain": "first party",
            "prevalence": 0.6666666666666666
        },
        {
            "domain": "googletagmanager.com",
            "prevalence": 0.2857142857142857
        },
        {
            "domain": "usercentrics.eu",
            "prevalence": 0.047619047619047616
        }
    ],
    "types": {
        "Script": 15,
        "Stylesheet": 14
    },
    "nameservers": [
        "merlin.ns.cloudflare.com",
        "daisy.ns.cloudflare.com"
    ]
}