{
    "domain": "tubemov.com",
    "owner": {},
    "source": [
        "DuckDuckGo-US"
    ],
    "prevalence": 0.000109,
    "sites": 16,
    "subdomains": [],
    "cnames": [],
    "fingerprinting": 0,
    "resources": [
        {
            "rule": "tubemov\\.com\\/zone\\/20368\\/",
            "cookies": 0,
            "fingerprinting": 0,
            "subdomains": [],
            "apis": {},
            "sites": 12,
            "prevalence": 0.0000817,
            "cnames": [],
            "responseHashes": [
                "9b5ea6bb93013b21a6e709bae0de7c8bb0cdc852a2ebb356067a1795b2c6b6db",
                "6836370a3b17a8cbf35b09dd3884fb5bafe113bbd1d6a9f54c2bf00445113e5f",
                "4b209ba7be92926ab977d66738de6ca1b7c9b8dbf4fa97361b100205ee12a471",
                "db0eee6ee30692053a98f57d62733e0f3f3fbe1bfecf93ead69741301068a397",
                "5116c3b7efb3b6250f8d57ed69738da269d5eb9039bd0c1f6f1054834872c46d",
                "a4239039adbceb8dd3e9db3aa1a2505544ff3c78b518bcdfa151802d6e60d95a",
                "25ac3698144160810e53d60f1f9739a0dbeeb84b6a4afc0847f1b5aa9b99793a",
                "5d8e297f192b11a6725179cd340bea1de41f3f53e861dc1d4db5be29939c4dbb",
                "bbd831251726a92ae56b96a0e2a0884a9ece6b12978f33475aab8185f31b4d02",
                "7601547dbeb53808cc3ea3f6938d6c2f94e01547aa52a5dab1a0a36ee0fd582e",
                "df097aa223a0d49307124e4dd38dfc5061bff1c452af7fd83c566bbce19c1d9c"
            ],
            "type": "Document",
            "firstPartyCookies": {},
            "firstPartyCookiesSent": {},
            "exampleSites": [
                "spankbang.com",
                "de.spankbang.com",
                "es.spankbang.com",
                "jp.spankbang.com",
                "la.spankbang.com",
                "ms.spankbang.com",
                "pl.spankbang.com",
                "spankbang.party",
                "spankbang.porn",
                "static.spankbang.com",
                "th.spankbang.com",
                "www.spankbang.porn"
            ]
        },
        {
            "rule": "tubemov\\.com\\/zone\\/26334\\/",
            "cookies": 0,
            "fingerprinting": 0,
            "subdomains": [],
            "apis": {},
            "sites": 2,
            "prevalence": 0.0000136,
            "cnames": [],
            "responseHashes": [
                "a64c31115e4fa78fbacf53c1e0e3e3db246e6fe11e8da2021df9bf8141c2928e"
            ],
            "type": "Document",
            "firstPartyCookies": {},
            "firstPartyCookiesSent": {},
            "exampleSites": [
                "keekass.com",
                "www.keekass.com"
            ]
        }
    ],
    "categories": [],
    "performance": {},
    "cookies": 0,
    "topInitiators": [
        {
            "domain": "ptgncdn.com",
            "prevalence": 0.8823529411764706
        },
        {
            "domain": "first party",
            "prevalence": 0.11764705882352941
        }
    ],
    "types": {
        "Document": 14
    },
    "nameservers": [
        "etta.ns.cloudflare.com",
        "vick.ns.cloudflare.com"
    ]
}