{
    "domain": "tubecup.net",
    "owner": {},
    "source": [
        "DuckDuckGo-US"
    ],
    "prevalence": 0.00212,
    "sites": 311,
    "subdomains": [
        "notification"
    ],
    "cnames": [],
    "fingerprinting": 0,
    "resources": [
        {
            "rule": "tubecup\\.net\\/tags",
            "cookies": 0,
            "fingerprinting": 0,
            "subdomains": [
                "notification"
            ],
            "apis": {},
            "sites": 192,
            "prevalence": 0.00131,
            "cnames": [],
            "responseHashes": [
                "0ad7b297f881ac6bc42cd66630999d1f0c959ec1683c7bd82b3a7925f2c6d25f",
                "ecd931d1cc43ae154bd00a71b316cd54259eb53326e97363c740d10c4c685581",
                "fdb51b824482f670c0005bad8df2a71706e3f0d6159aca7940817714c2ca9252",
                "85c57bb73b92a7dd50d29721d8661f1444693ebceb7f8d62ab4797e0c8051e6b",
                "ba349f91f7d5b025e56bfa988f92dd152313a225d41e7b66f5503a1de24df7f3",
                "b8493ae85582ae8ebb5bc9e3695cd85f9b352355c2013ad62224881303a8c31f",
                "cedc803b4efa747af510c761107628eaf2f9c829021c7d7891d14919a4128420",
                "383cd12de30e1fb20a50591729a73d3a3980555a7c91212e3bd233bb8671cb04",
                "599461af5cb0c1a8df1e8edc457d65214fd2e32e29fb382bf92c01ea0a852fe0",
                "3a507b79302e17b091a44331b3ba5f9d95f4e37991254e3dc9bc006a11f18235",
                "014c05c650bdc9c4db77f7e27e7f1883d97358828f57cdd409749d82f3cc692d",
                "a09c42ea0840ec57db88bec83e9f68ec058d197437b52e3944d26d1234bfead8",
                "91e738005bae79d410e6bbd7b61022776c43685234cdb3d5eceb24d34a00439f",
                "75aeac2edc50e09121fb709f509941e01cb1f6e9c038cd9aeeadfe1ff21dc4d4",
                "cb885d0b74d476dfc2474eedcaae4ac5ef6c929cb7ef64447cf6d2bfbf3de26c",
                "e239043cd2eadf8bef64d848f6d9e22d5862d459c9685de7881aface4f770a78",
                "3cf2becf0d52d6c72bb7870f2f240daa47762d0705def301efff51be6569a6e0",
                "f549524793fe7b5950bd479f24894e4a833c9dd80005cd06b8b147814b184117",
                "30e9e695e213b72ab0662306e1f1a3ffaeff9cb8c2f1fc53241aa243c0a10609",
                "3c3e963b6ed179e06b2fcb2779e63df8a86b46778ded043c9038e39cfd74cb7e",
                "d7c1a7c2f72b23755c92db2bbc686345ec485c57cbfc8c7da01fee2218352400",
                "6d38c264dcf15658d5cfc6c5ad75e0f583338e28dabc6eeb2695b99295fd637b",
                "1f3df5761d3e53936779819d857b7768c5ed4f6bd1ff00031ea1c82438318a31",
                "3570de6b6b4e1d704b8bba3957a195d5c8d448a249143ffae63d59280ad7ac15",
                "6ac1be7f65732ae574c8fd78ad2470071222d9060b77f4109887735a1420e7a4",
                "03b752d116af52db09846a4d7fbc1b0495be19d7ab072dbd26a04af4237f0d1d",
                "7ecf772aefadb287af224e222c160bdd083e57f2a060570e1dfff4d739dc9437",
                "22a678e85e23dc7a389e2283ba90aa22daaab83a00b01f58e6631762ab685d01",
                "8f58023455d8d065ab6b8d71477ee835d788dbda7a228e55f2aba6b7e181fe00",
                "3fafbad75139224563bcb0f531b73963e7b76a24dcdffa6e193add73bf569370",
                "1e58e3535e62988beb04fcbf9bf1c2f7b5d6877ced9284d1642a589ed79a2cce",
                "7049063485cea7703306cb47c7b791bf21d10ac69bdfb11af6acc2506ff9bff4",
                "b5e06fc4ef187d6f87008315880c341491c989fbaa3a573a612103e2c6b846c8",
                "b4fc7e2ca35632f7610319e5254bf98f9ec26fc43417112b3e4b76c17b43d07c",
                "4099b6d30e037fd42ab11a295118105915f852954fe88348d1e444829db4bd1c",
                "30b64d86413b690cb237de55db7755825a213dedda84e8a394ccb076a9c9b27f",
                "2fc39274574d385eee5000628bbfdc8a3414e07145719c9e9a3f5b54aecf6316",
                "ab9c27b0b9c59326bbb5ed9604e5fb87b25382af053dd63ccf2c842efce5526a",
                "f077dd9fce3b36359b7787811856d6e4aed784da3d6d5415fed17e1c00ea3192",
                "a551c2c1c43cb134e379bde467f5a23afcc35d9acabed367c32a2f16599f871a",
                "feb959f1741f752cd968edf038b58b4d69b5ce245b17826b9b93c5b98b87d849",
                "aa60de07065da2194175007b5a2733c2e03cd1f310f59343fb88e6e9909c8ecf",
                "8c7eab54731af023d343f7556ceea45cfe35f98f441eb7e3596763d4586be3e5",
                "088d21908ed20770e96bef185b2336ca1ebda46441800f0d207649da11ac2b8b",
                "aaa629d7aa9f3fe3f3d8cb173fa6bd958050744594fecef68ab379981d497b49",
                "8617a018c19da958949b90c4af1c4d38913cfaf6e0019fba048cf9aa2c907238",
                "1c18b656d0b8fae0766854feb20f2fbf555c9a4a1eff16726fce3471eac34255",
                "4d7f54d6d1bbe8a16fa3e53fa8272c7dcb4cef8fc9a22edb695f84bdb22176ab",
                "d6041a0388be4d60599d92e59f16ea44466be17cb93eacb069b6765b3d42ec69",
                "f96ea530d56103efb554e318b677142b416537ad5813b50934a9adce4db0e734",
                "9c2927358c65f4cff2c0765939083bf18efad50afdcc7c7509386b26ff642ae5",
                "b0aa5f1c0f618f8cb60003ae0ba5e2e3bcc943c0eece9791255752cfaabfe912",
                "da0135d4cb6ebd80a83a6f51bbd647bad56850d840fc312171d2071583d5ef57",
                "66ac494e7900556da11dd4b62e608f86b8d5fb9f9697e1beccf97236c5cac002",
                "9bea415b0ec8029c9e1c7e202d0433792384b8843a66c4a3b995f370ac938621",
                "a4fc0e55d00c3aba000ce8b7b5c71be51f6ea7228546d5fc5bc0fe115f114f73",
                "4ce7984b4b9c10b1f6b57d0172848daf31c9fc798243cdbe44320622a57ef200",
                "36b13b56bdfac4b76ab8a66b6cf601f06c9a2e8c24fa18a12df6ef864486b2d6",
                "34b56176e83761392d0637b8af136147e7090362c4f5bdea74d21b3fb6f737c9",
                "56381bf987158e7bfb8802d57a98416b27a00c6c3cfda2b6a5fa13ce8c99f157",
                "b91984b242eb2eb8c85ddd8dae45c6eb325de23736b2af0e5ed48a18b92891f9",
                "e12a40c4bc624815ea2e24eae7205364333f67ca0532bbf6e213a362300fcd56",
                "44ac5210c42c60f3b2e46228f94c80a7e4f20fc73ce567c18d1238f3de6ee870",
                "01f381c85ed1b349f02a3fb54e5f06db6a91b9f21bcb70f9903ad618b4abb033",
                "51fa41d4cf148cf9e54348c31420171eb7af94ab624ce23a15686751ca2107c3",
                "055f05f483cc0f9ee21d9fa1127f5fc4461438b9d722eead79da0682ff28b707",
                "9664d38509cc74fb7c14cc5121d4e2a9c857b654de9b386afbae3aab45ad74aa",
                "e3b0c44298fc1c149afbf4c8996fb92427ae41e4649b934ca495991b7852b855",
                "820bb6ce94bbadc62edc84186247647c2472a614c1ab05afd35ce18594d9ac1b",
                "145979ebe0aba7e047acd29709fd2cd7bf97ea169ec6ad8141185a940d6db7ba",
                "3662a03b58a1ef26303c3735f45bd0e25cfbacb21414ac6e38836bfd85fccd76",
                "a338fceb5aae45e2fac6787ef34d8c64acb2e9360411c764e2539c389a73b92c",
                "cfab9144b1093ce72852785441d977d2b8dbb32859bf16e533cc4ffa08144c8a",
                "68ec5fe13303704f4699261082cf952d8854b39db59e8cc3be7c6a3980bd1316",
                "aa3a8f09349221769e73a1cfb2ff4085de8fd662b6b26de136cfcb8fa917161e",
                "9b9a8745e708c2accb31b3fabfbf0cdb7580beb75538f20caec7009a7eba8183",
                "edc170f2c89bf9e0f02d8022fd976553dda9a6ecc2b60fd178412105c61cf46a",
                "cce20bce28dbe65e15b9171c766b3079c87ca95d062ae14fbe693ea26d567c83",
                "c29d47595e5bb2bfac30ae0ff4280cb01563f1e9044323f15f44dcd73a2ad737",
                "845079a60150cb20abb45566543084a1efa6eb86b003477d1bb819af91bd7269",
                "1829c750650e2400f5dd6a795ea2ae272c40684488161c3f6f7a3f8deea9a2b7",
                "1bcf06277c7364a11d85f10b8ef7df9e1f516022fc732b7e3ea8e6365d745a20",
                "2cfe1230c4efa504cbf155adf9744b67389c44e33b8d72a2e0f3041644183c2c",
                "519c816872b442fc89460043b447f9f65cbe6f26c5d761e26e0870ead100f0b0",
                "3ff9759572bc3e4d8276078d6e521d1f3e46c65ffeb2c63d1f1032c0a9044a31",
                "ee3ba164740ce103fe5eccb3b655dcdb1bef645f18b449c067703471993a694d",
                "3eabc97ac97833e004b99e6ace904d5af267c97ddfe3788b34d0514fc6659520",
                "385486965de2e2f3c12533587767377a36b0371babcc6f9776760150503d2321",
