{
    "domain": "twinrdsyte.com",
    "owner": {},
    "source": [
        "DuckDuckGo-US"
    ],
    "prevalence": 0.000313,
    "sites": 46,
    "subdomains": [
        "cdn"
    ],
    "cnames": [],
    "fingerprinting": 2,
    "resources": [
        {
            "rule": "twinrdsyte\\.com\\/preroll\\.engine",
            "cookies": 0.0000749,
            "fingerprinting": 0,
            "subdomains": [],
            "apis": {},
            "sites": 11,
            "prevalence": 0.0000749,
            "cnames": [],
            "responseHashes": [
                "9e7cfd7fa9fabdd09d1f97f8a36e697a95e629e44b4315ae23d2b0548bd44030",
                "7991f645ff9c05591562d11f3967796387aa6306209b6d004e81e77f62a6425a",
                "47ef38ae8ad2d638e238730aaff45a2111434709dde01be4cd2c0539edea5b16",
                "68a51a40aa5838a6f2f948fa82e8b5f205f2d6e0d77802de9b94e109e0ce0b55",
                "7556048d08c0b93fd3901107e5c68ace2c6a423429bcbe160c33e6db287d6689",
                "db41d97852d8cb61035a8deececa1514fbadf1d97e11fad47bb7895ebb95c2e6",
                "fd9d04b2c6cc8dbb215286d47b52d1d13b93d6840ec77402e567d531427f8f2c",
                "6cf7e2591e09c980d527d57ad118766c1635af7bc26e0749ad8b4147fc452b7c",
                "6dfbd6ae047110b0c49076ea9a96691ce6a59b0dec8eb74463c31ef9314af714",
                "71dc33b7b72f58ca15ffe78cacb534736e86c913cf0a18a05ccbf37c6500af5f"
            ],
            "type": "Fetch",
            "firstPartyCookies": {},
            "firstPartyCookiesSent": {},
            "exampleSites": [
                "blackporn.tube",
                "bokepsin.com",
                "bokepsin.tube",
                "bokepsin.website",
                "chaturflix.cam",
                "putaxvideos.com",
                "scatkings.com",
                "scatnetwork.com",
                "www.luscious.net",
                "www.masalafun.com"
            ]
        },
        {
            "rule": "twinrdsyte\\.com\\/beh\\.engine",
            "cookies": 0.0000341,
            "fingerprinting": 0,
            "subdomains": [],
            "apis": {},
            "sites": 5,
            "prevalence": 0.0000341,
            "cnames": [],
            "responseHashes": [
                "e3b0c44298fc1c149afbf4c8996fb92427ae41e4649b934ca495991b7852b855"
            ],
            "type": "Script",
            "firstPartyCookies": {},
            "firstPartyCookiesSent": {},
            "exampleSites": [
                "adultgamescollector.com",
                "adultgamesworld.com",
                "attachments.f95zone.to",
                "f95zone.to",
                "lewdzone.com"
            ]
        },
        {
            "rule": "twinrdsyte\\.com\\/Scripts\\/infinity\\.js\\.aspx",
            "cookies": 0.00000681,
            "fingerprinting": 2,
            "subdomains": [
                "cdn"
            ],
            "apis": {
                "Navigator.prototype.userAgent": 8,
                "Navigator.prototype.platform": 8,
                "window.localStorage": 8,
                "Date.prototype.getTimezoneOffset": 8,
                "Navigator.prototype.mimeTypes": 8,
                "window.innerWidth": 8,
                "window.innerHeight": 8,
                "Screen.prototype.width": 8,
                "Screen.prototype.height": 8,
                "window.sessionStorage": 2,
                "Document.cookie getter": 2,
                "Document.cookie setter": 1,
                "window.screenLeft": 1,
                "window.screenTop": 1
            },
            "sites": 8,
            "prevalence": 0.0000545,
            "cnames": [],
            "responseHashes": [
                "b0575d12756a0aaa595daf8213c0c86819e7815859232cf2b167936c36d31db9",
                "e54c83abf801106d0354960ae01cf05a6503670ebe7e0a81b9522f9952bb5c20",
                "d62673371e176eefcb218848eb70b65c93cd42115cb0c871a8793d2236f51031",
                "9e3bfbd210bbbd81c4c1958bc5c9a43284516bb0585e873784299e779af32bb5",
                "8e9f5cc19c2039ef6d39ec029a0b908523e4eb0d529efd194c9b88645304a70a",
                "e1d3266735c3fec425c2cd5e1c2f2538de381f740406a7980c30617961f39129",
                "474a520c641e2edda72e84ef7ae8c0f8bf5bcb0971096b2f255dc55bcfaffd2c"
            ],
            "type": "Script",
            "firstPartyCookies": {
                "g36FastPopSessionRequestNumber": {
                    "ttl": null,
                    "length": 1,
                    "prevalence": 0.000006812035504329049,
                    "uniqueness": 1
                }
            },
            "firstPartyCookiesSent": {},
            "exampleSites": [
                "bondagevalley.cc",
                "fr.sex.com",
                "vintage-erotica-forum.com",
                "www.boobieblog.com",
                "www.nudecelebforum.com",
                "www.planetsuzy.org",
                "www.sex.com",
                "www.thenipslip.com"
            ]
        },
        {
            "rule": "twinrdsyte\\.com\\/Tag\\.engine",
            "cookies": 0.0000545,
            "fingerprinting": 0,
            "subdomains": [],
            "apis": {},
            "sites": 8,
            "prevalence": 0.0000545,
            "cnames": [],
            "responseHashes": [
                "fb3e53461b6d8407cc02f508fa57477fe1a07663fdb7d7fc227cf6b0ffe041f6",
                "bdfebf1f3105807520a13c48764fbf27fb4e4866b1f229baad1912494bd48ccd",
                "e2d4405b512a7db65959fb7a1593999c569872fbc9674da287b82cb4fd41e423",
                "e03c10363ba98d8a8612734ed88b198d60843fbfd599a22647b093ebf9669bb9",
                "1a736905519fc5d70609bb3c076e2cc15c38232c1431c0aa83ec87e63242b5cc",
                "60c4cb89bc239f4719d9ec0afcdec687ed92bdb0ce589661976d5fac2aa4149d",
                "67a57d9ca1a5726fc6ecb21cef87d7bb013390da408b12c5a462cd924f195c48"
            ],
            "type": "Script",
            "firstPartyCookies": {},
            "firstPartyCookiesSent": {},
            "exampleSites": [
                "bondagevalley.cc",
                "fr.sex.com",
                "vintage-erotica-forum.com",
                "www.boobieblog.com",
                "www.nudecelebforum.com",
                "www.planetsuzy.org",
                "www.sex.com",
                "www.thenipslip.com"
            ]
        },
        {
            "rule": "twinrdsyte\\.com\\/Scripts\\/MediaScripts\\/b\\.js",
            "cookies": 0,
            "fingerprinting": 1,
            "subdomains": [
                "cdn"
            ],
            "apis": {
                "Navigator.prototype.userAgent": 2,
                "Date.prototype.getTime": 2
            },
            "sites": 2,
            "prevalence": 0.0000136,
            "cnames": [],
            "responseHashes": [
                "a801a356ee6f672d2c95c2a82786ba106ffde01ef1e4b39f1d934e67111a80d0"
            ],
            "type": "Script",
            "firstPartyCookies": {},
            "firstPartyCookiesSent": {},
            "exampleSites": [
                "bondagevalley.cc",
                "www.thenipslip.com"
            ]
        },
        {
            "rule": "twinrdsyte\\.com\\/Scripts\\/MediaScripts\\/i\\.js",
            "cookies": 0,
            "fingerprinting": 1,
            "subdomains": [
                "cdn"
            ],
            "apis": {
                "Event.prototype.timeStamp": 3,
                "Element.prototype.getClientRects": 3
            },
            "sites": 3,
            "prevalence": 0.0000204,
            "cnames": [],
            "responseHashes": [
                "072ea7e171a2e87c525e3562775197a51ed3a279cbeccf6e5b1d243b3987d970"
            ],
            "type": "Script",
            "firstPartyCookies": {},
            "firstPartyCookiesSent": {},