{
    "domain": "ui-avatars.com",
    "owner": {},
    "source": [
        "DuckDuckGo-US"
    ],
    "prevalence": 0.000266,
    "sites": 39,
    "subdomains": [
        "eu"
    ],
    "cnames": [],
    "fingerprinting": 0,
    "resources": [
        {
            "rule": "ui-avatars\\.com\\/api\\/",
            "cookies": 0,
            "fingerprinting": 0,
            "subdomains": [
                "eu"
            ],
            "apis": {},
            "sites": 38,
            "prevalence": 0.000259,
            "cnames": [],
            "responseHashes": [
                "57ec8477577983c90533e37a6ea9e9944f7fdfccf08966bf589197f2ba92dc41",
                "c4a4030ae1bc8b70c3c12c3bdc6ae09a997d17ad7132ad75f35cb93ee9f21e5e",
                "5542f93659bc5c0adbf1b7f1ce12a6a27810cd32200a21f78a04166c2c4a2e06",
                "00cda8f74a8841c75c98a939fc48e98af14c3b1f6a19cc7cf032ad05dffd334d",
                "bef13427ee45a86184622581484cb187414554b545097b6619ee957b3365e17c",
                "ba09c4b2bdd79e7697ef8a6722c3d9e808e59ef81fa4db6510f95415f4c6a040",
                "b2349b37d46ccee1b79cbc42bd37d6db9616754fb86487c8814ff3ad71fcc785",
                "75c7de362110cafe5490204bc744bf1fe9b3652139ab7ae5b1a99b63becf571b",
                "91cb36f8cc7636254cf4f172e5fcdc3ef5225154f674262cc9444aff159d066a",
                "b296348ddcfbe837086be0d5dc52f605507a29458a921d12d85e7b00d9415c83",
                "acd9c5f461362ef2872b88e256432f24a05f3859bd7b37d55c51e8a8094a1f01",
                "4189f1423225d5490d58a0837eb5c560e2fd7bc3171df5a97c01a703d7bf1594",
                "1fe009b5def64fdecb46f12900b4a0d301bdda3706d686908fabb888b036125e",
                "38296cc660862057a22a31f2faa4de262728d749d30d4b74aea5f9c6d540ec82",
                "281c2ca6b8c425fd21b893751928415284e713ac6045b9b844a48776949b399d",
                "a122776b04e66975ca8f10aae02fc9d4a567d8fd2f4c465ecb76a9dcf25f09cf",
                "69255e78a05716eaee060fdaf865a037fd94f80e02b0578dd4a547ba81eeeb73",
                "98d8e34acc0a048ba963dbee71ee8c929c75ece6fd83c86e4497d28316ac7bbf",
                "00d291cb54ce8426dfd8fed266be16bd23da4c7cb795191a1e23d436f6c1691c",
                "a9b750de463f2eaa287edc915b466415429d10c8c7725450a95abc77b760d058",
                "e7a3dee169e65236a7d187e2b5a8b38f527e0c4c5ea7cc6436c07995002640ac",
                "99050be0ce303057324b39c55939e97b71348f0cb83fd1760dde4611195e36ba",
                "5d95e553e9ffac574e90b3dc5a7ffc715ea1b3962d4698ea454dd5873b22f7a3",
                "5d951ebc77aeef7c6ce048cf1e5688fd4a55e3284b94e53d06ee081382c0129f",
                "ba94d9a303b96f1b90edd7b14859d893ced829a640cf241b1d07d5cc0cf3cb21",
                "f46653a536d1c3530d5acacb95f7c3c874a36597666200585b6f90ac6c7f56e6",
                "e3c5dbcd6a7957809f259636ae8ebe991d873ba5be3d53e8cb1818007a60c84c",
                "11460332aa8d33d752c3ad99e298cf8a50f3b76115596d9737e78f75ecec4a85",
                "4c775c7be031ba1d7a7ca9dd66b672aa3ed5b3e31fa578926c4216790fc8a392",
                "146012d99308b2c2e23c4295ec356b84f5f83a8e76c3a2abbe1419614df35a26",
                "ab5fc6e03e1d22b232fe13240b34e44e0030eecd8d212b1e7420411f30f9312d",
                "b4071958ff766121c2add472d99908002bda1c2319aa2008244c16b9d9a580ba",
                "1150d05a76b2082a8bf098a30ea7a6bd33c7f421dceaaf206a09df703015b310",
                "e3dd566dc89ee6869710389a34f5d632dc8bb6f670be3921941cad9479fc57bb",
                "49ea27bc6d1edffd8efa27475a7eff9d8d136b75c9e48a210b42f91f4e0b6f01",
                "1bd8e37bdb50144cbd94b96620355373fffcbe61b61adf028c906bcca9be1405"
            ],
            "type": "Image",
            "firstPartyCookies": {},
            "firstPartyCookiesSent": {},
            "exampleSites": [
                "thehometheaterdiy.com",
                "www.senior65.com",
                "www.ilsoftware.it",
                "www.readm.org",
                "thegardeningcook.com",
                "www.gurufocus.com",
                "www.iqair.com",
                "wine.idaho.gov",
                "pastes.io",
                "diycandy.com",
                "tixel.com",
                "rockabilia.com",
                "famouspeopletoday.com",
                "modpodgerocksblog.com",
                "www.tomshw.it",
                "archivebate.com",
                "www.thewickednoodle.com",
                "hcpl.net",
                "www.ohiotropics.com",
                "pawleaks.com"
            ]
        }
    ],
    "categories": [],
    "performance": {},
    "cookies": 0,
    "topInitiators": [
        {
            "domain": "first party",
            "prevalence": 0.8353909465020576
        },
        {
            "domain": "taggbox.com",
            "prevalence": 0.05761316872427984
        },
        {
            "domain": "tagembed.com",
            "prevalence": 0.053497942386831275
        },
        {
            "domain": "thereviewsplace.com",
            "prevalence": 0.0411522633744856
        },
        {
            "domain": "tix.fm",
            "prevalence": 0.012345679012345678
        }
    ],
    "types": {
        "Image": 38
    },
    "nameservers": [
        "will.ns.cloudflare.com",
        "leah.ns.cloudflare.com"
    ]
}