{
    "domain": "uidsync.net",
    "owner": {},
    "source": [
        "DuckDuckGo-US"
    ],
    "prevalence": 0.000388,
    "sites": 57,
    "subdomains": [],
    "cnames": [],
    "fingerprinting": 0,
    "resources": [
        {
            "rule": "uidsync\\.net\\/sync",
            "cookies": 0.0003,
            "fingerprinting": 0,
            "subdomains": [],
            "apis": {},
            "sites": 45,
            "prevalence": 0.000307,
            "cnames": [],
            "responseHashes": [
                "ca7a3d9af580bedc93b1ed8f2322fbba4c93a9f79b64f5b3a1e2cbdd1a157d76",
                "b39ae21ef1dbc131690adbe2575170fb17ee83d5846c7eec1e007ec98c795754",
                "03ea43696fd63d7e5569bd0a013c3c116611441194173250ee412071a3515c43",
                "fb003e9b7604115fa2bf9786535bbe14b80791d534441ef210713fbe1b465f4f",
                "2121e562b977ad26b343a0758c82332635708e0958ef901f098789db35b5b54e",
                "9be7a8280ec06498870a15068adb0a57ba8b0c375b9117858577fc3e52999c09",
                "bb68c6b9c6f737903e68a59ae4acbc69d2da57549ed4739529af769e36831b34",
                "6d423dc0975bc2f8b6748c313147bd6a1c4cc851376551c781c900a036a0bf8b",
                "26ca1a743fb533f5d809f763d6568d117d79c8161d9e579353eb70f13ca1f209",
                "5c71989bd4693195431e590986848f9d4f6d626ed9b15646635da765ccb64a28",
                "7d043ce06efe66d5622d5a526660825db71e2874edd992a12852b0922fe0b673",
                "6d637e1bc6bc5e272cbd8285a94a15d56aff50111a6675c353e85c8fc6f74914",
                "8f6bc84f87b95271436cc4b72e1872df911d417d862b579ce799e6d17b4aab85",
                "9fab47f40d7f467d5af02a940ab9c8f3d674ecb6157d3c6ba700246c33a6a5e6",
                "fb211dd699195aa0b66bff19fec3bd3b6e51d958dc00d2ceb261ed929daa3009",
                "11b3ce96f33efc884b2b49d82ff154d39d7321e67a92c961e8ecf6774100c401",
                "caf789655443f66d1480a0052a817a842673b9ae8ed628abc474056b5e61a7da",
                "a08d2920a00a8b675a8f051b194c84dfe934d5b90ed1707d71b2db716cd2bba7",
                "4c0ef382dcb27dffd157b33562b5027ce374dcf10f29a2813a5e44b8f269f621",
                "6255d64e17effbe98a2afc160afc004604fafda448354659c9e8412520c07b68",
                "64d2dddc53183ebbd69fba6653e11ecf6c4fd53b8e223ca02e0ce4fd35f73df3",
                "69a33ba674e48df2c196e8b833dffd312aa27c1baa9baf5e40191f5ca074de56",
                "4a0b5eb3bea1b7e3514bff98337becb57333d48875f6e1c11166bed6b8db2c74",
                "eb9f49623c956ac8513d018c21ae66e76d03488198c6fc677ed0d4ea1407d35e",
                "f5cb99eb4cf684d28b8c004f956ec04a95d70d63c0a67e2d93d93cbb2f850e55",
                "35e0c1fcf371863f586ed0e9e718927ad96f9836114ba0e0a87fb92032e9ae51",
                "33c45085e292e208e2805ec874c3a2d4a982fdf51c50b303327aa789e29ae227",
                "6766f9c51fce3c62a3a5d106cbdb0ba2c4493613bf3e09a4f50f5abe7a6f2224",
                "0ba2b234ddfbad4ace8f7599c499d520d167be1529f183d721a10888795fe70f",
                "a2a92f35ba4d38f43b8b0ca668f5056502d6dac6041b22a2180d4b60bb8aae65",
                "6844a6a8c4e02cbae4616061e89d18df3dcae201f15ff2fe28d7de6113a41a77",
                "e46b8893525420fe508ba9a2b5fed38053c35e3480356890727548cbdd286ff1",
                "044ccb8c872e9b2702308179cf595529ddfc7f253657ef717db12c5b2c1220bc",
                "cdf6b525ddb9782540ec0a7b8c36febecfd4cdac9742c9f203e17df86fd44e6d",
                "6591c5ec3b20b86fc49d500d8e55c4119d9dd57abbabfad66c0345902e7e6234",
                "cd2a10ea1709c264317b802861be0ee62a07a84f1c2f3217043a2be7f151942c",
                "2eec0df2ee1071bca1822a470a2d9af59c0a58c5dfb1a1843af31bc198f04b6b",
                "1310b504620e537664bc125f0dcacf65bfb87ad5ea9542b6cc8544b94963f06d",
                "8c19ceadc6609c414b32d43648632e7c9dfb01443f87f8a9774f01387c543827",
                "9ea00ab64bacc0e1ff9bf6f72f8e693b36445c7ac7656ee40772e53634b37aa2",
                "dcd8cbb32bb9efcd175174898e58af2c38d75ae5d00dd5ac095b560483359d29",
                "643c6c0c859acddc423081eda54175a0adecf8b50842d9dd269388726397bca8"
            ],
            "type": "Fetch",
            "firstPartyCookies": {},
            "firstPartyCookiesSent": {},
            "exampleSites": [
                "samehadaku.ac",
                "filmpalast.to",
                "movies.waploaded.com",
                "philnews.ph",
                "filehippo.com",
                "vidmate.en.softonic.com",
                "brokensilenze.one",
                "yt5s.org",
                "thebypasser.com",
                "auralcrave.com",
                "www.lottopcso.com",
                "www.softportal.com",
                "en1.y2mate.is",
                "getmodsapk.com",
                "www.limetorrents.lol",
                "www12.cuevana3.ch",
                "streamhub.ink",
                "1jour1film.website",
                "vipbox.to",
                "rapidgator.net"
            ]
        },
        {
            "rule": "uidsync\\.net\\/sync",
            "cookies": 0,
            "fingerprinting": 0,
            "subdomains": [],
            "apis": {},
            "sites": 45,
            "prevalence": 0.000307,
            "cnames": [],
            "responseHashes": [],
            "type": "Preflight",
            "firstPartyCookies": {},
            "firstPartyCookiesSent": {},
            "exampleSites": [
                "filehippo.com",
                "streamhub.gg",
                "en1.y2mate.is",
                "www12.cuevana3.ch",
                "rapidgator.net",
                "wikibioworth.com",
                "www.maketecheasier.com",
                "ww2.cuevana3.ch",
                "en.softonic.com",
                "www.lottopcso.com",
                "samehadaku.ac",
                "muzmar.net",
                "filmpalast.to",
                "philnews.ph",
                "www.torrentdownload.info",
                "www.softportal.com",
                "vidmate.en.softonic.com",
                "m.soccerstreams100.io",
                "ww3.cuevana3.ch",
                "moviesmod.wiki"
            ]
        }
    ],
    "categories": [],
    "performance": {},
    "cookies": 0.000381,
    "topInitiators": [
        {
            "domain": "system-notify.app",
            "prevalence": 0.624113475177305
        },
        {
            "domain": "push-sdk.com",
            "prevalence": 0.28368794326241137
        },
        {
            "domain": "push-sdk.net",
            "prevalence": 0.04964539007092199
        },
        {
            "domain": "first party",
            "prevalence": 0.02127659574468085
        },
        {
            "domain": "datadoghq-browser-agent.com",
            "prevalence": 0.02127659574468085
        }
    ],
    "types": {
        "Fetch": 45,
        "Preflight": 45
    },
    "nameservers": [
        "aspen.ns.cloudflare.com",
        "braden.ns.cloudflare.com"
    ]
}