{
    "domain": "ujscdn.com",
    "owner": {},
    "source": [
        "DuckDuckGo-US"
    ],
    "prevalence": 0.000225,
    "sites": 33,
    "subdomains": [
        "dffjp",
        "rnvyz",
        "mfxuu",
        "lwjnz",
        "netsk",
        "wgqfo",
        "glmqy"
    ],
    "cnames": [],
    "fingerprinting": 1,
    "resources": [
        {
            "rule": "ujscdn\\.com\\/ipp\\.js",
            "cookies": 0.0000545,
            "fingerprinting": 1,
            "subdomains": [
                "dffjp",
                "rnvyz",
                "mfxuu",
                "lwjnz",
                "netsk"
            ],
            "apis": {
                "Document.cookie getter": 6,
                "Date.prototype.getTime": 6,
                "Document.cookie setter": 6,
                "Navigator.prototype.userAgent": 5
            },
            "sites": 8,
            "prevalence": 0.0000545,
            "cnames": [],
            "responseHashes": [
                "e2e9154cb162624f2ce2b60d40bf320032d0906b981c69d047f63d02483f2ab6",
                "e3b0c44298fc1c149afbf4c8996fb92427ae41e4649b934ca495991b7852b855",
                "542e12e1d1db52c208e45b711e8271efe0a03681b639a0577926a217ce0ae1ac",
                "4c674f052cb8c7e65f0422478c0d3d75c7e3a077c427a493643655518f03f113",
                "cdb9f99547259ca7bf3cb7428e923b51d7a51cd83fa215bf4de118c62759e697",
                "259c943ec0b8270115d1883f7485b65e4f7729f79d498c32502d77fed61ca77c"
            ],
            "type": "Script",
            "firstPartyCookies": {
                "__inppu": {
                    "ttl": 63072005,
                    "length": 36,
                    "prevalence": 0.00004087221302597429,
                    "uniqueness": 1
                },
                "inpp_2XI4_TOD2": {
                    "ttl": 3606,
                    "length": 1,
                    "prevalence": 0.000013624071008658098,
                    "uniqueness": 0.5
                },
                "inpp_XTI4_AKD2": {
                    "ttl": 3607,
                    "length": 1,
                    "prevalence": 0.000006812035504329049,
                    "uniqueness": 1
                },
                "inpp_OQJ4_AX72": {
                    "ttl": 3622,
                    "length": 1,
                    "prevalence": 0.000006812035504329049,
                    "uniqueness": 1
                },
                "inpp_OQJ4_AX72_cap": {
                    "ttl": 3622,
                    "length": 1,
                    "prevalence": 0.000006812035504329049,
                    "uniqueness": 1
                },
                "inpp_USI4_EJD2": {
                    "ttl": 3601,
                    "length": 1,
                    "prevalence": 0.000006812035504329049,
                    "uniqueness": 1
                }
            },
            "firstPartyCookiesSent": {},
            "exampleSites": [
                "dirtyships.net",
                "homeporno.biz",
                "insta-save.net",
                "mollygram.com",
                "pornvibe.org",
                "pornzoom.org",
                "worldcoinsinfo.com",
                "www.pornrewind.com"
            ]
        },
        {
            "rule": "ujscdn\\.com\\/ippfeed2",
            "cookies": 0.0000817,
            "fingerprinting": 0,
            "subdomains": [
                "rnvyz",
                "lwjnz",
                "wgqfo",
                "netsk",
                "glmqy"
            ],
            "apis": {},
            "sites": 18,
            "prevalence": 0.000123,
            "cnames": [],
            "responseHashes": [
                "c243ccbd6c371a699ef0db43c78ed0c907925b641219c38b6532a4b6703265bf",
                "af9a872ebfc46a638d158b2b0c606c7526ad15ad13d8c24de0a5fad1b6e62af9",
                "e510f5d95be6b1f16f7ff63866e64a4f69fd6e34ffc16a7db745333d1b3c77e8",
                "a938eaaf2ff78cefe705649138bb3cb9bcf53281bddd1e3c3fa4d45fa25d7691",
                "fdb79ed792711b37a1e63ea34969f940f652717dfbf55608a89210b36d17d9ac",
                "20051bc9b544e577af7d0b5ccd565049ae3578946a0a0aac48ff7e2700c0cb72",
                "81b5bf271f0e35c8e9f459764feea3f946e64b7c5908334e8e941ebad3bd0efe",
                "d3b6386a269084cad9d202ffbb0f7bf567b59374f36d9fef02f2ebdefa5f9e91",
                "aea609c98c9c1d9b0cd16b59e4a3e9c010a2a6929c64848b84da57034c61c2b4",
                "876caf1ce44baffebee61868e44d90edef447e7d5c937beb03a63be7e30c1b0f",
                "4436bb6f4c84da8e0ddc4c303553da50186984a9306baf2c3a3bb3a010650c8b",
                "fc73c63832e76013641f8da926811da8487341fda8475147623d981abf93eea4",
                "e59cdb046c9819a23fc32192354f51ef89256b7ed8fadb430c4c00f24ee53825",
                "2342029daddc06ab6b07cb925f133fba2667b0aec4f156cda5f7bd91554930d9",
                "4bd985a03adbd76a7f50e88b8344324443e1248036757ea4da515717a1581aee",
                "26cfb433dde766df9016c4ea6e1ac85f3ca05004e04781731b68c0e45c8d4241"
            ],
            "type": "Fetch",
            "firstPartyCookies": {},
            "firstPartyCookiesSent": {},
            "exampleSites": [
                "homeporno.biz",
                "justpicsplease.com",
                "megapornx.com",
                "milfzr.com",
                "momzr.com",
                "pornone.com",
                "pornpic.com",
                "pornvibe.org",
                "pornzoom.org",
                "worldcoinsinfo.com",
                "www.amateurporn.me",
                "www.homemoviestube.com",
                "www.indianbfvideos.com",
                "www.mypornhere.com",
                "www.older-mature.net",
                "www.pornrewind.com",
                "xxxpicss.com",
                "xxxpicz.com"
            ]
        },
        {
            "rule": "ujscdn\\.com\\/ippfeed2",
            "cookies": 0,
            "fingerprinting": 0,
            "subdomains": [
                "rnvyz",
                "lwjnz",
                "wgqfo",
                "netsk",
                "glmqy"
            ],
            "apis": {},
            "sites": 17,
            "prevalence": 0.000116,
            "cnames": [],
            "responseHashes": [],
            "type": "Preflight",
            "firstPartyCookies": {},
            "firstPartyCookiesSent": {},
            "exampleSites": [
                "homeporno.biz",
                "justpicsplease.com",
                "megapornx.com",
                "momzr.com",
                "pornone.com",
                "pornpic.com",
                "pornvibe.org",
                "pornzoom.org",
                "worldcoinsinfo.com",
                "www.amateurporn.me",
                "www.homemoviestube.com",
                "www.indianbfvideos.com",
                "www.mypornhere.com",
                "www.older-mature.net",
                "www.pornrewind.com",
                "xxxpicss.com",
                "xxxpicz.com"
            ]
        }
    ],
    "categories": [],
    "performance": {},
    "cookies": 0.000218,
    "topInitiators": [
        {
            "domain": "dynssp.com",
            "prevalence": 0.696969696969697
        },
        {
            "domain": "first party",
            "prevalence": 0.2727272727272727
        },
        {
            "domain": "vidello.net",
            "prevalence": 0.030303030303030304
        }
    ],
    "types": {
        "Script": 8,
        "Fetch": 18,
        "Preflight": 17
    },
    "nameservers": [
        "adaline.ns.cloudflare.com",
        "merlin.ns.cloudflare.com"
    ]
}