{
    "domain": "ulmoyc.com",
    "owner": {},
    "source": [
        "DuckDuckGo-US"
    ],
    "prevalence": 0.0000954,
    "sites": 14,
    "subdomains": [],
    "cnames": [],
    "fingerprinting": 2,
    "resources": [
        {
            "rule": "ulmoyc\\.com\\/v1\\/sdk\\.js",
            "cookies": 0,
            "fingerprinting": 2,
            "subdomains": [],
            "apis": {
                "window.localStorage": 10,
                "Document.cookie getter": 10,
                "Navigator.prototype.permissions": 9,
                "NavigatorUAData.prototype.brands": 9,
                "NavigatorUAData.prototype.platform": 9
            },
            "sites": 11,
            "prevalence": 0.0000749,
            "cnames": [],
            "responseHashes": [
                "9813a86470e140ef0e1dbecbfcd4185af2be5a15c2688ffae550155836fb9f45",
                "5cbc7a4a285166bcf8b74107c5caf3f9358bf9cd61c569b5e153f315c6ba1f98",
                "48eb7f7aa36cb098e115ea0a6c420e15ed673040c13266a6d7320d3c6d72cf17",
                "c4999dd3e5161bc3847d594f0b72446310f5d14763aa016c4e27c4be94becb55"
            ],
            "type": "Script",
            "firstPartyCookies": {},
            "firstPartyCookiesSent": {},
            "exampleSites": [
                "abcdef.wiki",
                "de.frwiki.wiki",
                "es.abcdef.wiki",
                "foliargarden.com",
                "fr.abcdef.wiki",
                "gossipnextdoor.com",
                "it.abcdef.wiki",
                "msubjavindo.com",
                "nl.abcdef.wiki",
                "sexythots.com",
                "starsoffline.com"
            ]
        },
        {
            "rule": "ulmoyc\\.com\\/fp\\.js",
            "cookies": 0.0000613,
            "fingerprinting": 1,
            "subdomains": [],
            "apis": {
                "window.localStorage": 9,
                "Date.prototype.getTime": 9,
                "Document.cookie setter": 9
            },
            "sites": 10,
            "prevalence": 0.0000681,
            "cnames": [],
            "responseHashes": [
                "ab2b20f479ec23e5e3a208136cea833475c4c5b85f3c9d008e001a638ec6d92a",
                "ea4e3a4547b4206f323062ae81861bc6b37a3ea52b907a697c7d280c6313faba",
                "d2190e272e646d79277f7d667c74c0d24ab5e38fa4e1ca924ea877e9e371893d",
                "821760c74d7122e8eeb205a7683c797765fdf1c822f5785867b0cb591e7d0032",
                "15c51b56f8ad0cb7efbb9f44716d39d36f1d0f6a3e0c7ae670e933a3c8f49904",
                "b8aced72fe701978b93f060e9ddb2728bb2c3d1ac6251c450822f8c53189f4b6",
                "a81762736830f5c5222824737e2653091c8377bdfe3af042d30d15f664faddf7",
                "50a477f0b55150d606573915ce721f12605fd59488337303e6d1cfa744da57ce",
                "6c6d242f5704f2d090050f3059dd0f7ff048dfe831fb628e26a1bd2e100b4fb3"
            ],
            "type": "Script",
            "firstPartyCookies": {
                "ufp2": {
                    "ttl": 604803,
                    "length": 40,
                    "prevalence": 0.00004087221302597429,
                    "uniqueness": 1
                }
            },
            "firstPartyCookiesSent": {},
            "exampleSites": [
                "abcdef.wiki",
                "de.frwiki.wiki",
                "es.abcdef.wiki",
                "foliargarden.com",
                "fr.abcdef.wiki",
                "gossipnextdoor.com",
                "it.abcdef.wiki",
                "nl.abcdef.wiki",
                "sexythots.com",
                "starsoffline.com"
            ]
        }
    ],
    "categories": [],
    "performance": {},
    "cookies": 0.0000817,
    "topInitiators": [
        {
            "domain": "awumnf.com",
            "prevalence": 0.5
        },
        {
            "domain": "puabvo.com",
            "prevalence": 0.42857142857142855
        },
        {
            "domain": "tbwdoo.com",
            "prevalence": 0.07142857142857142
        }
    ],
    "types": {
        "Script": 21
    },
    "nameservers": [
        "lex.ns.cloudflare.com",
        "brit.ns.cloudflare.com"
    ]
}