{
    "domain": "unless.com",
    "owner": {},
    "source": [
        "DuckDuckGo-US"
    ],
    "prevalence": 0.0000477,
    "sites": 7,
    "subdomains": [
        "02674f5e-407b-47e8-be9e-3480de1b21c6",
        "e65f5aca-72b9-4ba6-9974-049f63104ecc",
        "5afe143b-5113-4dbc-ba23-76682b17668d",
        "c9c1ada6-0ebb-479c-9698-1070e971ffed",
        "30f2ae39-1647-49c6-99b2-49fadb0743bd",
        "1372d7bd-a024-4b06-a4d6-f2dd73186b39"
    ],
    "cnames": [],
    "fingerprinting": 1,
    "resources": [
        {
            "rule": "unless\\.com\\/js\\/v5\\/latest\\/txt\\.min\\.js",
            "cookies": 0.0000204,
            "fingerprinting": 1,
            "subdomains": [
                "02674f5e-407b-47e8-be9e-3480de1b21c6",
                "e65f5aca-72b9-4ba6-9974-049f63104ecc",
                "5afe143b-5113-4dbc-ba23-76682b17668d",
                "c9c1ada6-0ebb-479c-9698-1070e971ffed",
                "30f2ae39-1647-49c6-99b2-49fadb0743bd",
                "1372d7bd-a024-4b06-a4d6-f2dd73186b39"
            ],
            "apis": {
                "Document.cookie getter": 6,
                "window.sessionStorage": 6,
                "Document.cookie setter": 3,
                "window.localStorage": 6,
                "window.innerWidth": 6,
                "Navigator.prototype.language": 5,
                "Date.prototype.getTime": 2
            },
            "sites": 7,
            "prevalence": 0.0000477,
            "cnames": [],
            "responseHashes": [
                "bc4ea4d1f0cbaffb4e482880231280fd478cfe011a3d120bb196776e75cb70e5",
                "ced9a0764bc3c77a048f097c7e7af66474262e50aed20945d62744c80a4165b4",
                "3dafbf8b4e6ca5db7db5cbe2ab8464837459ca2b7e46162c528658e79b1e0c22",
                "04bee96d5b1370b07cd4b0c5dbbc8b458f5f3570dfcbdb2136d501022d2fe505",
                "4207c056844e492863786d4868db089b53629ec42832e51e34a2bcca4ff57f98",
                "d9ec83321db3a7207e174159e17bb9a1283fa52e93d93b0b4ffa3e3b7235829a"
            ],
            "type": "Script",
            "firstPartyCookies": {
                "unless_sid": {
                    "ttl": null,
                    "length": 36,
                    "prevalence": 0.000020436106512987146,
                    "uniqueness": 1
                },
                "unless_id": {
                    "ttl": 31536008,
                    "length": 36,
                    "prevalence": 0.000013624071008658098,
                    "uniqueness": 1
                }
            },
            "firstPartyCookiesSent": {},
            "exampleSites": [
                "footsolutions.com",
                "housinganywhere.com",
                "www.kruidvat.be",
                "www.kruidvat.nl",
                "www.letu.edu",
                "www.trekpleister.nl",
                "www.vismaraet.nl"
            ]
        },
        {
            "rule": "unless\\.com\\/api\\/v1\\/txt-api\\/update-visitor",
            "cookies": 0,
            "fingerprinting": 0,
            "subdomains": [
                "02674f5e-407b-47e8-be9e-3480de1b21c6",
                "e65f5aca-72b9-4ba6-9974-049f63104ecc",
                "30f2ae39-1647-49c6-99b2-49fadb0743bd"
            ],
            "apis": {},
            "sites": 3,
            "prevalence": 0.0000204,
            "cnames": [],
            "responseHashes": [
                "d734130adbfd11684b2c370bd96209fc6f218ec2feb05f2d558bb3cc3a8d6fb1",
                "666a7da4644e3cd5ef2b45b3d44be9a10304c86003e15765fb62669ae272cab7"
            ],
            "type": "XHR",
            "firstPartyCookies": {},
            "firstPartyCookiesSent": {},
            "exampleSites": [
                "footsolutions.com",
                "housinganywhere.com",
                "www.letu.edu"
            ]
        },
        {
            "rule": "unless\\.com\\/api\\/v1\\/txt-api\\/get-experiences",
            "cookies": 0,
            "fingerprinting": 0,
            "subdomains": [
                "c9c1ada6-0ebb-479c-9698-1070e971ffed",
                "1372d7bd-a024-4b06-a4d6-f2dd73186b39"
            ],
            "apis": {},
            "sites": 2,
            "prevalence": 0.0000136,
            "cnames": [],
            "responseHashes": [
                "7253e29706b143d4a10864844f89a9acddd25946a5ebab96e63fd742d7bf382c"
            ],
            "type": "XHR",
            "firstPartyCookies": {},
            "firstPartyCookiesSent": {},
            "exampleSites": [
                "kruidvat.nl",
                "www.trekpleister.nl"
            ]
        }
    ],
    "categories": [],
    "performance": {},
    "cookies": 0.0000204,
    "topInitiators": [
        {
            "domain": "first party",
            "prevalence": 1
        }
    ],
    "types": {
        "Script": 7,
        "XHR": 5
    },
    "nameservers": [
        "ns-1497.awsdns-59.org",
        "ns-521.awsdns-01.net",
        "ns-1843.awsdns-38.co.uk",
        "ns-410.awsdns-51.com"
    ]
}