{
    "domain": "unrulyvideo.com",
    "owner": {},
    "source": [
        "DuckDuckGo-US"
    ],
    "prevalence": 0.00015,
    "sites": 22,
    "subdomains": [
        "tg1",
        "servt",
        "player"
    ],
    "cnames": [],
    "fingerprinting": 2,
    "resources": [
        {
            "rule": "unrulyvideo\\.com\\/api\\/adserver\\/spt",
            "cookies": 0,
            "fingerprinting": 1,
            "subdomains": [
                "tg1"
            ],
            "apis": {
                "Navigator.prototype.userAgent": 2,
                "Navigator.prototype.appVersion": 2
            },
            "sites": 17,
            "prevalence": 0.000116,
            "cnames": [],
            "responseHashes": [
                "6800f1a228596b0f69286cddeee6c2dab431d8e89c0f7d9fbcf36bf3f0c53b65",
                "cbb6f35ca1ad7dd35a5139c642e3ee2ea4d8f0d620fdf4247190b3148093d878",
                "e2873406b3986a8f2fb0ad39852bfcf93d9f737cb28e66df1bc87fb693b741fb",
                "73d352718f6abf60ec9f505d31c317f093add55aed7cf59e380dcd4b64c856f9",
                "e6f9a0bf55b1fd069c5cf68f8b22d2d22be1df912a11342e06c3b30b66268107",
                "8b9c0a16680710bf30717c1e161c757511e650a62ec12260e208877c305076ff",
                "e62f0c02c3c5dfcd0548c97c90c5d6d51dac129da8b292680357fdff9a374636",
                "ba0a3fa8792bb2ed5a7a0c4fb5f06efa9281492e140ffae65d8f5f2ab3243208",
                "8deffbec642e9c43ca34d37357f4e003f8a0fc0155020e3fc2b3fce0cfafec17",
                "b24c0122624df034d805145e018378c67c2e15d178419280641c1fc68653cc52",
                "41a8cbcd27198667b29d0d258f7888339fc348f8f9b8498eb4fa4a28b9a39965",
                "14eab72aa9dc8094ecea15c5bcd0a7c4b26b755d9a522bd9cd2386a08bf18b95",
                "bbb27cee3b955062eb741f400c75df09f5ac18f2b2ef289af3ca6338a5cc1293",
                "00bdf5ada3300dc17f72be469c5b188c60a5fdaa2d1f9f39d7d2eaf47cf904c3"
            ],
            "type": "Script",
            "firstPartyCookies": {},
            "firstPartyCookiesSent": {},
            "exampleSites": [
                "aish.com",
                "boingboing.net",
                "decider.com",
                "erecipe.woman.excite.co.jp",
                "myjitsu.jp",
                "nypost.com",
                "pagesix.com",
                "renote.net",
                "vokka.jp",
                "www.answers.com",
                "www.driving.co.uk",
                "www.insidethehall.com",
                "www.irishpost.com",
                "www.koreaboo.com",
                "www.malaymail.com",
                "www.perthnow.com.au",
                "yogajournal.jp"
            ]
        },
        {
            "rule": "unrulyvideo\\.com\\/track",
            "cookies": 0.000102,
            "fingerprinting": 0,
            "subdomains": [
                "servt"
            ],
            "apis": {},
            "sites": 15,
            "prevalence": 0.000102,
            "cnames": [],
            "responseHashes": [
                "e3b0c44298fc1c149afbf4c8996fb92427ae41e4649b934ca495991b7852b855"
            ],
            "type": "Image",
            "firstPartyCookies": {},
            "firstPartyCookiesSent": {
                "lotame_domain_check": 0.000006812035504329049
            },
            "exampleSites": [
                "boingboing.net",
                "decider.com",
                "erecipe.woman.excite.co.jp",
                "myjitsu.jp",
                "nypost.com",
                "pagesix.com",
                "renote.net",
                "vokka.jp",
                "www.answers.com",
                "www.driving.co.uk",
                "www.insidethehall.com",
                "www.irishpost.com",
                "www.koreaboo.com",
                "www.perthnow.com.au",
                "yogajournal.jp"
            ]
        },
        {
            "rule": "unrulyvideo\\.com\\/script\\/6\\.1\\/player\\.js",
            "cookies": 0,
            "fingerprinting": 1,
            "subdomains": [
                "player"
            ],
            "apis": {
                "Navigator.prototype.userAgent": 8,
                "window.innerHeight": 8,
                "window.innerWidth": 8
            },
            "sites": 8,
            "prevalence": 0.0000545,
            "cnames": [],
            "responseHashes": [
                "52cecc43e0cdad4ebee2b3ead50eb0686d680f162c9fcadfa4423e94d1b7ef08"
            ],
            "type": "Script",
            "firstPartyCookies": {},
            "firstPartyCookiesSent": {},
            "exampleSites": [
                "excite.co.jp",
                "renote.net",
                "vokka.jp",
                "www.driving.co.uk",
                "www.irishpost.com",
                "www.koreaboo.com",
                "www.perthnow.com.au",
                "yogajournal.jp"
            ]
        },
        {
            "rule": "unrulyvideo\\.com\\/script\\/6\\.1\\/AVmanager\\.js",
            "cookies": 0,
            "fingerprinting": 2,
            "subdomains": [
                "player"
            ],
            "apis": {
                "Navigator.prototype.userAgent": 6,
                "Screen.prototype.orientation": 5,
                "Navigator.prototype.appVersion": 5,
                "Navigator.prototype.vendor": 5,
                "Date.prototype.getTime": 6,
                "Navigator.prototype.language": 5,
                "window.innerHeight": 6,
                "window.innerWidth": 6,
                "Navigator.prototype.doNotTrack": 6,
                "window.localStorage": 6,
                "Screen.prototype.width": 6,
                "Screen.prototype.height": 6
            },
            "sites": 8,
            "prevalence": 0.0000545,
            "cnames": [],
            "responseHashes": [
                "06ceb675c8c76ea5bdbe69ac96b9a1b022c160e67c75330e3adcb661f11d0b99"
            ],
            "type": "Script",
            "firstPartyCookies": {},
            "firstPartyCookiesSent": {},
            "exampleSites": [
                "excite.co.jp",
                "renote.net",
                "vokka.jp",
                "www.driving.co.uk",
                "www.irishpost.com",
                "www.koreaboo.com",
                "www.perthnow.com.au",
                "yogajournal.jp"
            ]
        },
        {
            "rule": "unrulyvideo\\.com\\/script\\/6\\.1\\/libs\\/prebid\\/avpb7\\.51\\.0\\.js",
            "cookies": 0.0000341,
            "fingerprinting": 2,
            "subdomains": [
                "player"
            ],
            "apis": {
                "window.sessionStorage": 5,
                "window.localStorage": 5,
                "Navigator.prototype.cookieEnabled": 5,
                "Document.cookie getter": 5,
                "Document.cookie setter": 5,
                "Date.prototype.getTime": 5,
                "window.innerWidth": 5,
                "window.innerHeight": 5,
                "Navigator.prototype.doNotTrack": 5,
                "Navigator.prototype.userAgent": 5,
                "Navigator.prototype.language": 5
            },
            "sites": 6,
            "prevalence": 0.0000409,
            "cnames": [],
            "responseHashes": [
                "da113d5c8af5bc0b2ef4a2ad0f7111caf9374be70bb5ee17ea2149bb66ae6ad2"
            ],
            "type": "Script",
            "firstPartyCookies": {
                "_pbjs_userid_consent_data": {
                    "ttl": 2592012,
                    "length": 16,
                    "prevalence": 0.00003406017752164524,
                    "uniqueness": 0.2
                },
                "_pubcid": {
                    "ttl": 31536013,
                    "length": 36,
                    "prevalence": 0.00003406017752164524,
                    "uniqueness": 1
                },
                "_lr_retry_request": {
                    "ttl": 3613,
                    "length": 4,