{
    "domain": "uplift-platform.com",
    "owner": {
        "name": "Uplift Canada Services ULC",
        "displayName": "Uplift"
    },
    "source": [
        "DuckDuckGo-US"
    ],
    "prevalence": 0.000191,
    "sites": 28,
    "subdomains": [
        "cdn",
        "www"
    ],
    "cnames": [],
    "fingerprinting": 2,
    "resources": [
        {
            "rule": "uplift-platform\\.com\\/a\\/up\\.js",
            "cookies": 0.000143,
            "fingerprinting": 2,
            "subdomains": [
                "cdn"
            ],
            "apis": {
                "Document.cookie getter": 21,
                "Navigator.prototype.appName": 21,
                "Navigator.prototype.platform": 21,
                "Navigator.prototype.userAgent": 21,
                "Date.prototype.getTime": 21,
                "Document.cookie setter": 21,
                "Screen.prototype.width": 21,
                "Screen.prototype.height": 21,
                "Screen.prototype.colorDepth": 21,
                "Navigator.prototype.javaEnabled": 21,
                "Navigator.prototype.language": 21,
                "window.localStorage": 20,
                "window.sessionStorage": 20,
                "Event.prototype.timeStamp": 1
            },
            "sites": 21,
            "prevalence": 0.000143,
            "cnames": [],
            "responseHashes": [
                "5da079b7909a7f126b06da6e00248089b35dc87f891735758904a62a907d0d97",
                "1671d076916ca7b6e18684cc35250027b928a65730c448c52e78ab9df1a9735f",
                "95ec1e2417a3d5412f2db45d1f764a2d61a7d97069fe5785b813a10e02f73819",
                "ac2cd436f6dcc6d885eb932d348f4baf1a9aab1b64f6e4b4e79e4b7a16db4d28",
                "7ebd05806106e17ad397b80bf94c2e726914c27fd3bf97326abe2ce958ae9ced",
                "8ec81bfc14bd570d69f6ad43ea30cc60934e11d90d8b0fbbc0e6febdd4aa85a0",
                "9525331ef003af77c34020b4590a68b3b78e35c06804824adf81c9215ab319a0",
                "263c3039b9dfa9f72bc75d31c1a892dcd305da0c46d73ba9c16462a5b50dd1b1"
            ],
            "type": "Script",
            "firstPartyCookies": {
                "_up": {
                    "ttl": 63072004,
                    "length": 24,
                    "prevalence": 0.00014305274559091001,
                    "uniqueness": 1
                }
            },
            "firstPartyCookiesSent": {},
            "exampleSites": [
                "www.suncountry.com",
                "www.cruisesonly.com",
                "cruises.com",
                "www.flyfrontier.com",
                "www.selloffvacations.com",
                "www.alaskaair.com",
                "www.redtag.ca",
                "www.cruises.com",
                "www.choicehotels.com",
                "www.long-mcquade.com",
                "cruises.priceline.com",
                "budget.com",
                "travel.bjs.com",
                "flights.volaris.com",
                "www.virginvoyages.com",
                "www.goldennugget.com",
                "suncountry.com",
                "flyfrontier.com",
                "www.carnival.com",
                "flights.flyfrontier.com"
            ]
        },
        {
            "rule": "uplift-platform\\.com\\/c",
            "cookies": 0.000157,
            "fingerprinting": 0,
            "subdomains": [
                "www"
            ],
            "apis": {},
            "sites": 23,
            "prevalence": 0.000157,
            "cnames": [],
            "responseHashes": [
                "7fff1569ea68ef52782ba25b0cf3934627f7a4fc1e8e22f4652de959c5f97978"
            ],
            "type": "Image",
            "firstPartyCookies": {},
            "firstPartyCookiesSent": {
                "IR_gbd": 0.000006812035504329049
            },
            "exampleSites": [
                "www.cruisesonly.com",
                "booking.flyfrontier.com",
                "cruises.priceline.com",
                "www.choicehotels.com",
                "www.virginvoyages.com",
                "cruises.com",
                "www.cruises.com",
                "www.alaskaair.com",
                "budget.com",
                "www.carnival.com",
                "www.budget.com",
                "www.selloffvacations.com",
                "www.suncountry.com",
                "www.redtag.ca",
                "flyfrontier.com",
                "flights.volaris.com",
                "www.goldennugget.com",
                "www.flyfrontier.com",
                "travel.bjs.com",
                "flights.flyfrontier.com"
            ]
        }
    ],
    "categories": [],
    "performance": {},
    "cookies": 0.000191,
    "topInitiators": [
        {
            "domain": "first party",
            "prevalence": 0.5869565217391305
        },
        {
            "domain": "googletagmanager.com",
            "prevalence": 0.21739130434782608
        },
        {
            "domain": "uplift.com",
            "prevalence": 0.13043478260869565
        },
        {
            "domain": "optimizely.com",
            "prevalence": 0.043478260869565216
        },
        {
            "domain": "contentsquare.net",
            "prevalence": 0.021739130434782608
        }
    ],
    "types": {
        "Script": 21,
        "Image": 23
    },
    "nameservers": [
        "ns-1603.awsdns-08.co.uk",
        "ns-794.awsdns-35.net",
        "ns-1108.awsdns-10.org",
        "ns-288.awsdns-36.com"
    ]
}