{
    "domain": "upsell-apps.com",
    "owner": {},
    "source": [
        "DuckDuckGo-US"
    ],
    "prevalence": 0.00017,
    "sites": 25,
    "subdomains": [
        "smarteucookiebanner",
        "disablerightclick"
    ],
    "cnames": [],
    "fingerprinting": 1,
    "resources": [
        {
            "rule": "upsell-apps\\.com\\/script_tag\\.js",
            "cookies": 0.0000136,
            "fingerprinting": 1,
            "subdomains": [
                "smarteucookiebanner",
                "disablerightclick"
            ],
            "apis": {
                "Document.cookie getter": 7,
                "Navigator.prototype.userAgent": 8,
                "Document.cookie setter": 2
            },
            "sites": 12,
            "prevalence": 0.0000817,
            "cnames": [],
            "responseHashes": [
                "074ce2ed69cb1551a4e490b73f0eb456f8a29b8b9955a12a2e3157f50b306063",
                "e3b0c44298fc1c149afbf4c8996fb92427ae41e4649b934ca495991b7852b855",
                "5386b41ba7f5a7db0bb7b809048288ffdbf2bc678b2af98d361277ed3dfa401d",
                "096e94989e8f35989ed0287862cc55cf2d74401d8e62d3fb88660877f3a9974b",
                "98ee2a4e529ca7c6647e4ee728b06717a6dcd1859b0a701914136b2cebf11501",
                "a1115f6bb86a37c8426c93901f159a62e61b4ae1810aab944ad266e0df6e3640",
                "14c25595d17d27f1d4fdb5746913ab3e9b9fdad98a575c5cf0245e2e7e16117d",
                "778778bbb850fffcfceecc645aab663faf5b98fdd61b50affe3da0ff516bc165",
                "49b50f0caa445684029f7b869898c2a8b79e54c3662457e244b90e0880a32e07"
            ],
            "type": "Script",
            "firstPartyCookies": {
                "sec-banner": {
                    "ttl": 31536000,
                    "length": 4,
                    "prevalence": 0.000013624071008658098,
                    "uniqueness": 0.5
                }
            },
            "firstPartyCookiesSent": {},
            "exampleSites": [
                "bornprimitive.com",
                "bydash.com",
                "e3d-online.com",
                "hottubwarehouse.com",
                "shadyrays.com",
                "singer-featherweight.com",
                "smokea.com",
                "www.lifeandhome.com",
                "www.scentsplit.com",
                "www.seekinghealth.com",
                "www.suzannesomers.com",
                "www.toolboxsupply.com"
            ]
        },
        {
            "rule": "upsell-apps\\.com\\/gdpr_adapter\\.js",
            "cookies": 0,
            "fingerprinting": 0,
            "subdomains": [
                "smarteucookiebanner"
            ],
            "apis": {},
            "sites": 9,
            "prevalence": 0.0000613,
            "cnames": [],
            "responseHashes": [
                "e3b0c44298fc1c149afbf4c8996fb92427ae41e4649b934ca495991b7852b855"
            ],
            "type": "Script",
            "firstPartyCookies": {},
            "firstPartyCookiesSent": {},
            "exampleSites": [
                "bydash.com",
                "ridge.com",
                "shadyrays.com",
                "singer-featherweight.com",
                "smokea.com",
                "www.lifeandhome.com",
                "www.smiffys.com",
                "www.stoneglacier.com",
                "www.toolboxsupply.com"
            ]
        },
        {
            "rule": "upsell-apps\\.com\\/fonts\\/open-sans-v15-latin-regular\\.woff2",
            "cookies": 0,
            "fingerprinting": 0,
            "subdomains": [
                "smarteucookiebanner"
            ],
            "apis": {},
            "sites": 2,
            "prevalence": 0.0000136,
            "cnames": [],
            "responseHashes": [
                "159413a4b8750494bbb5e668402c7298f1669e8bac8d9d8d250069026a988313"
            ],
            "type": "Font",
            "firstPartyCookies": {},
            "firstPartyCookiesSent": {},
            "exampleSites": [
                "lifeandhome.com",
                "www.toolboxsupply.com"
            ]
        }
    ],
    "categories": [],
    "performance": {},
    "cookies": 0.0000136,
    "topInitiators": [
        {
            "domain": "first party",
            "prevalence": 0.9142857142857143
        },
        {
            "domain": "reamaze.com",
            "prevalence": 0.05714285714285714
        },
        {
            "domain": "yottaa.com",
            "prevalence": 0.02857142857142857
        }
    ],
    "types": {
        "Script": 21,
        "Font": 2
    },
    "nameservers": [
        "chip.ns.cloudflare.com",
        "aria.ns.cloudflare.com"
    ]
}