{
    "domain": "userlike.com",
    "owner": {},
    "source": [
        "DuckDuckGo-US"
    ],
    "prevalence": 0.000136,
    "sites": 20,
    "subdomains": [
        "api"
    ],
    "cnames": [],
    "fingerprinting": 0,
    "resources": [
        {
            "rule": "userlike\\.com\\/api\\/um\\/chat\\/button\\/check\\/",
            "cookies": 0,
            "fingerprinting": 0,
            "subdomains": [
                "api"
            ],
            "apis": {},
            "sites": 18,
            "prevalence": 0.000123,
            "cnames": [],
            "responseHashes": [
                "b6136a36c84d9d5e6441808310eafb9ea977134071d44062dfea0fb61d861011",
                "b8d7f9594210a87028d3b7eb89b1a5c1b0767f6e31ad335d9e50f203f2245057",
                "b18e4934766bb0eb0a16b6d32a5876d69c457a9f255dde61e08344f2e45834ce",
                "34f9cda142b37d9f24959ed2efa788876eff055033a904dac9a68c0ef450a0a7",
                "ae707dc9460d405883c92dcccb6d5fead0ce722a57316ad7ef214c82cec7254d",
                "437d46b4750a68ecdd11d54e6563a2f9727f59e3d9096159c08638faa7913c38",
                "ea8e63268758f645b004d3633469c4bff306064c403390fd124b4d36816a11b0",
                "da3f93791911c0a8c1a5e7fd90f3d9ca3db54679368c7e88bd6d6c3d30521600",
                "7675b48b0e67a8ea630b990516abe8d686668b5a6f4824183c51a8d7d8c69ac7",
                "fde338af8ae628a93de50e5235c255b3a36a8c498dd9f656206d5b0040d91feb",
                "89527b331771d97b65bd2b0b5d63d09ae798d71d38989ce1a1b1ac78460f10e3",
                "b685a9fd1ba489d2b14645e43802f17d1f6648edd5152ae59da2fa0bd17ec031",
                "5b0c74b0c4ebe95e7d836236b06dd7c806621739ab30d8ce726b101a9cd20d74"
            ],
            "type": "Fetch",
            "firstPartyCookies": {},
            "firstPartyCookiesSent": {},
            "exampleSites": [
                "silkeschaefer.com",
                "www.badewelt-sinsheim.de",
                "www.boker.de",
                "www.eberhardt-travel.de",
                "www.fissler.com",
                "www.hark.de",
                "www.landefeld.de",
                "www.mercedes-benz.co.uk",
                "www.mercedes-benz.de",
                "www.mercedes-benz.es",
                "www.mercedes-benz.fr",
                "www.mercedes-benz.it",
                "www.munich.travel",
                "www.peek-und-cloppenburg.de",
                "www.thenaturalsapphirecompany.com",
                "www.transa.ch",
                "www.veja-store.com",
                "www.wertgarantie.de"
            ]
        }
    ],
    "categories": [],
    "performance": {},
    "cookies": 0,
    "topInitiators": [
        {
            "domain": "b-cdn.net",
            "prevalence": 1
        }
    ],
    "types": {
        "Fetch": 18
    },
    "nameservers": [
        "a.myradns.net",
        "b.myradns.net",
        "c.myradns.net"
    ]
}