{
    "domain": "vak345.com",
    "owner": {},
    "source": [
        "DuckDuckGo-US"
    ],
    "prevalence": 0.000109,
    "sites": 16,
    "subdomains": [],
    "cnames": [],
    "fingerprinting": 2,
    "resources": [
        {
            "rule": "vak345\\.com\\/s\\.js",
            "cookies": 0,
            "fingerprinting": 1,
            "subdomains": [],
            "apis": {
                "Navigator.prototype.platform": 16,
                "Document.cookie getter": 16,
                "Date.prototype.getTime": 16
            },
            "sites": 16,
            "prevalence": 0.000109,
            "cnames": [],
            "responseHashes": [
                "8eab8e3665c4304590e48b0d93010cfdc558ca312d8638e321000c838f384aef",
                "5a0c02a2b43b8a58e827ba945fc2ca5a66ac0362687ccac39fef7ad5fcd64516",
                "c8984f631e8ce7b81e94ef3b64f4231752bff932a801dc2e4b950f7aa4c86025",
                "099571377210ce7c254f754cd9cf2ce2f62be6c1d2444c6b57db362b4aae3deb",
                "2be5fdef19e13767a1ac8319cecbcff5b27a7d1aeac7bb912e14efd725dd98ee",
                "19258a005465c29515b0a09d1982be5c1e913bb598833ab4bb639e240c071b7b",
                "8ce2c9d6760bf45d01dd2ac0fd1cea2d1aab48284e362e88c336bca6c4f8f3a4",
                "50259cfd3f4fda1de89f89d500830fdef1b6653d8e69b377d513c9c3ab0db9cb",
                "ed309abb6afd87dfbbdba96a2cecf08e1ebccbd5e9197eecd52b0de95e4db2d3",
                "b4e34525ee4fc786e050ec2789908b98be7bc263b81642731825aa6824d1420a",
                "28dd57dfd2215f7fe449390134beaddde1691f0f3f997c3d6197c77a74494800",
                "416a668d38ed97b72fc5f2c0e4ed1ec2ac2107238122aaa0798e89f45af7998c",
                "971b43ef4ec1476ceed5aa44d60e98e9d5a0406e16b10e4f70bf783f86e5568a",
                "a07a2ecdcb9c79f026c80ac1228de55896c38c13d97e027184b11ee4d55425f6",
                "2256803f2209af08ad568db67096f412f4ba007abf033d9234425ebccf477326"
            ],
            "type": "Script",
            "firstPartyCookies": {},
            "firstPartyCookiesSent": {},
            "exampleSites": [
                "11klasov.net",
                "hd-rezka.biz",
                "jut-su.me",
                "kinogo.fm",
                "kinogoo.zone",
                "kinozal.tv",
                "new-rutor.org",
                "onlinemultfilmy.ru",
                "otvetkin.info",
                "reproduktor.net",
                "rutor.info",
                "serialry.online",
                "turkru.guru",
                "vkino.lafa.site",
                "vse-4asti-filmov.online",
                "www.rutor.info"
            ]
        }
    ],
    "categories": [],
    "performance": {},
    "cookies": 0.000109,
    "topInitiators": [
        {
            "domain": "first party",
            "prevalence": 0.9375
        },
        {
            "domain": "123rutor.su",
            "prevalence": 0.0625
        }
    ],
    "types": {
        "Script": 16
    },
    "nameservers": [
        "cloe.ns.cloudflare.com",
        "george.ns.cloudflare.com"
    ]
}