{
    "domain": "veepteero.com",
    "owner": {},
    "source": [
        "DuckDuckGo-US"
    ],
    "prevalence": 0.0000681,
    "sites": 10,
    "subdomains": [],
    "cnames": [],
    "fingerprinting": 0,
    "resources": [
        {
            "rule": "veepteero\\.com\\/",
            "cookies": 0.0000613,
            "fingerprinting": 0,
            "subdomains": [],
            "apis": {},
            "sites": 9,
            "prevalence": 0.0000613,
            "cnames": [],
            "responseHashes": [
                "f3020487e9d06b7f14672f3af35e128bb6c2f1c37e84ee8985966f0dcf7ae7ed",
                "b49a5a011539db1b73641900c34ebe02103e25b6dd3f6b6a7a9f233774ff3e60",
                "37334584923bc70e92f63c900c2b5dd0d31e52f240f22470b7811073fdba1869",
                "84a23923f04fdeb9f9b7045ab4069b369ac764da78e466af7ba7efb8799a1ed4",
                "07df926189a7ebbc8356b3b6f4976e5d65559cea7f8dae85073e60c92ae78e94",
                "e6eddca412df507eea1a146e1da1a97e1da9150cd97c90486c8fd6a46b8d5667",
                "de08e17b973434a67a46baf6772b28da86780dde492a2fefd34669215ce18157",
                "3471b5764ce22e86170c8c862aae5874c6a8d953f52c428a43b103932d0134bd"
            ],
            "type": "Fetch",
            "firstPartyCookies": {},
            "firstPartyCookiesSent": {},
            "exampleSites": [
                "aapks.com",
                "knowledgeplace.guru",
                "mangadop.net",
                "manhwalist.com",
                "mp3-skulls.com",
                "roserambles-org.votted.net",
                "scansmangas.me",
                "ww-pagalworld.com",
                "www.halamat.com"
            ]
        }
    ],
    "categories": [],
    "performance": {},
    "cookies": 0.0000613,
    "topInitiators": [
        {
            "domain": "alwingulla.com",
            "prevalence": 1
        }
    ],
    "types": {
        "Fetch": 9
    },
    "nameservers": [
        "ns-69.awsdns-08.com",
        "ns-842.awsdns-41.net",
        "ns-1192.awsdns-21.org",
        "ns-1548.awsdns-01.co.uk"
    ]
}