{
    "domain": "vfthr.com",
    "owner": {},
    "source": [
        "DuckDuckGo-US"
    ],
    "prevalence": 0.000341,
    "sites": 50,
    "subdomains": [
        "www"
    ],
    "cnames": [],
    "fingerprinting": 1,
    "resources": [
        {
            "rule": "vfthr\\.com\\/en\\/us\\/banner\\/javascript\\/html\\/zone",
            "cookies": 0.000238,
            "fingerprinting": 1,
            "subdomains": [
                "www"
            ],
            "apis": {
                "Date.prototype.getTime": 22
            },
            "sites": 35,
            "prevalence": 0.000238,
            "cnames": [],
            "responseHashes": [
                "4de301b29dde631719ffa5fda52c162b389c72b27a07a25c472f1f3e49625868",
                "4844c5ec2ad5d47edadc265a64d3764c89cf867b98c6cfaa6065194b9baaf0a9",
                "16f70e033613fc79ebbea6340f9fdb08ae0fcb32441f4ce129beac784b0e98d0",
                "1d7e1170900682506e9bc31a1d55e457ad0c7601e1159c4f24325d6081b84505",
                "95ce70a9ebb7b968ac4dbbee185884f9901f011c571d042dc776b04cd20209a9",
                "8b049d345d849067b5fbed60f7422459c3629dbc0a8a79a785e8d02f04b3e532",
                "455836de13ab0fd42cf3346546a6500a81b9d8098ec223d9d70d129fdf996dc6",
                "35ee8a46ff56aa2308ffd37d267d1e82816effcf4b3c677578b2369a467646bb",
                "81572efbc18eb2562a6f75c56ad7a9aef13b097e30e99534431283bdc71e5fae",
                "4349bc8c169dfbf1066d66a209c7423c7e02e88c7d9230629b18d74ba689e64c",
                "bf52e2a1c29b95b3edd6244666ad6f1addc6bf25af0a46d7ec59f9c8b01054a7",
                "39062825d147afeff679590a87a2b7ad52f2837548dbf368541bec5ac789b302",
                "8a3c4fc5ca18230982bf13c38ce08696150eadce78ed05d919e7e6d65f61c5c6",
                "8d73aa4041eabc761c1db00c3c278ca05ab5c66fd22f7985b67e45210a2c89e7",
                "9adc0bedd0bbd0bae4538babbfe7100a3e55e66003bf501e946004becec0027c",
                "c95a2ea56fa16ff33c37340b8328b6bf144edc7528b4786c86f4d415bda52ff3",
                "368edbe2ff8cbaecf8d74494efe8336d901dfbc76378637bcefc1908091c7a80",
                "d3869c034b2f06871fa07b324507a809ce85e43da343b7980b866e240f5a5806",
                "d2d21eee5829bc6681272790dc25a831319f806eab5c664e3dfed369e7bad94d",
                "ed35bc4da164abb2bd7946031d0582e0faa39a8dcc72880e6ce3153023f88f2e",
                "3b3acfb4ae72ab9504e67a1a0817a7552a9fa02252365f3b7b76bca6f4d6e43d",
                "58d39e25f7610e3915af0b454ff13cb3a8f85a8a21e7e68daca9b4d38328e1f8",
                "1d676803743937a66f70073f70eb6f3031607b3cd2bf7700d4d27ea38340626c",
                "48b54771ebe7f9e38fffa15ad5f9ddf95242a9c63c9bdddff1b279e35c284359",
                "f688535adccdfc06b994b438d6b70826e67febd63ad0b92b983b857697bb2fa0",
                "73c5ee98b70c249652740d5576f46d3b2044ee9262a36f6785465751b478d3b3",
                "40cb3201f0ae27e8c6cb29d911ee6cff92b234ff2c667b2e92b41e55e6036daf",
                "3a024e1ab7fe35993955545ae80849ea59c4ce0bb2e4ba89ae8ff06f89b2e608",
                "df05e9375825579ed843d721d76f3a89e448a4f589553b68779c40e54cd59864",
                "7f7a002d6e1921d47f3b5b7f3a27ace57dd3da1c942fc24f4ea094077812773c",
                "c53676e26f2fd2bd342b00a7ede8d81379660ed8af49f31da63696184014529c",
                "850de3e2a6181d3c10690096f04f19847feb5acd1890cbc82597376d49e7f9bd",
                "6b30534dec89eca5012e3db93d889dae509299c9d5d7f8e767bd2835ea98aed2",
                "6ad689e76a40c5d3aab07101a12cc4d78df1213781e65c57395d8060356da506"
            ],
            "type": "Document",
            "firstPartyCookies": {},
            "firstPartyCookiesSent": {},
            "exampleSites": [
                "nastypornpics.com",
                "hairytouch.com",
                "momseries.com",
                "idealmilf.com",
                "www.bigtits.pics",
                "lamalinks.com",
                "nakedwomenpics.com",
                "pornsticky.com",
                "allpantypics.com",
                "shavedpics.com",
                "www.pornhat.com",
                "exclusivemilf.com",
                "analpics.com",
                "shemaleplus.com",
                "bbwpictures.com",
                "chubbygirlpics.com",
                "hotpussypics.com",
                "maturepornpics.com",
                "milfgalleries.com",
                "allbuttpics.com"
            ]
        },
        {
            "rule": "vfthr\\.com\\/js\\/interactive2\\.js",
            "cookies": 0,
            "fingerprinting": 1,
            "subdomains": [
                "www"
            ],
            "apis": {
                "window.innerWidth": 10,
                "window.innerHeight": 10
            },
            "sites": 27,
            "prevalence": 0.000184,
            "cnames": [],
            "responseHashes": [
                "94a16af23f5b8c309dc7fa05d0ea2de49f6da7de105159b46241a046e407e056"
            ],
            "type": "Script",
            "firstPartyCookies": {},
            "firstPartyCookiesSent": {},
            "exampleSites": [
                "allasianpics.com",
                "shemaleplus.com",
                "nastypornpics.com",
                "hdpornpics.com",
                "nakedwifepics.com",
                "idealmilf.com",
                "allpantypics.com",
                "milfgalleries.com",
                "www.bigtits.pics",
                "mature-lovers.com",
                "pornsticky.com",
                "momseries.com",
                "allbuttpics.com",
                "www.pornhat.com",
                "idealwifes.com",
                "bustypics.com",
                "hairytouch.com",
                "exclusivemilf.com",
                "analpics.com",
                "bbwpictures.com"
            ]
        }
    ],
    "categories": [],
    "performance": {},
    "cookies": 0.000341,
    "topInitiators": [
        {
            "domain": "bestcontentcost.top",
            "prevalence": 0.9625
        },
        {
            "domain": "magsrv.com",
            "prevalence": 0.025
        },
        {
            "domain": "revive-adserver.net",
            "prevalence": 0.0125
        }
    ],
    "types": {
        "Document": 35,
        "Script": 27
    },
    "nameservers": [
        "ns-1841.awsdns-38.co.uk",
        "ns-131.awsdns-16.com",
        "ns-538.awsdns-03.net",
        "ns-1217.awsdns-24.org"
    ]
}