{
    "domain": "vntsm.io",
    "owner": {},
    "source": [
        "DuckDuckGo-US"
    ],
    "prevalence": 0.00117,
    "sites": 172,
    "subdomains": [
        "hb"
    ],
    "cnames": [],
    "fingerprinting": 0,
    "resources": [
        {
            "rule": "vntsm\\.io\\/content\\.html",
            "cookies": 0.000674,
            "fingerprinting": 0,
            "subdomains": [
                "hb"
            ],
            "apis": {},
            "sites": 99,
            "prevalence": 0.000674,
            "cnames": [],
            "responseHashes": [
                "8b3ba5a2c423878e45e821729639071777fac6df274970dc425c2a222ebc8af7",
                "d378698a2c4b0cf34447bb4c84c921b28ad60ede9a07dbb52522d41dc2c51149",
                "2188d47f8028f3cc60e09f80c61ff4a1ce80e5020554ce82063450787d35ae00",
                "54fb1feba3dd95867bb1743027bcf53de44f4a91ecf03f1fdb26aca79f7b1f92",
                "1cf9d111f2b0f05691393275a87af47d3107b7da9bd76aa1888a974231031570",
                "ab356e26423d1c925a0ba5cd7fcdf3a2cb1c3c5cfd03c6424da357fe0aeb9aa6",
                "426f69fd6e65a9e69be8c5cd48f73d6c72792c11c7a4b5d799afeba689cac837",
                "f73a8f6c58bdbdf540871fc12858991b2461c4e1ca476fcc19eaf6dcb8ff9227",
                "462e3a7361232c7c5ea6aae095bc334d334a724ab677715a48a10b9c489cacd7",
                "c5ddb1a212061a5855261f81cd8cfca38a79700e87dbb231335234808efd7507",
                "25e3b495d366542d1d12868fc10324423fa6e04caefc704478d85549323b015a",
                "632f68009e3c0eb1f24fb6f2256af642378cca22902dfc86bec3c89f9ea755dd",
                "3b50158ced3c6fca98768b22faa9625e74b8937ff7ac1a3e82534a5c538e8648",
                "c6ae92756378b2c35acd472551ed0f9431a37c725c0185a9050c521f8e28c962",
                "731fb1f7485aff23222233127f8880ca11b81901f37475f9d965ddc10294b46e",
                "f78a819cd01fefbc9d29e7880d123398f586e254736541bb554df1021449e3c3",
                "c1c7f6638ecb254f813f79ad469ef6cf9ad6551c66c580f38776bfca41c98ce5",
                "686a2a39f08e86a006998db37f54b39ac6f6a9b081d4ff09092605dcc35f8a9b",
                "37e71ac251684ba9d045c155499fa7f27234d1977b07aad46d6a1027e80293a9",
                "21a32b21f4110c3ecacf7e91c488f59c27525bd74d6d91b2204140dbf5c8711c",
                "d84ab4f62f5675ac79989099edb25cb73b84c641e2cf0f5752c60635b4fc0cf5",
                "46a6881fea02757f12c5488f9245452da25878047dd45a9c90bb20de6cd761cf",
                "2964584af6a3f0f77ea85f576f2d030fbb79ea84f153b8d6b9c3cd35a10214e7",
                "ffa1f4b1432cba3235e673efc1b466f782b23d9a2930a74e4a86002251cb33b0",
                "2a1599d35cf07c4f8adb46787f62d679a4f0959691d9b6440f8285d1764a4ea4",
                "3d1af57deb1611a9c959f00ed29a389d992fbe95c49b76f65631712d9b85fa31",
                "e0a2ba2bad89c45297e19309ebe9fe63de460f163a821291ec5a3661410d922a",
                "327fa615a1cb71636decdb80ffe5ccca95694ad7e509ab8183611ec2accaf680",
                "5b22a94117e8ba05cd9c82e903e63741fdae93b64336cb2364d2a87ffc6bddf9",
                "085c78e341d097e626156fb194ccfea6ee4e32ac15b22c0df56cd00afef097bb",
                "e2fa11fef8a94a1b258ea842206465cabb042db88088efe32497756a7ffdfefc",
                "de726eb619b172c3bbcbcf06d27e6c059a8dfc436b9dd310a6cf055812202097",
                "aa576810b609a9a3a8a0a352af8b7330366758c836510d436fd928e40695a0fa",
                "70df54a027189dbb81f019cd447255c18a2b5b7e865e5a5699d260d4591960f4",
                "49f6edbdbff9d8a4b0388cee8809f4092204d40001aa9bf0c15d2b9f00fe2360",
                "a581fb65e7495e6df677f5cfc65dd2ccc39dec01fae44265a6bc4c78425c2f58",
                "45bbaf969493681532157fd404aaa7a459dad75716dc0f9b5dc0f82139f86df1",
                "4bb8dfca9a6fd71a522cff36b18d9c22bd639809e41253fd926fe6e079807d43",
                "f426f4b3cab242facaa74eae9da242cd2ccbec01a240e47dc3fb1ee2078af00b",
                "52b20dd3847494518ef28f3e7300c78dd081274185036f19f78096e0bbeb6ec4",
                "cc53027504c4955f9fb61272d8b762efdbc4fee7e03b08c4e71c966c31fd8174",
                "1613c5f80208a01ea9758451286f69f8d978bd098165f04bc7f69ea1756da007",
                "17a335a46f38c1576c946931b30510736116f43f9113db7f6702e5b25607b785",
                "19d8620fb9a1a22d216258b95f79ebd2d15d6699ee1d61cdd9b1f7394952b5ee",
                "72cedc1cd10060eeda16036956ae65cd00e3fb3e3f77d7d4730610213a2bb2f9",
                "ab85fdfe171345f2992bbfa4cb57f64b608dbb6ba6ac785d980358e0a89e7b87",
                "0bab0b323a764be62244410cc0fa81479c9ce0f81cc0a6d57f5504a1701a0baa",
                "3c1fc5b094046c5225846049b730ccfacff861f6cf82304776c80a33d384d685",
                "6b5a6a2b58c04a6377d750dfd52c1ce4aecd42c31002d7b02b468dc4df49522d",
                "0cb6f4210f89c014dbac94030a552e8289f3905680e1eaebc1d5a358b78910dc",
                "1874b09ddaff73accdc5af6664062904e26f36dd3b5169bb0ec44669ee9101b6",
                "11ba95deb5034d315775c7c7ab912b636a6e45929fae9643f0eedac9ea1c02d8",
                "9564b9e81afd341fc9f909af1d0e136a31b2761966833bd5b92ecd61611fb756",
                "586124f8c3b04d1fd1b81a567d27cbd64488268039144e7e02c9cddeb1bbfebe",
                "a8d7e95a8d5b7decfb42fad0d46e8899c1059464251322ff59e64182dc1d3bbb",
                "ad3e30f61b62dc41130ea09cc5edd35722640a43babb51339e77de93379f7f44",
                "88b9c33db9fbd5ab1e1494b4c8321bde1596444f81715c353c3197172b29feec",
                "4ccfd92571a124abba45901fe9b7a7f5949cff5f59d2e8d3e7e4608d79f9367d",
                "86eebb95a6a70f362bd20f38e79c110d3b726593c22fa58be9f7b1117ce0018e",
                "11e27d4b1e8131876705fe445916eb89202e67819208c0a4533a823cd2d6e098",
                "616df4820bbe017befdcbca1fb802f7d0087f94054acdd058330cbb8c7fd21e3",
                "6ad091a8179eadcbe19d42aa47c515753c08bc65f3457f4c08f526f8f83bd2ab",
                "c2a015dac9404d30c8f025dc9f18aa7130195ac950827f8535f1f10c4d3c17e5",
                "45fdda3e1e2452c49a44852f8ab43f5126d9d125b581ccc0d85fcea74584e703",
                "377d247c06a1a8f46540f1f3b53aceddc9abc42a6bc8b832d02f003f55d80500",
                "727ec75ac2b098959017a42382cfea5fdbc48b45281c436a0728d98f78c9d0a1",
                "e563a0bd1a31a9ff382ec51407651760a1aa54e79aa15b3487d67c0861647cc6",
                "582428958fa25de5b420d5fb52655f9ca8290b3f4b25efd03c1472fa8acf0d25",
                "f1fb90c83ceec9b029dd2513fc7e446f17cb002a34ea0caeca049c683fc96371",
                "deed736c69639d8be961f8b2f9b72586b1774a1d1da8d098f3e5ee86c47d775d",
                "d744320ea1a76b69bdbc3da8b4181cb56e718ee4b26e1e70645262ff886bc857",
                "ab9fa63168e3cd902f2d9d9650f41cd61cbca49ab95d397996e7041ecb867389",
                "356e96c53b71c2ef025ca619696c3d2fd4d514630b27fcab813478dab9c0e3cd",
                "e21cb3639eeacb8fe66a6b4ed436175a23aaacbde9dcd75dd607805f01e0c51e",
                "ff5a1e679631de1a469d300d24e25d298990d50135fb10bcfb997944e39b8ff6",
                "3d0f347356d04bef73ed8099d3b0dc50018c2c2c464bae50cbbfab1aae758075",
                "ca0d826b6eb05d88b004a6fd5b9e2493409bc4a232fc0280f56ef472bbed1d8b",
                "51ab5fdcb05812ead8b6f3f4e11a89ab1a89cd0d80b17065c8c4b7bb60b966a8",
                "55f455bd1ccf43304689becb7c14bcf67d8760d1aa200732f9308f0f62bc8fae",
                "83c05b9afdb185d8fbed8f91bce85b7e6ed2d7ba350ef11ffc09bcceb18a951f",
                "0a11020d0b9035517f8bb956ece3cab35d568b40933c002a56b02873fe4530b6",
                "cc014068c20a11d783f11d20c9cca9318468b2f2a9b72d89448854a70ad3db28",
                "d032119c02b7165c01b2fb6453da2a9f9a216f7be01844774a2f6220d44a8354",
                "cf89093a303a00533038bd6ff0c4ae1829d8b786724fa9a2b8034c616f774d68",
                "2eca1719d74a87884039385e666f8d2d89f7c9e082f5a9c8ce417b07a8f778a8",
                "f1749f969023d00408480696afff0323c05f40b20d3ca6382a0802aa813240d8",
                "dd366b21ac73df4a95ce3555299705bb058002457c6062a77d6328bd5c167227",
                "02d446ab05c250afa5b9c38fc31d7439618c71945bd51eb5767c22ad5f08cc51",
