{
    "domain": "voltaxam.com",
    "owner": {},
    "source": [
        "DuckDuckGo-US"
    ],
    "prevalence": 0.0000954,
    "sites": 14,
    "subdomains": [
        "rtb",
        "selector"
    ],
    "cnames": [],
    "fingerprinting": 0,
    "resources": [
        {
            "rule": "voltaxam\\.com\\/sync\\/videos",
            "cookies": 0.0000886,
            "fingerprinting": 0,
            "subdomains": [
                "rtb"
            ],
            "apis": {},
            "sites": 14,
            "prevalence": 0.0000954,
            "cnames": [],
            "responseHashes": [
                "cb8a2a2b1e1e0e71ef932d56ce4a05da94f43e4d1bb0dda5afd45555ec7d4150",
                "ffb02208a3c19e9d828533ac8279160d4095b3079d8017e104d3f542f75c9fdf",
                "ffd7ed3728b6628f94f4c62ed010f75e85219653007cdfa597335487f472d8ee",
                "2be81385eec510a41351c0a04a3ea0e545bd9e60bd10182c019a634df9b49eb9",
                "7e6b9f8e3326f2d10e38325228a6e4c51640a7d150a5cea61dc8c75ab2f0aab3",
                "c95e2fc66fb9339bcc0cf79bf7afb4c89aa2aa092bad2037894025df5ff630bc",
                "f71e179c0d6cc9b032f77ee64b5df4c39d89da8a8ede145d6f2d1a44bc2901f1",
                "f3e3c2f1fd5a04caa28466654cc887b1d20e9c1d360ae274d1e048bc22238a09",
                "409233097c0cafcf256e211b7275cd49475295b13a0c2f62ca02cbed348be49d",
                "4b5147db9eca35a4ee759d7bd84c12db10b488ea4fab06dffc2fdfbc9674a4d4",
                "43c25bdd42506de8e2cad250e7839c5c54be40b4dc01f3f9ab6714b569fe1056",
                "ea46633d69d8511898eed264bbd458457f44f841773c5dc575a119770213f797"
            ],
            "type": "Fetch",
            "firstPartyCookies": {},
            "firstPartyCookiesSent": {},
            "exampleSites": [
                "amazonadviser.com",
                "arrowheadaddict.com",
                "bamsmackpow.com",
                "fansided.com",
                "foodsided.com",
                "guiltyeats.com",
                "hiddenremote.com",
                "netflixlife.com",
                "ramblinfan.com",
                "theawesomedaily.com",
                "thevikingage.com",
                "winteriscoming.net",
                "www.90min.com",
                "www.thebiglead.com"
            ]
        },
        {
            "rule": "voltaxam\\.com\\/cookieSync",
            "cookies": 0.0000886,
            "fingerprinting": 0,
            "subdomains": [
                "rtb"
            ],
            "apis": {},
            "sites": 13,
            "prevalence": 0.0000886,
            "cnames": [],
            "responseHashes": [
                "e3b0c44298fc1c149afbf4c8996fb92427ae41e4649b934ca495991b7852b855"
            ],
            "type": "Image",
            "firstPartyCookies": {},
            "firstPartyCookiesSent": {},
            "exampleSites": [
                "amazonadviser.com",
                "arrowheadaddict.com",
                "bamsmackpow.com",
                "fansided.com",
                "foodsided.com",
                "guiltyeats.com",
                "hiddenremote.com",
                "ramblinfan.com",
                "theawesomedaily.com",
                "thevikingage.com",
                "winteriscoming.net",
                "www.90min.com",
                "www.thebiglead.com"
            ]
        },
        {
            "rule": "voltaxam\\.com\\/ads",
            "cookies": 0,
            "fingerprinting": 0,
            "subdomains": [
                "selector"
            ],
            "apis": {},
            "sites": 13,
            "prevalence": 0.0000886,
            "cnames": [],
            "responseHashes": [
                "7b43393c54e09d138a80ef3afba6a9a7489fd958d9b8c6d6fc7d8dc5dd66cdfd",
                "83973f7d6b5c6838990da11f270d148a8f286bbbb2f3336a0d8e43b101f11363",
                "a56bf15f28e708148c150f3111504c19a3f20aac4f9b02b671729e0e331ed7fa",
                "b307282e847d8d692bab339d0481eb086ad9f13a985aeda5df0ae64bed2e7e14",
                "73b3c5b2def11e3ae39ed4cdcff10730866bec503259939ba3ed03d113e8feb1",
                "12b682d3427bead22161b3c612030c1556e38a2dea7340cc54042fbf5ed11896",
                "d59e786805b798dff78cf9352050719b7b8d5e7833394b392a4638afd3139ed8",
                "c4d1ebb02ac994625c3570a3e5c42e9a731df55096b439c84e5336faadffe514",
                "7772c96fdbaf001055722a65451848ae71c81da1390a966a97db091fdb382ec9"
            ],
            "type": "Fetch",
            "firstPartyCookies": {},
            "firstPartyCookiesSent": {
                "lotame_domain_check": 0.000013624071008658098
            },
            "exampleSites": [
                "amazonadviser.com",
                "arrowheadaddict.com",
                "bamsmackpow.com",
                "fansided.com",
                "foodsided.com",
                "guiltyeats.com",
                "hiddenremote.com",
                "netflixlife.com",
                "ramblinfan.com",
                "thevikingage.com",
                "winteriscoming.net",
                "www.90min.com",
                "www.thebiglead.com"
            ]
        },
        {
            "rule": "voltaxam\\.com\\/videos\\/01he54ncpm9b0q9wpzvq7ayxhy",
            "cookies": 0,
            "fingerprinting": 0,
            "subdomains": [
                "rtb"
            ],
            "apis": {},
            "sites": 2,
            "prevalence": 0.0000136,
            "cnames": [],
            "responseHashes": [],
            "type": "Fetch",
            "firstPartyCookies": {},
            "firstPartyCookiesSent": {
                "lotame_domain_check": 0.000013624071008658098
            },
            "exampleSites": [
                "90min.com",
                "www.90min.com"
            ]
        },
        {
            "rule": "voltaxam\\.com\\/videos\\/01he54ncpm9b0q9wpzvq7ayxhy",
            "cookies": 0.0000136,
            "fingerprinting": 0,
            "subdomains": [
                "rtb"
            ],
            "apis": {},
            "sites": 2,
            "prevalence": 0.0000136,
            "cnames": [],
            "responseHashes": [],
            "type": "Preflight",
            "firstPartyCookies": {},
            "firstPartyCookiesSent": {
                "lotame_domain_check": 0.000013624071008658098
            },
            "exampleSites": [
                "90min.com",
                "www.90min.com"
            ]
        },
        {
            "rule": "voltaxam\\.com\\/videos\\/01he5h4tjgvr6q1cb44ye2fvej",
            "cookies": 0,
            "fingerprinting": 0,
            "subdomains": [
                "rtb"
            ],
            "apis": {},
            "sites": 2,
            "prevalence": 0.0000136,
            "cnames": [],
            "responseHashes": [],
            "type": "Fetch",
            "firstPartyCookies": {},
            "firstPartyCookiesSent": {
                "lotame_domain_check": 0.000013624071008658098
            },
            "exampleSites": [
                "thebiglead.com",
                "www.thebiglead.com"
            ]
        },
        {
            "rule": "voltaxam\\.com\\/videos\\/01he5h4tjgvr6q1cb44ye2fvej",
            "cookies": 0.0000136,
            "fingerprinting": 0,
            "subdomains": [
                "rtb"
            ],
            "apis": {},
            "sites": 2,
            "prevalence": 0.0000136,
            "cnames": [],
            "responseHashes": [],
            "type": "Preflight",
            "firstPartyCookies": {},
            "firstPartyCookiesSent": {
                "lotame_domain_check": 0.000013624071008658098
            },
            "exampleSites": [
                "thebiglead.com",
                "www.thebiglead.com"
            ]
        }
    ],
    "categories": [],
    "performance": {},
    "cookies": 0.0000886,
    "topInitiators": [
        {
            "domain": "mmvideocdn.com",
            "prevalence": 1
        }
    ],