{
    "domain": "voqally.com",
    "owner": {},
    "source": [
        "DuckDuckGo-US"
    ],
    "prevalence": 0.000116,
    "sites": 17,
    "subdomains": [
        "www",
        "media1",
        "media2",
        "prebid"
    ],
    "cnames": [],
    "fingerprinting": 2,
    "resources": [
        {
            "rule": "voqally\\.com\\/hub\\/app\\/r\\.js",
            "cookies": 0,
            "fingerprinting": 0,
            "subdomains": [
                "www"
            ],
            "apis": {},
            "sites": 13,
            "prevalence": 0.0000886,
            "cnames": [],
            "responseHashes": [
                "1848554536da2fc59375933efd652fe1e85b406b492df85210f0132a0147f633"
            ],
            "type": "Script",
            "firstPartyCookies": {},
            "firstPartyCookiesSent": {},
            "exampleSites": [
                "orlandoweekly.com",
                "m.orlandoweekly.com",
                "m.sevendaysvt.com",
                "uberhumor.com",
                "www.ahwatukee.com",
                "www.citybeat.com",
                "www.cltampa.com",
                "www.eastvalleytribune.com",
                "www.houstonpress.com",
                "www.pghcitypaper.com",
                "www.riverfronttimes.com",
                "www.scottsdale.org",
                "www.sevendaysvt.com"
            ]
        },
        {
            "rule": "voqally\\.com\\/hub\\/api\\/real1bykey",
            "cookies": 0,
            "fingerprinting": 0,
            "subdomains": [
                "www"
            ],
            "apis": {},
            "sites": 13,
            "prevalence": 0.0000886,
            "cnames": [],
            "responseHashes": [
                "4a2b9ff219da91dfbecb1f301cead0cff7737e7baa9b5ddee42828c05448274b",
                "7bbd69ccfc461338c0735cadf41bb583cdf4bcd999f18a53c36e887974b2ae0e",
                "c568af367d7573dadb27f4a28985a85b712f4cae575e280eaf34ea50b1641166",
                "31dec1edd4b1793ae18efd9f2a29411997fe494b4c45092740670b6961f72bb2",
                "77ffbda4838e7cd57e594e2e698c48ee0193f9de106ea6c8d74a7bf594804867",
                "3278b89d3b9467adb42f0a254248fbd692acfb843a8b34beef5b2c06e6aedc10",
                "4944c6c0ff82d7ebfdf932da1c8f7ee685bcfb93febfeefd0a20612c564382b0",
                "9fefb5e1aa699c4344679c7ae9a5571dca36e3564a2a9eb76befbd244d82b224",
                "55558cc227b90c655f3eb0421e72b62ef2b4948fcca3d30a90a817ac620bf8cd",
                "1bd8118162c6f623db9402f1f3484d3f38f0ba5cd02ffc380b1636a93964283e",
                "1ab62bbce8b70a95b7c1e55a3eb2281723e7fe6a84b4b95e6279dc4fe166e05a"
            ],
            "type": "XHR",
            "firstPartyCookies": {},
            "firstPartyCookiesSent": {},
            "exampleSites": [
                "orlandoweekly.com",
                "m.orlandoweekly.com",
                "m.sevendaysvt.com",
                "uberhumor.com",
                "www.ahwatukee.com",
                "www.citybeat.com",
                "www.cltampa.com",
                "www.eastvalleytribune.com",
                "www.houstonpress.com",
                "www.pghcitypaper.com",
                "www.riverfronttimes.com",
                "www.scottsdale.org",
                "www.sevendaysvt.com"
            ]
        },
        {
            "rule": "voqally\\.com\\/hub\\/app\\/reveal-one-v1-1-16\\.js",
            "cookies": 0,
            "fingerprinting": 1,
            "subdomains": [
                "www"
            ],
            "apis": {
                "Date.prototype.getTime": 10,
                "Navigator.prototype.userAgent": 10,
                "window.innerHeight": 9
            },
            "sites": 12,
            "prevalence": 0.0000817,
            "cnames": [],
            "responseHashes": [
                "de879e0d5b3f959b01f6e3e385f2ff59e81fe980b0d4d1c8c4266f03bcc084e6"
            ],
            "type": "Script",
            "firstPartyCookies": {},
            "firstPartyCookiesSent": {},
            "exampleSites": [
                "orlandoweekly.com",
                "m.sevendaysvt.com",
                "uberhumor.com",
                "www.ahwatukee.com",
                "www.citybeat.com",
                "www.cltampa.com",
                "www.eastvalleytribune.com",
                "www.houstonpress.com",
                "www.pghcitypaper.com",
                "www.riverfronttimes.com",
                "www.scottsdale.org",
                "www.sevendaysvt.com"
            ]
        },
        {
            "rule": "voqally\\.com\\/voqally\\/imager\\/u\\/16x9-m\\/4124754\\/soundbites1-teaser\\.jpg",
            "cookies": 0,
            "fingerprinting": 0,
            "subdomains": [
                "media1"
            ],
            "apis": {},
            "sites": 2,
            "prevalence": 0.0000136,
            "cnames": [],
            "responseHashes": [
                "4dfd8192e2ba897a4618c93f0681fa92d6b7204f1f4facdda0947fc76708c441"
            ],
            "type": "Image",
            "firstPartyCookies": {},
            "firstPartyCookiesSent": {},
            "exampleSites": [
                "sevendaysvt.com",
                "www.sevendaysvt.com"
            ]
        },
        {
            "rule": "voqally\\.com\\/voqally\\/imager\\/u\\/16x9-m\\/4124748\\/onscreen1-1-8f51a141954199d0\\.jpg",
            "cookies": 0,
            "fingerprinting": 0,
            "subdomains": [
                "media2"
            ],
            "apis": {},
            "sites": 2,
            "prevalence": 0.0000136,
            "cnames": [],
            "responseHashes": [
                "f7075dbf8110bb518c93cf99b31c7ed9b8aa19177a3ec03d44fe2cf7aa1865ba"
            ],
            "type": "Image",
            "firstPartyCookies": {},
            "firstPartyCookiesSent": {},
            "exampleSites": [
                "sevendaysvt.com",
                "www.sevendaysvt.com"
            ]
        },
        {
            "rule": "voqally\\.com\\/voqally\\/imager\\/u\\/16x9-m\\/4124752\\/sports1-6-0bbfc30c8e184c78\\.jpg",
            "cookies": 0,
            "fingerprinting": 0,
            "subdomains": [
                "media2"
            ],
            "apis": {},
            "sites": 2,
            "prevalence": 0.0000136,
            "cnames": [],
            "responseHashes": [
                "238aca848e5136c47f0d4135f8e724dc8c960fa59d8e9f9a7bcb77cdaacc2480"
            ],
            "type": "Image",
            "firstPartyCookies": {},
            "firstPartyCookiesSent": {},
            "exampleSites": [
                "sevendaysvt.com",
                "www.sevendaysvt.com"
            ]
        },
        {
            "rule": "voqally\\.com\\/voqally\\/imager\\/u\\/16x9-m\\/4124746\\/showtimes1-teaser-923ae83f546b66e9\\.jpg",
            "cookies": 0,
            "fingerprinting": 0,
            "subdomains": [
                "media1"
            ],
            "apis": {},
            "sites": 2,
            "prevalence": 0.0000136,
            "cnames": [],
            "responseHashes": [
                "2f5f50c8bd7420acedf4963040d24893917c4c2207d5b65e8c7cff0eb3807e6b"
            ],
            "type": "Image",
            "firstPartyCookies": {},
            "firstPartyCookiesSent": {},
            "exampleSites": [
                "sevendaysvt.com",
                "www.sevendaysvt.com"
            ]
        },
        {
            "rule": "voqally\\.com\\/voqally\\/imager\\/u\\/16x9-m\\/4124750\\/firstperson1-1-b17628a4d14c1fcc\\.jpg",
            "cookies": 0,
            "fingerprinting": 0,
            "subdomains": [
                "media1"
            ],
            "apis": {},
            "sites": 2,
            "prevalence": 0.0000136,
            "cnames": [],
            "responseHashes": [
                "eb7a9f9d1f7d8b37fb991009245ad27283941f2c7fd15109124c425a726f7317"
            ],
            "type": "Image",