{
    "domain": "vstserv.com",
    "owner": {},
    "source": [
        "DuckDuckGo-US"
    ],
    "prevalence": 0.000102,
    "sites": 15,
    "subdomains": [
        "vast"
    ],
    "cnames": [],
    "fingerprinting": 0,
    "resources": [
        {
            "rule": "vstserv\\.com\\/vast",
            "cookies": 0,
            "fingerprinting": 0,
            "subdomains": [
                "vast"
            ],
            "apis": {},
            "sites": 14,
            "prevalence": 0.0000954,
            "cnames": [],
            "responseHashes": [],
            "type": "Preflight",
            "firstPartyCookies": {},
            "firstPartyCookiesSent": {},
            "exampleSites": [
                "asianuncensoredvideos.com",
                "blackporn.tube",
                "eroio.net",
                "gettranny.com",
                "hclips.com",
                "indiaxxx.net",
                "javsecrets.com",
                "tubepornclassic.com",
                "voyeurhit.com",
                "wwv-xvideos.com",
                "www.dozrel.com",
                "www.porn4e.com",
                "xmilf.com",
                "zenporn.com"
            ]
        },
        {
            "rule": "vstserv\\.com\\/vast",
            "cookies": 0,
            "fingerprinting": 0,
            "subdomains": [
                "vast"
            ],
            "apis": {},
            "sites": 15,
            "prevalence": 0.000102,
            "cnames": [],
            "responseHashes": [
                "36d9678cdace3526c31c55bc03cd79fa19435bd9493d351515f86513fe214e1a",
                "c05700341140148c08f999e94ee5045907fc81d1357516c2bc0ece46d1fa84a4",
                "2b70a665a9a529603ae1fdc0e9a9fb0fc3cde88166a6e5e2814f3ed6a06b329e",
                "70df0e5424c64de045d7cd47289e7d1c76cf385a85e0e7e77cd4318842f6872d",
                "f320958a2cf97d2e2bf25bdc7d423ad96c7b92c64c73b845e811c4b29967e35f",
                "3daaff2e0c95c2dc2aff88c829cea9162ee8298e91f8cb2d719c872b12dce324",
                "609825f4a387e8f033afb462491560e526a04495582f166e8a303b0fce4b1a78",
                "85d0ee0747f522a477cd07485a90d4aec7ef6869007202518bf5e4964f4674af",
                "66b1d660a89176bc79b5f3950f814377e349fce9d6b5a86bc34b89bba3999ec0",
                "0e1c488507cf611612d9c860ae072529212def7ca4f071035c7e5c29b0889e5d",
                "7723a21799d8262923ddd4932229bf15f1a127e7d9ac42d1f72dca658897ad63",
                "5238ad6290980954938ba6a0b2688aef3f4e2308549735b3392496919ff10ae6"
            ],
            "type": "XHR",
            "firstPartyCookies": {},
            "firstPartyCookiesSent": {},
            "exampleSites": [
                "asianuncensoredvideos.com",
                "blackporn.tube",
                "eroio.net",
                "gettranny.com",
                "hclips.com",
                "indiaxxx.net",
                "javsecrets.com",
                "shemalez.com",
                "tubepornclassic.com",
                "voyeurhit.com",
                "wwv-xvideos.com",
                "www.dozrel.com",
                "www.porn4e.com",
                "xmilf.com",
                "zenporn.com"
            ]
        }
    ],
    "categories": [],
    "performance": {},
    "cookies": 0,
    "topInitiators": [
        {
            "domain": "first party",
            "prevalence": 0.4
        },
        {
            "domain": "txxx.com",
            "prevalence": 0.26666666666666666
        },
        {
            "domain": "vjav.com",
            "prevalence": 0.13333333333333333
        },
        {
            "domain": "voyeurhit.com",
            "prevalence": 0.06666666666666667
        },
        {
            "domain": "nv7s.com",
            "prevalence": 0.06666666666666667
        },
        {
            "domain": "thegay.com",
            "prevalence": 0.06666666666666667
        }
    ],
    "types": {
        "Preflight": 14,
        "XHR": 15
    },
    "nameservers": [
        "dilbert.ns.cloudflare.com",
        "asa.ns.cloudflare.com"
    ]
}