{
    "domain": "vuukle.net",
    "owner": {},
    "source": [
        "DuckDuckGo-US"
    ],
    "prevalence": 0.000238,
    "sites": 35,
    "subdomains": [
        "cpm"
    ],
    "cnames": [],
    "fingerprinting": 0,
    "resources": [
        {
            "rule": "vuukle\\.net\\/hb",
            "cookies": 0,
            "fingerprinting": 0,
            "subdomains": [
                "cpm"
            ],
            "apis": {},
            "sites": 27,
            "prevalence": 0.000184,
            "cnames": [],
            "responseHashes": [
                "c4c8ca1c89aa339ca7ea41540594f1bcb5a435bbbde00f2b6ffb25a96760bd1c",
                "64637e8f6b3815917000ea9bab8c3d469a29ba57e9df1da099dc679912131dcd",
                "18f766131f2ae489714d6db2abd3428512b2c2bb11aa7ecc94391645ba779524",
                "844b6086f3844faf47892e7cd43c4bd87b667f5b5f2421699a0bba00270fd124",
                "89a54c67bdd5e6aed2fde437a00a70d9e1d82ab9763a30fb5c127e9f5dbc17ff",
                "260968565459b64324fe6eaf002cfc858a5fbe990e0f8c81b0031340e860b512",
                "000e71276c094776a8fb792ed468bd317b205493fcf43d7f20f21c3dfd41478d",
                "fa7c2d1a2ff39889b07d657d088be3025383420bb8d2b8680a2dc535713f3348",
                "9b7c3c2cef072cf2793907684f83c636f8f88c718eef1c3ddc4bc7530874be69",
                "bbbe5f5b6863ecf9fe22a2232f6889ff442d64b2563d5f285533d4e575b890aa",
                "3ddc21f66055400eb4ccdbc664a4505a676d9c15e0fe2e67f002c5a031fd27af",
                "2b824a4bc5ba430f51335c88d2761f48110167547e0b080681b116f2f8c0a9e8",
                "28de7bd5b39d00ffcb022ed1af651b3934ab6f9660a26508e639e6dd7be25e07",
                "393f22e765bc155faad738ebe0379e6b7406aa56e634b425fd687e3d01ac2100",
                "e2a52ab0a5713bd18de197115c793aa7c081e684f8e8323d05c45c555f8f467f",
                "ad14e9b4ad11329b2a130f91cd63a3a0010089f99a8056a76e9bddc141702f51",
                "54c140b32468a0decfebc477f2b600b619c1c454601cec080eff182ef9abb5a1",
                "927cc5bce4e93163d8a1fe551af44ee3f559d58ddd34794b431890b73baaa9f4"
            ],
            "type": "XHR",
            "firstPartyCookies": {},
            "firstPartyCookiesSent": {},
            "exampleSites": [
                "sofrep.com",
                "telanganatoday.com",
                "newsinfo.inquirer.net",
                "taxguru.in",
                "www.prajavani.net",
                "www.onlymyhealth.com",
                "didyouknowfacts.com",
                "eurweb.com",
                "timesofsandiego.com",
                "www.thephoblographer.com",
                "www.bonobology.com",
                "abc-7.com",
                "www.vikatan.com",
                "celebritate.com",
                "www.audizine.com",
                "www.sportsmole.co.uk",
                "thesource.com",
                "www.agrifarming.in",
                "usa.inquirer.net",
                "www.gulte.com"
            ]
        },
        {
            "rule": "vuukle\\.net\\/hb",
            "cookies": 0,
            "fingerprinting": 0,
            "subdomains": [
                "cpm"
            ],
            "apis": {},
            "sites": 7,
            "prevalence": 0.0000477,
            "cnames": [],
            "responseHashes": [
                "32011238544096fb49096c3ce221e1019bf8428915f2d23a0f29cdcf061ded98",
                "41498568c425e5967b60c83b62338d22dcf7d62c0a4dcb66f0cbb6b9c6a1c2ee",
                "4bcf81a8680bc345c9c0fae0d636cb1f9b4c80d571230d32868698f6e6807193"
            ],
            "type": "Fetch",
            "firstPartyCookies": {},
            "firstPartyCookiesSent": {},
            "exampleSites": [
                "mathrubhumi.com",
                "nbc-2.com",
                "theaviationist.com",
                "www.gulte.com",
                "www.manoramaonline.com",
                "www.philstar.com",
                "www.thephoblographer.com"
            ]
        }
    ],
    "categories": [],
    "performance": {},
    "cookies": 0.00000681,
    "topInitiators": [
        {
            "domain": "vuukle.com",
            "prevalence": 0.9534883720930233
        },
        {
            "domain": "first party",
            "prevalence": 0.023255813953488372
        },
        {
            "domain": "adkernel.com",
            "prevalence": 0.023255813953488372
        }
    ],
    "types": {
        "XHR": 27,
        "Fetch": 7
    },
    "nameservers": [
        "carl.ns.cloudflare.com",
        "emma.ns.cloudflare.com"
    ]
}