{
    "domain": "w3counter.com",
    "owner": {
        "name": "Awio Web Services LLC",
        "displayName": "Awio Web Services"
    },
    "source": [
        "DuckDuckGo-US"
    ],
    "prevalence": 0.000109,
    "sites": 16,
    "subdomains": [
        "www",
        "pulse"
    ],
    "cnames": [],
    "fingerprinting": 1,
    "resources": [
        {
            "rule": "w3counter\\.com\\/tracker\\.js",
            "cookies": 0.0000545,
            "fingerprinting": 1,
            "subdomains": [
                "www"
            ],
            "apis": {
                "Navigator.prototype.userAgent": 7,
                "Screen.prototype.width": 6,
                "Screen.prototype.height": 6,
                "PerformanceTiming.prototype.navigationStart": 6
            },
            "sites": 9,
            "prevalence": 0.0000613,
            "cnames": [],
            "responseHashes": [
                "ff0df0b465cfd77ca0562974af998ca3298e5238d45b32fbc19ca0df76fa7501",
                "b9861fb1d83f8b3564fb902672c1e6c5893ab46252ff2d13f4c95911b7fe98d9",
                "08dcfb5c696a3c60c4bc095d291d4c8bf38f55d5a192bc5256f103218cbaf85f",
                "80ef4e33da035bf359da004b0571de9a1c770edb014dd89c5b22bb06c2ed3215",
                "4cf94df0ffd9ee45dfa7df5200b145531a0756ae30886bf22f339768079fd314",
                "84808195a766d241be380dca55e45fa72709e7c0ce82ed9481ba621f78082290",
                "30d61fca52a15fae53cc0c2f7b0a4076176a91ab8ca85238d39a4007d787e34a",
                "90d704472e3b3df5a8ed47f29c246f941814eeb59b3226a3b9e079f2bf6a2714"
            ],
            "type": "Script",
            "firstPartyCookies": {},
            "firstPartyCookiesSent": {},
            "exampleSites": [
                "4tube.hu",
                "dutchreview.com",
                "moneypantry.com",
                "ukranews.com",
                "www.aboutflr.com",
                "www.ancientpages.com",
                "youngporntv.com"
            ]
        },
        {
            "rule": "w3counter\\.com\\/track\\/pv",
            "cookies": 0.0000477,
            "fingerprinting": 0,
            "subdomains": [
                "www"
            ],
            "apis": {},
            "sites": 7,
            "prevalence": 0.0000477,
            "cnames": [],
            "responseHashes": [
                "e3b0c44298fc1c149afbf4c8996fb92427ae41e4649b934ca495991b7852b855"
            ],
            "type": "Script",
            "firstPartyCookies": {},
            "firstPartyCookiesSent": {
                "lotame_domain_check": 0.000006812035504329049
            },
            "exampleSites": [
                "4tube.hu",
                "dutchreview.com",
                "moneypantry.com",
                "ukranews.com",
                "www.aboutflr.com",
                "youngporntv.com"
            ]
        },
        {
            "rule": "w3counter\\.com\\/pulse\\.js",
            "cookies": 0,
            "fingerprinting": 1,
            "subdomains": [
                "pulse"
            ],
            "apis": {
                "Date.prototype.getTime": 2,
                "Navigator.prototype.userAgent": 2
            },
            "sites": 2,
            "prevalence": 0.0000136,
            "cnames": [],
            "responseHashes": [
                "4ef60ccacae12870bc7e3dfc967cf482e31a9d8c7033f880c7869d8a1a0f80ef"
            ],
            "type": "Script",
            "firstPartyCookies": {},
            "firstPartyCookiesSent": {},
            "exampleSites": [
                "ukranews.com",
                "www.ancientpages.com"
            ]
        },
        {
            "rule": "w3counter\\.com\\/ping\\.js",
            "cookies": 0,
            "fingerprinting": 0,
            "subdomains": [
                "pulse"
            ],
            "apis": {},
            "sites": 2,
            "prevalence": 0.0000136,
            "cnames": [],
            "responseHashes": [
                "e3b0c44298fc1c149afbf4c8996fb92427ae41e4649b934ca495991b7852b855"
            ],
            "type": "Script",
            "firstPartyCookies": {},
            "firstPartyCookiesSent": {},
            "exampleSites": [
                "ukranews.com",
                "www.ancientpages.com"
            ]
        },
        {
            "rule": "w3counter\\.com\\/tracker\\.php",
            "cookies": 0.0000136,
            "fingerprinting": 0,
            "subdomains": [
                "www"
            ],
            "apis": {},
            "sites": 2,
            "prevalence": 0.0000136,
            "cnames": [],
            "responseHashes": [
                "45276e9e9377d3c223cb4ed8af46cc8e777e8d4f74a0fa7cd7a8a7c84ec9d139"
            ],
            "type": "Image",
            "firstPartyCookies": {},
            "firstPartyCookiesSent": {},
            "exampleSites": [
                "ancientpages.com",
                "www.ancientpages.com"
            ]
        }
    ],
    "categories": [],
    "performance": {},
    "cookies": 0.0000954,
    "topInitiators": [
        {
            "domain": "first party",
            "prevalence": 0.8695652173913043
        },
        {
            "domain": "googletagmanager.com",
            "prevalence": 0.08695652173913043
        },
        {
            "domain": "cinemakaca21.com",
            "prevalence": 0.043478260869565216
        }
    ],
    "types": {
        "Script": 20,
        "Image": 2
    },
    "nameservers": [
        "nina.ns.cloudflare.com",
        "james.ns.cloudflare.com"
    ]
}