{
    "domain": "wdsvc.net",
    "owner": {
        "name": "Wiland, Inc.",
        "displayName": "Wiland"
    },
    "source": [
        "DuckDuckGo-US"
    ],
    "prevalence": 0.000559,
    "sites": 82,
    "subdomains": [
        "tags"
    ],
    "cnames": [],
    "fingerprinting": 1,
    "resources": [
        {
            "rule": "wdsvc\\.net\\/controller\\.js",
            "cookies": 0.000334,
            "fingerprinting": 1,
            "subdomains": [
                "tags"
            ],
            "apis": {
                "Document.cookie getter": 47,
                "Date.prototype.getTime": 49,
                "Document.cookie setter": 47
            },
            "sites": 56,
            "prevalence": 0.000381,
            "cnames": [],
            "responseHashes": [
                "5bea009b747dfb900b4602566d1a28f09cc2441b48c8c19e8c80f672d7fb4df8",
                "954ae00281e5dfb86fb47522d5cd13f30ed702de0265d6f7af98594e0a9747f5",
                "e8585be9e9ef78532aeeea624bfcac8a887eb2e9ba580cabe4f5d66f96093109",
                "3d1fa225028ea59365b6e2f96fe50ed091cd8bd7f4a676c120fb3b8aa58a39a6",
                "e7a90dda4bd0f1b496b1922289337da0f1590f46e6c46514849ef67b898b8e02",
                "9a8457fb8c427aa260d4c5e7c636906faf56dbe5cb59df91277baf477984a44c",
                "e6718c7834be5d6812b314f718bdec5dd4cb38488909811ed8d39d7a96330225",
                "a6e548994fd007a386e59a5344348f4041e7f57f50dd3334a340b3e3b2e7041d",
                "78bad6fcc1a6da85ebaa6b06e66e37e05a4586affe3fdf5e96b8b388211e8c82",
                "3c3858140916474e948d4d2aa0a32c1b62a304ad44244262e761be18d1a6c16b",
                "94de690a231dbe49ffde59252853d756eb25785169d111b982cb13fcfaac060a",
                "d05864269a968c3fe71718bd3e0cf5c3e8b03e5f7dc0e4d6de15236e45d05ead",
                "948ba8c06bab089d25812e8f7903ed94ab5e6d8e7f86088e13e39936c0789507",
                "09600c86f4fcab8b3851d43486b1f05c920003745d58522372a79e5c2328b431",
                "f90d39eb7567af3606d70f506000dde38b3673e8ee0ef5b4e04cc92b9f4b9c50",
                "ff48ab1df54e0253c67a44a6175e11a7ec3bd852adbce982d5efd20105657ed4",
                "0c9493381d45909e838d476404e4b5326206fd7b975ae4c5b1b88ee49fceda62",
                "c2d4bfb3dc9ab4710cba5192ea3ddbde967bcc51b8e930bdedb0b62a940aa789",
                "3e913c567b26e13e6e9d1e7a59bedb9b15bae781d951507159f42eb088b1a7db",
                "ae3fe7ceaa3ea1b7b86d8a750bbb1af3362bec39cb1deddb53d3b97b39df6db0",
                "88dd2a78ebc5265c9f5f277bd3a438e06c821c9c1734950e040b183c42b21b3a",
                "72475129a3a3c9939281a8f229a00aa14bacb9a541e6d3b8aaaeb431edaa65e1",
                "40df2c14d9c80a4aa40b6ece5a4069afd6519aff3983482858ba2a3c371b07e5",
                "5c080ea101d88e446444cd76771c1550e24ff2f0eebccee53834d5412dfaa209",
                "9ede3a9835e5816eea09831aaa5ac9d1ecc4ca19a0408ccbb98b01301b3de128",
                "5958037a5f113df18c2db99557cc2e97814f16e8e48c80e05f7a2b4aa8434b71",
                "676e88648a770bcd6090729dbdd66fca05b29b6230016f09145043137fcd3a90",
                "0640872aae20178f10037e8a0dd17ee9f459ebfe7897d39e01c6636515d76da8",
                "c4a92d9dde3390e3ee5375eeab878345d22edc2cb8d970f6e970b02ca5c3bbc3",
                "db99e3dffe022b3ce238366f95bc3d3e2ea490150a9cd26a5c0c7814b7a85bf7",
                "58992b7e65818340689250db4ffe4ca20a5734f755e154a01f697e56479ba80d",
                "726a7e2933a0d39501afb34d9d1dd4153fe43cebdb188f1219d7613273aefb84",
                "186f1155797b917d6ce5b804d5cf746f460b8d163fd377bf04b5c96e2d51d1e7",
                "306e6d75cdbe280f41ab7432dd41749a5acf1ea0a00263babbf5ccabeda2bbb2",
                "4c1387f27886433ebad261b5ae590d88fc34939d2810790ca35a89fa40db6c6c"
            ],
            "type": "Script",
            "firstPartyCookies": {
                "wds_random": {
                    "ttl": 94608007,
                    "length": 70,
                    "prevalence": 0.0003201656687034653,
                    "uniqueness": 1
                },
                "__WDS1": {
                    "ttl": 94608007,
                    "length": 75,
                    "prevalence": 0.0003201656687034653,
                    "uniqueness": 1
                },
                "test": {
                    "ttl": -1542783762,
                    "length": 1,
                    "prevalence": 0.000006812035504329049,
                    "uniqueness": 1
                }
            },
            "firstPartyCookiesSent": {},
            "exampleSites": [
                "aldf.org",
                "www.traillink.com",
                "lovetotherescue.org",
                "www.cbf.org",
                "appalachiantrail.org",
                "www.biblicalarchaeology.org",
                "www.tpl.org",
                "www.vfw.org",
                "www.gaia.com",
                "www.tienda.com",
                "www.theepochtimes.com",
                "m.humanesociety.org",
                "www.pictureframes.com",
                "www.worldjewishcongress.org",
                "www.savethechildren.org",
                "www.wabash.edu",
                "www.cancer.org",
                "easternusa.salvationarmy.org",
                "www.aicr.org",
                "www.compassionandchoices.org"
            ]
        },
        {
            "rule": "wdsvc\\.net\\/container\\.js",
            "cookies": 0.000334,
            "fingerprinting": 0,
            "subdomains": [
                "tags"
            ],
            "apis": {},
            "sites": 49,
            "prevalence": 0.000334,
            "cnames": [],