{
    "domain": "webstats1.com",
    "owner": {},
    "source": [
        "DuckDuckGo-US"
    ],
    "prevalence": 0.0000749,
    "sites": 11,
    "subdomains": [],
    "cnames": [],
    "fingerprinting": 0,
    "resources": [
        {
            "rule": "webstats1\\.com\\/www\\/delivery\\/afr\\.php",
            "cookies": 0.0000749,
            "fingerprinting": 0,
            "subdomains": [],
            "apis": {},
            "sites": 11,
            "prevalence": 0.0000749,
            "cnames": [],
            "responseHashes": [
                "bee9cface049546f4117184b278f016cab8eb7a7a550c536f8f3407ea7c35102",
                "2a0ee335c1fb2acf18f348451efa96dee13b7c416957e2df8a3e1b5db35b317d",
                "9fd5f37909ea0bb6e6267a0460c9fa494208285fe24d379d47c35486d44ab21f",
                "f274504f4ae702ca202a55d2f14eb2f2d3222d2c48f17cb84b1de29c3a888300",
                "b4fc195d3bd2c96deefde4b59a1879637dfa38035a609bd78c063a4c9963e32e",
                "d73571f29f589721d4a8d5d8dd0aa6dff2fada1e51a9592f938a7925bb383c94",
                "baccefc4553f35fe3810052451540c8f21bdc50a53585de41f169be2afd95e5f",
                "5d6587378905faeae81a0365c063b52b4d0d35b399898385fe62a8280607ffe8",
                "0131c258cfa98788713019731c221fac2beabaceba847163fe46277ded4180fa",
                "90cf6ff203b256a2b6468af6e4388b28a0c628526bbac00274d8939c4773b9a8"
            ],
            "type": "Document",
            "firstPartyCookies": {},
            "firstPartyCookiesSent": {},
            "exampleSites": [
                "hentaikai.com",
                "hentailegendado.com",
                "meuhentai.com",
                "putaxvideos.com",
                "www.assistirhentai.com",
                "www.casadoscontos.com.br",
                "www.hentaihome.net",
                "www.hentaistube.com",
                "www.mixputaria.com",
                "www.muitohentai.com",
                "www.naoconto.com"
            ]
        },
        {
            "rule": "webstats1\\.com\\/www\\/images\\/a678135c246a4e3d344900f6164ba2b0\\.gif",
            "cookies": 0,
            "fingerprinting": 0,
            "subdomains": [],
            "apis": {},
            "sites": 2,
            "prevalence": 0.0000136,
            "cnames": [],
            "responseHashes": [
                "2b1a40572dd3cf99bbd34d1dfc00ac8f363feec5149f47ff6f80505242b2b74b"
            ],
            "type": "Image",
            "firstPartyCookies": {},
            "firstPartyCookiesSent": {},
            "exampleSites": [
                "hentaikai.com",
                "www.hentaihome.net"
            ]
        },
        {
            "rule": "webstats1\\.com\\/www\\/delivery\\/lg\\.php",
            "cookies": 0.0000749,
            "fingerprinting": 0,
            "subdomains": [],
            "apis": {},
            "sites": 11,
            "prevalence": 0.0000749,
            "cnames": [],
            "responseHashes": [
                "e963e7196beb9123059ec3534b042ebcd1ef0a470fa568bfbebfeab2f33c4fda"
            ],
            "type": "Image",
            "firstPartyCookies": {},
            "firstPartyCookiesSent": {
                "lotame_domain_check": 0.000013624071008658098
            },
            "exampleSites": [
                "hentaikai.com",
                "hentailegendado.com",
                "meuhentai.com",
                "putaxvideos.com",
                "www.assistirhentai.com",
                "www.casadoscontos.com.br",
                "www.hentaihome.net",
                "www.hentaistube.com",
                "www.mixputaria.com",
                "www.muitohentai.com",
                "www.naoconto.com"
            ]
        },
        {
            "rule": "webstats1\\.com\\/www\\/images\\/aec95045842a6dd2d7f0e1e6a239363a\\.gif",
            "cookies": 0,
            "fingerprinting": 0,
            "subdomains": [],
            "apis": {},
            "sites": 2,
            "prevalence": 0.0000136,
            "cnames": [],
            "responseHashes": [
                "ad7dac8f9432bfd75b4c23a535258f04231b1be8f0cf03892869345a7708303e"
            ],
            "type": "Image",
            "firstPartyCookies": {},
            "firstPartyCookiesSent": {},
            "exampleSites": [
                "hentaikai.com",
                "putaxvideos.com"
            ]
        },
        {
            "rule": "webstats1\\.com\\/cdn-cgi\\/challenge-platform\\/scripts\\/jsd\\/main\\.js",
            "cookies": 0,
            "fingerprinting": 0,
            "subdomains": [],
            "apis": {},
            "sites": 11,
            "prevalence": 0.0000749,
            "cnames": [],
            "responseHashes": [
                "f242518f1779f122b6443dfb8de23cca7f95a3f8497f4d47ca423abd90ccdb2b",
                "edbe65cf5d3bca1a88559232377d55081e924a0c9ad0b56d9521b5dac24cc7c3",
                "20484ae100072ea3d5e4c27636cd7fd48f76bc529fa6c5fe2137522499e4c821",
                "7bd6a42bbd0e0bf68ad4bef598005e534286682b98456d054a039d8ecbd32c46",
                "6f4c14fe3c9daa32157d7efc1c6ad846322d90add07a87201df87b60fc7ada6c",
                "83c1ffeff999f171bca677956f5b62aa09f48efaaba87f3f6a4c957d53898d1e",
                "197a414c1aeabed02a1d3dfc460a6ce9498f8635b03f98b66170f0a2316d6caf",
                "a323330cda3e61be6381abb7c49dcdc87aebc4571b780ce74eab06a7f95706a9",
                "d145e7483215e4f9859982a9fe9127c6ffef6190d52e29e1c82f8a90cf37827c"
            ],
            "type": "Script",
            "firstPartyCookies": {},
            "firstPartyCookiesSent": {},
            "exampleSites": [
                "hentaikai.com",
                "hentailegendado.com",
                "meuhentai.com",
                "putaxvideos.com",
                "www.assistirhentai.com",
                "www.casadoscontos.com.br",
                "www.hentaihome.net",
                "www.hentaistube.com",
                "www.mixputaria.com",
                "www.muitohentai.com",
                "www.naoconto.com"
            ]
        },
        {
            "rule": "webstats1\\.com\\/cdn-cgi\\/challenge-platform\\/h\\/b\\/scripts\\/jsd\\/61b90d1d\\/main\\.js",
            "cookies": 0,
            "fingerprinting": 0,
            "subdomains": [],
            "apis": {},
            "sites": 11,
            "prevalence": 0.0000749,
            "cnames": [],
            "responseHashes": [
                "f242518f1779f122b6443dfb8de23cca7f95a3f8497f4d47ca423abd90ccdb2b",
                "edbe65cf5d3bca1a88559232377d55081e924a0c9ad0b56d9521b5dac24cc7c3",
                "20484ae100072ea3d5e4c27636cd7fd48f76bc529fa6c5fe2137522499e4c821",
                "7bd6a42bbd0e0bf68ad4bef598005e534286682b98456d054a039d8ecbd32c46",
                "6f4c14fe3c9daa32157d7efc1c6ad846322d90add07a87201df87b60fc7ada6c",
                "83c1ffeff999f171bca677956f5b62aa09f48efaaba87f3f6a4c957d53898d1e",
                "197a414c1aeabed02a1d3dfc460a6ce9498f8635b03f98b66170f0a2316d6caf",
                "a323330cda3e61be6381abb7c49dcdc87aebc4571b780ce74eab06a7f95706a9",
                "d145e7483215e4f9859982a9fe9127c6ffef6190d52e29e1c82f8a90cf37827c"
            ],
            "type": "Script",
            "firstPartyCookies": {},
            "firstPartyCookiesSent": {},
            "exampleSites": [
                "hentaikai.com",
                "hentailegendado.com",
                "meuhentai.com",
                "putaxvideos.com",
                "www.assistirhentai.com",
                "www.casadoscontos.com.br",
                "www.hentaihome.net",
                "www.hentaistube.com",
                "www.mixputaria.com",
                "www.muitohentai.com",
                "www.naoconto.com"
            ]
        },
        {
            "rule": "webstats1\\.com\\/www\\/images\\/effd53245607661d17b3f305138cef8b\\.gif",
            "cookies": 0,
            "fingerprinting": 0,
            "subdomains": [],
            "apis": {},