{
    "domain": "weekli.de",
    "owner": {},
    "source": [
        "DuckDuckGo-DE"
    ],
    "prevalence": 0.00131,
    "sites": 13,
    "subdomains": [
        "epaper-esslinger-zeitung",
        "frankenpost",
        "insuedthueringen",
        "kurier",
        "lr-online",
        "moz",
        "np-coburg",
        "oz-online",
        "schwarzwaelder-bote",
        "stuttgarter-zeitung",
        "stuttgarter-nachrichten",
        "swp",
        "zvw"
    ],
    "cnames": [],
    "fingerprinting": 1,
    "resources": [
        {
            "rule": "weekli\\.de\\/widget-loader",
            "cookies": 0,
            "fingerprinting": 0,
            "subdomains": [
                "epaper-esslinger-zeitung",
                "frankenpost",
                "insuedthueringen",
                "kurier",
                "lr-online",
                "moz",
                "np-coburg",
                "oz-online",
                "schwarzwaelder-bote",
                "stuttgarter-zeitung",
                "stuttgarter-nachrichten",
                "swp",
                "zvw"
            ],
            "apis": {},
            "sites": 13,
            "prevalence": 0.00131,
            "cnames": [],
            "responseHashes": [
                "a53766f8632873e3ed82ab1471b2feeb442bf3863c2481040482e139c75799ce",
                "18769d50d3897c503d847b7cdd587d6e1fc23315c96bd87b4d1e31283cf7ec17",
                "83ae0b27aa359341479221514771757e948ce41fc2f8ca12654c53ed223845fe",
                "e7d8becc3dc1dc7d6d6b93a17bf90c82e19223871561f0cc08412eb6ce9c819c",
                "8eac817a2fa2a29a8f3205f829a769726b6a321c9c26f90352dfde4b98166ebf",
                "affc40c42316cbeccc6b80fe6201af25c81d28c0b59e0b5c0096bfb09320bbeb",
                "66a42efc31fdecd85985e96b3ba87e582e4906cb24523297af2b9450f50fb38d",
                "d8ff12628d8811a5f80c2e679ba05203c5c1afd92dd6efd775f5feea4c05dd4a",
                "a442535f938227ac9a03ebd79514ec41bdfb0d2fb99290d86872aafb566927ba",
                "71e3ed80b3d2c3f8f52e432ef0177cfa65571061a30d9b16a1013ab6939eb289",
                "3710680caa7a232c2f191fcf39374a4d4582edae6f0e6c32e1357e72cca3deb4",
                "7107db8d6076249d4176a477767f3910f54ffb1f63a7959e6cfdfb7fb67ef96b"
            ],
            "type": "Document",
            "firstPartyCookies": {},
            "firstPartyCookiesSent": {},
            "exampleSites": [
                "esslinger-zeitung.de",
                "www.frankenpost.de",
                "www.insuedthueringen.de",
                "www.kurier.de",
                "www.lr-online.de",
                "www.moz.de",
                "www.np-coburg.de",
                "www.oz-online.de",
                "www.schwarzwaelder-bote.de",
                "www.stuttgarter-zeitung.de",
                "www.stuttgarter-nachrichten.de",
                "www.swp.de",
                "www.zvw.de"
            ]
        },
        {
            "rule": "weekli\\.de\\/api\\/a\\/list",
            "cookies": 0.00131,
            "fingerprinting": 0,
            "subdomains": [
                "epaper-esslinger-zeitung",
                "frankenpost",
                "insuedthueringen",
                "kurier",
                "lr-online",
                "moz",
                "np-coburg",
                "oz-online",
                "schwarzwaelder-bote",
                "stuttgarter-zeitung",
                "stuttgarter-nachrichten",
                "swp",
                "zvw"
            ],
            "apis": {},
            "sites": 13,
            "prevalence": 0.00131,
            "cnames": [],
            "responseHashes": [
                "9c3436dda9263f0c2893c177593f8db93a428f3a5641628a6ef15899ab96d172",
                "c62fd0361f320c2876c8895be045f635cdadb99a8dd7c4a25c09fabaa1a13215",
                "248957637260994b1d4e20ce8812957d10c307ed2fac3efb4920f4af5637c863",
                "ae1cbff6192e9d48a81a9ab30a325b2020797accfe117da3caa2f52bf8fe1030",
                "f6e42e6613dec8f9a429adbdfed70679c1584266d174715e131100c51e9ce3c1",
                "54b47f6df134452523d37d6994c6c1892e64474410a936266b54ef7011d0d839",
                "c3a80f190c301b21ea70748c2761f373af5949299da56f4f0b6369f94b557314",
                "1852db1edf5bbb889b5810c24db41a550c8ee3e4b45e0115b0d09bc1deb9bbe4",
                "8290e5652b712dc63adb1609a033b6e7b2d1d0540e3bc746cb2407183eddb4c4",
                "bbde00ad4d8d60d6c898f84f54a42643c7e1f16a3d60240d23522cbad519e7a5",
                "5f13b3aef5042acc9e67748ec599b1365e2319571598f3ea31fbaaadc046aff5",
                "bbb4abc73403084c02f0ead6f8e9790da9e69a4c20e4a86d047acf02e816801e"
            ],
            "type": "XHR",
            "firstPartyCookies": {},
            "firstPartyCookiesSent": {},
            "exampleSites": [
                "esslinger-zeitung.de",
                "www.frankenpost.de",
                "www.insuedthueringen.de",
                "www.kurier.de",
                "www.lr-online.de",
                "www.moz.de",
                "www.np-coburg.de",
                "www.oz-online.de",
                "www.schwarzwaelder-bote.de",
                "www.stuttgarter-zeitung.de",
                "www.stuttgarter-nachrichten.de",
                "www.swp.de",
                "www.zvw.de"
            ]
        },
        {
            "rule": "weekli\\.de\\/static\\/widget\\/scroll-widget\\/scroll-widget-1\\.0\\.0\\.css",
            "cookies": 0,
            "fingerprinting": 0,
            "subdomains": [
                "frankenpost",
                "insuedthueringen",
                "np-coburg"
            ],
            "apis": {},
            "sites": 3,
            "prevalence": 0.000302,
            "cnames": [],
            "responseHashes": [
                "555ecdb9a8ee813643d549ed95b1c70e4e96e9a5a7d717d71fb74f6e4faf6459"
            ],
            "type": "Stylesheet",
            "firstPartyCookies": {},
            "firstPartyCookiesSent": {},
            "exampleSites": [
                "frankenpost.de",
                "www.insuedthueringen.de",
                "www.np-coburg.de"
            ]
        },
        {
            "rule": "weekli\\.de\\/static-weekli\\.net\\/static\\/common\\/fonts\\/roboto\\/roboto\\.css",
            "cookies": 0,
            "fingerprinting": 0,
            "subdomains": [
                "frankenpost",
                "insuedthueringen",
                "lr-online",
                "moz",
                "swp"
            ],
            "apis": {},
            "sites": 5,
            "prevalence": 0.000504,
            "cnames": [],
            "responseHashes": [
                "ab5a98d98f9b329b384c7f9416c44b13b7c885957c34a26f2ab4408a041e0f09"
            ],
            "type": "Stylesheet",
            "firstPartyCookies": {},
            "firstPartyCookiesSent": {},
            "exampleSites": [
                "frankenpost.de",
                "www.insuedthueringen.de",
                "www.lr-online.de",
                "www.moz.de",
                "www.swp.de"
            ]
        },
        {
            "rule": "weekli\\.de\\/static\\/widget\\/scroll-widget\\/scroll-widget-1\\.0\\.0\\.src\\.js",
            "cookies": 0,
            "fingerprinting": 1,
            "subdomains": [
                "frankenpost",
                "insuedthueringen",
                "np-coburg"
            ],
            "apis": {
                "window.devicePixelRatio": 3
            },
            "sites": 3,
            "prevalence": 0.000302,
            "cnames": [],
            "responseHashes": [
                "98c7e1edb942d052f3a2f7c22c5cc0750d803111707f0c9b64dc800ab0ab1bd6"
            ],
            "type": "Script",
            "firstPartyCookies": {},
            "firstPartyCookiesSent": {},