{
    "domain": "weserv.nl",
    "owner": {},
    "source": [
        "DuckDuckGo-US"
    ],
    "prevalence": 0.000157,
    "sites": 23,
    "subdomains": [
        "images"
    ],
    "cnames": [],
    "fingerprinting": 0,
    "resources": [
        {
            "rule": "weserv\\.nl\\/",
            "cookies": 0,
            "fingerprinting": 0,
            "subdomains": [
                "images"
            ],
            "apis": {},
            "sites": 21,
            "prevalence": 0.000143,
            "cnames": [],
            "responseHashes": [
                "10c76166915f1a19c06ddab5666fc9d032b3926f6685650884d4f127098b25bf",
                "5bb7237398020457de1c88374bbc93a58ca5b28f47df88cbee733ca882bc160e",
                "ba46d929dba7c80a3f5a9e1d824473407568b1963c6ad1b96553bceabadf9ccc",
                "248d10fbf198b48d37bc54875ff4050dd191f4d03c44beb10cec96d6ced2d7a2",
                "47917e20439058c1c67b04816805f8ace053eca2d8512be3deedb9d944edc03d",
                "9bfaa3fb771c99596bbc00f4d7b971b182fa92dedc106c731d89934e762d48d5",
                "dd61d401b815945f8865eee1557260a75a3e2d4e56607a5a457ed6f841df32b4",
                "8c6c2f16fda91d5b6bc13bdad54acb936440c2f9e8e2ee2da668a08e5fe9d362",
                "6c93e2461704d0e71bc117d46099e3eb410dad9b255a7bedb1bbb87924c73dde",
                "53858f7e2f47f1902918469459fbc3d1ec103d936450fa3ab86d29d54437e2cc",
                "40163522f1a6475ef0e1b7800c33424a52b22d8744b106ebe82fb7afe6eef706",
                "555e7fdc9b2cd452a762d4da456b99d53fafcbfd4b4cd3d736a7e7aecd94d600",
                "c7949658c8b892d4755e9eda4b0cd709b8dd92d1838a64b9e8548f69e739014d",
                "bf435ac5f9a55b45594cdcba9a3a9848b4a4a4b952f620d90f928774306774dc",
                "b3894b8bfd5ccecfaf6ead69e871b3908e2896ac119254405e0b97703196423b",
                "ccd14005a57e815625025baf94ba3b4a5c00bcd67c4f589c58739b4b2ea9140e",
                "7d132d83948a2700244b686ea4f9348dac690dd12318244325f646c84d330385",
                "a172193076939a2fd062db2a54fd10ec1e4117ea338a6e190693e75d3639252f"
            ],
            "type": "Image",
            "firstPartyCookies": {},
            "firstPartyCookiesSent": {},
            "exampleSites": [
                "bflix.app",
                "www.bleachbit.org",
                "tinyzonetv.watch",
                "www.mpc-forums.com",
                "www7.mejortorrent.rip",
                "www.popular-babynames.com",
                "www1.myflixer.stream",
                "dropshipping.com",
                "www1.0123movie.stream",
                "moviesjoy.cx",
                "thedailyneopets.com",
                "myflixer.lol",
                "wordandway.org",
                "marcianotorrent.net",
                "moviesjoy.onl",
                "swatchseries.stream",
                "redstatewatcher.com",
                "nv.ua",
                "tik.fail",
                "flixtor.watch"
            ]
        }
    ],
    "categories": [],
    "performance": {},
    "cookies": 0,
    "topInitiators": [
        {
            "domain": "first party",
            "prevalence": 0.9609756097560975
        },
        {
            "domain": "cloudflare.com",
            "prevalence": 0.03902439024390244
        }
    ],
    "types": {
        "Image": 21
    },
    "nameservers": [
        "jim.ns.cloudflare.com",
        "iris.ns.cloudflare.com"
    ]
}