{
    "domain": "whatfinger.com",
    "owner": {},
    "source": [
        "DuckDuckGo-US"
    ],
    "prevalence": 0.000129,
    "sites": 19,
    "subdomains": [
        "choiceclips"
    ],
    "cnames": [],
    "fingerprinting": 0,
    "resources": [
        {
            "rule": "whatfinger\\.com\\/widgets\\/aznew-wfw\\.js",
            "cookies": 0,
            "fingerprinting": 0,
            "subdomains": [
                "choiceclips"
            ],
            "apis": {},
            "sites": 9,
            "prevalence": 0.0000613,
            "cnames": [],
            "responseHashes": [
                "d4eaec858474f17cfe2930fc1de5994621679c350b330a66fb7f420aadaf81c1"
            ],
            "type": "Script",
            "firstPartyCookies": {},
            "firstPartyCookiesSent": {},
            "exampleSites": [
                "canadafreepress.com",
                "newswithviews.com",
                "slaynews.com",
                "theeconomiccollapseblog.com",
                "trendingpoliticsnews.com",
                "vidmax.com",
                "welovetrump.com",
                "wltreport.com",
                "www.theburningplatform.com"
            ]
        },
        {
            "rule": "whatfinger\\.com\\/widgets\\/server\\/azwidget-videos\\.php",
            "cookies": 0,
            "fingerprinting": 0,
            "subdomains": [
                "choiceclips"
            ],
            "apis": {},
            "sites": 10,
            "prevalence": 0.0000681,
            "cnames": [],
            "responseHashes": [
                "f69248098062e6dde3fca1c2c34796b14c5d6ae1dcb547b0d26f5855ec14c3f3",
                "64de5239c98e9e08b99af091c28c6d3ccc0fc95fb8b910edf0abaf4a7a8dcae6",
                "38010c8e8b2cac918dd2f387d4f042eb3fd1d61bfa5432ea726e5d5b74562c3c",
                "7d1e3de9aafbdd08de73e19cc9ace16b6ed02c527e61d4ca6b8860246444371b",
                "0d231a8fee9a5b6033d12b547556ab0a6565a25b91e2cb6382b43680346a04a1",
                "23cae91e1426c22a938c665bd5bf78aad3393fee29e198cf47191d174fe41b25",
                "5a4c2159c4c4d18b033b6aedb7c71d505f6f1c102eef772bf1618e7a39a3c680",
                "13ec086a77d54a82ae0c516ae4bad3b2755d617c36faf8c7a71b530d54338572",
                "e3b0c44298fc1c149afbf4c8996fb92427ae41e4649b934ca495991b7852b855"
            ],
            "type": "XHR",
            "firstPartyCookies": {},
            "firstPartyCookiesSent": {},
            "exampleSites": [
                "canadafreepress.com",
                "newswithviews.com",
                "slaynews.com",
                "theeconomiccollapseblog.com",
                "trendingpoliticsnews.com",
                "vidmax.com",
                "welovetrump.com",
                "wltreport.com",
                "www.theburningplatform.com",
                "www.theorganicprepper.com"
            ]
        },
        {
            "rule": "whatfinger\\.com\\/wp-content\\/uploads\\/2023\\/11\\/Screenshot-2023-11-01-213111\\.png",
            "cookies": 0,
            "fingerprinting": 0,
            "subdomains": [
                "choiceclips"
            ],
            "apis": {},
            "sites": 3,
            "prevalence": 0.0000204,
            "cnames": [],
            "responseHashes": [
                "5f9d4b49a6a921804ecec45c702133bb9e56ddde0a0c49e8b5f8d863a2f18150"
            ],
            "type": "Image",
            "firstPartyCookies": {},
            "firstPartyCookiesSent": {},
            "exampleSites": [
                "canadafreepress.com",
                "newswithviews.com",
                "theeconomiccollapseblog.com"
            ]
        },
        {
            "rule": "whatfinger\\.com\\/wp-content\\/uploads\\/2023\\/11\\/Screenshot-2023-11-01-173743\\.png",
            "cookies": 0,
            "fingerprinting": 0,
            "subdomains": [
                "choiceclips"
            ],
            "apis": {},
            "sites": 3,
            "prevalence": 0.0000204,
            "cnames": [],
            "responseHashes": [
                "c106295815202a5c65038edad8e34f6f597b8e70290f59d8ff25aa9569b663e5"
            ],
            "type": "Image",
            "firstPartyCookies": {},
            "firstPartyCookiesSent": {},
            "exampleSites": [
                "canadafreepress.com",
                "newswithviews.com",
                "theeconomiccollapseblog.com"
            ]
        },
        {
            "rule": "whatfinger\\.com\\/wp-content\\/uploads\\/2023\\/11\\/Screenshot-2023-11-01-164718-600x347\\.png",
            "cookies": 0,
            "fingerprinting": 0,
            "subdomains": [
                "choiceclips"
            ],
            "apis": {},
            "sites": 4,
            "prevalence": 0.0000272,
            "cnames": [],
            "responseHashes": [
                "225c85ab66b80b737a352c3a2d2ec26662d0febeaa592a567a1509bfa68f1d70"
            ],
            "type": "Image",
            "firstPartyCookies": {},
            "firstPartyCookiesSent": {},
            "exampleSites": [
                "canadafreepress.com",
                "newswithviews.com",
                "theeconomiccollapseblog.com",
                "www.theburningplatform.com"
            ]
        },
        {
            "rule": "whatfinger\\.com\\/wp-content\\/uploads\\/2023\\/11\\/Screenshot-2023-11-01-132926\\.png",
            "cookies": 0,
            "fingerprinting": 0,
            "subdomains": [
                "choiceclips"
            ],
            "apis": {},
            "sites": 7,
            "prevalence": 0.0000477,
            "cnames": [],
            "responseHashes": [
                "e12bd8b841da68b27b8f97fbb4754b6934366c31ec098aefaca7da5190ddfb75"
            ],
            "type": "Image",
            "firstPartyCookies": {},
            "firstPartyCookiesSent": {},
            "exampleSites": [
                "canadafreepress.com",
                "newswithviews.com",
                "slaynews.com",
                "theeconomiccollapseblog.com",
                "trendingpoliticsnews.com",
                "wltreport.com",
                "www.theburningplatform.com"
            ]
        },
        {
            "rule": "whatfinger\\.com\\/wp-content\\/uploads\\/2023\\/11\\/Screenshot-2023-11-01-114526\\.png",
            "cookies": 0,
            "fingerprinting": 0,
            "subdomains": [
                "choiceclips"
            ],
            "apis": {},
            "sites": 6,
            "prevalence": 0.0000409,
            "cnames": [],
            "responseHashes": [
                "930b409ce6dc4d945f68bd5933763d89d3121adf348fca27281d94739d11d5a6"
            ],
            "type": "Image",
            "firstPartyCookies": {},
            "firstPartyCookiesSent": {},
            "exampleSites": [
                "canadafreepress.com",
                "slaynews.com",
                "theeconomiccollapseblog.com",
                "trendingpoliticsnews.com",
                "wltreport.com",
                "www.theburningplatform.com"
            ]
        },
        {
            "rule": "whatfinger\\.com\\/wp-content\\/uploads\\/2023\\/11\\/Screenshot-2023-11-01-113048-600x354\\.png",
            "cookies": 0,
            "fingerprinting": 0,
            "subdomains": [
                "choiceclips"
            ],
            "apis": {},
            "sites": 5,
            "prevalence": 0.0000341,
            "cnames": [],
            "responseHashes": [
                "6d317d4e2adefd0254118f453465aa1c524fb3faa3091121a82f021442931c67"
            ],
            "type": "Image",
            "firstPartyCookies": {},
            "firstPartyCookiesSent": {},