{
    "domain": "wheelio-app.com",
    "owner": {},
    "source": [
        "DuckDuckGo-US"
    ],
    "prevalence": 0.000143,
    "sites": 21,
    "subdomains": [
        "dashboard"
    ],
    "cnames": [],
    "fingerprinting": 0,
    "resources": [
        {
            "rule": "wheelio-app\\.com\\/api\\/wheelioapp\\/getsettings",
            "cookies": 0.0000954,
            "fingerprinting": 0,
            "subdomains": [
                "dashboard"
            ],
            "apis": {},
            "sites": 14,
            "prevalence": 0.0000954,
            "cnames": [],
            "responseHashes": [
                "2138099a79a49c9984f51f6218fb27fc93914f18c7b55f90239afd49b3b3f3fa",
                "668790d0ec8176ecd1e801777d140e1c1e9c0e5bf046a9beed6482ed67bb3694",
                "f8373964811969039cd46ff16ea2a2725d722c0beb1e76cef0944b343e77b3a6",
                "d8ce7dbd2c284833fc969e0f6f1483695178b17466105a77f512923b91211218",
                "8b615ab81ef154ca4a616a8c635804af997594877f5ad96f48a0f6d6e73526a7",
                "d1d8e0d5e1894b3cdb93efd4ed57e2e59b7b9870780f45b444ef84b6c229a941",
                "beb9719e514dcf11970d8f95ad9affeac3880eb66371b792cbb06c40818457ec",
                "29f51d5c8384059381f70e69c9bd01f949df266c79fa69e33d2293bfe05eb27e",
                "bb1237584959fd68b20989a30acaa6643eee724b4fa51e889528dce830697364",
                "484f0434e9f96a65d2a5145f7dd69ae11a600bd6127c7dff085af6026535f6b3",
                "522604d9b9ca50703ddd6c9ecda8ad187502b760fbf475e4043f0819f98e8658",
                "155faab86c13bc115b406899daa0804243af5508f1bfd8f52bd16cc867c349b1",
                "b4ee9630a6b2a643d48f0f28726b75e0a3a677dabd8e63d2f07d14ebcd9b72fd"
            ],
            "type": "Script",
            "firstPartyCookies": {},
            "firstPartyCookiesSent": {
                "thrive_lp": 0.000006812035504329049,
                "Scratchy": 0.000006812035504329049
            },
            "exampleSites": [
                "anthonysgoods.com",
                "darkestfox.com",
                "kutfromthekloth.com",
                "lockthecock.com",
                "longaberger.com",
                "lovegasm.co",
                "nassaunationalcable.com",
                "pawsafe.com",
                "skinkraft.com",
                "thecrystalcouncil.com",
                "totalchastity.com",
                "www.coolinastore.com",
                "www.ravpower.com",
                "www.taotronics.com"
            ]
        }
    ],
    "categories": [],
    "performance": {},
    "cookies": 0.000143,
    "topInitiators": [
        {
            "domain": "azureedge.net",
            "prevalence": 1
        }
    ],
    "types": {
        "Script": 14
    },
    "nameservers": [
        "ns68.domaincontrol.com",
        "ns67.domaincontrol.com"
    ]
}