{
    "domain": "wisermapp.com",
    "owner": {},
    "source": [
        "DuckDuckGo-US"
    ],
    "prevalence": 0.000102,
    "sites": 15,
    "subdomains": [
        "ns"
    ],
    "cnames": [],
    "fingerprinting": 0,
    "resources": [
        {
            "rule": "wisermapp\\.com\\/api\\/checkLimit",
            "cookies": 0,
            "fingerprinting": 0,
            "subdomains": [
                "ns"
            ],
            "apis": {},
            "sites": 11,
            "prevalence": 0.0000749,
            "cnames": [],
            "responseHashes": [
                "f9bdd307ed6b5a59d0d444edd2472af78d86f839b4eaf686438b29f2f4205c3c",
                "dd41a48cea63aa28bdd2e1e851e7a32494b952e338e08e5601d983cbbcc1e232",
                "69a1ad23be1750f4cbaf3acf0ee51b5a61dc9b72814bc7385c40cda597f6415c"
            ],
            "type": "XHR",
            "firstPartyCookies": {},
            "firstPartyCookiesSent": {
                "W_GUID": 0.00006130831953896144
            },
            "exampleSites": [
                "bestfive.com.au",
                "coachfoundation.com",
                "iptv-online.org",
                "jellyfishlighting.com",
                "myislam.org",
                "reddotcamera.net",
                "supercurioso.com",
                "www.80-lower.com",
                "www.boards.com",
                "www.globaldata.com",
                "www.gunbuilders.com"
            ]
        },
        {
            "rule": "wisermapp\\.com\\/api\\/getData",
            "cookies": 0,
            "fingerprinting": 0,
            "subdomains": [
                "ns"
            ],
            "apis": {},
            "sites": 10,
            "prevalence": 0.0000681,
            "cnames": [],
            "responseHashes": [
                "c4be7aa1ee2ccdcf24edc118d20e3bfb08f03bb2feb55ae0ac7b40a6949288f4",
                "c546b4f8ca97251397b1feba6597dc86b411dcdfa33bf5b720af0201169c22cb",
                "b8174e14abe70cd4ba743cfe527bdea0c7b27cefad03c2919189e2dbdc2e3c21",
                "a5bf1c7b3e05efc2eb4fc84f2a93947c6621642d15134dcbb990c13fb4411e9d",
                "fabda3bc1ed927f0f67913e077e2ccda85901ed104dcacd715f3f2921ac9a6eb",
                "98d0f7c09ceec636642f600c4bc6e5822d6727792187c55b25e527b96403fd1c",
                "9fd3e0cc9d622c26911871a8ca639431cc63a349fcf59a4c50c55b1f61cb89d1",
                "c9dcec8e5b6e546fbc33740a7c58701e5e5fa1edd32155307f032067baefb767",
                "2c3e6c9ed66b31ea1df2fff46e37c7cefaf4204b7cf8e240a7c6171b887b1de9"
            ],
            "type": "XHR",
            "firstPartyCookies": {},
            "firstPartyCookiesSent": {},
            "exampleSites": [
                "bestfive.com.au",
                "coachfoundation.com",
                "iptv-online.org",
                "jellyfishlighting.com",
                "myislam.org",
                "reddotcamera.net",
                "supercurioso.com",
                "www.80-lower.com",
                "www.boards.com",
                "www.gunbuilders.com"
            ]
        },
        {
            "rule": "wisermapp\\.com\\/api\\/getData",
            "cookies": 0,
            "fingerprinting": 0,
            "subdomains": [
                "ns"
            ],
            "apis": {},
            "sites": 10,
            "prevalence": 0.0000681,
            "cnames": [],
            "responseHashes": [],
            "type": "Preflight",
            "firstPartyCookies": {},
            "firstPartyCookiesSent": {},
            "exampleSites": [
                "bestfive.com.au",
                "coachfoundation.com",
                "iptv-online.org",
                "jellyfishlighting.com",
                "myislam.org",
                "reddotcamera.net",
                "supercurioso.com",
                "www.80-lower.com",
                "www.boards.com",
                "www.gunbuilders.com"
            ]
        }
    ],
    "categories": [],
    "performance": {},
    "cookies": 0,
    "topInitiators": [
        {
            "domain": "wisernotify.com",
            "prevalence": 0.7037037037037037
        },
        {
            "domain": "bigcommerce.com",
            "prevalence": 0.25925925925925924
        },
        {
            "domain": "contentsquare.net",
            "prevalence": 0.037037037037037035
        }
    ],
    "types": {
        "XHR": 21,
        "Preflight": 10
    },
    "nameservers": [
        "ns4lny.name.com",
        "ns3dty.name.com",
        "ns2btz.name.com",
        "ns1dnx.name.com"
    ]
}