{
    "domain": "wixapps.net",
    "owner": {},
    "source": [
        "DuckDuckGo-US"
    ],
    "prevalence": 0.000184,
    "sites": 27,
    "subdomains": [
        "engage",
        "ecom",
        "instafeed.codev"
    ],
    "cnames": [],
    "fingerprinting": 0,
    "resources": [
        {
            "rule": "wixapps\\.net\\/chat-widget-server\\/renderChatWidget\\/index",
            "cookies": 0.0000817,
            "fingerprinting": 0,
            "subdomains": [
                "engage"
            ],
            "apis": {},
            "sites": 12,
            "prevalence": 0.0000817,
            "cnames": [],
            "responseHashes": [
                "7413a9798635b6b46e93ef7255f225f953e8d0191c30c684c4b0cb5146f321b2",
                "ddb7e21de60a691a48546efd516b03cb7c19359189884c20e8c2eeba77b3fa3c",
                "e6311a9cb8fc36f6289f411340080d1c2664d0a97bff72e16991406a68e78f02",
                "2bf40a2ea2e433db094e87b800b2c0504011b67f249abe477110c0813dac6dca",
                "921a9a4a5b3c0c34e0c699fce1191d6d4120f4f7999dc8634cba45783a1a707e",
                "1227f9bba5d9227ef8dd2d6e7eadb86e1a399e68b3ae98fefeae584a87fc05fe",
                "604cadaf11d3bb759e681fdd42c8566b503a2453cf6dc0c87d605ff036589dd7",
                "5126c09eb5b2b2edc1498937bfc9acde8c872cd419e9c61bfaae172577aab7a5",
                "9956e5004dec46d7a0cf24ec3b72d3f9b36b85da35fc46997803f7bac2f96aab"
            ],
            "type": "Document",
            "firstPartyCookies": {},
            "firstPartyCookiesSent": {},
            "exampleSites": [
                "wixsite.com",
                "www.amvets.org",
                "www.autumnellenutrition.com",
                "www.clockworkpi.com",
                "www.fskhub.com",
                "www.gold2020forecast.com",
                "www.ladybeeprivatecollection.com",
                "www.livefromstudio6b.com",
                "www.mckameymanor.com",
                "www.thefloridamangames.com",
                "www.toccoariversiderestaurant.com",
                "www.transparencyhoa.org"
            ]
        },
        {
            "rule": "wixapps\\.net\\/_api\\/chat-web\\/v1\\/real-time-tokens",
            "cookies": 0.0000613,
            "fingerprinting": 0,
            "subdomains": [
                "engage"
            ],
            "apis": {},
            "sites": 9,
            "prevalence": 0.0000613,
            "cnames": [],
            "responseHashes": [
                "9407473034c77f407e5507570dd8f8fd31ff75d8c31b523f35cbb94d6f5908bb",
                "cdf955ad420be00b5fbf1286e52f0f8a6da0f29ef07d6df69fef925e9ad553b2",
                "9d5f45cf37cdaebb15130e627bc30b2df776570656eb7c7b0a33a18205d8dc60",
                "53fb096525973716522ff570a8b62b9300b94bfb6e2b9a94f392d7fa97399fbb",
                "e4b57130b9738eb4275395c3451aae0c0be4ebe94d9cca066f2704f31cee9dbf",
                "f67ddae646c0dd3c181eb64bf0cfc866d6d67ad204ca18ca0b2ebabd7aad9169"
            ],
            "type": "XHR",
            "firstPartyCookies": {},
            "firstPartyCookiesSent": {},
            "exampleSites": [
                "amvets.org",
                "www.autumnellenutrition.com",
                "www.clockworkpi.com",
                "www.fskhub.com",
                "www.gold2020forecast.com",
                "www.ladybeeprivatecollection.com",
                "www.livefromstudio6b.com",
                "www.mckameymanor.com",
                "www.thefloridamangames.com"
            ]
        },
        {
            "rule": "wixapps\\.net\\/serverless\\/chat-event-reporter\\/report-event",
            "cookies": 0.0000204,
            "fingerprinting": 0,
            "subdomains": [
                "engage"
            ],
            "apis": {},
            "sites": 8,
            "prevalence": 0.0000545,
            "cnames": [],
            "responseHashes": [
                "e3b0c44298fc1c149afbf4c8996fb92427ae41e4649b934ca495991b7852b855"
            ],
            "type": "XHR",
            "firstPartyCookies": {},
            "firstPartyCookiesSent": {},
            "exampleSites": [
                "amvets.org",
                "www.autumnellenutrition.com",
                "www.fskhub.com",
                "www.gold2020forecast.com",
                "www.ladybeeprivatecollection.com",
                "www.livefromstudio6b.com",
                "www.mckameymanor.com",
                "www.thefloridamangames.com"
            ]
        },
        {
            "rule": "wixapps\\.net\\/_api\\/presence-service\\/v1\\/set-data",
            "cookies": 0,
            "fingerprinting": 0,
            "subdomains": [
                "engage"
            ],
            "apis": {},
            "sites": 5,
            "prevalence": 0.0000341,
            "cnames": [],
            "responseHashes": [
                "44136fa355b3678a1146ad16f7e8649e94fb4fc21fe77e8310c060f61caaff8a"
            ],
            "type": "Fetch",
            "firstPartyCookies": {},
            "firstPartyCookiesSent": {},
            "exampleSites": [
                "amvets.org",
                "www.gold2020forecast.com",
                "www.ladybeeprivatecollection.com",
                "www.livefromstudio6b.com",
                "www.mckameymanor.com"
            ]
        },
        {
            "rule": "wixapps\\.net\\/storefront\\/cartwidgetPopup",
            "cookies": 0.0000749,
            "fingerprinting": 0,
            "subdomains": [
                "ecom"
            ],
            "apis": {},
            "sites": 12,
            "prevalence": 0.0000817,
            "cnames": [],
            "responseHashes": [
                "d2a53555035a20ac1aab922ae1d1bfc16d7772cd8fca5f8953c46fd4c367bb55",
                "5f1de3733233204c69a736a733d2b9deaa0a31f34275e788ef60004d95940577",
                "257757a5fcfe5abac5dd9ac5f11d5b1cb033c754fb228fd7eaae21d2ce2daa16",
                "a5eb1ced716de39e7afc9eb742aae1df0f312c19c7b264a8ce619ce1260e4141",
                "98354b9641fe61982ecc01f4777c6cf0a810b0d464f54feaee14b35fb711abae",
                "feb0c8e9885c43c4cf7c4eedaa9bc0f17097fd9b14ba661c0946fbab3b51ad35",
                "df99ea576b66f69093caf5772fddc10a26a058cb348a10fbe0f402559eab13a0",
                "f5b18de34fc1bb4d19baf5e8ba109db9d08d1eac1a3de822db32169f058d696b"
            ],
            "type": "Document",
            "firstPartyCookies": {},
            "firstPartyCookiesSent": {},
            "exampleSites": [
                "armorycraft.com",
                "www.armorycraft.com",
                "www.autumnellenutrition.com",
                "www.beachbroadcastnews.com",
                "www.clockworkpi.com",
                "www.figboss.com",
                "www.gold2020forecast.com",
                "www.intake.health",
                "www.livefromstudio6b.com",
                "www.onefinitycnc.com",
                "www.sorbostudios.com",
                "www.usarmynavystore.com"
            ]
        },
        {
            "rule": "wixapps\\.net\\/ig_business_app",
            "cookies": 0.0000341,
            "fingerprinting": 0,
            "subdomains": [
                "instafeed.codev"
            ],
            "apis": {},
            "sites": 5,
            "prevalence": 0.0000341,
            "cnames": [],
            "responseHashes": [
                "e96dd13de2b171c83732fc4a1b248183e2b02c3240a6bee93b758479e888c930"
            ],
            "type": "Document",
            "firstPartyCookies": {},
            "firstPartyCookiesSent": {},
            "exampleSites": [
                "battleorder.org",
                "www.catholicexorcism.org",
                "www.laundrybasketquilts.com",
                "www.onefinitycnc.com",
                "www.theluxeblogger.com"
            ]
        },
        {
            "rule": "wixapps\\.net\\/api\\/settings\\/config",
            "cookies": 0.0000204,
            "fingerprinting": 0,