{
    "domain": "wmptcd.com",
    "owner": {},
    "source": [
        "DuckDuckGo-US"
    ],
    "prevalence": 0.00045,
    "sites": 66,
    "subdomains": [
        "pt"
    ],
    "cnames": [],
    "fingerprinting": 2,
    "resources": [
        {
            "rule": "wmptcd\\.com\\/natlf\\/lf\\/ch\\/",
            "cookies": 0.0000477,
            "fingerprinting": 1,
            "subdomains": [
                "pt"
            ],
            "apis": {
                "window.innerHeight": 6,
                "window.innerWidth": 6,
                "Date.prototype.getTime": 2
            },
            "sites": 7,
            "prevalence": 0.0000477,
            "cnames": [],
            "responseHashes": [
                "3c60a3ebba567416606852fdd698d0ee77b929a07d27cc5162afdb11a3dc4ddd",
                "6a718af02ba918e13978700be3ce2aab8ee6c0aed86b84abaf67b9bef6cfe767",
                "e430df952ad9249f12b44799d078c97eb20dbe79be1c7aca4b4d38976128e7b6",
                "3fbfe9b695eb9d93ec9301fba5585926296cb43cd3e08f24182127a3829d6528",
                "f8b23dc9b1541fd232e9c130a5f7292fc2c1f931a87fbced4d984d8b7efd2cdd",
                "a49cd7dc03888ed66b45af399176caf900ea9e24dad8084e8076b1b4d7846701"
            ],
            "type": "Document",
            "firstPartyCookies": {},
            "firstPartyCookiesSent": {},
            "exampleSites": [
                "bigo.video",
                "celebfeet.wiki",
                "j2j.kz",
                "nude-leaks.com",
                "sexosintabues30.com",
                "wankgod.com",
                "www.lolteentube.com"
            ]
        },
        {
            "rule": "wmptcd\\.com\\/live-stream\\/",
            "cookies": 0.0000817,
            "fingerprinting": 1,
            "subdomains": [
                "pt"
            ],
            "apis": {
                "Date.prototype.getTime": 12,
                "window.innerHeight": 11,
                "window.innerWidth": 11
            },
            "sites": 12,
            "prevalence": 0.0000817,
            "cnames": [],
            "responseHashes": [
                "e45a8fc4e8fc43eab815b35725e0e12d4e64c2dde2ed389302387612729f5022",
                "ff60add0032fc8d85ccb789345c79f6f7378aca27becfa697ff5b3def5f10149",
                "cde717732b37df2303d2ed4902253a13c44982bf301d6f2033dd6756989f7385",
                "c23be9f6d772f570f78105541bf58fd48e70fb373acfa7c373ca68ca1c8e4e52",
                "48a395c28ab44897b21d98036409c9d17315fafa1cbbb1ff13111f52b87be5b4",
                "ada015cc053b33d26f63ace63cdbce2ebc9365ce1791c0df20524bd8d55c4e9a",
                "fba110f1497daca48eb792e264536da4abdc189ec2c4bd038227594cfbd1049c",
                "1cbad96dd2fc259ff09529f792f9cb2893120f24a6f53f446a4d2111ae0b58c9",
                "6d298ef2f6bd7ea45bd877a8cd0cff633d5f58cada9275bbf4d99e2ca0506ea6",
                "332110da250e64676210e82489c37bc79035f59a6571118760bcf477706580e6",
                "859dc14a3944fdb7f4b764ca422a72907745c061873c16589be64f39df29f4b6"
            ],
            "type": "Document",
            "firstPartyCookies": {},
            "firstPartyCookiesSent": {},
            "exampleSites": [
                "camstreams.tv",
                "celeb-stalker.com",
                "hotsexporn.com",
                "nudespree.com",
                "odir.org",
                "theporngod.com",
                "urlgalleries.net",
                "www.boundhub.com",
                "www.famousboard.com",
                "www.mansurfer.com",
                "www.nudespree.com",
                "www.pornflix.to"
            ]
        },
        {
            "rule": "wmptcd\\.com\\/cifra\\/script",
            "cookies": 0.000109,
            "fingerprinting": 1,
            "subdomains": [
                "pt"
            ],
            "apis": {
                "window.innerWidth": 1
            },
            "sites": 16,
            "prevalence": 0.000109,
            "cnames": [],
            "responseHashes": [
                "44c1e2a7f8c2ba1a3e689bfb184c37783ed8a8fcf221f2f4b1cf9bcf7ba0d21b",
                "61eba190c2156d7889039a7b326219aa70c941b30a83717cb831406c7c60b416",
                "195cdb79959d3c4dc4f98b83677e4e4f0f60d9a4d5225a7b90a4731247941b15",
                "8a3104b7b0952cc4ca764436143305de9bc15b10af26d857e74770aa47392afb"
            ],
            "type": "Script",
            "firstPartyCookies": {},
            "firstPartyCookiesSent": {},
            "exampleSites": [
                "ok.xxx",
                "de.ok.xxx",
                "de.perfektdamen.co",
                "de.pornhat.com",
                "forum.intporn.com",
                "hello.porn",
                "lewdzone.com",
                "max.porn",
                "ok.porn",
                "okxxx1.com",
                "pornstars.tube",
                "www.iafd.com",
                "www.perfectgirls.xxx",
                "www.perfektdamen.co",
                "www.pornhat.com",
                "www.pornhat.one"
            ]
        },
        {
            "rule": "wmptcd\\.com\\/cifra",
            "cookies": 0.000109,
            "fingerprinting": 1,
            "subdomains": [
                "pt"
            ],
            "apis": {
                "Date.prototype.getTime": 14,
                "window.innerHeight": 12,
                "window.innerWidth": 12,
                "Navigator.prototype.maxTouchPoints": 3
            },
            "sites": 16,
            "prevalence": 0.000109,
            "cnames": [],
            "responseHashes": [
                "5bcc33f6dcb15a85d23602275577866ef7119bfdb93675e0137ae24dc7db0286",
                "a04cfe8c6015c44a4215f40fe10ceeef2fd58174acc7e341fd9866d15493f388",
                "8b032378861d398d384fb2fb887c35988f6b3b58bd33d47eb140789cd17def83",
                "dd0798743b4e7c91aa306af072510b4fabffc2ad30f134da3766378328b5b747",
                "f924163d6da020a060923f651e942eab97d8a88e53031e0f84fa8a8d6cb9a743",
                "ef6ac11b1ec6816241600caa6a8b1d76a4b31ab0d5637369b58d611216b717bc",
                "e5cc3accfdf0312e2e336f1962cd282e4d9a8fe3f6bbc923d448f7163e0a36de",
                "7d0042b0867030b901dc3160403a79011a697cb0396eebb99b04b503c0981dc6",
                "cef5d1fbc37995bec1a657360d749d6882da287b0b5a4c58c1280e4346312c9e",
                "59735b802bd17f28e2ab11b7d50eb053e11811ca6873ebedf4a20702d7a8ce96",
                "e62edb22d8783f1c2f06b611f1175c9efde6b8a2750da9ac6c7bf320cbedccbe",
                "a73eb7deaf8875615f102f13ef2403c7528126ed172acc2d92514aac4eca8e90",
                "d8590e8e876305720d9d944d921f2a3f1fcfa1a285516a175ebdfa7e1cc0ce7a"
            ],
            "type": "Document",
            "firstPartyCookies": {},
            "firstPartyCookiesSent": {},
            "exampleSites": [
                "ok.xxx",
                "de.ok.xxx",
                "de.perfektdamen.co",
                "de.pornhat.com",
                "forum.intporn.com",
                "hello.porn",
                "lewdzone.com",
                "max.porn",
                "ok.porn",
                "okxxx1.com",
                "pornstars.tube",
                "www.iafd.com",
                "www.perfectgirls.xxx",
                "www.perfektdamen.co",
                "www.pornhat.com",
                "www.pornhat.one"
            ]
        },
        {
            "rule": "wmptcd\\.com\\/live-feed\\/fk\\/",
            "cookies": 0.0000136,
            "fingerprinting": 1,
            "subdomains": [
                "pt"
            ],
            "apis": {
                "Date.prototype.getTime": 2,
                "window.innerHeight": 1,
                "window.innerWidth": 1
            },
            "sites": 2,
            "prevalence": 0.0000136,
            "cnames": [],
            "responseHashes": [
                "36a8de19d0805b20e295a477f938483d26e304c53d5174450d2878ac090da18b"
            ],
            "type": "Document",