{
    "domain": "wpnsrv.com",
    "owner": {},
    "source": [
        "DuckDuckGo-US"
    ],
    "prevalence": 0.000708,
    "sites": 104,
    "subdomains": [
        "js"
    ],
    "cnames": [],
    "fingerprinting": 1,
    "resources": [
        {
            "rule": "wpnsrv\\.com\\/pn\\.php",
            "cookies": 0.000368,
            "fingerprinting": 1,
            "subdomains": [
                "js"
            ],
            "apis": {
                "Document.cookie getter": 57,
                "Navigator.prototype.userAgent": 56,
                "Notification.permission": 51,
                "Document.cookie setter": 54
            },
            "sites": 76,
            "prevalence": 0.000518,
            "cnames": [],
            "responseHashes": [
                "b5c0a71e77e127da8090462b75b686d7911e43521efc6b1e1143b34b702ef2dd"
            ],
            "type": "Script",
            "firstPartyCookies": {
                "pn-zone-5005292": {
                    "ttl": 3888017,
                    "length": 13,
                    "prevalence": 0.000006812035504329049,
                    "uniqueness": 1
                },
                "pn-zone-3389741": {
                    "ttl": 3888001,
                    "length": 13,
                    "prevalence": 0.000006812035504329049,
                    "uniqueness": 1
                },
                "pn-zone-3710061": {
                    "ttl": 3888001,
                    "length": 13,
                    "prevalence": 0.000006812035504329049,
                    "uniqueness": 1
                },
                "pn-zone-3498171": {
                    "ttl": 3888002,
                    "length": 13,
                    "prevalence": 0.000006812035504329049,
                    "uniqueness": 1
                },
                "pn-zone-4016278": {
                    "ttl": 3888002,
                    "length": 13,
                    "prevalence": 0.000006812035504329049,
                    "uniqueness": 1
                },
                "pn-zone-4275836": {
                    "ttl": 3888003,
                    "length": 13,
                    "prevalence": 0.000006812035504329049,
                    "uniqueness": 1
                },
                "pn-zone-4241450": {
                    "ttl": 3888001,
                    "length": 13,
                    "prevalence": 0.000006812035504329049,
                    "uniqueness": 1
                },
                "pn-zone-3670315": {
                    "ttl": 3888001,
                    "length": 13,
                    "prevalence": 0.000006812035504329049,
                    "uniqueness": 1
                },
                "pn-zone-3199593": {
                    "ttl": 3888001,
                    "length": 13,
                    "prevalence": 0.000027248142017316195,
                    "uniqueness": 1
                },
                "pn-zone-3231172": {
                    "ttl": 3888005,
                    "length": 13,
                    "prevalence": 0.000013624071008658098,
                    "uniqueness": 1
                },
                "pn-zone-4795272": {
                    "ttl": 3888001,
                    "length": 13,
                    "prevalence": 0.000013624071008658098,
                    "uniqueness": 1
                },
                "pn-zone-4809878": {
                    "ttl": 3888003,
                    "length": 13,
                    "prevalence": 0.000006812035504329049,
                    "uniqueness": 1
                },
                "pn-zone-4623392": {
                    "ttl": 3888001,
                    "length": 13,
                    "prevalence": 0.000006812035504329049,
                    "uniqueness": 1
                },
                "pn-zone-3710063": {
                    "ttl": 3888002,
                    "length": 13,
                    "prevalence": 0.000006812035504329049,
                    "uniqueness": 1
                },
                "pn-zone-4022684": {
                    "ttl": 3888002,
                    "length": 13,
                    "prevalence": 0.000006812035504329049,
                    "uniqueness": 1
                },
                "pn-zone-4623404": {
                    "ttl": 3888003,
                    "length": 13,
                    "prevalence": 0.000006812035504329049,
                    "uniqueness": 1
                },
                "pn-zone-3950664": {
                    "ttl": 3888011,
                    "length": 13,
                    "prevalence": 0.000006812035504329049,
                    "uniqueness": 1
                },
                "pn-zone-4539496": {
                    "ttl": 3888001,
                    "length": 13,
                    "prevalence": 0.000006812035504329049,
                    "uniqueness": 1
                },
                "pn-zone-4795320": {
                    "ttl": 3888003,
                    "length": 13,
                    "prevalence": 0.000006812035504329049,
                    "uniqueness": 1
                },
                "pn-zone-3169187": {
                    "ttl": 3888007,
                    "length": 13,
                    "prevalence": 0.000013624071008658098,
                    "uniqueness": 1
                },
                "pn-zone-3791967": {
                    "ttl": 3888004,
                    "length": 13,
                    "prevalence": 0.000006812035504329049,
                    "uniqueness": 1
                },
                "pn-zone-3765051": {
                    "ttl": 3888002,
                    "length": 13,
                    "prevalence": 0.000006812035504329049,
                    "uniqueness": 1
                },
                "pn-zone-4795286": {
                    "ttl": 3888003,
                    "length": 13,
                    "prevalence": 0.000006812035504329049,
                    "uniqueness": 1
                },
                "pn-zone-4795570": {
                    "ttl": 3888001,
                    "length": 13,
                    "prevalence": 0.000006812035504329049,
                    "uniqueness": 1
                },
                "pn-zone-4795280": {
                    "ttl": 3888002,
                    "length": 13,
                    "prevalence": 0.000006812035504329049,
                    "uniqueness": 1
                },
                "pn-zone-4795556": {
                    "ttl": 3888001,
                    "length": 13,
                    "prevalence": 0.000006812035504329049,
                    "uniqueness": 1
                },
                "pn-zone-4794988": {
                    "ttl": 3888003,
                    "length": 13,
                    "prevalence": 0.000027248142017316195,
                    "uniqueness": 1
                },
                "pn-zone-4947244": {
                    "ttl": 3888005,
                    "length": 13,
                    "prevalence": 0.000006812035504329049,
                    "uniqueness": 1
                },
                "pn-zone-4167962": {
                    "ttl": 3888002,
                    "length": 13,
                    "prevalence": 0.000006812035504329049,
                    "uniqueness": 1
                },
                "pn-zone-4300970": {
                    "ttl": 3888006,
                    "length": 13,
                    "prevalence": 0.000006812035504329049,
                    "uniqueness": 1
                },
                "pn-zone-4989144": {
                    "ttl": 3888000,
                    "length": 13,
                    "prevalence": 0.000006812035504329049,
                    "uniqueness": 1
                },
                "pn-zone-3935380": {
                    "ttl": 3888003,
                    "length": 13,
                    "prevalence": 0.000006812035504329049,