{
    "domain": "wsknow.net",
    "owner": {},
    "source": [
        "DuckDuckGo-US"
    ],
    "prevalence": 0.000102,
    "sites": 15,
    "subdomains": [],
    "cnames": [],
    "fingerprinting": 0,
    "resources": [
        {
            "rule": "wsknow\\.net\\/jssdk\\/track\\/",
            "cookies": 0,
            "fingerprinting": 0,
            "subdomains": [],
            "apis": {},
            "sites": 12,
            "prevalence": 0.0000817,
            "cnames": [],
            "responseHashes": [
                "88c32d916d41193b2f702bdb4718d4f92f813b27333f9dc033679cf65fe9a7f7",
                "4b6a7ac7ce46d3be2a0bc73f81fffd8152b56b684efd95db2abcd947785efb2d",
                "c502e4d6b2b4a07872a695c5c26ad136c427c5f6cc58b6d2f87807525084ab2c",
                "66eb711c68c6685c4e70e17e3ccd64c4a1ece57e8fb6522caef67f787b72889e",
                "03de4d8ea8abfb2b3c26680214a90c0f2af922c336a6ed1f7d37f0f9c5d1750f",
                "bcf526fd628e24fe2d73ab21c4ba30d16782a7f82a10ed25f821760e516d50c1",
                "71280e22aa8a003ec0867f525ceb44d82f8e30f4ebc2b678d46822efef40b9bc",
                "303b90e5a39d524089ea7c4cb362562ea0b93104eae34888573c36a6ec14b0b6",
                "f8c6d6d67107e3d8e3df756ed0772e111e1dfaf0ce3a87e18274ce23717abdbe",
                "3568942fc9ef5f20906ea397e134665f12ed24fade1dbe51e4273b8c67c6409d",
                "dcdcf733401e680c1d6003b0a2b9dac069f7343d45decae2f2f082828a8347d7"
            ],
            "type": "XHR",
            "firstPartyCookies": {},
            "firstPartyCookiesSent": {},
            "exampleSites": [
                "safetydetectives.com",
                "de.safetydetectives.com",
                "de.vpnmentor.com",
                "de.wizcase.com",
                "deliveryrank.com",
                "fr.safetydetectives.com",
                "fr.wizcase.com",
                "ru.vpnmentor.com",
                "www.safetydetectives.com",
                "www.vpnmentor.com",
                "www.websiteplanet.com",
                "www.wizcase.com"
            ]
        }
    ],
    "categories": [],
    "performance": {},
    "cookies": 0,
    "topInitiators": [
        {
            "domain": "first party",
            "prevalence": 0.8787878787878788
        },
        {
            "domain": "dt2sdf0db8zob.cloudfront.net",
            "prevalence": 0.12121212121212122
        }
    ],
    "types": {
        "XHR": 12
    },
    "nameservers": [
        "dan.ns.cloudflare.com",
        "anna.ns.cloudflare.com"
    ]
}