{
    "domain": "wsod.com",
    "owner": {
        "name": "Markit Group Limited",
        "displayName": "Markit Group"
    },
    "source": [
        "DuckDuckGo-US"
    ],
    "prevalence": 0.000361,
    "sites": 53,
    "subdomains": [
        "ad",
        "tdameritrade"
    ],
    "cnames": [],
    "fingerprinting": 2,
    "resources": [
        {
            "rule": "wsod\\.com\\/pub\\/37693cfc748049e45d87b8c7d8b9aacd\\/0\\.0\\.async\\/",
            "cookies": 0,
            "fingerprinting": 2,
            "subdomains": [
                "ad"
            ],
            "apis": {
                "Navigator.prototype.mimeTypes": 22,
                "Screen.prototype.width": 22,
                "Screen.prototype.height": 22,
                "window.devicePixelRatio": 22
            },
            "sites": 22,
            "prevalence": 0.00015,
            "cnames": [],
            "responseHashes": [
                "eaa13f47da21b20f5822ff1edecfbaaf86738d36950dd001f9661de1773e881e",
                "8589af9555bb8473e5a1e71d2bacf21fcebe4aceff89bddbd37fc039fdad5a39",
                "a21cd1722e1f694e033cec519c6b819d9bc0755bcf5b205927971aabf26766ae",
                "c14cfd5a38e24dd00c51b83d6b338273f1c46ccd5d2b268e9ac2c81806aa9a4a",
                "89bae36e972807a8ef84db1a30d7313473097ec285b29ba78e70951b715e0bce",
                "a251a074307a5b06681c04d666dd9f430ce21211790bfec7f94f8759a92662cb",
                "e627eb4b6aebb912e882523314e2391cdcf36f91621a140b11c7d89200b65f1f",
                "95fd1e0023fe8789705e6bd43e8f40754cecf8c754e78e8efd054c0639c51c02",
                "c977ca332670da4170730db2cd8351673385aee51aff7e29beae0d4aec623baa",
                "e709337c5a624538d6970df5bced4c618f897868b3f260a37c64ea57c2e2bd91",
                "8624adfba0d86a68926c524f4c602a2cb0c0ee37ea12730f3e691c0bbf80a983",
                "b82b97ee20341bcc2e7b6aa622a80d1bc5fcf9e70d8d815bad2b086ae3cdfd82",
                "53d8b08bfc7f3d3338a617168ef9a80701ea2e619282d41a272ba2c16446fc8b",
                "e83e17887802d4177b0a627efe009b83362ecc7ec0e9b35b11d514cf75e9862a",
                "a922656d74528cda2021e7c5710df141995da6f13639ab4fef812c96433bb7e5",
                "c408fdf7ed28d62d768d3516e28859347e31c2152aaf417c9ae25c87b4743830",
                "f7326a03c5b42a882079f1c25d2c926784610d4df7e6a98a74eb7ebbbf5deaf0",
                "92053ace783786813f5976ab0e3e64548c913a5f1ababd3fb9a331092acf37a8",
                "24e6a63898e009917b4fbc8ae8776f93e5761122ee26c960c89f44a700e9228d",
                "fc271ae2f0660d966614e80112b6448d35abfcc617085a5de4b90ae91bdb3253",
                "64aef005631be2ee17c4863f379c3759d13d904d7f8525fd1925a1f0cc018fa5"
            ],
            "type": "Script",
            "firstPartyCookies": {},
            "firstPartyCookiesSent": {},
            "exampleSites": [
                "www.zacks.com",
                "stockinvest.us",
                "futures.tradingcharts.com",
                "m-de.marketscreener.com",
                "www.realclearmarkets.com",
                "www.marketscreener.com",
                "www.barchart.com",
                "m.marketscreener.com",
                "www.insidermonkey.com",
                "topforeignstocks.com",
                "stockhouse.com",
                "www.nakedcapitalism.com",
                "nl.marketscreener.com",
                "marketscreener.com",
                "www.streetinsider.com",
                "www.tipranks.com",
                "whalewisdom.com",
                "www.zonebourse.com",
                "mishtalk.com",
                "it.marketscreener.com"
            ]
        },
        {
            "rule": "wsod\\.com\\/pub\\/9344781a98afc76efc86af58da31ccc3\\/0\\.0\\.async\\/",
            "cookies": 0,
            "fingerprinting": 2,
            "subdomains": [
                "ad"
            ],
            "apis": {
                "Navigator.prototype.mimeTypes": 1,
                "Screen.prototype.width": 1,
                "Screen.prototype.height": 1,
                "window.devicePixelRatio": 1
            },
            "sites": 2,
            "prevalence": 0.0000136,
            "cnames": [],
            "responseHashes": [
                "e7272102762b0802bb961a9bfda4eeeb698c88b76402a5595bd237c9cc6ee934"
            ],
            "type": "Script",
            "firstPartyCookies": {},
            "firstPartyCookiesSent": {},
            "exampleSites": [
                "etfdb.com",
                "www.etftrends.com"
            ]
        },
        {
            "rule": "wsod\\.com\\/site\\/dc54d4678e62010da03e468039cfe826\\/0\\.0\\.async",
            "cookies": 0,
            "fingerprinting": 2,
            "subdomains": [
                "ad"
            ],
            "apis": {
                "Navigator.prototype.mimeTypes": 2,
                "Screen.prototype.width": 2,
                "Screen.prototype.height": 2,
                "window.devicePixelRatio": 2
            },
            "sites": 2,
            "prevalence": 0.0000136,
            "cnames": [],
            "responseHashes": [
                "f0405395cbc573615dc8a9ebbaf1d90704c814eb00865b9338c09db64f21681f"
            ],
            "type": "Script",
            "firstPartyCookies": {},
            "firstPartyCookiesSent": {},
            "exampleSites": [
                "reuters.com",
                "www.reuters.com"
            ]
        },
        {
            "rule": "wsod\\.com\\/site\\/d270ad52d0e8a39449c32782950c8cc9\\/0\\.0\\.async\\/",
            "cookies": 0,
            "fingerprinting": 2,
            "subdomains": [
                "ad"
            ],
            "apis": {
                "Navigator.prototype.mimeTypes": 2,
                "Screen.prototype.width": 2,
                "Screen.prototype.height": 2,
                "window.devicePixelRatio": 2
            },
            "sites": 2,
            "prevalence": 0.0000136,
            "cnames": [],
            "responseHashes": [
                "56a3a70082a9fc1c253fab637813ade4cfdc8b53528f5ac1689ab70cdfd10c0b"
            ],
            "type": "Script",
            "firstPartyCookies": {},
            "firstPartyCookiesSent": {},
            "exampleSites": [
                "ft.com",
                "markets.ft.com"
            ]
        },
        {
            "rule": "wsod\\.com\\/site\\/a5878a3d6f2be40db26311f6f8fb21a3\\/0\\.0\\.async\\/",
            "cookies": 0,
            "fingerprinting": 2,
            "subdomains": [
                "tdameritrade"
            ],
            "apis": {
                "Navigator.prototype.mimeTypes": 3,
                "Screen.prototype.width": 3,
                "Screen.prototype.height": 3,
                "window.devicePixelRatio": 3
            },
            "sites": 3,
            "prevalence": 0.0000204,
            "cnames": [],
            "responseHashes": [
                "535e0ed819c964d8fed1df6450d8b7b40fd80e46704cb090ae3d945181614099",
                "25e40180b0da439a24bda75063874aaa781cb67b2bef880efde32d4dda9a8c51"
            ],
            "type": "Script",
            "firstPartyCookies": {},
            "firstPartyCookiesSent": {},
            "exampleSites": [
                "tdameritrade.com",
                "tickertape.tdameritrade.com",
                "www.tdameritrade.com"
            ]
        },
        {
            "rule": "wsod\\.com\\/activity\\/a5878a3d6f2be40db26311f6f8fb21a3\\/4\\.img\\.activity\\/",
            "cookies": 0.0000204,
            "fingerprinting": 0,
            "subdomains": [
                "ad"
            ],
            "apis": {},
            "sites": 3,
            "prevalence": 0.0000204,
            "cnames": [],
            "responseHashes": [
                "8f84c4ced509262009163e45994b45ed7ee9d4dbac88674be5f2db5c9e5be38e"
            ],
            "type": "Image",
            "firstPartyCookies": {},
            "firstPartyCookiesSent": {},