{
    "domain": "xtremepush.com",
    "owner": {},
    "source": [
        "DuckDuckGo-US"
    ],
    "prevalence": 0.000129,
    "sites": 19,
    "subdomains": [
        "api",
        "sdk.us",
        "s3"
    ],
    "cnames": [],
    "fingerprinting": 0,
    "resources": [
        {
            "rule": "xtremepush\\.com\\/push\\/api\\/deviceCreate",
            "cookies": 0.0000817,
            "fingerprinting": 0,
            "subdomains": [
                "api",
                "sdk.us"
            ],
            "apis": {},
            "sites": 12,
            "prevalence": 0.0000817,
            "cnames": [],
            "responseHashes": [
                "7b2017bccc9ec53240d452a8cd6ec018439dbbed5703d50038c9ad35c6e3cd41",
                "15294c4f6805a4a4191e019b40b2dcfb64c0933e6634a88678d6945c4b143823",
                "889136f51583d298f0a94ec8db00d24182c4aff05a8ceeb86d3f4bdf75b46eb3",
                "6ada976c15a933457523cccb82d42c777bf935e3dd6d963b5cf576e1edf0cb2a",
                "a34ba84be9eec9cc96c2abb06a5eeb90414403e2390605fedac6f6f61b98c2b2",
                "70751323ccd3c921eceb867806cb10d3c3a257a0563ef7de00d88c17a62c0998",
                "a7375f7b31bc135b7c9df6f6d97760f8a9b740735992335a3cb39bc10259d5c2",
                "03f41716e507a7a18d783f99094d52d990120c55e59d67dbec7b8ed853697761",
                "da2cfb373271b3b191a714d8c2a2060cba6a0330c1b0c0c8886a268c389c3caf",
                "327296fc1e3ea61a268b002b834842f8549189577e5dd7c811725cf76185416c",
                "4f68da27fab8971bff6bca866c2f989ed65fbe1b19c702220a1320b0bd2e7f59"
            ],
            "type": "XHR",
            "firstPartyCookies": {},
            "firstPartyCookiesSent": {},
            "exampleSites": [
                "entertainment.ie",
                "superbet.ro",
                "www.betonline.ag",
                "www.bettingodds.com",
                "www.bigbustours.com",
                "www.dhgate.com",
                "www.gametwist.com",
                "www.garageclothing.com",
                "www.irishtimes.com",
                "www.sportpesa.com",
                "www.wildcasino.ag",
                "www.wowcher.co.uk"
            ]
        },
        {
            "rule": "xtremepush\\.com\\/push\\/api\\/tagsHit",
            "cookies": 0,
            "fingerprinting": 0,
            "subdomains": [
                "api",
                "sdk.us"
            ],
            "apis": {},
            "sites": 5,
            "prevalence": 0.0000341,
            "cnames": [],
            "responseHashes": [
                "33cf9635b62dfc0a9f749b5e6a97c281d10b4791460559460658dc3220e9311f"
            ],
            "type": "XHR",
            "firstPartyCookies": {},
            "firstPartyCookiesSent": {},
            "exampleSites": [
                "entertainment.ie",
                "www.bettingodds.com",
                "www.bigbustours.com",
                "www.garageclothing.com",
                "www.wowcher.co.uk"
            ]
        },
        {
            "rule": "xtremepush\\.com\\/push\\/api\\/eventHit",
            "cookies": 0.0000136,
            "fingerprinting": 0,
            "subdomains": [
                "api",
                "sdk.us"
            ],
            "apis": {},
            "sites": 2,
            "prevalence": 0.0000136,
            "cnames": [],
            "responseHashes": [
                "ed91436df65a32d3279eeef148d78d04bbb1126339fb56b572113478860c0642"
            ],
            "type": "XHR",
            "firstPartyCookies": {},
            "firstPartyCookiesSent": {},
            "exampleSites": [
                "entertainment.ie",
                "www.garageclothing.com"
            ]
        },
        {
            "rule": "xtremepush\\.com\\/push\\/api\\/deviceUpdate",
            "cookies": 0,
            "fingerprinting": 0,
            "subdomains": [
                "api",
                "sdk.us"
            ],
            "apis": {},
            "sites": 12,
            "prevalence": 0.0000817,
            "cnames": [],
            "responseHashes": [
                "33cf9635b62dfc0a9f749b5e6a97c281d10b4791460559460658dc3220e9311f"
            ],
            "type": "XHR",
            "firstPartyCookies": {},
            "firstPartyCookiesSent": {},
            "exampleSites": [
                "entertainment.ie",
                "superbet.ro",
                "www.betonline.ag",
                "www.bettingodds.com",
                "www.bigbustours.com",
                "www.dhgate.com",
                "www.gametwist.com",
                "www.garageclothing.com",
                "www.irishtimes.com",
                "www.sportpesa.com",
                "www.wildcasino.ag",
                "www.wowcher.co.uk"
            ]
        },
        {
            "rule": "xtremepush\\.com\\/push\\/api\\/swActivate",
            "cookies": 0.0000477,
            "fingerprinting": 0,
            "subdomains": [
                "api",
                "sdk.us"
            ],
            "apis": {},
            "sites": 7,
            "prevalence": 0.0000477,
            "cnames": [],
            "responseHashes": [
                "7bbde71e5f3d9e7fbcaccebabcd5064f0de17fd4cb5a3a79dee5db1278d6ac91"
            ],
            "type": "Fetch",
            "firstPartyCookies": {},
            "firstPartyCookiesSent": {},
            "exampleSites": [
                "entertainment.ie",
                "www.bettingodds.com",
                "www.gametwist.com",
                "www.garageclothing.com",
                "www.irishtimes.com",
                "www.sportpesa.com",
                "www.wowcher.co.uk"
            ]
        },
        {
            "rule": "xtremepush\\.com\\/push\\/api\\/swActivate",
            "cookies": 0,
            "fingerprinting": 0,
            "subdomains": [
                "api",
                "sdk.us"
            ],
            "apis": {},
            "sites": 7,
            "prevalence": 0.0000477,
            "cnames": [],
            "responseHashes": [],
            "type": "Preflight",
            "firstPartyCookies": {},
            "firstPartyCookiesSent": {},
            "exampleSites": [
                "entertainment.ie",
                "www.bettingodds.com",
                "www.gametwist.com",
                "www.garageclothing.com",
                "www.irishtimes.com",
                "www.sportpesa.com",
                "www.wowcher.co.uk"
            ]
        },
        {
            "rule": "xtremepush\\.com\\/application\\/web_icon_large_5969_6023f373525da\\.png",
            "cookies": 0,
            "fingerprinting": 0,
            "subdomains": [
                "s3"
            ],
            "apis": {},
            "sites": 2,
            "prevalence": 0.0000136,
            "cnames": [],
            "responseHashes": [
                "396d3f5c255ba486dd45dd29f1372ae21f03637f8e452eb67510be6d657171af"
            ],
            "type": "Image",
            "firstPartyCookies": {},
            "firstPartyCookiesSent": {},
            "exampleSites": [
                "irishtimes.com",
                "www.irishtimes.com"
            ]
        }
    ],
    "categories": [],
    "performance": {},
    "cookies": 0.000129,
    "topInitiators": [
        {
            "domain": "webpu.sh",
            "prevalence": 0.7294117647058823
        },
        {
            "domain": "noibu.com",
            "prevalence": 0.1411764705882353
        },
        {
            "domain": "first party",
            "prevalence": 0.047058823529411764
        },
        {
            "domain": "gt-cdn.net",
            "prevalence": 0.03529411764705882
        },
        {
            "domain": "dhresource.com",
            "prevalence": 0.023529411764705882
        },
        {
            "domain": "fullstory.com",
            "prevalence": 0.023529411764705882
        }
    ],
    "types": {
        "XHR": 31,
        "Fetch": 7,