{
    "domain": "xv-cdn.net",
    "owner": {},
    "source": [
        "DuckDuckGo-US"
    ],
    "prevalence": 0.000123,
    "sites": 18,
    "subdomains": [
        "api",
        "api-search",
        "e",
        "ajax"
    ],
    "cnames": [],
    "fingerprinting": 1,
    "resources": [
        {
            "rule": "xv-cdn\\.net\\/search\\/",
            "cookies": 0,
            "fingerprinting": 0,
            "subdomains": [
                "api",
                "api-search"
            ],
            "apis": {},
            "sites": 11,
            "prevalence": 0.0000749,
            "cnames": [],
            "responseHashes": [
                "afcb65b64de95477dd3edd92d70123708443a65ec8ad7575f640884d7985cfe1",
                "f004f8129df655d0c5c5a49a9222c8d019b656886ea85457a46a95bdd708f35f",
                "9c4b11379761eb46be210479c3dea28b3f74ae056687cb321b7db7c0e40990af",
                "077b6476c14b7cd2a7da7be8567fdd22b69c81a3bcfe7e98591ca5674d26e028",
                "49d81826236bb107a3267082e95fbb4592d4a989f34dca41b7d1b41e3f238d2f",
                "3836633878ef270b2cdbdeda8f803ca90727954f09e19ce97972f2a665f5be0d",
                "6effad8e84531c0f07aef4348f64a4ad34cfa14328a7462b0369b0b7f08bfd16",
                "a005baebfd4fb690a26bc8b14c5e8d2f53d73787557c2259b9da9149cafd72de",
                "b3bcf2c5ab4a7cf7df7dfbf308b2c10d3f76c0c3d93abd218baa6f633bcedd25",
                "d7b6c37bcf3db59002b7370ffb71a3574b89d50d8b2e281ffe1268a27404ab61"
            ],
            "type": "XHR",
            "firstPartyCookies": {},
            "firstPartyCookiesSent": {},
            "exampleSites": [
                "anyxxx.me",
                "anyxxx.tv",
                "beeg.porn",
                "bestpornstars.tv",
                "fap18.net",
                "hdpornmax.net",
                "hdsextube.tv",
                "niceporn.tv",
                "redporn.tv",
                "tubegalore.tv",
                "tubepornstars.tv"
            ]
        },
        {
            "rule": "xv-cdn\\.net\\/search\\/",
            "cookies": 0,
            "fingerprinting": 0,
            "subdomains": [
                "api",
                "api-search"
            ],
            "apis": {},
            "sites": 2,
            "prevalence": 0.0000136,
            "cnames": [],
            "responseHashes": [
                "f8680c2e76b0a2442d8a1cc72da33b40cbe8b7a3f2e4daaebcbc889fcc251ffc"
            ],
            "type": "Script",
            "firstPartyCookies": {},
            "firstPartyCookiesSent": {},
            "exampleSites": [
                "anyxxx.tv",
                "gofucker.net"
            ]
        },
        {
            "rule": "xv-cdn\\.net\\/get\\/trend\\/us",
            "cookies": 0,
            "fingerprinting": 0,
            "subdomains": [
                "api"
            ],
            "apis": {},
            "sites": 2,
            "prevalence": 0.0000136,
            "cnames": [],
            "responseHashes": [
                "0645418ca2bf59b08972606bdc3acb2087357b8a7cbf3643d5c95cdaedd59ccd"
            ],
            "type": "XHR",
            "firstPartyCookies": {},
            "firstPartyCookiesSent": {},
            "exampleSites": [
                "beeg.porn",
                "freetube18.com"
            ]
        },
        {
            "rule": "xv-cdn\\.net\\/",
            "cookies": 0,
            "fingerprinting": 1,
            "subdomains": [
                "e"
            ],
            "apis": {
                "Element.prototype.getClientRects": 2,
                "Navigator.prototype.userAgent": 4
            },
            "sites": 4,
            "prevalence": 0.0000272,
            "cnames": [],
            "responseHashes": [
                "750108e3ec9cfd31c8b4136a22dac5483aa6c64c2ae6c3b24dae804ad0aa9277"
            ],
            "type": "Document",
            "firstPartyCookies": {},
            "firstPartyCookiesSent": {},
            "exampleSites": [
                "bigporn.xxx",
                "freetube18.com",
                "koreaporn.net",
                "porndude.me"
            ]
        },
        {
            "rule": "xv-cdn\\.net\\/ajax\\/country",
            "cookies": 0,
            "fingerprinting": 0,
            "subdomains": [
                "ajax"
            ],
            "apis": {},
            "sites": 2,
            "prevalence": 0.0000136,
            "cnames": [],
            "responseHashes": [
                "9b202ecbc6d45c6d8901d989a918878397a3eb9d00e8f48022fc051b19d21a1d"
            ],
            "type": "XHR",
            "firstPartyCookies": {},
            "firstPartyCookiesSent": {},
            "exampleSites": [
                "freetube18.com",
                "redwap.tv"
            ]
        }
    ],
    "categories": [],
    "performance": {},
    "cookies": 0,
    "topInitiators": [
        {
            "domain": "first party",
            "prevalence": 1
        }
    ],
    "types": {
        "XHR": 15,
        "Script": 2,
        "Document": 4
    },
    "nameservers": [
        "mimi.ns.cloudflare.com",
        "jakub.ns.cloudflare.com"
    ]
}