{
    "domain": "xvideoscom.me",
    "owner": {},
    "source": [
        "DuckDuckGo-US"
    ],
    "prevalence": 0.0000545,
    "sites": 8,
    "subdomains": [],
    "cnames": [],
    "fingerprinting": 0,
    "resources": [
        {
            "rule": "xvideoscom\\.me\\/linkz\\.php",
            "cookies": 0,
            "fingerprinting": 0,
            "subdomains": [],
            "apis": {},
            "sites": 8,
            "prevalence": 0.0000545,
            "cnames": [],
            "responseHashes": [
                "93d7d98e86b587b5ffa5b7b9478b0b14802bf11ef3d9f441563d60b47646249a",
                "f2c62f63a2b1fd50d3749d67fc45e9347affd37d71367b170299ce11f0679f05",
                "c0201ff04f057d7d6879df3c0c52654e4c5d8b161e910451ee41d93b5c477688",
                "c3f39c8d87beb21a6076c7ccb7dbb8050e643d614694784c6a879247c29a594e",
                "a4969c154d4856d307388e96316028c4dd838b9cc8518715070e9efb290d57b3",
                "195719d16ec87e686930e4f82b261ff9e98a01e3ede8893bfa3c34e0700be3f8",
                "f55fa85f1293030a29b8481bfe2120eaf9f22004f961cda9404b2f6f673f675e"
            ],
            "type": "Script",
            "firstPartyCookies": {},
            "firstPartyCookiesSent": {},
            "exampleSites": [
                "beeg.party",
                "sexxx.icu",
                "txxx.top",
                "xnnx.icu",
                "xmxx.click",
                "xxnx.top",
                "xxnxx.click",
                "xxxbf.top"
            ]
        }
    ],
    "categories": [],
    "performance": {},
    "cookies": 0,
    "topInitiators": [
        {
            "domain": "first party",
            "prevalence": 1
        }
    ],
    "types": {
        "Script": 8
    },
    "nameservers": [
        "ines.ns.cloudflare.com",
        "clyde.ns.cloudflare.com"
    ]
}