{
    "domain": "xxxjmp.com",
    "owner": {},
    "source": [
        "DuckDuckGo-US"
    ],
    "prevalence": 0.000191,
    "sites": 28,
    "subdomains": [
        "go",
        "creative",
        "video"
    ],
    "cnames": [],
    "fingerprinting": 1,
    "resources": [
        {
            "rule": "xxxjmp\\.com\\/api\\/models\\/ts",
            "cookies": 0.0000817,
            "fingerprinting": 0,
            "subdomains": [
                "go"
            ],
            "apis": {},
            "sites": 12,
            "prevalence": 0.0000817,
            "cnames": [],
            "responseHashes": [
                "0a03f0595751903e87fd1f731d6571ca8e8fd5cc09a78a6f361918134d8a9dd8",
                "e5521924fd711416557771bb24ec4a97d42b222ff55b2c26e9881d0bcc515d47",
                "256ec8200a308b21b7ddf2de976eafc7f8f0334e15fdf2229d8775ef88c66bc5",
                "19feb2e4df6f5f743d04d98ba9f5542d5672dd79279f69409ec576a83530e2c6",
                "83b3b156385a6e0eece74a201c90ba13048490632b19b3338a546cf4c1ddf787",
                "fd9f3028ffb711147980feaae2c01ddb9351494013a0f0c3b0d106038c190490",
                "622648c56a82a80137e49c34d3a87adca810991a3e9aad291fb437697f63db20",
                "61161a1d94e5f54a7fcba722c8bf61ee311759fee03d29efbf2d0153ecee0dc0",
                "c466640aece61cec9fd22ce0bb8738b9c775ef075a98b13b8fbfb5da7a3d1cc1",
                "f7a3d104bbb5b31163804f4378057a0993021ea1238472de4f17d6dff2789513",
                "58a93044b0513bcb9992353a5b008468294c6540cb8b659d00876dba10ee9639"
            ],
            "type": "XHR",
            "firstPartyCookies": {},
            "firstPartyCookiesSent": {},
            "exampleSites": [
                "amateurwifepic.com",
                "cutiecomics.com",
                "fullporner.com",
                "indiansexvideo.vip",
                "javrider.com",
                "pornobae.net",
                "sexvideos.host",
                "viviporn.tv",
                "www.onscreens.me",
                "www.xnalgas.com",
                "www.xnxx.fit",
                "xxxvideo.link"
            ]
        },
        {
            "rule": "xxxjmp\\.com\\/config",
            "cookies": 0.0000272,
            "fingerprinting": 0,
            "subdomains": [
                "go"
            ],
            "apis": {},
            "sites": 7,
            "prevalence": 0.0000477,
            "cnames": [],
            "responseHashes": [
                "34352aa0224c702fa0160c9e10d5d2f5cb9c6d62501e02f886436d80aa86043a",
                "382de74f1604430b4d4317bf16d15cbdd32bd3bd829a729262142bed7f2d019a",
                "58baa6abbb4f6ba962aea10ba6115ffeaded3f45a4a168dd85b3755d4fb2917a",
                "f3be16e31d3a2e77cb72cdefe833b4c2f879cafc01fd34f5cfda0af4a3f4189e",
                "edca0a94c46294fdef0588257de65ff35f67dcb2f5e19ab0f208ce49bb308abc",
                "33dd9bff5376f09c759a584843d80c7a9a891fdfbb70a040cefba0ab077fc958"
            ],
            "type": "Fetch",
            "firstPartyCookies": {},
            "firstPartyCookiesSent": {},
            "exampleSites": [
                "avgle.com",
                "www.alrincon.com",
                "www.gayboystube.com",
                "www.javbangers.com",
                "www.porntrex.com",
                "www.shemalestube.com",
                "www.whoreshub.com"
            ]
        },
        {
            "rule": "xxxjmp\\.com\\/api\\/models",
            "cookies": 0.0000477,
            "fingerprinting": 0,
            "subdomains": [
                "go"
            ],
            "apis": {},
            "sites": 7,
            "prevalence": 0.0000477,
            "cnames": [],
            "responseHashes": [
                "df04e8a5d48d7ce5d738f6c7ff48666796ab2890959fa5946128e0891a32ea0e",
                "f7f7b040a479d09426f1a1b9e8bf0a889c5d6d27e7a44403bdcc99c37a7d0d52",
                "f28e9b4b5637d1d9cad3d29e20529a12c6e2bc9fe90e42ae6b82468418485b79",
                "c9d3f860690626ee3753a5fe0423112a5dbd5f711bf9f90cab6a9aac4d7e0962",
                "188fceef3c7e99b0b9ec101605471c82c23be6c70bb7b9728ed3caeddf575f0b",
                "a11716ceda518087f3c9ef134408b7564cd843df805e49cc0c9a4f9a49aa55c3"
            ],
            "type": "Fetch",
            "firstPartyCookies": {},
            "firstPartyCookiesSent": {},
            "exampleSites": [
                "avgle.com",
                "www.alrincon.com",
                "www.gayboystube.com",
                "www.javbangers.com",
                "www.porntrex.com",
                "www.shemalestube.com",
                "www.whoreshub.com"
            ]
        },
        {
            "rule": "xxxjmp\\.com\\/abc\\.gif",
            "cookies": 0,
            "fingerprinting": 0,
            "subdomains": [
                "go"
            ],
            "apis": {},
            "sites": 7,
            "prevalence": 0.0000477,
            "cnames": [],
            "responseHashes": [
                "e3b0c44298fc1c149afbf4c8996fb92427ae41e4649b934ca495991b7852b855"
            ],
            "type": "Image",
            "firstPartyCookies": {},
            "firstPartyCookiesSent": {},
            "exampleSites": [
                "avgle.com",
                "www.alrincon.com",
                "www.gayboystube.com",
                "www.javbangers.com",
                "www.porntrex.com",
                "www.shemalestube.com",
                "www.whoreshub.com"
            ]
        },
        {
            "rule": "xxxjmp\\.com\\/thumbs\\/view",
            "cookies": 0.0000477,
            "fingerprinting": 0,
            "subdomains": [
                "go"
            ],
            "apis": {},
            "sites": 7,
            "prevalence": 0.0000477,
            "cnames": [],
            "responseHashes": [
                "de482a177573eaedff2624a082470540a94e06959ff7078990f099b3640fdbfa",
                "a89773ec7d7d22c80b55f1f5b29bf4d419cdbbed33a2416e7b148d4745e2176f",
                "66df4bd2037980f85c808f7a73e4d6a22689736a2476ca970d62d8edaa0fd9bd",
                "07f8f28317c9be385da5c1cf11f04690036f2e539a7197a2b92d9289724aebba",
                "e465ef674ddb5fe22bb9cae3634953f5768353908a4936d52cc8ba45aae6bcae"
            ],
            "type": "Fetch",
            "firstPartyCookies": {},
            "firstPartyCookiesSent": {},
            "exampleSites": [
                "avgle.com",
                "www.alrincon.com",
                "www.gayboystube.com",
                "www.javbangers.com",
                "www.porntrex.com",
                "www.shemalestube.com",
                "www.whoreshub.com"
            ]
        },
        {
            "rule": "xxxjmp\\.com\\/checkDomainResult",
            "cookies": 0.0000409,
            "fingerprinting": 0,
            "subdomains": [
                "go"
            ],
            "apis": {},
            "sites": 6,
            "prevalence": 0.0000409,
            "cnames": [],
            "responseHashes": [
                "e3b0c44298fc1c149afbf4c8996fb92427ae41e4649b934ca495991b7852b855"
            ],
            "type": "Fetch",
            "firstPartyCookies": {},
            "firstPartyCookiesSent": {},
            "exampleSites": [
                "avgle.com",
                "www.alrincon.com",
                "www.javbangers.com",
                "www.porntrex.com",
                "www.shemalestube.com",
                "www.whoreshub.com"
            ]
        },
        {
            "rule": "xxxjmp\\.com\\/smartpop\\/afa0924473ebc416215708dd4bc227b42d64c58d8c03749e916500cdf4e5a7f6",
            "cookies": 0.0000136,
            "fingerprinting": 0,
            "subdomains": [
                "go"
            ],
            "apis": {},
            "sites": 2,
            "prevalence": 0.0000136,
            "cnames": [],
            "responseHashes": [],
            "type": "Document",
            "firstPartyCookies": {},