{
    "domain": "yextpages.net",
    "owner": {},
    "source": [
        "DuckDuckGo-US"
    ],
    "prevalence": 0.000272,
    "sites": 40,
    "subdomains": [
        "knowledgetags",
        "constable"
    ],
    "cnames": [],
    "fingerprinting": 1,
    "resources": [
        {
            "rule": "yextpages\\.net\\/embed",
            "cookies": 0,
            "fingerprinting": 1,
            "subdomains": [
                "knowledgetags"
            ],
            "apis": {
                "Navigator.prototype.userAgent": 11
            },
            "sites": 15,
            "prevalence": 0.000102,
            "cnames": [],
            "responseHashes": [
                "6e2852828e3c2b1419cfcef7368bea828c194188d463a98c4f33c94fadf3d7a5",
                "ddf4ff685b581069f894f3fe36611e9c24900296543d2a4a444b4f14d24164e1",
                "e21cabb054fefc132a9d44492227675c3d2e9183a5c10b4f0930d2e54abb8036",
                "9d42721606ad624846a5594ac87af7cf44fe59050f75c12f6f9ff32943d6823f",
                "b5004ac6187c2d734e43facc602019cf2a3c932ea809b9a3b2e9859a8cad4e0b",
                "dab63b4c5ef702d8c650114ae32146900f7742b9c4aa8db32599efe354bb0279",
                "ff9c56c7298671c0cc96c13dd283cc4bdb198e371f74b29d02a71057b8e3b21c",
                "2b02ce3700d741016899e92f69b89c875fca9b6ffe9330d4a21d4891ae948439",
                "79a3b86d74bcff9bf8ba60881ad9bd11091ab5ad38b87fe158f7e7f8e6852558",
                "8315cf3e0d15e0bafa5cb725d8c0076419ebe373ac4e1ce63301fa31b96daf09",
                "24757d0ffff49671d93e3677996d6d8a1822ad3db39d02e4b9fbe24775c47f99"
            ],
            "type": "Script",
            "firstPartyCookies": {},
            "firstPartyCookiesSent": {},
            "exampleSites": [
                "barrospizza.com",
                "missouricu.org",
                "thepinkplumber.com",
                "www.harborone.com",
                "www.hardrockcafe.com",
                "www.lake-express.com",
                "www.mcfit.com",
                "www.medexpress.com",
                "www.mercy.net",
                "www.premiumoutlets.co.jp",
                "www.suncommunities.com",
                "www.sviinternational.com",
                "www.trailersplus.com",
                "www.tysonscornercenter.com",
                "www.windowworld.com"
            ]
        },
        {
            "rule": "yextpages\\.net\\/api\\/114090\\/store\\/",
            "cookies": 0,
            "fingerprinting": 0,
            "subdomains": [
                "constable"
            ],
            "apis": {},
            "sites": 13,
            "prevalence": 0.0000886,
            "cnames": [],
            "responseHashes": [],
            "type": "XHR",
            "firstPartyCookies": {},
            "firstPartyCookiesSent": {},
            "exampleSites": [
                "acmemarkets.com",
                "local.acmemarkets.com",
                "local.albertsons.com",
                "local.jewelosco.com",
                "local.pharmacy.safeway.com",
                "local.safeway.com",
                "local.shaws.com",
                "local.vons.com",
                "locator.acg.aaa.com",
                "storelocator.asda.com",
                "stores.giantfoodstores.com",
                "stores.sportsmans.com",
                "stores.stopandshop.com"
            ]
        },
        {
            "rule": "yextpages\\.net\\/api\\/114090\\/store\\/",
            "cookies": 0,
            "fingerprinting": 0,
            "subdomains": [
                "constable"
            ],
            "apis": {},
            "sites": 4,
            "prevalence": 0.0000272,
            "cnames": [],
            "responseHashes": [],
            "type": "Fetch",
            "firstPartyCookies": {},
            "firstPartyCookiesSent": {},
            "exampleSites": [
                "mcalistersdeli.com",
                "store.danmurphys.com.au",
                "www.mcalistersdeli.com",
                "www.von-poll.com"
            ]
        }
    ],
    "categories": [],
    "performance": {},
    "cookies": 0,
    "topInitiators": [
        {
            "domain": "first party",
            "prevalence": 0.8409090909090909
        },
        {
            "domain": "googletagmanager.com",
            "prevalence": 0.1590909090909091
        }
    ],
    "types": {
        "Script": 15,
        "XHR": 13,
        "Fetch": 4
    },
    "nameservers": [
        "ns-1603.awsdns-08.co.uk",
        "ns-1210.awsdns-23.org",
        "ns-333.awsdns-41.com",
        "ns-1010.awsdns-62.net"
    ]
}