{
    "domain": "yomeno.xyz",
    "owner": {},
    "source": [
        "DuckDuckGo-US"
    ],
    "prevalence": 0.00114,
    "sites": 168,
    "subdomains": [
        "vast"
    ],
    "cnames": [],
    "fingerprinting": 1,
    "resources": [
        {
            "rule": "yomeno\\.xyz\\/vast",
            "cookies": 0,
            "fingerprinting": 0,
            "subdomains": [
                "vast"
            ],
            "apis": {},
            "sites": 30,
            "prevalence": 0.000204,
            "cnames": [],
            "responseHashes": [
                "6b36490a54e24bcd49174615e821cc7a6c24f29c237ffae9a346e3f4f8c67f5a",
                "f02a12fc0952cfbdd9906430fc0aeca44c9ada2fc83ae9c328308086fdbf81aa",
                "1e35b8246f8bbb11026fdc615ca2904c1134e05a66e9586d9a793bfe96d5a42e",
                "55836500e7331568aa991a8cd7558039d63e0d7accec384692978b453e56ceaa",
                "4c0f6e96a257b6d5482bd1b40e8616c5d6e54b8cc3e18108d8db2008dfc35ce2",
                "261454609187730b73a0091fc18a7a7168ab87c39fc99f0310fe217cf5a0a2d6",
                "562249c39eb5188547bce40c94a268eb392122de4135dc35cac66b3c96670f40",
                "b6f9b41007b5b5457643bb7ad3e0495ed620380df63c7d2a1167e0821479b8a9",
                "4f53cda18c2baa0c0354bb5f9a3ecbe5ed12ab4d8e11ba873c2f11161202b945",
                "e86f6ca24fa077aa2dbca7d9b757fda3ac9ff7920c79a0e1797a6f4260e693c9",
                "cc1fb723d98fc74760d6dbd132981750fd94151899235ef55390ffa636e8f087",
                "f513562d0fac5f34f558fc93f38bcededcf393a099241017b7fb99dee87337f1",
                "b35b5ad8c2b007a96cb54a677909a27b532883db60e10138815284303a353965",
                "df4ee129b83ee3b4c865753cd5f8174fbc6043a51f7f7c7a4fcfdc8dc7e43ef1",
                "812f8e2f84610252f922c48f6fae2738e6dd2604d9c3f2d96a2f2a33fe488edd",
                "ff8b6f621579efb13e030441e5f87c5fe7693a44e65db9720ff6e7912266bcb8",
                "159eaaab75907cb513104a202bbc38912900165f14c31bdb6ec2fd6ed5d27b0d",
                "9e7756a8cd6d6153c0e0c8b76fda9956533a95e3b0bb2a4848534b5407f188a2",
                "868c7942d6f1674b4440c5e5710ce4727f617ef89c7f47e165f31c3342d7d011",
                "359cd48818a75c30c74df5497d5fce5cd237419c39811772675b09553d25a93b",
                "354e36de3c531c1b73f5274530057f776499aade90bbd758934692ee4d93ed14",
                "4eb06092e8da4d9e8a6d6593ecd9fd5bcdb1fa6e55bd28a158184ab5fa6edc63",
                "8a3bd4a492218254938b2389a9ffbdb9ca811dffc25dd845d844c2020d382b0f",
                "d9bb1a1cb679cca824eb51f26eb8bea3cd72a8f3b18920601c386ef69379a4d3",
                "fc3ac2897fd212b5f097b21c1ad9f71f06d90a1a76107776f9feff16635e21b5",
                "15b685d512d298bcd8f7ee6b8c5ba5f2e01d92f62dd9d7efb5dad929ec081f24",
                "c53d2b7edcc43aab14f002b63f4f7d6989b00d3f4192c5c53cdf25f63cb14fe9",
                "59b5af10bf2279af359600f882fff3b329d5f88afabb9dfede5abc6464566af0"
            ],
            "type": "XHR",
            "firstPartyCookies": {},
            "firstPartyCookiesSent": {},
            "exampleSites": [
                "scatkings.com",
                "xvideobokepgratis.art",
                "scatnetwork.com",
                "indiamobiletube.com",
                "ehentai.to",
                "www.zenporn.com",
                "gaytxxx.com",
                "yabaisub.com",
                "pornbimbo.com",
                "bokepsin.website",
                "xbokepfb.co",
                "www.percolmekan.site",
                "www.bokepocil.co",
                "bokepsin.tube",
                "javleak.com",
                "bokeperstante.com",
                "cambaby.lol",
                "videosacana.com.br",
                "bokepediaz.blogspot.com",
                "putaxvideos.com"
            ]
        },
        {
            "rule": "yomeno\\.xyz\\/vast",
            "cookies": 0,
            "fingerprinting": 0,
            "subdomains": [
                "vast"
            ],
            "apis": {},
            "sites": 30,
            "prevalence": 0.000204,
            "cnames": [],
            "responseHashes": [],
            "type": "Preflight",
            "firstPartyCookies": {},
            "firstPartyCookiesSent": {},
            "exampleSites": [
                "scatnetwork.com",
                "chaturflix.cam",
                "xvideobokepgratis.art",
                "scatkings.com",
                "www.luscious.net",
                "pornbimbo.com",
                "www.zenporn.com",
                "xgore.net",
                "blackporn.tube",
                "indiamobiletube.com",
                "xbokepfb.co",
                "cambaby.lol",
                "bokepediaz.blogspot.com",
                "javmovs.com",
                "videosacana.com.br",
                "bokeperstante.com",
                "www.bokepocil.co",
                "bokepsin.website",
                "www.percolmekan.site",
                "gaytxxx.com"
            ]
        },
        {
            "rule": "yomeno\\.xyz\\/wrapper",
            "cookies": 0,
            "fingerprinting": 0,
            "subdomains": [
                "vast"
            ],
            "apis": {},
            "sites": 24,
            "prevalence": 0.000163,
            "cnames": [],
            "responseHashes": [
                "2aeea83f167e438c0f119d86937555b287bb32dd3a0ef7c7409139481f6e671b",
                "cfb5c7cc8079257d901db78f1ee99563d329815008ce6857520de32804eff39b",
                "6697b1b1c1f08e5fd35726ac678c5a07494ef859da2cdafd3babe0a17c60a40e",
                "a8cd258dc3cf8d3166e659da28ce69610135e9a135f6d97c41163a2a406442ba",
                "8439bab0a7fc30d935a2530d08d1bde743ed13db707f741a32214bf2091f9aa3",
                "b89fe4f06e1a0b751e43995302a77c04bd49665e3c828853a760778afe82fca3",
                "f49c11c4b602286e7af8a1ea53df4db6f61f19dac20919ea763345e4d7c65ec5",
                "1b5f57c62c1a933451b61db68d5b20308e6eb8fe17e6bc6358e31ff5608d2ed2",
                "7ea420ce2f7509b796ef7eb51e9ec72096ab41dd84eec1ce54fa9318d5c620d2",
                "15cf4e63a11afd8a2fa0330125ca5fb4169f2f7464d861f23eb0a27a1ec3ca08",
                "94bee3c2e53c0ade00ee7416a5c276aa341862329ba747d1a3fa0a554f3f8d7d",
                "f2881066c4c72448c8854281bf305f1d7d35f3ba99b8ba6906e9f4adecb71742",
                "98212d09983371dc4fe180874907e68cd863efd9396c86f22a8e5edb30c2627b",
                "48808ad86ab50f6e2bbcb0aef3b9c64018b488f59e97b9e91653cd0edd93162f",
                "5d1324eebdcba8f935e68efb9fe0994932cb0ccb6827a4f68d38d1d60d097b33",
                "fa9fbc85cc1f1b0d19247b3008691f83165329dc98e3d75d826adcf43d410814",
                "dd1c18e88b05218270f9697f354939a68a5bb2e6ed08ea9fd53c413d6fe04913",
                "3dabc6bb88307d835b1a4479161c3161052dbecb856a9059540bbf1796e10581",
                "d82e181c4fd6a9e36ef451e4e35eca1ea745a8581ea44b68eb5a8d292d406e6d",
                "df577f38eb01aa22983d93020d6fb5a5e8790507da360e5d7a7387f4c64baafe",
                "e0185232083da084c0af03b733d6102862ff79c4eaff34b6ab72b845fb1a7f4b",
                "daa759d98b15e4fd312269cb1816526555fbe65db7a8d0a70ec2bcc23f90f60d",
                "0e1e456563418150d40a9a539f2dc0b952ec8af7fcfccc4e2999fa402b6e7d5b"
            ],
            "type": "Fetch",
            "firstPartyCookies": {},
            "firstPartyCookiesSent": {},