{
    "domain": "yonicam.com",
    "owner": {},
    "source": [
        "DuckDuckGo-US"
    ],
    "prevalence": 0.000238,
    "sites": 35,
    "subdomains": [
        "api"
    ],
    "cnames": [],
    "fingerprinting": 0,
    "resources": [
        {
            "rule": "yonicam\\.com\\/profile\\/list",
            "cookies": 0,
            "fingerprinting": 0,
            "subdomains": [
                "api"
            ],
            "apis": {},
            "sites": 35,
            "prevalence": 0.000238,
            "cnames": [],
            "responseHashes": [
                "2626e6da23350c3b8bde51a850c0c834753b552a5784c154be528e043b455c13",
                "0c219d43fff8ee849de44177b4c93bbc0e07c46ceaa69bc2c45cf9be9e598973",
                "1809d0557087a85f882c49894d310c6d54708f547fb0916ca1af87d02cb5d2ed",
                "543451542d7340287ae0d61644ab002b8769f214766016030d94ff47585caf52",
                "2adbf35b6fa333aa1b29982f510a3fee77fb5719af05aa69aa8887c2ff3542ea",
                "eec4bacc73aecf16c7768793977fde87bada5f863f69d21bc3feba8363bae32f",
                "53703327239b21d58e2905b986c49ac94ecf665282698b56ef3268b34c2d1a0e",
                "a5bdca0f8a37a5a799e4b727b7e7737839c2bbec844ee5f718b59334bd412615",
                "fd29aa20dfdea5f6c5252716fce76090d49d716ec2f3e28a7248a20ac2776ae4",
                "ae4d66bc9f46c15149f66047011e8b77edd68398c86fbc1be8a31240118e81a2",
                "084ca3e63a902db2f991891c7489e047545b52f2491a69cc65572309de89de58",
                "d70319da8b1c3db4f1d14052ed8d9500d32b05a1ad7ece0fab1a5319a136b7cc",
                "29e59499a574906f1753849a0813d776e7e5d045eba51f1b5afcb615fc9e67fd",
                "ce7a31997fa1a202f28f0fa763d557fb6665e0e75f88d4c6bd3359503883f458",
                "30c01a7f57b2e7429dd588c4b90258b3bf2175caff3b9540cfa7b6be44059622",
                "cad32db18ddef59b6823e6326abc86b690c65cc2c69da356fed1ff76456bc8e6",
                "68c8243f3dc70e67046322bc119fc24c1f4b675d83b8e759dc6ef4088cd2e286",
                "aa15cc75e5378f1ad148e6e5a1abc27fa0bf08f2082aa7875100f0814ef10686",
                "a5fccf8a6e3af33856728e8f04e483d4a1c75923db1084feec056a1bcbdc52b7",
                "9d70605a8870b76d1318b77f870715f9144bb8181f965503c391c2e6c5e0cfac",
                "83fff50f1b40160f0eefc519bcdf76f61f240422082ddf481644f8638bafd8d5",
                "a74cd8ccba0f49dbf493fba691b6401b0ec4477a8ce38f6cc6fef273a2557a62",
                "3422351dd8dacc917976d093ca01ac37e5c04ec46d3b39814c6b815399930740",
                "2d4d45e3220e06c1382b1a066a858007838a618a4f7bb8678e1b2b8b7ad89f72",
                "0a682fc59232575f271e1b2b00ee58de1fe2c36a064b9aac8ac8a975dce03209",
                "87a87bae5fed229998bde21e074203d64fea919978d4f82d757656242724f368",
                "dec8bcd5307a52b07cc4d18b4dbf7e38ee301eef0e6947d4d6cc95cfccfe7e38",
                "5d7602752c2cdbf3dc3ef8a483c2ca13c3aef200aef3e88639f4acebfc595b9e",
                "21eb2cac244adb2b39305aabd873a0c8d1d316d700260ee787ba3a167fb4bdb1",
                "c510f3130877cdbcdb46c801405752564ace718bf541ba73b39f3f25d054125d",
                "153512e032c4dc18706c97f59a50bf2677801ca1baede26223aec8588c7461be",
                "2a0b8bbb59f75a0e777f63350453269f47efdf8273db4f04c2af9c394fc14858",
                "2e2abc87ddbc0749836b10f8c31baac7f32965b30a36e78d4e629d8573cf362d",
                "6f1d26440e58a1dff6aa5834f275e2a3dcab8a2b6561eae471b3cc4da20056ed"
            ],
            "type": "Fetch",
            "firstPartyCookies": {},
            "firstPartyCookiesSent": {},
            "exampleSites": [
                "salerno.bakecaincontrii.com",
                "www.skokka.in",
                "es.skokka.com",
                "trento.bakecaincontrii.com",
                "uk.skokka.com",
                "firenze.bakecaincontrii.com",
                "milano.bakecaincontrii.com",
                "treviso.bakecaincontrii.com",
                "varese.bakecaincontrii.com",
                "co.skokka.com",
                "www.skokka.com.au",
                "palermo.bakecaincontrii.com",
                "lecce.bakecaincontrii.com",
                "modena.bakecaincontrii.com",
                "pe.skokka.com",
                "mx.skokka.com",
                "napoli.bakecaincontrii.com",
                "torino.bakecaincontrii.com",
                "parma.bakecaincontrii.com",
                "perugia.bakecaincontrii.com"
            ]
        }
    ],
    "categories": [],
    "performance": {},
    "cookies": 0,
    "topInitiators": [
        {
            "domain": "first party",
            "prevalence": 1
        }
    ],
    "types": {
        "Fetch": 35
    },
    "nameservers": [
        "nikon.ns.cloudflare.com",
        "aida.ns.cloudflare.com"
    ]
}