{
    "domain": "youradexchange.com",
    "owner": {},
    "source": [
        "DuckDuckGo-US"
    ],
    "prevalence": 0.00104,
    "sites": 153,
    "subdomains": [],
    "cnames": [],
    "fingerprinting": 0,
    "resources": [
        {
            "rule": "youradexchange\\.com\\/script\\/banner\\.php",
            "cookies": 0,
            "fingerprinting": 0,
            "subdomains": [],
            "apis": {},
            "sites": 28,
            "prevalence": 0.000191,
            "cnames": [],
            "responseHashes": [],
            "type": "Fetch",
            "firstPartyCookies": {},
            "firstPartyCookiesSent": {
                "c_ref_4721629": 0.000006812035504329049,
                "lotame_domain_check": 0.000006812035504329049
            },
            "exampleSites": [
                "piggiesgetfed.com",
                "hornysimp.com",
                "androidadult.com",
                "www.filmifen.com",
                "playtube.tv",
                "zoboko.com",
                "realpornclip.com",
                "cinemafive12.com",
                "gum-gum-streaming.com",
                "xxvideoss.org",
                "skymovieshd.tours",
                "thotmax.com",
                "moviexk.biz",
                "adcity.ru",
                "torgamez.com",
                "thesexier.net",
                "wvw.papystreaming.vip",
                "desibp.com",
                "anime-sama.fr",
                "gizgamez.com"
            ]
        },
        {
            "rule": "youradexchange\\.com\\/ad\\/czcf\\.php",
            "cookies": 0,
            "fingerprinting": 0,
            "subdomains": [],
            "apis": {},
            "sites": 29,
            "prevalence": 0.000198,
            "cnames": [],
            "responseHashes": [
                "1b510dbdd80547fece263f677361f93b821e89be7ac473c13297b37666bc5c88",
                "7c2c23bcd1759347994cf51eeaeec8e5a88d2a94659395899771853a8b3bb5f4",
                "b568a0351f22ef65bd93d572c0aedec13877a7d2cb4406113a09c476786ec8ee",
                "6fe49a04901fa7b26f24c27f3c1a249ecae77dd0e650d24b4928d9af64836fa5",
                "e5b06f3d1248e84a2b50605e1d654b4971115d524cdb89d6ce10306cb0354e29",
                "74d1d00be3b9b0fe8cd8c9d737fc851657328a83527a498fc992408555031bd0",
                "347d7df4d25502b98c3c5da120e817c5bf5902ce4fc17646ce974479fb2821cf",
                "f3366377730dda37fb0899cc6f43f6fcb06e9f02536d94468ebad1b69d808712",
                "ecd80239987fa203db1900a2f1795fe70f47773b765824a9e61921eb0a192153",
                "f6b0e3349e332619c2b1184e4297ac10eef3517ef1d47640412d7f2fc5e2a7ca",
                "954bdc8b290eb254814888a1561f9b89a6f0cc680e7152319c17b8d5cc20e8ed",
                "c1c8bde1559adc48cb696c50f33eb6015721019c81ad7e98bdcc317c446dc493",
                "1331de8412bb6137690a65a02c67ae9e900d72014576d91c6ab0336212d9f0c8",
                "cf91ff42a7ddd97ef74918da534b3a5d7d89d2c784857b6a8a486af769582923",
                "9b76b89538fcf93c854d1c2776217246b9bbeafa6234d655f364c9a7e968a498",
                "fe40cbf7b178fab60f3d72f6aeb81c125c8a1fcd19b075cfad4f3bcde1fc1ddc",
                "810ebb459051d49c65258e0bbaf86e2edd722f4109909ba31285bbf5e147fb2b",
                "4bc6ee80de42b93133ac70d84224d012fa159f263bc470bad6b9295135f2e4fb",
                "046403ce2147cdde080914cb5c5d523879bfcaefc4e09356cd5a03d897903aad"
            ],
            "type": "Fetch",
            "firstPartyCookies": {},
            "firstPartyCookiesSent": {},
            "exampleSites": [
                "erofound.com",
                "fitgirl-repacks.vip",
                "hornysimp.com",
                "wvw.papystreaming.vip",
                "www.shufflesex.com",
                "gizgamez.com",
                "www.xxxbullet.com",
                "fapello.fans",
                "erothots.co",
                "searchtags.co",
                "findsource.co",
                "footyfull.com",
                "www.pornteen123.com",
                "www.xxxporn123.com",
                "vidtrai.online",
                "gmanga.org",
                "gnulase.com",
                "tv247us.com",
                "daftsex-hd.com",
                "onfansx.com"
            ]
        },
        {
            "rule": "youradexchange\\.com\\/script\\/suurl5\\.php",
            "cookies": 0,
            "fingerprinting": 0,
            "subdomains": [],
            "apis": {},
            "sites": 93,
            "prevalence": 0.000634,
            "cnames": [],