{
    "domain": "zeddit.com",
    "owner": {},
    "source": [
        "DuckDuckGo-US"
    ],
    "prevalence": 0.000177,
    "sites": 26,
    "subdomains": [
        "initiate",
        "initiatetest",
        "entrytest",
        "prod",
        "produk"
    ],
    "cnames": [],
    "fingerprinting": 1,
    "resources": [
        {
            "rule": "zeddit\\.com\\/GetGAAccountV2",
            "cookies": 0.0000477,
            "fingerprinting": 0,
            "subdomains": [
                "initiate"
            ],
            "apis": {},
            "sites": 7,
            "prevalence": 0.0000477,
            "cnames": [],
            "responseHashes": [
                "4fbc1287c29682993b134575881eec0a2f89d4e31585610abac3079c4976d101",
                "c3c9b07324b98748c494f3947a2c689de753ebc94e18332c75c562afdab0bc1d",
                "cc4dce2fb97d5873a5a3d386caac90479613e9f53743e92fde7165c4a2c73730",
                "81fe5276ea6d31dc73069320865fa9ed4777b01ff4e5a20fb7aa0c0208581498",
                "fba8b1a4726be13137489bf197f8664e01699d0c74b9b60dfcf96e356ec6b6ae",
                "cc2c683fba8c451e65e06d6a01a46ab1fccd4848cfa385060ada90cebe67de54"
            ],
            "type": "Script",
            "firstPartyCookies": {},
            "firstPartyCookiesSent": {
                "lotame_domain_check": 0.000006812035504329049,
                "_dor_BpNwu76n": 0.000006812035504329049
            },
            "exampleSites": [
                "craftworld.com",
                "experiencelife.lifetime.life",
                "www.cspinet.org",
                "www.deliciousmagazine.co.uk",
                "www.ft.com",
                "www.hellomagazine.com",
                "www.spiritualityhealth.com"
            ]
        },
        {
            "rule": "zeddit\\.com\\/SiteScript\\.js",
            "cookies": 0,
            "fingerprinting": 0,
            "subdomains": [
                "initiatetest"
            ],
            "apis": {},
            "sites": 6,
            "prevalence": 0.0000409,
            "cnames": [],
            "responseHashes": [
                "e92ed38f7613750a218ebe3b909a84e9379c2b221739c7e20faa553b446c9a38",
                "9f043f76d3e1ff7e474e73cb85ced8e348ff9ed81a665d5215fe20cd4615a9ba",
                "4012c286f28cd7e2ab8e16573b39a1c4692f50d5b78ba7198d68740ca7defbac",
                "cb81fdf29d2aee14ccf71caf1010bcfb987b2667c072f677be23efab221a8072",
                "87cab7bf9a28ba3dd989b709e9a863dc951d29b33c86b53ee15ad5321f031feb"
            ],
            "type": "Script",
            "firstPartyCookies": {},
            "firstPartyCookiesSent": {
                "lotame_domain_check": 0.000006812035504329049,
                "_dor_BpNwu76n": 0.000006812035504329049
            },
            "exampleSites": [
                "lifetime.life",
                "experiencelife.lifetime.life",
                "www.cspinet.org",
                "www.ft.com",
                "www.hellomagazine.com",
                "www.spiritualityhealth.com"
            ]
        },
        {
            "rule": "zeddit\\.com\\/widget\\/GetCustomWidgetV2",
            "cookies": 0.0000409,
            "fingerprinting": 0,
            "subdomains": [
                "entrytest"
            ],
            "apis": {},
            "sites": 6,
            "prevalence": 0.0000409,
            "cnames": [],
            "responseHashes": [
                "6c4136771a5b38807afc9ba4a6e4d0cf790539f8278066130e3ca509dea80186",
                "cca92deb42c4c4ac330bfdaecdd5bc7c137544b1da944ba110a1412f4e98e9a3",
                "cfe4bdd2b68a4cd830a27cf47c7c015d644c6331f6a9d7bf1c01b8e8ab3ccc0b",
                "cbb1066a734aecc6022e81a491d6f496ca75be261b9bf91453198e4d02382bba",
                "02e3fbe4d1935c5b4ee715a269b3add8969f03bc5638a1126977d3560e35ddd0"
            ],
            "type": "Script",
            "firstPartyCookies": {},
            "firstPartyCookiesSent": {
                "sessionId": 0.00004087221302597429,
                "lotame_domain_check": 0.000006812035504329049,
                "_dor_BpNwu76n": 0.000006812035504329049
            },
            "exampleSites": [
                "lifetime.life",
                "experiencelife.lifetime.life",
                "www.cspinet.org",
                "www.deliciousmagazine.co.uk",
                "www.hellomagazine.com",
                "www.spiritualityhealth.com"
            ]
        },
        {
            "rule": "zeddit\\.com\\/www\\.curbed\\.com\\/SiteScript\\.js",
            "cookies": 0,
            "fingerprinting": 0,
            "subdomains": [
                "prod"
            ],
            "apis": {},
            "sites": 2,
            "prevalence": 0.0000136,
            "cnames": [],
            "responseHashes": [
                "5db8a47b3ae644ab6cd3daceb5a41576e697058ddeea1c8c8418a1d76e22112a"
            ],
            "type": "Script",
            "firstPartyCookies": {},
            "firstPartyCookiesSent": {
                "lotame_domain_check": 0.000006812035504329049
            },
            "exampleSites": [
                "curbed.com",
                "www.curbed.com"
            ]
        },
        {
            "rule": "zeddit\\.com\\/www\\.curbed\\.com\\/GetCustomWidgetV2",
            "cookies": 0,
            "fingerprinting": 0,
            "subdomains": [
                "prod"
            ],
            "apis": {},
            "sites": 2,
            "prevalence": 0.0000136,
            "cnames": [],
            "responseHashes": [
                "651fde740512ab950266494a22a1fdfe58b860aa3e709c93bd919ae649d4a1b4"
            ],
            "type": "Script",
            "firstPartyCookies": {},
            "firstPartyCookiesSent": {
                "sessionId": 0.000013624071008658098,
                "cookies.js_dtest": 0.000013624071008658098,
                "parsely_uuid": 0.000013624071008658098
            },
            "exampleSites": [
                "curbed.com",
                "www.curbed.com"
            ]
        },
        {
            "rule": "zeddit\\.com\\/www\\.grubstreet\\.com\\/SiteScript\\.js",
            "cookies": 0,
            "fingerprinting": 0,
            "subdomains": [
                "prod"
            ],
            "apis": {},
            "sites": 2,
            "prevalence": 0.0000136,
            "cnames": [],
            "responseHashes": [
                "da2c180112ac738da54a940c5c97f5fdbd7ab56ff061134837fd12d06d7fbaab"
            ],
            "type": "Script",
            "firstPartyCookies": {},
            "firstPartyCookiesSent": {},
            "exampleSites": [
                "grubstreet.com",
                "www.grubstreet.com"
            ]
        },
        {
            "rule": "zeddit\\.com\\/www\\.grubstreet\\.com\\/SubxCoreV1",
            "cookies": 0,
            "fingerprinting": 0,
            "subdomains": [
                "prod"
            ],
            "apis": {},
            "sites": 2,
            "prevalence": 0.0000136,
            "cnames": [],
            "responseHashes": [
                "865a4c5eca967a2503b391a8f40c6c8ec218520d2cabd99949e90942743d0b4b"
            ],
            "type": "Script",
            "firstPartyCookies": {},
            "firstPartyCookiesSent": {
                "cookies.js_dtest": 0.000013624071008658098,
                "parsely_uuid": 0.000013624071008658098
            },
            "exampleSites": [
                "grubstreet.com",
                "www.grubstreet.com"
            ]
        },
        {
            "rule": "zeddit\\.com\\/www\\.grubstreet\\.com\\/GetCustomWidgetV2",
            "cookies": 0,
            "fingerprinting": 0,
            "subdomains": [
                "prod"
            ],
            "apis": {},
            "sites": 2,
            "prevalence": 0.0000136,
            "cnames": [],