{
    "domain": "zoho.eu",
    "owner": {
        "name": "ZOHO Corporation",
        "displayName": "ZOHO"
    },
    "source": [
        "DuckDuckGo-US"
    ],
    "prevalence": 0.000136,
    "sites": 20,
    "subdomains": [
        "pagesense-collect",
        "crm",
        "forms",
        "salesiq"
    ],
    "cnames": [],
    "fingerprinting": 1,
    "resources": [
        {
            "rule": "zoho\\.eu\\/psimg\\.gif",
            "cookies": 0.0000817,
            "fingerprinting": 0,
            "subdomains": [
                "pagesense-collect"
            ],
            "apis": {},
            "sites": 12,
            "prevalence": 0.0000817,
            "cnames": [],
            "responseHashes": [
                "1866961a029c65376fefb7f2ba1e6187e09ff50ea58d97dedfd72c197947d002",
                "e3b0c44298fc1c149afbf4c8996fb92427ae41e4649b934ca495991b7852b855"
            ],
            "type": "Ping",
            "firstPartyCookies": {},
            "firstPartyCookiesSent": {
                "zabUserId": 0.00008174442605194859,
                "zsccef828a0781b4252b2612f94267ecb47": 0.000013624071008658098,
                "RefTrackGroup": 0.00003406017752164524,
                "zsc6c8747c090bf4c80bb73aa48c0ee8781": 0.000020436106512987146,
                "zsca72d09364a7a4d82b550f063f0265be6": 0.000006812035504329049,
                "zsc882907636fe149399eed0c31b0c69c2d": 0.000006812035504329049,
                "zsc537e18e2130a4f25ad0409d03a12911e": 0.000006812035504329049,
                "zsc080ab08721924c07a116c8a1a078f0f0": 0.000006812035504329049,
                "zsc181c86ab08d043e0aedb70bce616ae8d": 0.000006812035504329049,
                "_uc_referrer": 0.000006812035504329049,
                "lotame_domain_check": 0.000006812035504329049,
                "zscdd8f402f02e8466098155eb672fbcd7f": 0.000006812035504329049
            },
            "exampleSites": [
                "bmj.com",
                "bestpractice.bmj.com",
                "bmjopen.bmj.com",
                "gut.bmj.com",
                "healthpath.com",
                "heart.bmj.com",
                "jnnp.bmj.com",
                "lingopie.com",
                "www.aplaceinthesun.com",
                "www.bmj.com",
                "www.decantalo.com",
                "www.travelgay.com"
            ]
        },
        {
            "rule": "zoho\\.eu\\/pslog\\.gif",
            "cookies": 0.0000204,
            "fingerprinting": 0,
            "subdomains": [
                "pagesense-collect"
            ],
            "apis": {},
            "sites": 3,
            "prevalence": 0.0000204,
            "cnames": [],
            "responseHashes": [
                "1866961a029c65376fefb7f2ba1e6187e09ff50ea58d97dedfd72c197947d002"
            ],
            "type": "Ping",
            "firstPartyCookies": {},
            "firstPartyCookiesSent": {},
            "exampleSites": [
                "bmj.com",
                "gut.bmj.com",
                "heart.bmj.com"
            ]
        },
        {
            "rule": "zoho\\.eu\\/crm\\/javascript\\/zcga\\.js",
            "cookies": 0.0000136,
            "fingerprinting": 1,
            "subdomains": [
                "crm"
            ],
            "apis": {
                "Document.cookie getter": 2,
                "Document.cookie setter": 2
            },
            "sites": 2,
            "prevalence": 0.0000136,
            "cnames": [],
            "responseHashes": [
                "d96f4e2562d6e813901bdbd6fc16e2c4a133db6d851991909f0db8bdb5afb3a4"
            ],
            "type": "Script",
            "firstPartyCookies": {
                "gclid": {
                    "ttl": 2595605,
                    "length": 9,
                    "prevalence": 0.000013624071008658098,
                    "uniqueness": 0.5
                }
            },
            "firstPartyCookiesSent": {},
            "exampleSites": [
                "aplaceinthesun.com",
                "www.aplaceinthesun.com"
            ]
        },
        {
            "rule": "zoho\\.eu\\/js\\/zf_gclid\\.js",
            "cookies": 0.0000136,
            "fingerprinting": 1,
            "subdomains": [
                "forms"
            ],
            "apis": {
                "Document.cookie getter": 2,
                "Document.cookie setter": 2
            },
            "sites": 2,
            "prevalence": 0.0000136,
            "cnames": [],
            "responseHashes": [
                "936d2688736dda5b1d988749be8af7044a56bcd14ca404958b047d47d5adf3fb"
            ],
            "type": "Script",
            "firstPartyCookies": {
                "gclid": {
                    "ttl": 2595605,
                    "length": 9,
                    "prevalence": 0.000013624071008658098,
                    "uniqueness": 0.5
                }
            },
            "firstPartyCookiesSent": {},
            "exampleSites": [
                "aplaceinthesun.com",
                "www.aplaceinthesun.com"
            ]
        },
        {
            "rule": "zoho\\.eu\\/widget",
            "cookies": 0.0000272,
            "fingerprinting": 2,
            "subdomains": [
                "salesiq"
            ],
            "apis": {
                "window.sessionStorage": 4,
                "window.localStorage": 4,
                "Navigator.prototype.userAgent": 4,
                "Date.prototype.getTime": 4,
                "Document.cookie getter": 4,
                "Navigator.prototype.language": 4,
                "Screen.prototype.width": 3,
                "Screen.prototype.height": 3,
                "Document.cookie setter": 3
            },
            "sites": 4,
            "prevalence": 0.0000272,
            "cnames": [],
            "responseHashes": [
                "1041e5f9fded0accbde90b4cbd6d08339e2a1de8c69fedaac76f97b04e780aa9"
            ],
            "type": "Script",
            "firstPartyCookies": {
                "aplaceinthesun-_zldp": {
                    "ttl": 63072007,
                    "length": 82,
                    "prevalence": 0.000013624071008658098,
                    "uniqueness": 1
                },
                "aplaceinthesun-_zldt": {
                    "ttl": 86407,
                    "length": 38,
                    "prevalence": 0.000013624071008658098,
                    "uniqueness": 1
                },
                "cruisedirect-_zldp": {
                    "ttl": 63072007,
                    "length": 80,
                    "prevalence": 0.000006812035504329049,
                    "uniqueness": 1
                },
                "cruisedirect-_zldt": {
                    "ttl": 86407,
                    "length": 38,
                    "prevalence": 0.000006812035504329049,
                    "uniqueness": 1
                }
            },
            "firstPartyCookiesSent": {},
            "exampleSites": [
                "aplaceinthesun.com",
                "www.aplaceinthesun.com",
                "www.cruisedirect.co.uk",
                "www.loxone.com"
            ]
        }
    ],
    "categories": [
        "Analytics",
        "Federated Login",
        "Third-Party Analytics Marketing",
        "Action Pixels",
        "CDN",
        "Embedded Content"
    ],
    "performance": {},
    "cookies": 0.000136,
    "topInitiators": [
        {
            "domain": "pagesense.io",
            "prevalence": 0.7209302325581395
        },
        {
            "domain": "first party",
            "prevalence": 0.18604651162790697
        },
        {
            "domain": "googletagmanager.com",
            "prevalence": 0.046511627906976744
        },
        {
            "domain": "cookiebot.com",
            "prevalence": 0.023255813953488372
        },
        {
            "domain": "maillist-manage.eu",
            "prevalence": 0.023255813953488372
        }
    ],